           7
     5078562
 HERA1+2 NCep 920                                                                
Plot1@Experiment:HERA1+2@ExtraLabel:e^{+}p #rightarrow e^{+}X (NC) @XTitle: x @YTitle: #sigma_{red}  @Title:Q^{2} = 0.15 @Xlog
Plot2@Experiment:HERA1+2@ExtraLabel:e^{+}p #rightarrow e^{+}X (NC) @XTitle: x @YTitle: #sigma_{red}  @Title:Q^{2} = 0.20 @Xlog
Plot3@Experiment:HERA1+2@ExtraLabel:e^{+}p #rightarrow e^{+}X (NC) @XTitle: x @YTitle: #sigma_{red}  @Title:Q^{2} = 0.25 @Xlog
Plot4@Experiment:HERA1+2@ExtraLabel:e^{+}p #rightarrow e^{+}X (NC) @XTitle: x @YTitle: #sigma_{red}  @Title:Q^{2} = 0.35 @Xlog
Plot5@Experiment:HERA1+2@ExtraLabel:e^{+}p #rightarrow e^{+}X (NC) @XTitle: x @YTitle: #sigma_{red}  @Title:Q^{2} = 0.40  @Xlog
Plot6@Experiment:HERA1+2@ExtraLabel:e^{+}p #rightarrow e^{+}X (NC) @XTitle: x @YTitle: #sigma_{red}  @Title:Q^{2} = 0.50  @Xlog
Plot7@Experiment:HERA1+2@ExtraLabel:e^{+}p #rightarrow e^{+}X (NC) @XTitle: x @YTitle: #sigma_{red}  @Title:Q^{2} = 0.65  @Xlog
Plot8@Experiment:HERA1+2@ExtraLabel:e^{+}p #rightarrow e^{+}X (NC) @XTitle: x @YTitle: #sigma_{red}  @Title:Q^{2} = 0.85 @Xlog
Plot9@Experiment:HERA1+2@ExtraLabel:e^{+}p #rightarrow e^{+}X (NC) @XTitle: x @YTitle: #sigma_{red}  @Title:Q^{2} = 1.2 @Xlog
Plot10@Experiment:HERA1+2@ExtraLabel:e^{+}p #rightarrow e^{+}X (NC) @XTitle: x @YTitle: #sigma_{red}  @Title:Q^{2} = 1.5 @Xlog
Plot11@Experiment:HERA1+2@ExtraLabel:e^{+}p #rightarrow e^{+}X (NC) @XTitle: x @YTitle: #sigma_{red}  @Title:Q^{2} = 2.0  @Xlog
Plot12@Experiment:HERA1+2@ExtraLabel:e^{+}p #rightarrow e^{+}X (NC) @XTitle: x @YTitle: #sigma_{red}  @Title:Q^{2} = 2.5 @Xlog
Plot13@Experiment:HERA1+2@ExtraLabel:e^{+}p #rightarrow e^{+}X (NC) @XTitle: x @YTitle: #sigma_{red}  @Title:Q^{2} = 3.5 @Xlog
Plot14@Experiment:HERA1+2@ExtraLabel:e^{+}p #rightarrow e^{+}X (NC) @XTitle: x @YTitle: #sigma_{red}  @Title:Q^{2} = 4.5 @Xlog
Plot15@Experiment:HERA1+2@ExtraLabel:e^{+}p #rightarrow e^{+}X (NC) @XTitle: x @YTitle: #sigma_{red}  @Title:Q^{2} = 6.5 @Xlog
Plot16@Experiment:HERA1+2@ExtraLabel:e^{+}p #rightarrow e^{+}X (NC) @XTitle: x @YTitle: #sigma_{red}  @Title:Q^{2} = 8.5 @Xlog
Plot17@Experiment:HERA1+2@ExtraLabel:e^{+}p #rightarrow e^{+}X (NC) @XTitle: x @YTitle: #sigma_{red}  @Title:Q^{2} = 10 @Xlog
Plot18@Experiment:HERA1+2@ExtraLabel:e^{+}p #rightarrow e^{+}X (NC) @XTitle: x @YTitle: #sigma_{red}  @Title:Q^{2} = 12  @Xlog
Plot19@Experiment:HERA1+2@ExtraLabel:e^{+}p #rightarrow e^{+}X (NC) @XTitle: x @YTitle: #sigma_{red}  @Title:Q^{2} = 15  @Xlog
Plot20@Experiment:HERA1+2@ExtraLabel:e^{+}p #rightarrow e^{+}X (NC) @XTitle: x @YTitle: #sigma_{red}  @Title:Q^{2} = 18  @Xlog
Plot21@Experiment:HERA1+2@ExtraLabel:e^{+}p #rightarrow e^{+}X (NC) @XTitle: x @YTitle: #sigma_{red}  @Title:Q^{2} = 22  @Xlog
Plot22@Experiment:HERA1+2@ExtraLabel:e^{+}p #rightarrow e^{+}X (NC) @XTitle: x @YTitle: #sigma_{red}  @Title:Q^{2} = 27  @Xlog
Plot23@Experiment:HERA1+2@ExtraLabel:e^{+}p #rightarrow e^{+}X (NC) @XTitle: x @YTitle: #sigma_{red}  @Title:Q^{2} = 35  @Xlog
Plot24@Experiment:HERA1+2@ExtraLabel:e^{+}p #rightarrow e^{+}X (NC) @XTitle: x @YTitle: #sigma_{red}  @Title:Q^{2} = 45  @Xlog
 Q2          x           y              data      +- uncor     +- tot     th orig         th mod   therr+         therr-     pull    iset       iplot
 0.35000E+01 0.40600E-04 0.85185E+00 0.80554E+00 0.70927E-01 0.61623E-01 0.10391E+01 0.98830E+00 0.00000E+00 0.00000E+00 -.25767E+01      5078562  13/0.40600E-04
 0.35000E+01 0.43230E-04 0.80002E+00 0.88079E+00 0.41631E-01 0.63948E-01 0.10392E+01 0.86500E+00 0.00000E+00 0.00000E+00 0.37918E+00      5078562  13/0.43230E-04
 0.35000E+01 0.46000E-04 0.75185E+00 0.96533E+00 0.43505E-01 0.42990E-01 0.10379E+01 0.99460E+00 0.00000E+00 0.00000E+00 -.67285E+00      5078562  13/0.46000E-04
 0.35000E+01 0.51240E-04 0.67496E+00 0.94011E+00 0.31525E-01 0.37938E-01 0.10326E+01 0.95244E+00 0.00000E+00 0.00000E+00 -.39106E+00      5078562  13/0.51240E-04
 0.35000E+01 0.53100E-04 0.65132E+00 0.88015E+00 0.40133E-01 0.37144E-01 0.10300E+01 0.99899E+00 0.00000E+00 0.00000E+00 -.29613E+01      5078562  13/0.53100E-04
 0.35000E+01 0.80000E-04 0.43231E+00 0.95226E+00 0.19490E-01 0.21373E-01 0.98287E+00 0.97166E+00 0.00000E+00 0.00000E+00 -.99524E+00      5078562  13/0.80000E-04
 0.35000E+01 0.13000E-03 0.26604E+00 0.91787E+00 0.98290E-02 0.13414E-01 0.90859E+00 0.91812E+00 0.00000E+00 0.00000E+00 -.25627E-01      5078562  13/0.13000E-03
 0.35000E+01 0.20000E-03 0.17292E+00 0.85416E+00 0.90946E-02 0.12506E-01 0.84135E+00 0.85126E+00 0.00000E+00 0.00000E+00 0.31834E+00      5078562  13/0.20000E-03
 0.35000E+01 0.32000E-03 0.10808E+00 0.79091E+00 0.88053E-02 0.12111E-01 0.77210E+00 0.77903E+00 0.00000E+00 0.00000E+00 0.13493E+01      5078562  13/0.32000E-03
 0.35000E+01 0.50000E-03 0.69170E-01 0.74923E+00 0.99880E-02 0.13136E-01 0.71179E+00 0.72346E+00 0.00000E+00 0.00000E+00 0.25802E+01      5078562  13/0.50000E-03
 0.35000E+01 0.80000E-03 0.43231E-01 0.65903E+00 0.88055E-02 0.11157E-01 0.65455E+00 0.66699E+00 0.00000E+00 0.00000E+00 -.90451E+00      5078562  13/0.80000E-03
 0.35000E+01 0.13000E-02 0.26604E-01 0.62339E+00 0.98595E-02 0.12237E-01 0.60216E+00 0.61005E+00 0.00000E+00 0.00000E+00 0.13530E+01      5078562  13/0.13000E-02
 0.35000E+01 0.20000E-02 0.17292E-01 0.56840E+00 0.56529E-02 0.79950E-02 0.56121E+00 0.56437E+00 0.00000E+00 0.00000E+00 0.71247E+00      5078562  13/0.20000E-02
 0.35000E+01 0.80000E-02 0.43231E-02 0.46195E+00 0.58614E-02 0.86079E-02 0.46159E+00 0.45598E+00 0.00000E+00 0.00000E+00 0.10186E+01      5078562  13/0.80000E-02
 0.45000E+01 0.52200E-04 0.85185E+00 0.91607E+00 0.79084E-01 0.72384E-01 0.11084E+01 0.10470E+01 0.00000E+00 0.00000E+00 -.16558E+01      5078562  14/0.52200E-04
 0.45000E+01 0.59200E-04 0.75112E+00 0.97144E+00 0.43390E-01 0.41358E-01 0.11088E+01 0.10593E+01 0.00000E+00 0.00000E+00 -.20247E+01      5078562  14/0.59200E-04
 0.45000E+01 0.61760E-04 0.71999E+00 0.97035E+00 0.43164E-01 0.67269E-01 0.11075E+01 0.93630E+00 0.00000E+00 0.00000E+00 0.78882E+00      5078562  14/0.61760E-04
 0.45000E+01 0.68300E-04 0.65105E+00 0.10796E+01 0.30526E-01 0.33251E-01 0.11018E+01 0.10669E+01 0.00000E+00 0.00000E+00 0.41494E+00      5078562  14/0.68300E-04
 0.45000E+01 0.73200E-04 0.60746E+00 0.10187E+01 0.29528E-01 0.32075E-01 0.10960E+01 0.10375E+01 0.00000E+00 0.00000E+00 -.63623E+00      5078562  14/0.73200E-04
 0.45000E+01 0.81800E-04 0.54360E+00 0.10795E+01 0.16922E+00 0.16933E+00 0.10842E+01 0.10606E+01 0.00000E+00 0.00000E+00 0.11179E+00      5078562  14/0.81800E-04
 0.45000E+01 0.13000E-03 0.34205E+00 0.10204E+01 0.15374E-01 0.18799E-01 0.10154E+01 0.99935E+00 0.00000E+00 0.00000E+00 0.13694E+01      5078562  14/0.13000E-03
 0.45000E+01 0.20000E-03 0.22233E+00 0.96119E+00 0.11057E-01 0.15214E-01 0.94213E+00 0.95223E+00 0.00000E+00 0.00000E+00 0.81054E+00      5078562  14/0.20000E-03
 0.45000E+01 0.32000E-03 0.13896E+00 0.89331E+00 0.10874E-01 0.13764E-01 0.86369E+00 0.86169E+00 0.00000E+00 0.00000E+00 0.29077E+01      5078562  14/0.32000E-03
 0.45000E+01 0.50000E-03 0.88933E-01 0.79708E+00 0.96455E-02 0.12844E-01 0.79410E+00 0.79331E+00 0.00000E+00 0.00000E+00 0.39054E+00      5078562  14/0.50000E-03
 0.45000E+01 0.80000E-03 0.55583E-01 0.72028E+00 0.11103E-01 0.13144E-01 0.72722E+00 0.73735E+00 0.00000E+00 0.00000E+00 -.15371E+01      5078562  14/0.80000E-03
 0.45000E+01 0.13000E-02 0.34205E-01 0.66549E+00 0.10381E-01 0.12812E-01 0.66525E+00 0.67641E+00 0.00000E+00 0.00000E+00 -.10522E+01      5078562  14/0.13000E-02
 0.45000E+01 0.20000E-02 0.22233E-01 0.61540E+00 0.97319E-02 0.11718E-01 0.61626E+00 0.62387E+00 0.00000E+00 0.00000E+00 -.87007E+00      5078562  14/0.20000E-02
 0.45000E+01 0.32000E-02 0.13896E-01 0.57189E+00 0.79519E-02 0.10259E-01 0.56890E+00 0.56825E+00 0.00000E+00 0.00000E+00 0.45736E+00      5078562  14/0.32000E-02
 0.45000E+01 0.13000E-01 0.34205E-02 0.43009E+00 0.91577E-02 0.13033E-01 0.46289E+00 0.44158E+00 0.00000E+00 0.00000E+00 -.12550E+01      5078562  14/0.13000E-01
 0.65000E+01 0.75400E-04 0.85185E+00 0.11174E+01 0.88455E-01 0.85472E-01 0.12086E+01 0.11498E+01 0.00000E+00 0.00000E+00 -.36589E+00      5078562  15/0.75400E-04
 0.65000E+01 0.80290E-04 0.79997E+00 0.10851E+01 0.47818E-01 0.62896E-01 0.12116E+01 0.11137E+01 0.00000E+00 0.00000E+00 -.59891E+00      5078562  15/0.80290E-04
 0.65000E+01 0.85500E-04 0.75122E+00 0.10970E+01 0.41271E-01 0.45701E-01 0.12124E+01 0.11549E+01 0.00000E+00 0.00000E+00 -.14032E+01      5078562  15/0.85500E-04
 0.65000E+01 0.95150E-04 0.67503E+00 0.10838E+01 0.40704E-01 0.46201E-01 0.12091E+01 0.11209E+01 0.00000E+00 0.00000E+00 -.91091E+00      5078562  15/0.95150E-04
 0.65000E+01 0.98600E-04 0.65141E+00 0.11774E+01 0.35064E-01 0.38284E-01 0.12070E+01 0.11690E+01 0.00000E+00 0.00000E+00 0.23908E+00      5078562  15/0.98600E-04
 0.65000E+01 0.13000E-03 0.49407E+00 0.11134E+01 0.20329E-01 0.22277E-01 0.11756E+01 0.11325E+01 0.00000E+00 0.00000E+00 -.93975E+00      5078562  15/0.13000E-03
 0.65000E+01 0.20000E-03 0.32115E+00 0.11119E+01 0.12427E-01 0.16415E-01 0.10999E+01 0.10928E+01 0.00000E+00 0.00000E+00 0.15368E+01      5078562  15/0.20000E-03
 0.65000E+01 0.32000E-03 0.20072E+00 0.10013E+01 0.10062E-01 0.13625E-01 0.10081E+01 0.10041E+01 0.00000E+00 0.00000E+00 -.27444E+00      5078562  15/0.32000E-03
 0.65000E+01 0.50000E-03 0.12846E+00 0.93276E+00 0.12731E-01 0.15680E-01 0.92328E+00 0.92139E+00 0.00000E+00 0.00000E+00 0.89333E+00      5078562  15/0.50000E-03
 0.65000E+01 0.80000E-03 0.80287E-01 0.84903E+00 0.97820E-02 0.13357E-01 0.84020E+00 0.84023E+00 0.00000E+00 0.00000E+00 0.90008E+00      5078562  15/0.80000E-03
 0.65000E+01 0.13000E-02 0.49407E-01 0.75842E+00 0.10253E-01 0.12358E-01 0.76226E+00 0.76758E+00 0.00000E+00 0.00000E+00 -.89382E+00      5078562  15/0.13000E-02
 0.65000E+01 0.20000E-02 0.32115E-01 0.69498E+00 0.80673E-02 0.10161E-01 0.70001E+00 0.70285E+00 0.00000E+00 0.00000E+00 -.97553E+00      5078562  15/0.20000E-02
 0.65000E+01 0.32000E-02 0.20072E-01 0.64107E+00 0.88208E-02 0.11042E-01 0.63922E+00 0.63924E+00 0.00000E+00 0.00000E+00 0.20733E+00      5078562  15/0.32000E-02
 0.65000E+01 0.50000E-02 0.12846E-01 0.57884E+00 0.74121E-02 0.97174E-02 0.58824E+00 0.58931E+00 0.00000E+00 0.00000E+00 -.14119E+01      5078562  15/0.50000E-02
 0.65000E+01 0.13000E-01 0.49407E-02 0.48263E+00 0.96976E-02 0.14032E-01 0.50000E+00 0.47799E+00 0.00000E+00 0.00000E+00 0.47823E+00      5078562  15/0.13000E-01
 0.65000E+01 0.20000E-01 0.32115E-02 0.49769E+00 0.10443E-01 0.14369E-01 0.46908E+00 0.47391E+00 0.00000E+00 0.00000E+00 0.22771E+01      5078562  15/0.20000E-01
 0.85000E+01 0.98600E-04 0.85185E+00 0.11609E+01 0.47466E-01 0.46707E-01 0.12771E+01 0.12210E+01 0.00000E+00 0.00000E+00 -.12657E+01      5078562  16/0.98600E-04
 0.85000E+01 0.10499E-03 0.80000E+00 0.11832E+01 0.58133E-01 0.71952E-01 0.12815E+01 0.11704E+01 0.00000E+00 0.00000E+00 0.21966E+00      5078562  16/0.10499E-03
 0.85000E+01 0.11180E-03 0.75127E+00 0.11798E+01 0.39757E-01 0.47557E-01 0.12832E+01 0.12351E+01 0.00000E+00 0.00000E+00 -.13901E+01      5078562  16/0.11180E-03
 0.85000E+01 0.12443E-03 0.67501E+00 0.12585E+01 0.31917E-01 0.37888E-01 0.12809E+01 0.12358E+01 0.00000E+00 0.00000E+00 0.71053E+00      5078562  16/0.12443E-03
 0.85000E+01 0.12900E-03 0.65110E+00 0.12318E+01 0.30258E-01 0.34759E-01 0.12787E+01 0.12472E+01 0.00000E+00 0.00000E+00 -.51015E+00      5078562  16/0.12900E-03
 0.85000E+01 0.13900E-03 0.60426E+00 0.12565E+01 0.73142E-01 0.76827E-01 0.12724E+01 0.12328E+01 0.00000E+00 0.00000E+00 0.32395E+00      5078562  16/0.13900E-03
 0.85000E+01 0.20000E-03 0.41996E+00 0.11948E+01 0.19210E-01 0.22217E-01 0.12168E+01 0.11851E+01 0.00000E+00 0.00000E+00 0.50283E+00      5078562  16/0.20000E-03
 0.85000E+01 0.32000E-03 0.26248E+00 0.11070E+01 0.11593E-01 0.15480E-01 0.11191E+01 0.11140E+01 0.00000E+00 0.00000E+00 -.59979E+00      5078562  16/0.32000E-03
 0.85000E+01 0.50000E-03 0.16798E+00 0.10137E+01 0.12598E-01 0.15571E-01 0.10230E+01 0.10197E+01 0.00000E+00 0.00000E+00 -.47677E+00      5078562  16/0.50000E-03
 0.85000E+01 0.80000E-03 0.10499E+00 0.93089E+00 0.11016E-01 0.13862E-01 0.92699E+00 0.92592E+00 0.00000E+00 0.00000E+00 0.45125E+00      5078562  16/0.80000E-03
 0.85000E+01 0.13000E-02 0.64609E-01 0.83932E+00 0.10314E-01 0.13010E-01 0.83617E+00 0.83733E+00 0.00000E+00 0.00000E+00 0.19277E+00      5078562  16/0.13000E-02
 0.85000E+01 0.20000E-02 0.41996E-01 0.76863E+00 0.12563E-01 0.14594E-01 0.76326E+00 0.76493E+00 0.00000E+00 0.00000E+00 0.29422E+00      5078562  16/0.20000E-02
 0.85000E+01 0.32000E-02 0.26248E-01 0.66098E+00 0.11521E-01 0.13065E-01 0.69181E+00 0.69284E+00 0.00000E+00 0.00000E+00 -.27649E+01      5078562  16/0.32000E-02
 0.85000E+01 0.50000E-02 0.16798E-01 0.63241E+00 0.92795E-02 0.11693E-01 0.63168E+00 0.62784E+00 0.00000E+00 0.00000E+00 0.49293E+00      5078562  16/0.50000E-02
 0.85000E+01 0.20000E-01 0.41996E-02 0.45624E+00 0.98545E-02 0.13502E-01 0.48980E+00 0.46333E+00 0.00000E+00 0.00000E+00 -.71987E+00      5078562  16/0.20000E-01
 0.10000E+02 0.32000E-03 0.30879E+00 0.11381E+01 0.25977E-01 0.28421E-01 0.11873E+01 0.11619E+01 0.00000E+00 0.00000E+00 -.91764E+00      5078562  17/0.32000E-03
 0.10000E+02 0.50000E-03 0.19763E+00 0.10581E+01 0.23018E-01 0.24758E-01 0.10851E+01 0.10666E+01 0.00000E+00 0.00000E+00 -.37135E+00      5078562  17/0.50000E-03
 0.10000E+02 0.80000E-03 0.12352E+00 0.97675E+00 0.22112E-01 0.23789E-01 0.98116E+00 0.96794E+00 0.00000E+00 0.00000E+00 0.39827E+00      5078562  17/0.80000E-03
 0.10000E+02 0.13000E-02 0.76011E-01 0.88846E+00 0.21631E-01 0.23643E-01 0.88209E+00 0.86660E+00 0.00000E+00 0.00000E+00 0.10107E+01      5078562  17/0.13000E-02
 0.10000E+02 0.20000E-02 0.49407E-01 0.80175E+00 0.21670E-01 0.23352E-01 0.80239E+00 0.79648E+00 0.00000E+00 0.00000E+00 0.24314E+00      5078562  17/0.20000E-02
 0.10000E+02 0.50000E-02 0.19763E-01 0.62751E+00 0.87896E-02 0.11049E-01 0.65823E+00 0.65504E+00 0.00000E+00 0.00000E+00 -.31323E+01      5078562  17/0.50000E-02
 0.10000E+02 0.20000E-01 0.49407E-02 0.51306E+00 0.83257E-02 0.11652E-01 0.50221E+00 0.50136E+00 0.00000E+00 0.00000E+00 0.14055E+01      5078562  17/0.20000E-01
 0.12000E+02 0.13920E-03 0.85185E+00 0.12808E+01 0.45940E-01 0.46993E-01 0.13553E+01 0.13041E+01 0.00000E+00 0.00000E+00 -.50805E+00      5078562  18/0.13920E-03
 0.12000E+02 0.16100E-03 0.73650E+00 0.13400E+01 0.22870E-01 0.32495E-01 0.13641E+01 0.13181E+01 0.00000E+00 0.00000E+00 0.95565E+00      5078562  18/0.16100E-03
 0.12000E+02 0.18210E-03 0.65116E+00 0.12951E+01 0.28773E-01 0.35765E-01 0.13599E+01 0.13287E+01 0.00000E+00 0.00000E+00 -.11666E+01      5078562  18/0.18210E-03
 0.12000E+02 0.20000E-03 0.59289E+00 0.12935E+01 0.14430E-01 0.28281E-01 0.13509E+01 0.13032E+01 0.00000E+00 0.00000E+00 -.67509E+00      5078562  18/0.20000E-03
 0.12000E+02 0.32000E-03 0.37055E+00 0.12227E+01 0.11926E-01 0.17262E-01 0.12632E+01 0.12416E+01 0.00000E+00 0.00000E+00 -.15820E+01      5078562  18/0.32000E-03
 0.12000E+02 0.50000E-03 0.23715E+00 0.11453E+01 0.97105E-02 0.14219E-01 0.11559E+01 0.11373E+01 0.00000E+00 0.00000E+00 0.82237E+00      5078562  18/0.50000E-03
 0.12000E+02 0.80000E-03 0.14822E+00 0.10454E+01 0.90639E-02 0.13079E-01 0.10431E+01 0.10309E+01 0.00000E+00 0.00000E+00 0.15990E+01      5078562  18/0.80000E-03
 0.12000E+02 0.13000E-02 0.91213E-01 0.93471E+00 0.12341E-01 0.14886E-01 0.93458E+00 0.92631E+00 0.00000E+00 0.00000E+00 0.68046E+00      5078562  18/0.13000E-02
 0.12000E+02 0.20000E-02 0.59289E-01 0.85138E+00 0.11820E-01 0.13868E-01 0.84695E+00 0.84422E+00 0.00000E+00 0.00000E+00 0.60581E+00      5078562  18/0.20000E-02
 0.12000E+02 0.32000E-02 0.37055E-01 0.75383E+00 0.13391E-01 0.15220E-01 0.76085E+00 0.76055E+00 0.00000E+00 0.00000E+00 -.50187E+00      5078562  18/0.32000E-02
 0.12000E+02 0.50000E-02 0.23715E-01 0.67921E+00 0.10458E-01 0.12415E-01 0.68824E+00 0.68441E+00 0.00000E+00 0.00000E+00 -.49715E+00      5078562  18/0.50000E-02
 0.12000E+02 0.20000E-01 0.59289E-02 0.49046E+00 0.10544E-01 0.13759E-01 0.51602E+00 0.49077E+00 0.00000E+00 0.00000E+00 -.29032E-01      5078562  18/0.20000E-01
 0.15000E+02 0.17410E-03 0.85136E+00 0.13403E+01 0.55175E-01 0.56049E-01 0.13985E+01 0.13381E+01 0.00000E+00 0.00000E+00 0.40277E-01      5078562  19/0.17410E-03
 0.15000E+02 0.20000E-03 0.74111E+00 0.13862E+01 0.39391E-01 0.41927E-01 0.14081E+01 0.13555E+01 0.00000E+00 0.00000E+00 0.77823E+00      5078562  19/0.20000E-03
 0.15000E+02 0.22760E-03 0.65124E+00 0.13300E+01 0.40977E-01 0.42004E-01 0.14038E+01 0.13565E+01 0.00000E+00 0.00000E+00 -.64645E+00      5078562  19/0.22760E-03
 0.15000E+02 0.32000E-03 0.46319E+00 0.13127E+01 0.14728E-01 0.24341E-01 0.13512E+01 0.13167E+01 0.00000E+00 0.00000E+00 -.26995E+00      5078562  19/0.32000E-03
 0.15000E+02 0.50000E-03 0.29644E+00 0.12068E+01 0.99021E-02 0.14930E-01 0.12428E+01 0.12227E+01 0.00000E+00 0.00000E+00 -.16085E+01      5078562  19/0.50000E-03
 0.15000E+02 0.80000E-03 0.18528E+00 0.11049E+01 0.88081E-02 0.13169E-01 0.11203E+01 0.11021E+01 0.00000E+00 0.00000E+00 0.31912E+00      5078562  19/0.80000E-03
 0.15000E+02 0.13000E-02 0.11402E+00 0.97884E+00 0.82873E-02 0.12194E-01 0.10001E+01 0.98363E+00 0.00000E+00 0.00000E+00 -.57856E+00      5078562  19/0.13000E-02
 0.15000E+02 0.20000E-02 0.74111E-01 0.86832E+00 0.76115E-02 0.11523E-01 0.90244E+00 0.88512E+00 0.00000E+00 0.00000E+00 -.22078E+01      5078562  19/0.20000E-02
 0.15000E+02 0.32000E-02 0.46319E-01 0.78328E+00 0.76726E-02 0.10529E-01 0.80631E+00 0.79105E+00 0.00000E+00 0.00000E+00 -.10128E+01      5078562  19/0.32000E-02
 0.15000E+02 0.50000E-02 0.29644E-01 0.71299E+00 0.61956E-02 0.89716E-02 0.72523E+00 0.71437E+00 0.00000E+00 0.00000E+00 -.22243E+00      5078562  19/0.50000E-02
 0.15000E+02 0.80000E-02 0.18528E-01 0.63212E+00 0.57249E-02 0.79770E-02 0.65020E+00 0.64016E+00 0.00000E+00 0.00000E+00 -.14048E+01      5078562  19/0.80000E-02
 0.15000E+02 0.20000E-01 0.74111E-02 0.52935E+00 0.61596E-02 0.94764E-02 0.53275E+00 0.53324E+00 0.00000E+00 0.00000E+00 -.63095E+00      5078562  19/0.20000E-01
 0.18000E+02 0.20900E-03 0.85103E+00 0.13704E+01 0.57401E-01 0.57958E-01 0.14290E+01 0.13736E+01 0.00000E+00 0.00000E+00 -.56046E-01      5078562  20/0.20900E-03
 0.18000E+02 0.23700E-03 0.75049E+00 0.13788E+01 0.30797E-01 0.35736E-01 0.14387E+01 0.13880E+01 0.00000E+00 0.00000E+00 -.30013E+00      5078562  20/0.23700E-03
 0.18000E+02 0.26800E-03 0.66368E+00 0.13718E+01 0.19193E-01 0.27789E-01 0.14355E+01 0.13987E+01 0.00000E+00 0.00000E+00 -.14007E+01      5078562  20/0.26800E-03
 0.18000E+02 0.32800E-03 0.54227E+00 0.13825E+01 0.18075E-01 0.29130E-01 0.14098E+01 0.13898E+01 0.00000E+00 0.00000E+00 -.40546E+00      5078562  20/0.32800E-03
 0.18000E+02 0.50000E-03 0.35573E+00 0.12806E+01 0.11135E-01 0.18437E-01 0.13125E+01 0.12912E+01 0.00000E+00 0.00000E+00 -.95329E+00      5078562  20/0.50000E-03
 0.18000E+02 0.80000E-03 0.22233E+00 0.11553E+01 0.86334E-02 0.13572E-01 0.11839E+01 0.11624E+01 0.00000E+00 0.00000E+00 -.82776E+00      5078562  20/0.80000E-03
 0.18000E+02 0.13000E-02 0.13682E+00 0.10378E+01 0.80140E-02 0.12327E-01 0.10544E+01 0.10371E+01 0.00000E+00 0.00000E+00 0.81765E-01      5078562  20/0.13000E-02
 0.18000E+02 0.20000E-02 0.88933E-01 0.93994E+00 0.75856E-02 0.11449E-01 0.94837E+00 0.93592E+00 0.00000E+00 0.00000E+00 0.53033E+00      5078562  20/0.20000E-02
 0.18000E+02 0.32000E-02 0.55583E-01 0.82948E+00 0.70302E-02 0.10324E-01 0.84387E+00 0.82994E+00 0.00000E+00 0.00000E+00 -.64926E-01      5078562  20/0.32000E-02
 0.18000E+02 0.50000E-02 0.35573E-01 0.74380E+00 0.61594E-02 0.89575E-02 0.75566E+00 0.74338E+00 0.00000E+00 0.00000E+00 0.67545E-01      5078562  20/0.50000E-02
 0.18000E+02 0.80000E-02 0.22233E-01 0.66400E+00 0.54016E-02 0.84352E-02 0.67404E+00 0.66275E+00 0.00000E+00 0.00000E+00 0.23092E+00      5078562  20/0.80000E-02
 0.18000E+02 0.20000E-01 0.88933E-02 0.53574E+00 0.10057E-01 0.13519E-01 0.54627E+00 0.54538E+00 0.00000E+00 0.00000E+00 -.95888E+00      5078562  20/0.20000E-01
 0.22000E+02 0.29000E-03 0.74963E+00 0.14338E+01 0.38384E-01 0.44225E-01 0.14631E+01 0.14089E+01 0.00000E+00 0.00000E+00 0.65000E+00      5078562  21/0.29000E-03
 0.22000E+02 0.32000E-03 0.67935E+00 0.14306E+01 0.44859E-01 0.48074E-01 0.14611E+01 0.14222E+01 0.00000E+00 0.00000E+00 0.18669E+00      5078562  21/0.32000E-03
 0.22000E+02 0.34500E-03 0.63012E+00 0.14102E+01 0.26843E-01 0.32039E-01 0.14549E+01 0.14296E+01 0.00000E+00 0.00000E+00 -.72318E+00      5078562  21/0.34500E-03
 0.22000E+02 0.38800E-03 0.56029E+00 0.13925E+01 0.19335E-01 0.27496E-01 0.14382E+01 0.14226E+01 0.00000E+00 0.00000E+00 -.15571E+01      5078562  21/0.38800E-03
 0.22000E+02 0.50000E-03 0.43478E+00 0.13823E+01 0.17680E-01 0.26795E-01 0.13831E+01 0.13578E+01 0.00000E+00 0.00000E+00 0.13831E+01      5078562  21/0.50000E-03
 0.22000E+02 0.59200E-03 0.36721E+00 0.13265E+01 0.15984E-01 0.25419E-01 0.13384E+01 0.13204E+01 0.00000E+00 0.00000E+00 0.38169E+00      5078562  21/0.59200E-03
 0.22000E+02 0.80000E-03 0.27174E+00 0.12290E+01 0.12460E-01 0.20136E-01 0.12524E+01 0.12309E+01 0.00000E+00 0.00000E+00 -.14940E+00      5078562  21/0.80000E-03
 0.22000E+02 0.13000E-02 0.16722E+00 0.10574E+01 0.29145E-01 0.30380E-01 0.11135E+01 0.10884E+01 0.00000E+00 0.00000E+00 -.10624E+01      5078562  21/0.13000E-02
 0.22000E+02 0.20000E-02 0.10870E+00 0.99039E+00 0.16809E-01 0.21166E-01 0.99845E+00 0.97514E+00 0.00000E+00 0.00000E+00 0.90694E+00      5078562  21/0.20000E-02
 0.22000E+02 0.32000E-02 0.67935E-01 0.90023E+00 0.25090E-01 0.26555E-01 0.88459E+00 0.87918E+00 0.00000E+00 0.00000E+00 0.83894E+00      5078562  21/0.32000E-02
 0.22000E+02 0.50000E-02 0.43478E-01 0.76900E+00 0.19767E-01 0.21034E-01 0.78853E+00 0.78512E+00 0.00000E+00 0.00000E+00 -.81531E+00      5078562  21/0.50000E-02
 0.22000E+02 0.80000E-02 0.27174E-01 0.65607E+00 0.17708E-01 0.18783E-01 0.69971E+00 0.69959E+00 0.00000E+00 0.00000E+00 -.24577E+01      5078562  21/0.80000E-02
 0.22000E+02 0.13000E-01 0.16722E-01 0.58566E+00 0.16315E-01 0.17156E-01 0.62057E+00 0.61596E+00 0.00000E+00 0.00000E+00 -.18572E+01      5078562  21/0.13000E-01
 0.22000E+02 0.32000E-01 0.67935E-02 0.51943E+00 0.12328E-01 0.15794E-01 0.50547E+00 0.50429E+00 0.00000E+00 0.00000E+00 0.12283E+01      5078562  21/0.32000E-01
 0.27000E+02 0.31400E-03 0.84968E+00 0.14802E+01 0.67622E-01 0.70218E-01 0.14759E+01 0.14198E+01 0.00000E+00 0.00000E+00 0.89285E+00      5078562  22/0.31400E-03
 0.27000E+02 0.35500E-03 0.75154E+00 0.14408E+01 0.41283E-01 0.43426E-01 0.14853E+01 0.14344E+01 0.00000E+00 0.00000E+00 0.15491E+00      5078562  22/0.35500E-03
 0.27000E+02 0.41000E-03 0.65073E+00 0.14618E+01 0.33708E-01 0.37741E-01 0.14789E+01 0.14298E+01 0.00000E+00 0.00000E+00 0.95021E+00      5078562  22/0.41000E-03
 0.27000E+02 0.50000E-03 0.53360E+00 0.14108E+01 0.14630E-01 0.22133E-01 0.14473E+01 0.14014E+01 0.00000E+00 0.00000E+00 0.63963E+00      5078562  22/0.50000E-03
 0.27000E+02 0.80000E-03 0.33350E+00 0.12885E+01 0.10522E-01 0.15719E-01 0.13223E+01 0.13005E+01 0.00000E+00 0.00000E+00 -.11403E+01      5078562  22/0.80000E-03
 0.27000E+02 0.13000E-02 0.20523E+00 0.11536E+01 0.94105E-02 0.14039E-01 0.11754E+01 0.11564E+01 0.00000E+00 0.00000E+00 -.30048E+00      5078562  22/0.13000E-02
 0.27000E+02 0.20000E-02 0.13340E+00 0.10437E+01 0.86751E-02 0.12726E-01 0.10511E+01 0.10360E+01 0.00000E+00 0.00000E+00 0.88431E+00      5078562  22/0.20000E-02
 0.27000E+02 0.32000E-02 0.83374E-01 0.91323E+00 0.78077E-02 0.11391E-01 0.92746E+00 0.91279E+00 0.00000E+00 0.00000E+00 0.56070E-01      5078562  22/0.32000E-02
 0.27000E+02 0.50000E-02 0.53360E-01 0.79956E+00 0.69419E-02 0.10060E-01 0.82300E+00 0.80902E+00 0.00000E+00 0.00000E+00 -.13628E+01      5078562  22/0.50000E-02
 0.27000E+02 0.80000E-02 0.33350E-01 0.70730E+00 0.63474E-02 0.88412E-02 0.72645E+00 0.71471E+00 0.00000E+00 0.00000E+00 -.11681E+01      5078562  22/0.80000E-02
 0.27000E+02 0.13000E-01 0.20523E-01 0.63457E+00 0.55096E-02 0.83836E-02 0.64052E+00 0.63147E+00 0.00000E+00 0.00000E+00 0.56314E+00      5078562  22/0.13000E-01
 0.27000E+02 0.20000E-01 0.13340E-01 0.57643E+00 0.65748E-02 0.10149E-01 0.57556E+00 0.56525E+00 0.00000E+00 0.00000E+00 0.17005E+01      5078562  22/0.20000E-01
 0.27000E+02 0.32000E-01 0.83374E-02 0.52693E+00 0.97400E-02 0.13438E-01 0.51565E+00 0.51691E+00 0.00000E+00 0.00000E+00 0.10292E+01      5078562  22/0.32000E-01
 0.35000E+02 0.46030E-03 0.75136E+00 0.14273E+01 0.33353E-01 0.36389E-01 0.15032E+01 0.14396E+01 0.00000E+00 0.00000E+00 -.36880E+00      5078562  23/0.46030E-03
 0.35000E+02 0.50000E-03 0.69170E+00 0.14719E+01 0.35280E-01 0.38662E-01 0.15002E+01 0.14784E+01 0.00000E+00 0.00000E+00 -.18292E+00      5078562  23/0.50000E-03
 0.35000E+02 0.53110E-03 0.65120E+00 0.14398E+01 0.21839E-01 0.26501E-01 0.14944E+01 0.14599E+01 0.00000E+00 0.00000E+00 -.92100E+00      5078562  23/0.53110E-03
 0.35000E+02 0.61600E-03 0.56144E+00 0.14580E+01 0.23232E-01 0.29329E-01 0.14700E+01 0.14489E+01 0.00000E+00 0.00000E+00 0.38985E+00      5078562  23/0.61600E-03
 0.35000E+02 0.65700E-03 0.52641E+00 0.14332E+01 0.19022E-01 0.26541E-01 0.14558E+01 0.14389E+01 0.00000E+00 0.00000E+00 -.29875E+00      5078562  23/0.65700E-03
 0.35000E+02 0.80000E-03 0.43231E+00 0.13864E+01 0.10755E-01 0.18071E-01 0.14042E+01 0.13791E+01 0.00000E+00 0.00000E+00 0.68056E+00      5078562  23/0.80000E-03
 0.35000E+02 0.10000E-02 0.34585E+00 0.13115E+01 0.13632E-01 0.21757E-01 0.13362E+01 0.13149E+01 0.00000E+00 0.00000E+00 -.25188E+00      5078562  23/0.10000E-02
 0.35000E+02 0.13000E-02 0.26604E+00 0.12224E+01 0.79631E-02 0.13980E-01 0.12529E+01 0.12327E+01 0.00000E+00 0.00000E+00 -.12959E+01      5078562  23/0.13000E-02
 0.35000E+02 0.20000E-02 0.17292E+00 0.10990E+01 0.84005E-02 0.12932E-01 0.11178E+01 0.10998E+01 0.00000E+00 0.00000E+00 -.90983E-01      5078562  23/0.20000E-02
 0.35000E+02 0.32000E-02 0.10808E+00 0.96333E+00 0.72694E-02 0.11427E-01 0.98187E+00 0.96317E+00 0.00000E+00 0.00000E+00 0.22213E-01      5078562  23/0.32000E-02
 0.35000E+02 0.50000E-02 0.69170E-01 0.85070E+00 0.69562E-02 0.10254E-01 0.86666E+00 0.85153E+00 0.00000E+00 0.00000E+00 -.11994E+00      5078562  23/0.50000E-02
 0.35000E+02 0.80000E-02 0.43231E-01 0.74595E+00 0.63149E-02 0.92532E-02 0.76032E+00 0.74763E+00 0.00000E+00 0.00000E+00 -.26533E+00      5078562  23/0.80000E-02
 0.35000E+02 0.13000E-01 0.26604E-01 0.66090E+00 0.60019E-02 0.84116E-02 0.66557E+00 0.65573E+00 0.00000E+00 0.00000E+00 0.86069E+00      5078562  23/0.13000E-01
 0.35000E+02 0.20000E-01 0.17292E-01 0.59057E+00 0.53521E-02 0.86579E-02 0.59413E+00 0.58429E+00 0.00000E+00 0.00000E+00 0.11741E+01      5078562  23/0.20000E-01
 0.35000E+02 0.32000E-01 0.10808E-01 0.51678E+00 0.64771E-02 0.99770E-02 0.52824E+00 0.52399E+00 0.00000E+00 0.00000E+00 -.11136E+01      5078562  23/0.32000E-01
 0.35000E+02 0.80000E-01 0.43231E-02 0.44824E+00 0.17090E-01 0.23200E-01 0.42892E+00 0.43973E+00 0.00000E+00 0.00000E+00 0.49786E+00      5078562  23/0.80000E-01
 0.45000E+02 0.59000E-03 0.75367E+00 0.14678E+01 0.50185E-01 0.53265E-01 0.15081E+01 0.14555E+01 0.00000E+00 0.00000E+00 0.24442E+00      5078562  24/0.59000E-03
 0.45000E+02 0.63410E-03 0.70125E+00 0.14511E+01 0.28598E-01 0.32104E-01 0.15043E+01 0.14566E+01 0.00000E+00 0.00000E+00 -.19287E+00      5078562  24/0.63410E-03
 0.45000E+02 0.70000E-03 0.63523E+00 0.14853E+01 0.37196E-01 0.41217E-01 0.14930E+01 0.14687E+01 0.00000E+00 0.00000E+00 0.44610E+00      5078562  24/0.70000E-03
 0.45000E+02 0.80000E-03 0.55583E+00 0.14601E+01 0.15826E-01 0.21514E-01 0.14671E+01 0.14407E+01 0.00000E+00 0.00000E+00 0.12257E+01      5078562  24/0.80000E-03
 0.45000E+02 0.92000E-03 0.48333E+00 0.13877E+01 0.22303E-01 0.27818E-01 0.14315E+01 0.14215E+01 0.00000E+00 0.00000E+00 -.15159E+01      5078562  24/0.92000E-03
 0.45000E+02 0.11000E-02 0.40424E+00 0.13707E+01 0.19767E-01 0.25378E-01 0.13782E+01 0.13638E+01 0.00000E+00 0.00000E+00 0.34891E+00      5078562  24/0.11000E-02
 0.45000E+02 0.13000E-02 0.34205E+00 0.12940E+01 0.93605E-02 0.15710E-01 0.13241E+01 0.13042E+01 0.00000E+00 0.00000E+00 -.10886E+01      5078562  24/0.13000E-02
 0.45000E+02 0.20000E-02 0.22233E+00 0.11521E+01 0.81073E-02 0.13142E-01 0.11814E+01 0.11614E+01 0.00000E+00 0.00000E+00 -.11517E+01      5078562  24/0.20000E-02
 0.45000E+02 0.32000E-02 0.13896E+00 0.10050E+01 0.73426E-02 0.11817E-01 0.10340E+01 0.10129E+01 0.00000E+00 0.00000E+00 -.10754E+01      5078562  24/0.32000E-02
 0.45000E+02 0.50000E-02 0.88933E-01 0.89644E+00 0.75403E-02 0.10698E-01 0.90842E+00 0.89442E+00 0.00000E+00 0.00000E+00 0.26745E+00      5078562  24/0.50000E-02
 0.45000E+02 0.80000E-02 0.55583E-01 0.78040E+00 0.67211E-02 0.92873E-02 0.79251E+00 0.78106E+00 0.00000E+00 0.00000E+00 -.97721E-01      5078562  24/0.80000E-02
 0.45000E+02 0.13000E-01 0.34205E-01 0.67916E+00 0.63844E-02 0.87862E-02 0.68925E+00 0.68000E+00 0.00000E+00 0.00000E+00 -.13100E+00      5078562  24/0.13000E-01
 0.45000E+02 0.20000E-01 0.22233E-01 0.60058E+00 0.55488E-02 0.80253E-02 0.61152E+00 0.60132E+00 0.00000E+00 0.00000E+00 -.13372E+00      5078562  24/0.20000E-01
 0.45000E+02 0.32000E-01 0.13896E-01 0.53286E+00 0.74519E-02 0.95520E-02 0.53999E+00 0.53181E+00 0.00000E+00 0.00000E+00 0.14096E+00      5078562  24/0.32000E-01
 0.45000E+02 0.50000E-01 0.88933E-02 0.48495E+00 0.98527E-02 0.12701E-01 0.48329E+00 0.48239E+00 0.00000E+00 0.00000E+00 0.25974E+00      5078562  24/0.50000E-01
 0.60000E+02 0.80000E-03 0.74111E+00 0.14700E+01 0.27659E-01 0.30380E-01 0.14976E+01 0.14748E+01 0.00000E+00 0.00000E+00 -.17252E+00      5078562 999/0.80000E-03
 0.60000E+02 0.86000E-03 0.68940E+00 0.15457E+01 0.42436E-01 0.47861E-01 0.14909E+01 0.14830E+01 0.00000E+00 0.00000E+00 0.14775E+01      5078562 999/0.86000E-03
 0.60000E+02 0.94000E-03 0.63073E+00 0.15253E+01 0.41871E-01 0.47577E-01 0.14781E+01 0.14701E+01 0.00000E+00 0.00000E+00 0.13172E+01      5078562 999/0.94000E-03
 0.60000E+02 0.11000E-02 0.53899E+00 0.14591E+01 0.27395E-01 0.34967E-01 0.14429E+01 0.14396E+01 0.00000E+00 0.00000E+00 0.71112E+00      5078562 999/0.11000E-02
 0.60000E+02 0.13000E-02 0.45607E+00 0.13909E+01 0.13681E-01 0.19034E-01 0.13949E+01 0.13749E+01 0.00000E+00 0.00000E+00 0.11709E+01      5078562 999/0.13000E-02
 0.60000E+02 0.15000E-02 0.39526E+00 0.13166E+01 0.22597E-01 0.26797E-01 0.13488E+01 0.13286E+01 0.00000E+00 0.00000E+00 -.53313E+00      5078562 999/0.15000E-02
 0.60000E+02 0.20000E-02 0.29644E+00 0.12342E+01 0.82284E-02 0.13935E-01 0.12507E+01 0.12331E+01 0.00000E+00 0.00000E+00 0.13305E+00      5078562 999/0.20000E-02
 0.60000E+02 0.32000E-02 0.18528E+00 0.10771E+01 0.77739E-02 0.12054E-01 0.10924E+01 0.10731E+01 0.00000E+00 0.00000E+00 0.51877E+00      5078562 999/0.32000E-02
 0.60000E+02 0.50000E-02 0.11858E+00 0.93215E+00 0.71938E-02 0.10806E-01 0.95536E+00 0.93741E+00 0.00000E+00 0.00000E+00 -.73185E+00      5078562 999/0.50000E-02
 0.60000E+02 0.80000E-02 0.74111E-01 0.81850E+00 0.76073E-02 0.10677E-01 0.82839E+00 0.81740E+00 0.00000E+00 0.00000E+00 0.14466E+00      5078562 999/0.80000E-02
 0.60000E+02 0.13000E-01 0.45607E-01 0.70548E+00 0.71252E-02 0.95323E-02 0.71552E+00 0.70538E+00 0.00000E+00 0.00000E+00 0.13508E-01      5078562 999/0.13000E-01
 0.60000E+02 0.20000E-01 0.29644E-01 0.63101E+00 0.66554E-02 0.90430E-02 0.63067E+00 0.62180E+00 0.00000E+00 0.00000E+00 0.13842E+01      5078562 999/0.20000E-01
 0.60000E+02 0.32000E-01 0.18528E-01 0.55175E+00 0.62872E-02 0.84676E-02 0.55266E+00 0.54432E+00 0.00000E+00 0.00000E+00 0.11817E+01      5078562 999/0.32000E-01
 0.60000E+02 0.50000E-01 0.11858E-01 0.50917E+00 0.86112E-02 0.11387E-01 0.49093E+00 0.48822E+00 0.00000E+00 0.00000E+00 0.24325E+01      5078562 999/0.50000E-01
 0.60000E+02 0.13000E+00 0.45607E-02 0.39468E+00 0.18749E-01 0.22624E-01 0.38255E+00 0.39072E+00 0.00000E+00 0.00000E+00 0.21132E+00      5078562 999/0.13000E+00
 0.70000E+02 0.92200E-03 0.75022E+00 0.13851E+01 0.91958E-01 0.88454E-01 0.14864E+01 0.14255E+01 0.00000E+00 0.00000E+00 -.43942E+00      5078562 999/0.92200E-03
 0.70000E+02 0.10000E-02 0.69170E+00 0.14335E+01 0.49322E-01 0.51574E-01 0.14785E+01 0.14439E+01 0.00000E+00 0.00000E+00 -.21134E+00      5078562 999/0.10000E-02
 0.70000E+02 0.11000E-02 0.62882E+00 0.15062E+01 0.41559E-01 0.47249E-01 0.14635E+01 0.14523E+01 0.00000E+00 0.00000E+00 0.12980E+01      5078562 999/0.11000E-02
 0.70000E+02 0.12400E-02 0.55782E+00 0.14447E+01 0.33517E-01 0.38468E-01 0.14363E+01 0.14219E+01 0.00000E+00 0.00000E+00 0.67886E+00      5078562 999/0.12400E-02
 0.70000E+02 0.13000E-02 0.53208E+00 0.14142E+01 0.26583E-01 0.33457E-01 0.14238E+01 0.14082E+01 0.00000E+00 0.00000E+00 0.22406E+00      5078562 999/0.13000E-02
 0.70000E+02 0.20000E-02 0.34585E+00 0.12456E+01 0.22714E-01 0.27225E-01 0.12850E+01 0.12643E+01 0.00000E+00 0.00000E+00 -.82475E+00      5078562 999/0.20000E-02
 0.70000E+02 0.25000E-02 0.27668E+00 0.11900E+01 0.16408E-01 0.21672E-01 0.12069E+01 0.11853E+01 0.00000E+00 0.00000E+00 0.28455E+00      5078562 999/0.25000E-02
 0.70000E+02 0.32000E-02 0.21616E+00 0.10842E+01 0.13317E-01 0.16581E-01 0.11226E+01 0.10991E+01 0.00000E+00 0.00000E+00 -.11180E+01      5078562 999/0.32000E-02
 0.70000E+02 0.50000E-02 0.13834E+00 0.95805E+00 0.10809E-01 0.14486E-01 0.97988E+00 0.95302E+00 0.00000E+00 0.00000E+00 0.46535E+00      5078562 999/0.50000E-02
 0.70000E+02 0.80000E-02 0.86462E-01 0.81942E+00 0.14064E-01 0.15381E-01 0.84721E+00 0.83375E+00 0.00000E+00 0.00000E+00 -.10191E+01      5078562 999/0.80000E-02
 0.70000E+02 0.13000E-01 0.53208E-01 0.71615E+00 0.14151E-01 0.16283E-01 0.72915E+00 0.72319E+00 0.00000E+00 0.00000E+00 -.49755E+00      5078562 999/0.13000E-01
 0.70000E+02 0.20000E-01 0.34585E-01 0.63677E+00 0.12091E-01 0.13658E-01 0.64052E+00 0.63390E+00 0.00000E+00 0.00000E+00 0.23770E+00      5078562 999/0.20000E-01
 0.70000E+02 0.32000E-01 0.21616E-01 0.56107E+00 0.12847E-01 0.13829E-01 0.55915E+00 0.54915E+00 0.00000E+00 0.00000E+00 0.92789E+00      5078562 999/0.32000E-01
 0.70000E+02 0.50000E-01 0.13834E-01 0.51168E+00 0.92534E-02 0.11591E-01 0.49483E+00 0.49375E+00 0.00000E+00 0.00000E+00 0.19376E+01      5078562 999/0.50000E-01
 0.90000E+02 0.13000E-02 0.68410E+00 0.14785E+01 0.23538E-01 0.27687E-01 0.14472E+01 0.14338E+01 0.00000E+00 0.00000E+00 0.18986E+01      5078562 999/0.13000E-02
 0.90000E+02 0.15000E-02 0.59289E+00 0.14175E+01 0.21533E-01 0.36329E-01 0.14183E+01 0.14179E+01 0.00000E+00 0.00000E+00 -.17570E-01      5078562 999/0.15000E-02
 0.90000E+02 0.20000E-02 0.44466E+00 0.13275E+01 0.16476E-01 0.20857E-01 0.13334E+01 0.13147E+01 0.00000E+00 0.00000E+00 0.77733E+00      5078562 999/0.20000E-02
 0.90000E+02 0.32000E-02 0.27791E+00 0.11653E+01 0.10627E-01 0.14976E-01 0.11694E+01 0.11558E+01 0.00000E+00 0.00000E+00 0.89609E+00      5078562 999/0.32000E-02
 0.90000E+02 0.50000E-02 0.17787E+00 0.10233E+01 0.93370E-02 0.13033E-01 0.10186E+01 0.10033E+01 0.00000E+00 0.00000E+00 0.21454E+01      5078562 999/0.50000E-02
 0.90000E+02 0.80000E-02 0.11117E+00 0.88253E+00 0.90846E-02 0.12083E-01 0.87699E+00 0.86415E+00 0.00000E+00 0.00000E+00 0.20234E+01      5078562 999/0.80000E-02
 0.90000E+02 0.13000E-01 0.68410E-01 0.75350E+00 0.85360E-02 0.11051E-01 0.75065E+00 0.74015E+00 0.00000E+00 0.00000E+00 0.15645E+01      5078562 999/0.13000E-01
 0.90000E+02 0.20000E-01 0.44466E-01 0.64913E+00 0.73957E-02 0.95196E-02 0.65598E+00 0.64658E+00 0.00000E+00 0.00000E+00 0.34534E+00      5078562 999/0.20000E-01
 0.90000E+02 0.32000E-01 0.27791E-01 0.55688E+00 0.70201E-02 0.86173E-02 0.56919E+00 0.55923E+00 0.00000E+00 0.00000E+00 -.33437E+00      5078562 999/0.32000E-01
 0.90000E+02 0.50000E-01 0.17787E-01 0.48827E+00 0.72374E-02 0.89000E-02 0.50071E+00 0.49347E+00 0.00000E+00 0.00000E+00 -.71837E+00      5078562 999/0.50000E-01
 0.90000E+02 0.80000E-01 0.11117E-01 0.43610E+00 0.67729E-02 0.84500E-02 0.43960E+00 0.43629E+00 0.00000E+00 0.00000E+00 -.27739E-01      5078562 999/0.80000E-01
 0.90000E+02 0.18000E+00 0.49407E-02 0.34268E+00 0.14689E-01 0.17584E-01 0.33999E+00 0.33614E+00 0.00000E+00 0.00000E+00 0.44549E+00      5078562 999/0.18000E+00
 0.12000E+03 0.16000E-02 0.74111E+00 0.14098E+01 0.22694E-01 0.26055E-01 0.14119E+01 0.13975E+01 0.00000E+00 0.00000E+00 0.54145E+00      5078562 999/0.16000E-02
 0.12000E+03 0.17200E-02 0.68940E+00 0.14442E+01 0.56450E-01 0.60674E-01 0.14014E+01 0.13737E+01 0.00000E+00 0.00000E+00 0.12491E+01      5078562 999/0.17200E-02
 0.12000E+03 0.18800E-02 0.63073E+00 0.14127E+01 0.47900E-01 0.52110E-01 0.13835E+01 0.13662E+01 0.00000E+00 0.00000E+00 0.97081E+00      5078562 999/0.18800E-02
 0.12000E+03 0.20000E-02 0.59289E+00 0.13613E+01 0.13017E-01 0.23049E-01 0.13684E+01 0.13606E+01 0.00000E+00 0.00000E+00 0.51380E-01      5078562 999/0.20000E-02
 0.12000E+03 0.21200E-02 0.55933E+00 0.13859E+01 0.37698E-01 0.42435E-01 0.13525E+01 0.13264E+01 0.00000E+00 0.00000E+00 0.15782E+01      5078562 999/0.21200E-02
 0.12000E+03 0.27000E-02 0.43917E+00 0.12459E+01 0.34064E-01 0.37139E-01 0.12762E+01 0.12629E+01 0.00000E+00 0.00000E+00 -.49809E+00      5078562 999/0.27000E-02
 0.12000E+03 0.32000E-02 0.37055E+00 0.12083E+01 0.10390E-01 0.14629E-01 0.12170E+01 0.12005E+01 0.00000E+00 0.00000E+00 0.75056E+00      5078562 999/0.32000E-02
 0.12000E+03 0.50000E-02 0.23715E+00 0.10415E+01 0.11545E-01 0.15111E-01 0.10605E+01 0.10437E+01 0.00000E+00 0.00000E+00 -.19270E+00      5078562 999/0.50000E-02
 0.12000E+03 0.80000E-02 0.14822E+00 0.89275E+00 0.87942E-02 0.12330E-01 0.90962E+00 0.88888E+00 0.00000E+00 0.00000E+00 0.44017E+00      5078562 999/0.80000E-02
 0.12000E+03 0.13000E-01 0.91213E-01 0.77383E+00 0.10072E-01 0.12473E-01 0.77426E+00 0.76387E+00 0.00000E+00 0.00000E+00 0.98878E+00      5078562 999/0.13000E-01
 0.12000E+03 0.20000E-01 0.59289E-01 0.66608E+00 0.86173E-02 0.11150E-01 0.67284E+00 0.66601E+00 0.00000E+00 0.00000E+00 0.79449E-02      5078562 999/0.20000E-01
 0.12000E+03 0.32000E-01 0.37055E-01 0.57394E+00 0.84075E-02 0.10094E-01 0.57994E+00 0.57137E+00 0.00000E+00 0.00000E+00 0.30545E+00      5078562 999/0.32000E-01
 0.12000E+03 0.50000E-01 0.23715E-01 0.48591E+00 0.71371E-02 0.87393E-02 0.50687E+00 0.49938E+00 0.00000E+00 0.00000E+00 -.18867E+01      5078562 999/0.50000E-01
 0.12000E+03 0.80000E-01 0.14822E-01 0.44081E+00 0.65827E-02 0.92918E-02 0.44192E+00 0.43784E+00 0.00000E+00 0.00000E+00 0.45173E+00      5078562 999/0.80000E-01
 0.12000E+03 0.18000E+00 0.65876E-02 0.33234E+00 0.12063E-01 0.13234E-01 0.33732E+00 0.33333E+00 0.00000E+00 0.00000E+00 -.81930E-01      5078562 999/0.18000E+00
 0.15000E+03 0.20000E-02 0.74111E+00 0.13807E+01 0.23969E-01 0.27270E-01 0.13687E+01 0.13564E+01 0.00000E+00 0.00000E+00 0.10147E+01      5078562 999/0.20000E-02
 0.15000E+03 0.32000E-02 0.46319E+00 0.12348E+01 0.11208E-01 0.16862E-01 0.12461E+01 0.12347E+01 0.00000E+00 0.00000E+00 0.83844E-02      5078562 999/0.32000E-02
 0.15000E+03 0.50000E-02 0.29644E+00 0.10778E+01 0.10190E-01 0.13349E-01 0.10902E+01 0.10744E+01 0.00000E+00 0.00000E+00 0.33175E+00      5078562 999/0.50000E-02
 0.15000E+03 0.80000E-02 0.18528E+00 0.92693E+00 0.11876E-01 0.14157E-01 0.93366E+00 0.92649E+00 0.00000E+00 0.00000E+00 0.36834E-01      5078562 999/0.80000E-02
 0.15000E+03 0.13000E-01 0.11402E+00 0.79740E+00 0.13494E-01 0.16036E-01 0.79175E+00 0.78613E+00 0.00000E+00 0.00000E+00 0.83543E+00      5078562 999/0.13000E-01
 0.15000E+03 0.20000E-01 0.74111E-01 0.68714E+00 0.12446E-01 0.15065E-01 0.68526E+00 0.68381E+00 0.00000E+00 0.00000E+00 0.26780E+00      5078562 999/0.20000E-01
 0.15000E+03 0.32000E-01 0.46319E-01 0.58336E+00 0.11961E-01 0.13959E-01 0.58784E+00 0.58358E+00 0.00000E+00 0.00000E+00 -.18691E-01      5078562 999/0.32000E-01
 0.15000E+03 0.50000E-01 0.29644E-01 0.50911E+00 0.10651E-01 0.11863E-01 0.51128E+00 0.50627E+00 0.00000E+00 0.00000E+00 0.26651E+00      5078562 999/0.50000E-01
 0.15000E+03 0.80000E-01 0.18528E-01 0.44360E+00 0.85842E-02 0.10138E-01 0.44346E+00 0.44068E+00 0.00000E+00 0.00000E+00 0.33991E+00      5078562 999/0.80000E-01
 0.15000E+03 0.18000E+00 0.82345E-02 0.32437E+00 0.11184E-01 0.12136E-01 0.33523E+00 0.33182E+00 0.00000E+00 0.00000E+00 -.66635E+00      5078562 999/0.18000E+00
 0.20000E+03 0.26000E-02 0.76011E+00 0.13123E+01 0.24938E-01 0.27623E-01 0.13083E+01 0.12953E+01 0.00000E+00 0.00000E+00 0.68241E+00      5078562 999/0.26000E-02
 0.20000E+03 0.32000E-02 0.61759E+00 0.12484E+01 0.14693E-01 0.21159E-01 0.12651E+01 0.12565E+01 0.00000E+00 0.00000E+00 -.55040E+00      5078562 999/0.32000E-02
 0.20000E+03 0.50000E-02 0.39526E+00 0.11099E+01 0.86535E-02 0.12935E-01 0.11229E+01 0.11096E+01 0.00000E+00 0.00000E+00 0.31267E-01      5078562 999/0.50000E-02
 0.20000E+03 0.80000E-02 0.24704E+00 0.94762E+00 0.62891E-02 0.10164E-01 0.96251E+00 0.95114E+00 0.00000E+00 0.00000E+00 -.55998E+00      5078562 999/0.80000E-02
 0.20000E+03 0.13000E-01 0.15202E+00 0.80850E+00 0.49042E-02 0.84217E-02 0.81313E+00 0.80453E+00 0.00000E+00 0.00000E+00 0.80862E+00      5078562 999/0.13000E-01
 0.20000E+03 0.20000E-01 0.98814E-01 0.70105E+00 0.46532E-02 0.76577E-02 0.70045E+00 0.69357E+00 0.00000E+00 0.00000E+00 0.16078E+01      5078562 999/0.20000E-01
 0.20000E+03 0.32000E-01 0.61759E-01 0.58242E+00 0.43787E-02 0.67766E-02 0.59742E+00 0.58930E+00 0.00000E+00 0.00000E+00 -.15721E+01      5078562 999/0.32000E-01
 0.20000E+03 0.50000E-01 0.39526E-01 0.51982E+00 0.39257E-02 0.60171E-02 0.51660E+00 0.50931E+00 0.00000E+00 0.00000E+00 0.26768E+01      5078562 999/0.50000E-01
 0.20000E+03 0.80000E-01 0.24704E-01 0.43827E+00 0.29638E-02 0.49851E-02 0.44518E+00 0.43772E+00 0.00000E+00 0.00000E+00 0.18542E+00      5078562 999/0.80000E-01
 0.20000E+03 0.13000E+00 0.15202E-01 0.36173E+00 0.84606E-02 0.88818E-02 0.37895E+00 0.37577E+00 0.00000E+00 0.00000E+00 -.16599E+01      5078562 999/0.13000E+00
 0.20000E+03 0.18000E+00 0.10979E-01 0.34253E+00 0.31068E-02 0.54325E-02 0.33252E+00 0.33215E+00 0.00000E+00 0.00000E+00 0.33425E+01      5078562 999/0.18000E+00
 0.20000E+03 0.25000E+00 0.79051E-02 0.27760E+00 0.15235E-01 0.16529E-01 0.27581E+00 0.27495E+00 0.00000E+00 0.00000E+00 0.17368E+00      5078562 999/0.25000E+00
 0.20000E+03 0.40000E+00 0.49407E-02 0.13952E+00 0.96695E-02 0.10327E-01 0.15876E+00 0.15789E+00 0.00000E+00 0.00000E+00 -.18993E+01      5078562 999/0.40000E+00
 0.25000E+03 0.33000E-02 0.74859E+00 0.12800E+01 0.24946E-01 0.27868E-01 0.12504E+01 0.12382E+01 0.00000E+00 0.00000E+00 0.16744E+01      5078562 999/0.33000E-02
 0.25000E+03 0.50000E-02 0.49407E+00 0.11266E+01 0.11589E-01 0.15513E-01 0.11407E+01 0.11297E+01 0.00000E+00 0.00000E+00 -.27035E+00      5078562 999/0.50000E-02
 0.25000E+03 0.80000E-02 0.30879E+00 0.95192E+00 0.68228E-02 0.10512E-01 0.98250E+00 0.96848E+00 0.00000E+00 0.00000E+00 -.24274E+01      5078562 999/0.80000E-02
 0.25000E+03 0.13000E-01 0.19003E+00 0.82679E+00 0.57428E-02 0.91438E-02 0.82867E+00 0.81852E+00 0.00000E+00 0.00000E+00 0.14406E+01      5078562 999/0.13000E-01
 0.25000E+03 0.20000E-01 0.12352E+00 0.70742E+00 0.57596E-02 0.82938E-02 0.71158E+00 0.70289E+00 0.00000E+00 0.00000E+00 0.78641E+00      5078562 999/0.20000E-01
 0.25000E+03 0.32000E-01 0.77199E-01 0.59220E+00 0.52771E-02 0.73550E-02 0.60439E+00 0.59601E+00 0.00000E+00 0.00000E+00 -.72253E+00      5078562 999/0.32000E-01
 0.25000E+03 0.50000E-01 0.49407E-01 0.51873E+00 0.43392E-02 0.63332E-02 0.52039E+00 0.51258E+00 0.00000E+00 0.00000E+00 0.14185E+01      5078562 999/0.50000E-01
 0.25000E+03 0.80000E-01 0.30879E-01 0.44019E+00 0.31706E-02 0.51297E-02 0.44632E+00 0.43865E+00 0.00000E+00 0.00000E+00 0.48525E+00      5078562 999/0.80000E-01
 0.25000E+03 0.13000E+00 0.19003E-01 0.36738E+00 0.65892E-02 0.73470E-02 0.37801E+00 0.37424E+00 0.00000E+00 0.00000E+00 -.10415E+01      5078562 999/0.13000E+00
 0.25000E+03 0.18000E+00 0.13724E-01 0.33173E+00 0.35498E-02 0.53069E-02 0.33042E+00 0.32885E+00 0.00000E+00 0.00000E+00 0.81145E+00      5078562 999/0.18000E+00
 0.25000E+03 0.25000E+00 0.98814E-02 0.26745E+00 0.11551E-01 0.12478E-01 0.27274E+00 0.27090E+00 0.00000E+00 0.00000E+00 -.29901E+00      5078562 999/0.25000E+00
 0.25000E+03 0.40000E+00 0.61759E-02 0.14200E+00 0.77041E-02 0.88115E-02 0.15532E+00 0.15466E+00 0.00000E+00 0.00000E+00 -.16433E+01      5078562 999/0.40000E+00
 0.30000E+03 0.39000E-02 0.76011E+00 0.12182E+01 0.25165E-01 0.27546E-01 0.12054E+01 0.11930E+01 0.00000E+00 0.00000E+00 0.10002E+01      5078562 999/0.39000E-02
 0.30000E+03 0.50000E-02 0.59289E+00 0.11418E+01 0.17162E-01 0.20798E-01 0.11470E+01 0.11387E+01 0.00000E+00 0.00000E+00 0.17911E+00      5078562 999/0.50000E-02
 0.30000E+03 0.80000E-02 0.37055E+00 0.96895E+00 0.80108E-02 0.11505E-01 0.99652E+00 0.98213E+00 0.00000E+00 0.00000E+00 -.16450E+01      5078562 999/0.80000E-02
 0.30000E+03 0.13000E-01 0.22803E+00 0.81291E+00 0.62103E-02 0.91127E-02 0.84050E+00 0.82933E+00 0.00000E+00 0.00000E+00 -.26436E+01      5078562 999/0.13000E-01
 0.30000E+03 0.20000E-01 0.14822E+00 0.70310E+00 0.59420E-02 0.83927E-02 0.72019E+00 0.70927E+00 0.00000E+00 0.00000E+00 -.10378E+01      5078562 999/0.20000E-01
 0.30000E+03 0.32000E-01 0.92638E-01 0.59769E+00 0.60854E-02 0.79330E-02 0.60979E+00 0.60133E+00 0.00000E+00 0.00000E+00 -.59736E+00      5078562 999/0.32000E-01
 0.30000E+03 0.50000E-01 0.59289E-01 0.50663E+00 0.48794E-02 0.64822E-02 0.52330E+00 0.51526E+00 0.00000E+00 0.00000E+00 -.17689E+01      5078562 999/0.50000E-01
 0.30000E+03 0.80000E-01 0.37055E-01 0.43264E+00 0.38416E-02 0.54341E-02 0.44716E+00 0.43865E+00 0.00000E+00 0.00000E+00 -.15633E+01      5078562 999/0.80000E-01
 0.30000E+03 0.13000E+00 0.22803E-01 0.37132E+00 0.71825E-02 0.80386E-02 0.37720E+00 0.37167E+00 0.00000E+00 0.00000E+00 -.49224E-01      5078562 999/0.13000E+00
 0.30000E+03 0.18000E+00 0.16469E-01 0.32720E+00 0.33708E-02 0.46401E-02 0.32872E+00 0.32281E+00 0.00000E+00 0.00000E+00 0.13019E+01      5078562 999/0.18000E+00
 0.30000E+03 0.25000E+00 0.11858E-01 0.26834E+00 0.13305E-01 0.14604E-01 0.27029E+00 0.26867E+00 0.00000E+00 0.00000E+00 -.24487E-01      5078562 999/0.25000E+00
 0.30000E+03 0.40000E+00 0.74111E-02 0.15900E+00 0.53653E-02 0.66169E-02 0.15262E+00 0.15279E+00 0.00000E+00 0.00000E+00 0.11579E+01      5078562 999/0.40000E+00
 0.40000E+03 0.53000E-02 0.74577E+00 0.11812E+01 0.24652E-01 0.27578E-01 0.11226E+01 0.11113E+01 0.00000E+00 0.00000E+00 0.28357E+01      5078562 999/0.53000E-02
 0.40000E+03 0.80000E-02 0.49407E+00 0.10179E+01 0.10490E-01 0.14002E-01 0.10115E+01 0.10019E+01 0.00000E+00 0.00000E+00 0.15285E+01      5078562 999/0.80000E-02
 0.40000E+03 0.13000E-01 0.30404E+00 0.84354E+00 0.82633E-02 0.10779E-01 0.85699E+00 0.84682E+00 0.00000E+00 0.00000E+00 -.39671E+00      5078562 999/0.13000E-01
 0.40000E+03 0.20000E-01 0.19763E+00 0.71427E+00 0.73115E-02 0.92585E-02 0.73276E+00 0.72227E+00 0.00000E+00 0.00000E+00 -.10937E+01      5078562 999/0.20000E-01
 0.40000E+03 0.32000E-01 0.12352E+00 0.60189E+00 0.60070E-02 0.78402E-02 0.61774E+00 0.60829E+00 0.00000E+00 0.00000E+00 -.10652E+01      5078562 999/0.32000E-01
 0.40000E+03 0.50000E-01 0.79051E-01 0.51198E+00 0.50717E-02 0.67402E-02 0.52753E+00 0.51926E+00 0.00000E+00 0.00000E+00 -.14350E+01      5078562 999/0.50000E-01
 0.40000E+03 0.80000E-01 0.49407E-01 0.43587E+00 0.43628E-02 0.57040E-02 0.44835E+00 0.44061E+00 0.00000E+00 0.00000E+00 -.10870E+01      5078562 999/0.80000E-01
 0.40000E+03 0.13000E+00 0.30404E-01 0.36703E+00 0.40066E-02 0.50970E-02 0.37589E+00 0.36939E+00 0.00000E+00 0.00000E+00 -.58923E+00      5078562 999/0.13000E+00
 0.40000E+03 0.18000E+00 0.21959E-01 0.31959E+00 0.97887E-02 0.10606E-01 0.32609E+00 0.32585E+00 0.00000E+00 0.00000E+00 -.63935E+00      5078562 999/0.18000E+00
 0.40000E+03 0.25000E+00 0.15810E-01 0.26134E+00 0.39499E-02 0.47774E-02 0.26657E+00 0.26060E+00 0.00000E+00 0.00000E+00 0.18622E+00      5078562 999/0.25000E+00
 0.40000E+03 0.40000E+00 0.98814E-02 0.16017E+00 0.47347E-02 0.61100E-02 0.14857E+00 0.14922E+00 0.00000E+00 0.00000E+00 0.23128E+01      5078562 999/0.40000E+00
 0.50000E+03 0.66000E-02 0.74859E+00 0.10516E+01 0.24068E-01 0.25579E-01 0.10593E+01 0.10477E+01 0.00000E+00 0.00000E+00 0.16396E+00      5078562 999/0.66000E-02
 0.50000E+03 0.80000E-02 0.61759E+00 0.99848E+00 0.19647E-01 0.21582E-01 0.10132E+01 0.10040E+01 0.00000E+00 0.00000E+00 -.28347E+00      5078562 999/0.80000E-02
 0.50000E+03 0.13000E-01 0.38005E+00 0.87521E+00 0.12594E-01 0.14736E-01 0.86698E+00 0.85681E+00 0.00000E+00 0.00000E+00 0.14613E+01      5078562 999/0.13000E-01
 0.50000E+03 0.20000E-01 0.24704E+00 0.74136E+00 0.10871E-01 0.12507E-01 0.74138E+00 0.73211E+00 0.00000E+00 0.00000E+00 0.85118E+00      5078562 999/0.20000E-01
 0.50000E+03 0.32000E-01 0.15440E+00 0.61906E+00 0.92107E-02 0.10587E-01 0.62333E+00 0.61452E+00 0.00000E+00 0.00000E+00 0.49342E+00      5078562 999/0.32000E-01
 0.50000E+03 0.50000E-01 0.98814E-01 0.53349E+00 0.84335E-02 0.97849E-02 0.53048E+00 0.52311E+00 0.00000E+00 0.00000E+00 0.12311E+01      5078562 999/0.50000E-01
 0.50000E+03 0.80000E-01 0.61759E-01 0.44276E+00 0.71740E-02 0.81469E-02 0.44910E+00 0.44195E+00 0.00000E+00 0.00000E+00 0.11342E+00      5078562 999/0.80000E-01
 0.50000E+03 0.13000E+00 0.38005E-01 0.37672E+00 0.71810E-02 0.80929E-02 0.37486E+00 0.36890E+00 0.00000E+00 0.00000E+00 0.10890E+01      5078562 999/0.13000E+00
 0.50000E+03 0.18000E+00 0.27448E-01 0.31275E+00 0.73194E-02 0.78087E-02 0.32410E+00 0.32090E+00 0.00000E+00 0.00000E+00 -.11129E+01      5078562 999/0.18000E+00
 0.50000E+03 0.25000E+00 0.19763E-01 0.26133E+00 0.78988E-02 0.90092E-02 0.26378E+00 0.26385E+00 0.00000E+00 0.00000E+00 -.31943E+00      5078562 999/0.25000E+00
 0.50000E+03 0.40000E+00 0.12352E-01 0.17198E+00 0.11641E-01 0.15225E-01 0.14560E+00 0.14617E+00 0.00000E+00 0.00000E+00 0.22173E+01      5078562 999/0.40000E+00
 0.65000E+03 0.85000E-02 0.75564E+00 0.10003E+01 0.25166E-01 0.26778E-01 0.98563E+00 0.97387E+00 0.00000E+00 0.00000E+00 0.10504E+01      5078562 999/0.85000E-02
 0.65000E+03 0.13000E-01 0.49407E+00 0.86196E+00 0.10452E-01 0.12763E-01 0.87345E+00 0.86208E+00 0.00000E+00 0.00000E+00 -.11224E-01      5078562 999/0.13000E-01
 0.65000E+03 0.20000E-01 0.32115E+00 0.74569E+00 0.89007E-02 0.10784E-01 0.74964E+00 0.74074E+00 0.00000E+00 0.00000E+00 0.55565E+00      5078562 999/0.20000E-01
 0.65000E+03 0.32000E-01 0.20072E+00 0.62722E+00 0.77073E-02 0.92779E-02 0.62911E+00 0.62044E+00 0.00000E+00 0.00000E+00 0.87946E+00      5078562 999/0.32000E-01
 0.65000E+03 0.50000E-01 0.12846E+00 0.52044E+00 0.64390E-02 0.77868E-02 0.53354E+00 0.52719E+00 0.00000E+00 0.00000E+00 -.10483E+01      5078562 999/0.50000E-01
 0.65000E+03 0.80000E-01 0.80287E-01 0.43784E+00 0.56570E-02 0.66954E-02 0.44977E+00 0.44399E+00 0.00000E+00 0.00000E+00 -.10874E+01      5078562 999/0.80000E-01
 0.65000E+03 0.13000E+00 0.49407E-01 0.36151E+00 0.51895E-02 0.60279E-02 0.37361E+00 0.36702E+00 0.00000E+00 0.00000E+00 -.10622E+01      5078562 999/0.13000E+00
 0.65000E+03 0.18000E+00 0.35683E-01 0.33431E+00 0.78544E-02 0.87918E-02 0.32180E+00 0.31784E+00 0.00000E+00 0.00000E+00 0.20968E+01      5078562 999/0.18000E+00
 0.65000E+03 0.25000E+00 0.25692E-01 0.24797E+00 0.44016E-02 0.49549E-02 0.26063E+00 0.25862E+00 0.00000E+00 0.00000E+00 -.24194E+01      5078562 999/0.25000E+00
 0.65000E+03 0.40000E+00 0.16057E-01 0.14541E+00 0.59001E-02 0.67458E-02 0.14228E+00 0.14151E+00 0.00000E+00 0.00000E+00 0.66033E+00      5078562 999/0.40000E+00
 0.65000E+03 0.65000E+00 0.98814E-02 0.22762E-01 0.32809E-02 0.37682E-02 0.19611E-01 0.19476E-01 0.00000E+00 0.00000E+00 0.10017E+01      5078562 999/0.65000E+00
 0.80000E+03 0.10500E-01 0.75287E+00 0.93246E+00 0.26707E-01 0.28077E-01 0.92272E+00 0.91207E+00 0.00000E+00 0.00000E+00 0.76364E+00      5078562 999/0.10500E-01
 0.80000E+03 0.13000E-01 0.60809E+00 0.84371E+00 0.13538E-01 0.15477E-01 0.87192E+00 0.86293E+00 0.00000E+00 0.00000E+00 -.14195E+01      5078562 999/0.13000E-01
 0.80000E+03 0.20000E-01 0.39526E+00 0.73302E+00 0.10785E-01 0.12264E-01 0.75391E+00 0.74577E+00 0.00000E+00 0.00000E+00 -.11826E+01      5078562 999/0.20000E-01
 0.80000E+03 0.32000E-01 0.24704E+00 0.62669E+00 0.86203E-02 0.10018E-01 0.63281E+00 0.62637E+00 0.00000E+00 0.00000E+00 0.36878E-01      5078562 999/0.32000E-01
 0.80000E+03 0.50000E-01 0.15810E+00 0.52486E+00 0.70485E-02 0.82651E-02 0.53554E+00 0.52800E+00 0.00000E+00 0.00000E+00 -.44520E+00      5078562 999/0.50000E-01
 0.80000E+03 0.80000E-01 0.98814E-01 0.45793E+00 0.63762E-02 0.76190E-02 0.45011E+00 0.44499E+00 0.00000E+00 0.00000E+00 0.20299E+01      5078562 999/0.80000E-01
 0.80000E+03 0.13000E+00 0.60809E-01 0.35825E+00 0.57902E-02 0.64815E-02 0.37258E+00 0.36566E+00 0.00000E+00 0.00000E+00 -.12797E+01      5078562 999/0.13000E+00
 0.80000E+03 0.18000E+00 0.43917E-01 0.33130E+00 0.85876E-02 0.93292E-02 0.32001E+00 0.31583E+00 0.00000E+00 0.00000E+00 0.18011E+01      5078562 999/0.18000E+00
 0.80000E+03 0.25000E+00 0.31621E-01 0.25179E+00 0.48209E-02 0.53720E-02 0.25823E+00 0.25408E+00 0.00000E+00 0.00000E+00 -.47425E+00      5078562 999/0.25000E+00
 0.80000E+03 0.40000E+00 0.19763E-01 0.13194E+00 0.62641E-02 0.65501E-02 0.13980E+00 0.13950E+00 0.00000E+00 0.00000E+00 -.12070E+01      5078562 999/0.40000E+00
 0.80000E+03 0.65000E+00 0.12162E-01 0.20694E-01 0.27295E-02 0.30504E-02 0.18946E-01 0.18974E-01 0.00000E+00 0.00000E+00 0.63027E+00      5078562 999/0.65000E+00
 0.10000E+04 0.13000E-01 0.76011E+00 0.82262E+00 0.22943E-01 0.26292E-01 0.86017E+00 0.85868E+00 0.00000E+00 0.00000E+00 -.15716E+01      5078562 999/0.13000E-01
 0.10000E+04 0.20000E-01 0.49407E+00 0.73614E+00 0.15865E-01 0.16876E-01 0.75493E+00 0.74654E+00 0.00000E+00 0.00000E+00 -.65549E+00      5078562 999/0.20000E-01
 0.10000E+04 0.32000E-01 0.30879E+00 0.62490E+00 0.13084E-01 0.14018E-01 0.63548E+00 0.62770E+00 0.00000E+00 0.00000E+00 -.21420E+00      5078562 999/0.32000E-01
 0.10000E+04 0.50000E-01 0.19763E+00 0.53197E+00 0.12171E-01 0.12884E-01 0.53708E+00 0.53050E+00 0.00000E+00 0.00000E+00 0.12109E+00      5078562 999/0.50000E-01
 0.10000E+04 0.80000E-01 0.12352E+00 0.44693E+00 0.10197E-01 0.10864E-01 0.45021E+00 0.44471E+00 0.00000E+00 0.00000E+00 0.21804E+00      5078562 999/0.80000E-01
 0.10000E+04 0.13000E+00 0.76011E-01 0.36188E+00 0.10324E-01 0.10701E-01 0.37140E+00 0.36620E+00 0.00000E+00 0.00000E+00 -.41876E+00      5078562 999/0.13000E+00
 0.10000E+04 0.18000E+00 0.54897E-01 0.31330E+00 0.91815E-02 0.95193E-02 0.31812E+00 0.31399E+00 0.00000E+00 0.00000E+00 -.75022E-01      5078562 999/0.18000E+00
 0.10000E+04 0.25000E+00 0.39526E-01 0.25532E+00 0.85843E-02 0.90246E-02 0.25575E+00 0.25381E+00 0.00000E+00 0.00000E+00 0.17572E+00      5078562 999/0.25000E+00
 0.10000E+04 0.40000E+00 0.24704E-01 0.13439E+00 0.75547E-02 0.79279E-02 0.13727E+00 0.13768E+00 0.00000E+00 0.00000E+00 -.43603E+00      5078562 999/0.40000E+00
 0.10000E+04 0.65000E+00 0.15202E-01 0.19892E-01 0.29667E-02 0.32667E-02 0.18280E-01 0.18416E-01 0.00000E+00 0.00000E+00 0.49763E+00      5078562 999/0.65000E+00
 0.12000E+04 0.14000E-01 0.84698E+00 0.83181E+00 0.19168E-01 0.23977E-01 0.82875E+00 0.81739E+00 0.00000E+00 0.00000E+00 0.75241E+00      5078562 999/0.14000E-01
 0.12000E+04 0.20000E-01 0.59289E+00 0.75510E+00 0.13019E-01 0.14691E-01 0.75157E+00 0.74172E+00 0.00000E+00 0.00000E+00 0.10276E+01      5078562 999/0.20000E-01
 0.12000E+04 0.32000E-01 0.37055E+00 0.63185E+00 0.99565E-02 0.11275E-01 0.63616E+00 0.62884E+00 0.00000E+00 0.00000E+00 0.30274E+00      5078562 999/0.32000E-01
 0.12000E+04 0.50000E-01 0.23715E+00 0.51863E+00 0.73600E-02 0.84129E-02 0.53765E+00 0.53007E+00 0.00000E+00 0.00000E+00 -.15550E+01      5078562 999/0.50000E-01
 0.12000E+04 0.80000E-01 0.14822E+00 0.44089E+00 0.63857E-02 0.73448E-02 0.44997E+00 0.44436E+00 0.00000E+00 0.00000E+00 -.54414E+00      5078562 999/0.80000E-01
 0.12000E+04 0.13000E+00 0.91213E-01 0.36077E+00 0.57300E-02 0.64528E-02 0.37034E+00 0.36538E+00 0.00000E+00 0.00000E+00 -.80413E+00      5078562 999/0.13000E+00
 0.12000E+04 0.18000E+00 0.65876E-01 0.32772E+00 0.10522E-01 0.11176E-01 0.31657E+00 0.31215E+00 0.00000E+00 0.00000E+00 0.14801E+01      5078562 999/0.18000E+00
 0.12000E+04 0.25000E+00 0.47431E-01 0.25170E+00 0.45178E-02 0.50207E-02 0.25379E+00 0.25118E+00 0.00000E+00 0.00000E+00 0.11541E+00      5078562 999/0.25000E+00
 0.12000E+04 0.40000E+00 0.29644E-01 0.13115E+00 0.37650E-02 0.40419E-02 0.13530E+00 0.13508E+00 0.00000E+00 0.00000E+00 -.10426E+01      5078562 999/0.40000E+00
 0.12000E+04 0.65000E+00 0.18243E-01 0.22323E-01 0.30236E-02 0.36449E-02 0.17770E-01 0.17743E-01 0.00000E+00 0.00000E+00 0.15147E+01      5078562 999/0.65000E+00
 0.15000E+04 0.20000E-01 0.74111E+00 0.70902E+00 0.16546E-01 0.19309E-01 0.74012E+00 0.72175E+00 0.00000E+00 0.00000E+00 -.76953E+00      5078562 999/0.20000E-01
 0.15000E+04 0.32000E-01 0.46319E+00 0.60267E+00 0.12708E-01 0.13468E-01 0.63415E+00 0.62205E+00 0.00000E+00 0.00000E+00 -.15249E+01      5078562 999/0.32000E-01
 0.15000E+04 0.50000E-01 0.29644E+00 0.54392E+00 0.90580E-02 0.10221E-01 0.53707E+00 0.53235E+00 0.00000E+00 0.00000E+00 0.12776E+01      5078562 999/0.50000E-01
 0.15000E+04 0.80000E-01 0.18528E+00 0.45264E+00 0.78212E-02 0.87520E-02 0.44909E+00 0.44358E+00 0.00000E+00 0.00000E+00 0.11587E+01      5078562 999/0.80000E-01
 0.15000E+04 0.13000E+00 0.11402E+00 0.35463E+00 0.76869E-02 0.81359E-02 0.36883E+00 0.36462E+00 0.00000E+00 0.00000E+00 -.13002E+01      5078562 999/0.13000E+00
 0.15000E+04 0.18000E+00 0.82345E-01 0.31309E+00 0.67495E-02 0.72502E-02 0.31463E+00 0.31073E+00 0.00000E+00 0.00000E+00 0.34934E+00      5078562 999/0.18000E+00
 0.15000E+04 0.25000E+00 0.59289E-01 0.24839E+00 0.63984E-02 0.67675E-02 0.25145E+00 0.24817E+00 0.00000E+00 0.00000E+00 0.34272E-01      5078562 999/0.25000E+00
 0.15000E+04 0.40000E+00 0.37055E-01 0.12606E+00 0.47304E-02 0.50779E-02 0.13303E+00 0.13127E+00 0.00000E+00 0.00000E+00 -.11023E+01      5078562 999/0.40000E+00
 0.15000E+04 0.65000E+00 0.22803E-01 0.15759E-01 0.17343E-02 0.17252E-02 0.17187E-01 0.17545E-01 0.00000E+00 0.00000E+00 -.10300E+01      5078562 999/0.65000E+00
 0.20000E+04 0.21900E-01 0.90241E+00 0.70965E+00 0.42664E-01 0.45799E-01 0.69734E+00 0.69952E+00 0.00000E+00 0.00000E+00 0.23737E+00      5078562 999/0.21900E-01
 0.20000E+04 0.32000E-01 0.61759E+00 0.58911E+00 0.15314E-01 0.16357E-01 0.62430E+00 0.60760E+00 0.00000E+00 0.00000E+00 -.12073E+01      5078562 999/0.32000E-01
 0.20000E+04 0.50000E-01 0.39526E+00 0.51570E+00 0.11891E-01 0.12481E-01 0.53290E+00 0.52444E+00 0.00000E+00 0.00000E+00 -.73534E+00      5078562 999/0.50000E-01
 0.20000E+04 0.80000E-01 0.24704E+00 0.44851E+00 0.89887E-02 0.97721E-02 0.44631E+00 0.44180E+00 0.00000E+00 0.00000E+00 0.74700E+00      5078562 999/0.80000E-01
 0.20000E+04 0.13000E+00 0.15202E+00 0.36230E+00 0.89347E-02 0.94080E-02 0.36621E+00 0.36084E+00 0.00000E+00 0.00000E+00 0.16340E+00      5078562 999/0.13000E+00
 0.20000E+04 0.18000E+00 0.10979E+00 0.29953E+00 0.79041E-02 0.81555E-02 0.31187E+00 0.30810E+00 0.00000E+00 0.00000E+00 -.10844E+01      5078562 999/0.18000E+00
 0.20000E+04 0.25000E+00 0.79051E-01 0.24422E+00 0.71897E-02 0.74768E-02 0.24847E+00 0.24574E+00 0.00000E+00 0.00000E+00 -.21200E+00      5078562 999/0.25000E+00
 0.20000E+04 0.40000E+00 0.49407E-01 0.12850E+00 0.53030E-02 0.55353E-02 0.13028E+00 0.12893E+00 0.00000E+00 0.00000E+00 -.81787E-01      5078562 999/0.40000E+00
 0.20000E+04 0.65000E+00 0.30404E-01 0.17377E-01 0.19789E-02 0.21495E-02 0.16499E-01 0.16890E-01 0.00000E+00 0.00000E+00 0.24586E+00      5078562 999/0.65000E+00
 0.30000E+04 0.32000E-01 0.92638E+00 0.60299E+00 0.24431E-01 0.26122E-01 0.59249E+00 0.59064E+00 0.00000E+00 0.00000E+00 0.50534E+00      5078562 999/0.32000E-01
 0.30000E+04 0.50000E-01 0.59289E+00 0.51780E+00 0.12259E-01 0.13089E-01 0.51493E+00 0.50879E+00 0.00000E+00 0.00000E+00 0.73504E+00      5078562 999/0.50000E-01
 0.30000E+04 0.80000E-01 0.37055E+00 0.43286E+00 0.10288E-01 0.10893E-01 0.43611E+00 0.43161E+00 0.00000E+00 0.00000E+00 0.12134E+00      5078562 999/0.80000E-01
 0.30000E+04 0.13000E+00 0.22803E+00 0.35226E+00 0.93130E-02 0.96905E-02 0.35971E+00 0.35578E+00 0.00000E+00 0.00000E+00 -.37762E+00      5078562 999/0.13000E+00
 0.30000E+04 0.18000E+00 0.16469E+00 0.29823E+00 0.88371E-02 0.91128E-02 0.30663E+00 0.30242E+00 0.00000E+00 0.00000E+00 -.47458E+00      5078562 999/0.18000E+00
 0.30000E+04 0.25000E+00 0.11858E+00 0.23086E+00 0.74132E-02 0.74923E-02 0.24389E+00 0.24204E+00 0.00000E+00 0.00000E+00 -.15085E+01      5078562 999/0.25000E+00
 0.30000E+04 0.40000E+00 0.74111E-01 0.12438E+00 0.52972E-02 0.54344E-02 0.12667E+00 0.12599E+00 0.00000E+00 0.00000E+00 -.30431E+00      5078562 999/0.40000E+00
 0.30000E+04 0.65000E+00 0.45607E-01 0.15536E-01 0.13603E-02 0.14391E-02 0.15640E-01 0.15477E-01 0.00000E+00 0.00000E+00 0.43401E-01      5078562 999/0.65000E+00
 0.50000E+04 0.54700E-01 0.90324E+00 0.47677E+00 0.25148E-01 0.27110E-01 0.45342E+00 0.45283E+00 0.00000E+00 0.00000E+00 0.95179E+00      5078562 999/0.54700E-01
 0.50000E+04 0.80000E-01 0.61759E+00 0.41478E+00 0.10195E-01 0.11094E-01 0.40042E+00 0.39392E+00 0.00000E+00 0.00000E+00 0.20460E+01      5078562 999/0.80000E-01
 0.50000E+04 0.13000E+00 0.38005E+00 0.34268E+00 0.10481E-01 0.10941E-01 0.33941E+00 0.33588E+00 0.00000E+00 0.00000E+00 0.64924E+00      5078562 999/0.13000E+00
 0.50000E+04 0.18000E+00 0.27448E+00 0.28281E+00 0.89224E-02 0.90791E-02 0.29331E+00 0.29142E+00 0.00000E+00 0.00000E+00 -.96526E+00      5078562 999/0.18000E+00
 0.50000E+04 0.25000E+00 0.19763E+00 0.22525E+00 0.83270E-02 0.83844E-02 0.23514E+00 0.23229E+00 0.00000E+00 0.00000E+00 -.84588E+00      5078562 999/0.25000E+00
 0.50000E+04 0.40000E+00 0.12352E+00 0.12089E+00 0.55918E-02 0.56891E-02 0.12193E+00 0.12074E+00 0.00000E+00 0.00000E+00 0.26826E-01      5078562 999/0.40000E+00
 0.50000E+04 0.65000E+00 0.76011E-01 0.10709E-01 0.18336E-02 0.15465E-02 0.14689E-01 0.14846E-01 0.00000E+00 0.00000E+00 -.22564E+01      5078562 999/0.65000E+00
 0.80000E+04 0.87500E-01 0.90344E+00 0.35613E+00 0.31124E-01 0.33657E-01 0.33319E+00 0.33547E+00 0.00000E+00 0.00000E+00 0.66391E+00      5078562 999/0.87500E-01
 0.80000E+04 0.13000E+00 0.60809E+00 0.30928E+00 0.11959E-01 0.12733E-01 0.29387E+00 0.28892E+00 0.00000E+00 0.00000E+00 0.17026E+01      5078562 999/0.13000E+00
 0.80000E+04 0.18000E+00 0.43917E+00 0.26745E+00 0.11712E-01 0.12056E-01 0.26376E+00 0.26218E+00 0.00000E+00 0.00000E+00 0.44987E+00      5078562 999/0.18000E+00
 0.80000E+04 0.25000E+00 0.31621E+00 0.21655E+00 0.11343E-01 0.11487E-01 0.21812E+00 0.21633E+00 0.00000E+00 0.00000E+00 0.19763E-01      5078562 999/0.25000E+00
 0.80000E+04 0.40000E+00 0.19763E+00 0.10345E+00 0.71037E-02 0.67697E-02 0.11562E+00 0.11430E+00 0.00000E+00 0.00000E+00 -.15277E+01      5078562 999/0.40000E+00
 0.80000E+04 0.65000E+00 0.12162E+00 0.16222E-01 0.16959E-02 0.19106E-02 0.13819E-01 0.13735E-01 0.00000E+00 0.00000E+00 0.14664E+01      5078562 999/0.65000E+00
 0.12000E+05 0.13000E+00 0.91213E+00 0.21178E+00 0.46084E-01 0.43596E-01 0.23714E+00 0.23735E+00 0.00000E+00 0.00000E+00 -.55493E+00      5078562 999/0.13000E+00
 0.12000E+05 0.18000E+00 0.65876E+00 0.22943E+00 0.13694E-01 0.14447E-01 0.21384E+00 0.21160E+00 0.00000E+00 0.00000E+00 0.13020E+01      5078562 999/0.18000E+00
 0.12000E+05 0.25000E+00 0.47431E+00 0.15549E+00 0.13338E-01 0.12208E-01 0.18798E+00 0.18669E+00 0.00000E+00 0.00000E+00 -.23388E+01      5078562 999/0.25000E+00
 0.12000E+05 0.40000E+00 0.29644E+00 0.94955E-01 0.91334E-02 0.86368E-02 0.10598E+00 0.10499E+00 0.00000E+00 0.00000E+00 -.10990E+01      5078562 999/0.40000E+00
 0.12000E+05 0.65000E+00 0.18243E+00 0.16924E-01 0.27403E-02 0.32085E-02 0.12889E-01 0.12862E-01 0.00000E+00 0.00000E+00 0.14825E+01      5078562 999/0.65000E+00
 0.20000E+05 0.25000E+00 0.79051E+00 0.12605E+00 0.14749E-01 0.15026E-01 0.12355E+00 0.12083E+00 0.00000E+00 0.00000E+00 0.35403E+00      5078562 999/0.25000E+00
 0.20000E+05 0.40000E+00 0.49407E+00 0.77991E-01 0.13146E-01 0.12772E-01 0.82609E-01 0.82331E-01 0.00000E+00 0.00000E+00 -.33016E+00      5078562 999/0.40000E+00
 0.20000E+05 0.65000E+00 0.30404E+00 0.11947E-01 0.40352E-02 0.42259E-02 0.11087E-01 0.11043E-01 0.00000E+00 0.00000E+00 0.22398E+00      5078562 999/0.65000E+00
 0.30000E+05 0.40000E+00 0.74111E+00 0.59638E-01 0.13878E-01 0.14893E-01 0.53548E-01 0.53915E-01 0.00000E+00 0.00000E+00 0.41235E+00      5078562 999/0.40000E+00
 0.30000E+05 0.65000E+00 0.45607E+00 0.85041E-02 0.60246E-02 0.59317E-02 0.87727E-02 0.87365E-02 0.00000E+00 0.00000E+00 -.38578E-01      5078562 999/0.65000E+00
     3085473
 HERA1+2 NCep 820                                                                
Plot1@Experiment:HERA1+2@ExtraLabel:e^{+}p #rightarrow e^{+}X (NC), E_{p} = 820 GeV @XTitle: x @YTitle: #sigma_{red}  @Title:Q^{2} = 0.045 @Xlog
Plot2@Experiment:HERA1+2@ExtraLabel:e^{+}p #rightarrow e^{+}X (NC), E_{p} = 820 GeV @XTitle: x @YTitle: #sigma_{red}  @Title:Q^{2} = 0.065 @Xlog
Plot3@Experiment:HERA1+2@ExtraLabel:e^{+}p #rightarrow e^{+}X (NC), E_{p} = 820 GeV @XTitle: x @YTitle: #sigma_{red}  @Title:Q^{2} = 0.085 @Xlog
Plot4@Experiment:HERA1+2@ExtraLabel:e^{+}p #rightarrow e^{+}X (NC), E_{p} = 820 GeV @XTitle: x @YTitle: #sigma_{red}  @Title:Q^{2} = 0.11 @Xlog
Plot5@Experiment:HERA1+2@ExtraLabel:e^{+}p #rightarrow e^{+}X (NC), E_{p} = 820 GeV @XTitle: x @YTitle: #sigma_{red}  @Title:Q^{2} = 0.15 @Xlog
Plot6@Experiment:HERA1+2@ExtraLabel:e^{+}p #rightarrow e^{+}X (NC), E_{p} = 820 GeV @XTitle: x @YTitle: #sigma_{red}  @Title:Q^{2} = 0.20  @Xlog
Plot7@Experiment:HERA1+2@ExtraLabel:e^{+}p #rightarrow e^{+}X (NC), E_{p} = 820 GeV @XTitle: x @YTitle: #sigma_{red}  @Title:Q^{2} = 0.25 @Xlog
Plot8@Experiment:HERA1+2@ExtraLabel:e^{+}p #rightarrow e^{+}X (NC), E_{p} = 820 GeV @XTitle: x @YTitle: #sigma_{red}  @Title:Q^{2} = 0.35 @Xlog
Plot9@Experiment:HERA1+2@ExtraLabel:e^{+}p #rightarrow e^{+}X (NC), E_{p} = 820 GeV @XTitle: x @YTitle: #sigma_{red}  @Title:Q^{2} = 0.40 @Xlog
Plot10@Experiment:HERA1+2@ExtraLabel:e^{+}p #rightarrow e^{+}X (NC), E_{p} = 820 GeV @XTitle: x @YTitle: #sigma_{red}  @Title:Q^{2} = 0.50 @Xlog
Plot11@Experiment:HERA1+2@ExtraLabel:e^{+}p #rightarrow e^{+}X (NC), E_{p} = 820 GeV @XTitle: x @YTitle: #sigma_{red}  @Title:Q^{2} = 0.60 @Xlog
Plot12@Experiment:HERA1+2@ExtraLabel:e^{+}p #rightarrow e^{+}X (NC), E_{p} = 820 GeV @XTitle: x @YTitle: #sigma_{red}  @Title:Q^{2} = 0.85 @Xlog
Plot13@Experiment:HERA1+2@ExtraLabel:e^{+}p #rightarrow e^{+}X (NC), E_{p} = 820 GeV @XTitle: x @YTitle: #sigma_{red}  @Title:Q^{2} = 1.2 @Xlog
Plot14@Experiment:HERA1+2@ExtraLabel:e^{+}p #rightarrow e^{+}X (NC), E_{p} = 820 GeV @XTitle: x @YTitle: #sigma_{red}  @Title:Q^{2} = 1.5 @Xlog
Plot15@Experiment:HERA1+2@ExtraLabel:e^{+}p #rightarrow e^{+}X (NC), E_{p} = 820 GeV @XTitle: x @YTitle: #sigma_{red}  @Title:Q^{2} = 2.0 @Xlog
Plot16@Experiment:HERA1+2@ExtraLabel:e^{+}p #rightarrow e^{+}X (NC), E_{p} = 820 GeV @XTitle: x @YTitle: #sigma_{red}  @Title:Q^{2} = 2.7 @Xlog
Plot17@Experiment:HERA1+2@ExtraLabel:e^{+}p #rightarrow e^{+}X (NC), E_{p} = 820 GeV @XTitle: x @YTitle: #sigma_{red}  @Title:Q^{2} = 3.5 @Xlog
Plot18@Experiment:HERA1+2@ExtraLabel:e^{+}p #rightarrow e^{+}X (NC), E_{p} = 820 GeV @XTitle: x @YTitle: #sigma_{red}  @Title:Q^{2} = 4.5 @Xlog
Plot19@Experiment:HERA1+2@ExtraLabel:e^{+}p #rightarrow e^{+}X (NC), E_{p} = 820 GeV @XTitle: x @YTitle: #sigma_{red}  @Title:Q^{2} = 6.5 @Xlog
Plot20@Experiment:HERA1+2@ExtraLabel:e^{+}p #rightarrow e^{+}X (NC), E_{p} = 820 GeV @XTitle: x @YTitle: #sigma_{red}  @Title:Q^{2} = 8.5 @Xlog
Plot21@Experiment:HERA1+2@ExtraLabel:e^{+}p #rightarrow e^{+}X (NC), E_{p} = 820 GeV @XTitle: x @YTitle: #sigma_{red}  @Title:Q^{2} = 10 @Xlog
Plot22@Experiment:HERA1+2@ExtraLabel:e^{+}p #rightarrow e^{+}X (NC), E_{p} = 820 GeV @XTitle: x @YTitle: #sigma_{red}  @Title:Q^{2} = 12  @Xlog
Plot23@Experiment:HERA1+2@ExtraLabel:e^{+}p #rightarrow e^{+}X (NC), E_{p} = 820 GeV @XTitle: x @YTitle: #sigma_{red}  @Title:Q^{2} = 15  @Xlog
Plot24@Experiment:HERA1+2@ExtraLabel:e^{+}p #rightarrow e^{+}X (NC), E_{p} = 820 GeV @XTitle: x @YTitle: #sigma_{red}  @Title:Q^{2} = 18  @Xlog
Plot25@Experiment:HERA1+2@ExtraLabel:e^{+}p #rightarrow e^{+}X (NC), E_{p} = 820 GeV @XTitle: x @YTitle: #sigma_{red}  @Title:Q^{2} = 22  @Xlog
Plot26@Experiment:HERA1+2@ExtraLabel:e^{+}p #rightarrow e^{+}X (NC), E_{p} = 820 GeV @XTitle: x @YTitle: #sigma_{red}  @Title:Q^{2} = 27  @Xlog
Plot27@Experiment:HERA1+2@ExtraLabel:e^{+}p #rightarrow e^{+}X (NC), E_{p} = 820 GeV @XTitle: x @YTitle: #sigma_{red}  @Title:Q^{2} = 35  @Xlog
Plot28@Experiment:HERA1+2@ExtraLabel:e^{+}p #rightarrow e^{+}X (NC), E_{p} = 820 GeV @XTitle: x @YTitle: #sigma_{red}  @Title:Q^{2} = 45  @Xlog
Plot29@Experiment:HERA1+2@ExtraLabel:e^{+}p #rightarrow e^{+}X (NC), E_{p} = 820 GeV @XTitle: x @YTitle: #sigma_{red}  @Title:Q^{2} = 60  @Xlog
Plot30@Experiment:HERA1+2@ExtraLabel:e^{+}p #rightarrow e^{+}X (NC), E_{p} = 820 GeV @XTitle: x @YTitle: #sigma_{red}  @Title:Q^{2} = 70  @Xlog
Plot31@Experiment:HERA1+2@ExtraLabel:e^{+}p #rightarrow e^{+}X (NC), E_{p} = 820 GeV @XTitle: x @YTitle: #sigma_{red}  @Title:Q^{2} = 90  @Xlog
Plot32@Experiment:HERA1+2@ExtraLabel:e^{+}p #rightarrow e^{+}X (NC), E_{p} = 820 GeV @XTitle: x @YTitle: #sigma_{red}  @Title:Q^{2} = 120 @Xlog
Plot33@Experiment:HERA1+2@ExtraLabel:e^{+}p #rightarrow e^{+}X (NC), E_{p} = 820 GeV @XTitle: x @YTitle: #sigma_{red}  @Title:Q^{2} = 150 @Xlog
Plot34@Experiment:HERA1+2@ExtraLabel:e^{+}p #rightarrow e^{+}X (NC), E_{p} = 820 GeV @XTitle: x @YTitle: #sigma_{red}  @Title:Q^{2} = 200 @Xlog
Plot35@Experiment:HERA1+2@ExtraLabel:e^{+}p #rightarrow e^{+}X (NC), E_{p} = 820 GeV @XTitle: x @YTitle: #sigma_{red}  @Title:Q^{2} = 250 @Xlog
Plot36@Experiment:HERA1+2@ExtraLabel:e^{+}p #rightarrow e^{+}X (NC), E_{p} = 820 GeV @XTitle: x @YTitle: #sigma_{red}  @Title:Q^{2} = 300 @Xlog
Plot37@Experiment:HERA1+2@ExtraLabel:e^{+}p #rightarrow e^{+}X (NC), E_{p} = 820 GeV @XTitle: x @YTitle: #sigma_{red}  @Title:Q^{2} = 400 @Xlog
Plot38@Experiment:HERA1+2@ExtraLabel:e^{+}p #rightarrow e^{+}X (NC), E_{p} = 820 GeV @XTitle: x @YTitle: #sigma_{red}  @Title:Q^{2} = 500 @Xlog
Plot39@Experiment:HERA1+2@ExtraLabel:e^{+}p #rightarrow e^{+}X (NC), E_{p} = 820 GeV @XTitle: x @YTitle: #sigma_{red}  @Title:Q^{2} = 650 @Xlog
Plot40@Experiment:HERA1+2@ExtraLabel:e^{+}p #rightarrow e^{+}X (NC), E_{p} = 820 GeV @XTitle: x @YTitle: #sigma_{red}  @Title:Q^{2} = 800  @Xlog
 Q2          x           y              data      +- uncor     +- tot     th orig         th mod   therr+         therr-     pull    iset       iplot
 0.35000E+01 0.57300E-04 0.67718E+00 0.10082E+01 0.39088E-01 0.57738E-01 0.10112E+01 0.99800E+00 0.00000E+00 0.00000E+00 0.26102E+00      3085473  16/0.57300E-04
 0.35000E+01 0.80000E-04 0.48503E+00 0.98010E+00 0.14061E-01 0.22975E-01 0.97762E+00 0.97689E+00 0.00000E+00 0.00000E+00 0.22848E+00      3085473  16/0.80000E-04
 0.45000E+01 0.81800E-04 0.60989E+00 0.11151E+01 0.20805E-01 0.35875E-01 0.10731E+01 0.10853E+01 0.00000E+00 0.00000E+00 0.14339E+01      3085473  17/0.81800E-04
 0.45000E+01 0.13000E-03 0.38376E+00 0.10100E+01 0.19897E-01 0.23466E-01 0.10121E+01 0.10240E+01 0.00000E+00 0.00000E+00 -.70470E+00      3085473  17/0.13000E-03
 0.65000E+01 0.98600E-04 0.73085E+00 0.11653E+01 0.30681E-01 0.53654E-01 0.11851E+01 0.11569E+01 0.00000E+00 0.00000E+00 0.27271E+00      3085473  19/0.98600E-04
 0.65000E+01 0.13000E-03 0.55432E+00 0.11735E+01 0.14692E-01 0.26501E-01 0.11646E+01 0.11638E+01 0.00000E+00 0.00000E+00 0.66081E+00      3085473  19/0.13000E-03
 0.65000E+01 0.20000E-03 0.36031E+00 0.11112E+01 0.20012E-01 0.24713E-01 0.10963E+01 0.11253E+01 0.00000E+00 0.00000E+00 -.70307E+00      3085473  19/0.20000E-03
 0.85000E+01 0.13900E-03 0.67795E+00 0.11770E+01 0.24860E-01 0.63302E-01 0.12513E+01 0.12000E+01 0.00000E+00 0.00000E+00 -.92648E+00      3085473  20/0.13900E-03
 0.85000E+01 0.20000E-03 0.47118E+00 0.12119E+01 0.16258E-01 0.23183E-01 0.12085E+01 0.11976E+01 0.00000E+00 0.00000E+00 0.88114E+00      3085473  20/0.20000E-03
 0.10000E+02 0.13000E-03 0.85281E+00 0.11488E+01 0.56102E-01 0.74702E-01 0.12839E+01 0.12292E+01 0.00000E+00 0.00000E+00 -.14324E+01      3085473  21/0.13000E-03
 0.10000E+02 0.20000E-03 0.55432E+00 0.12448E+01 0.31383E-01 0.38075E-01 0.12705E+01 0.12411E+01 0.00000E+00 0.00000E+00 0.11868E+00      3085473  21/0.20000E-03
 0.12000E+02 0.16100E-03 0.82632E+00 0.12263E+01 0.72575E-01 0.70273E-01 0.13250E+01 0.12904E+01 0.00000E+00 0.00000E+00 -.88366E+00      3085473  22/0.16100E-03
 0.12000E+02 0.20000E-03 0.66519E+00 0.12828E+01 0.23680E-01 0.41147E-01 0.13275E+01 0.12868E+01 0.00000E+00 0.00000E+00 -.16896E+00      3085473  22/0.20000E-03
 0.12000E+02 0.32000E-03 0.41574E+00 0.12251E+01 0.21274E-01 0.25757E-01 0.12564E+01 0.12338E+01 0.00000E+00 0.00000E+00 -.41121E+00      3085473  22/0.32000E-03
 0.15000E+02 0.20000E-03 0.83149E+00 0.12583E+01 0.64769E-01 0.62772E-01 0.13654E+01 0.13289E+01 0.00000E+00 0.00000E+00 -.10905E+01      3085473  23/0.20000E-03
 0.15000E+02 0.24600E-03 0.67600E+00 0.13604E+01 0.26270E-01 0.38342E-01 0.13702E+01 0.13335E+01 0.00000E+00 0.00000E+00 0.10247E+01      3085473  23/0.24600E-03
 0.15000E+02 0.32000E-03 0.51968E+00 0.12898E+01 0.22038E-01 0.27982E-01 0.13381E+01 0.13125E+01 0.00000E+00 0.00000E+00 -.10319E+01      3085473  23/0.32000E-03
 0.18000E+02 0.26800E-03 0.74461E+00 0.13182E+01 0.67763E-01 0.66655E-01 0.14007E+01 0.13645E+01 0.00000E+00 0.00000E+00 -.68393E+00      3085473  24/0.26800E-03
 0.18000E+02 0.32800E-03 0.60840E+00 0.13620E+01 0.28860E-01 0.35102E-01 0.13890E+01 0.13763E+01 0.00000E+00 0.00000E+00 -.49630E+00      3085473  24/0.32800E-03
 0.18000E+02 0.50000E-03 0.39911E+00 0.12656E+01 0.17771E-01 0.23974E-01 0.13058E+01 0.12771E+01 0.00000E+00 0.00000E+00 -.64810E+00      3085473  24/0.50000E-03
 0.22000E+02 0.50000E-03 0.48780E+00 0.13347E+01 0.38597E-01 0.46716E-01 0.13711E+01 0.13574E+01 0.00000E+00 0.00000E+00 -.58736E+00      3085473  25/0.50000E-03
 0.27000E+02 0.33500E-03 0.89354E+00 0.13887E+01 0.80419E-01 0.80668E-01 0.14264E+01 0.13895E+01 0.00000E+00 0.00000E+00 -.94768E-02      3085473  26/0.33500E-03
 0.27000E+02 0.41000E-03 0.73008E+00 0.14046E+01 0.34496E-01 0.40083E-01 0.14432E+01 0.14196E+01 0.00000E+00 0.00000E+00 -.43483E+00      3085473  26/0.41000E-03
 0.27000E+02 0.50000E-03 0.59867E+00 0.14071E+01 0.26420E-01 0.32622E-01 0.14260E+01 0.14030E+01 0.00000E+00 0.00000E+00 0.15466E+00      3085473  26/0.50000E-03
 0.27000E+02 0.80000E-03 0.37417E+00 0.12857E+01 0.33785E-01 0.37219E-01 0.13163E+01 0.13121E+01 0.00000E+00 0.00000E+00 -.78222E+00      3085473  26/0.80000E-03
 0.35000E+02 0.57400E-03 0.67600E+00 0.15068E+01 0.35520E-01 0.41642E-01 0.14535E+01 0.14265E+01 0.00000E+00 0.00000E+00 0.22608E+01      3085473  27/0.57400E-03
 0.35000E+02 0.80000E-03 0.48503E+00 0.13985E+01 0.17400E-01 0.27137E-01 0.13921E+01 0.13788E+01 0.00000E+00 0.00000E+00 0.11326E+01      3085473  27/0.80000E-03
 0.45000E+02 0.80000E-03 0.62361E+00 0.14864E+01 0.33743E-01 0.46625E-01 0.14433E+01 0.14408E+01 0.00000E+00 0.00000E+00 0.13506E+01      3085473  28/0.80000E-03
 0.45000E+02 0.13000E-02 0.38376E+00 0.13055E+01 0.14861E-01 0.21070E-01 0.13178E+01 0.12903E+01 0.00000E+00 0.00000E+00 0.10244E+01      3085473  28/0.13000E-02
 0.60000E+02 0.13000E-02 0.51168E+00 0.13950E+01 0.19662E-01 0.28439E-01 0.13814E+01 0.13707E+01 0.00000E+00 0.00000E+00 0.12382E+01      3085473  29/0.13000E-02
 0.70000E+02 0.13000E-02 0.59696E+00 0.14434E+01 0.26522E-01 0.35727E-01 0.14037E+01 0.13986E+01 0.00000E+00 0.00000E+00 0.16886E+01      3085473  30/0.13000E-02
 0.70000E+02 0.20000E-02 0.38803E+00 0.12619E+01 0.22314E-01 0.26292E-01 0.12789E+01 0.12617E+01 0.00000E+00 0.00000E+00 0.85826E-02      3085473  30/0.20000E-02
 0.90000E+02 0.20000E-02 0.49889E+00 0.12516E+01 0.25866E-01 0.31612E-01 0.13218E+01 0.13159E+01 0.00000E+00 0.00000E+00 -.24850E+01      3085473  31/0.20000E-02
 0.12000E+03 0.21200E-02 0.62754E+00 0.13233E+01 0.31243E-01 0.39525E-01 0.13319E+01 0.13192E+01 0.00000E+00 0.00000E+00 0.13065E+00      3085473  32/0.21200E-02
 0.12000E+03 0.32000E-02 0.41574E+00 0.11778E+01 0.24641E-01 0.28569E-01 0.12106E+01 0.11943E+01 0.00000E+00 0.00000E+00 -.66783E+00      3085473  32/0.32000E-02
 0.15000E+03 0.32000E-02 0.51968E+00 0.12028E+01 0.24782E-01 0.29938E-01 0.12348E+01 0.12235E+01 0.00000E+00 0.00000E+00 -.83451E+00      3085473  33/0.32000E-02
 0.20000E+03 0.32000E-02 0.69290E+00 0.11698E+01 0.52088E-01 0.55804E-01 0.12420E+01 0.12307E+01 0.00000E+00 0.00000E+00 -.11688E+01      3085473  34/0.32000E-02
 0.20000E+03 0.50000E-02 0.44346E+00 0.10717E+01 0.22920E-01 0.25906E-01 0.11164E+01 0.10987E+01 0.00000E+00 0.00000E+00 -.11791E+01      3085473  34/0.50000E-02
 0.25000E+03 0.50000E-02 0.55432E+00 0.10783E+01 0.31214E-01 0.34450E-01 0.11294E+01 0.11172E+01 0.00000E+00 0.00000E+00 -.12464E+01      3085473  35/0.50000E-02
 0.30000E+03 0.50000E-02 0.66519E+00 0.11264E+01 0.44610E-01 0.46722E-01 0.11294E+01 0.11285E+01 0.00000E+00 0.00000E+00 -.47150E-01      3085473  36/0.50000E-02
 0.30000E+03 0.80000E-02 0.41574E+00 0.97717E+00 0.25167E-01 0.27630E-01 0.99195E+00 0.97557E+00 0.00000E+00 0.00000E+00 0.63745E-01      3085473  36/0.80000E-02
 0.40000E+03 0.80000E-02 0.55432E+00 0.95590E+00 0.31324E-01 0.32105E-01 0.10023E+01 0.99236E+00 0.00000E+00 0.00000E+00 -.11641E+01      3085473  37/0.80000E-02
 0.40000E+03 0.13000E-01 0.34112E+00 0.85514E+00 0.25764E-01 0.27143E-01 0.85464E+00 0.84196E+00 0.00000E+00 0.00000E+00 0.51170E+00      3085473  37/0.13000E-01
 0.50000E+03 0.80000E-02 0.69290E+00 0.10206E+01 0.65539E-01 0.67979E-01 0.99761E+00 0.98837E+00 0.00000E+00 0.00000E+00 0.49179E+00      3085473  38/0.80000E-02
 0.50000E+03 0.13000E-01 0.42640E+00 0.88499E+00 0.52099E-01 0.54126E-01 0.86299E+00 0.84873E+00 0.00000E+00 0.00000E+00 0.69590E+00      3085473  38/0.13000E-01
 0.65000E+03 0.85000E-02 0.84779E+00 0.92142E+00 0.47036E-01 0.49563E-01 0.96260E+00 0.95842E+00 0.00000E+00 0.00000E+00 -.78653E+00      3085473  39/0.85000E-02
 0.65000E+03 0.13000E-01 0.55432E+00 0.84297E+00 0.24663E-01 0.25596E-01 0.86601E+00 0.84973E+00 0.00000E+00 0.00000E+00 -.27415E+00      3085473  39/0.13000E-01
 0.65000E+03 0.20000E-01 0.36031E+00 0.70434E+00 0.40828E-01 0.39839E-01 0.74724E+00 0.73512E+00 0.00000E+00 0.00000E+00 -.75384E+00      3085473  39/0.20000E-01
 0.80000E+03 0.13000E-01 0.68224E+00 0.89010E+00 0.32777E-01 0.35282E-01 0.85998E+00 0.84755E+00 0.00000E+00 0.00000E+00 0.12983E+01      3085473  40/0.13000E-01
 0.80000E+03 0.20000E-01 0.44346E+00 0.73601E+00 0.35159E-01 0.35533E-01 0.75005E+00 0.73834E+00 0.00000E+00 0.00000E+00 -.66410E-01      3085473  40/0.20000E-01
 0.10000E+04 0.20000E-01 0.55432E+00 0.73976E+00 0.49127E-01 0.49489E-01 0.74852E+00 0.73760E+00 0.00000E+00 0.00000E+00 0.43997E-01      3085473 999/0.20000E-01
 0.12000E+04 0.14000E-01 0.95027E+00 0.87216E+00 0.47016E-01 0.51931E-01 0.80790E+00 0.80159E+00 0.00000E+00 0.00000E+00 0.15010E+01      3085473 999/0.14000E-01
 0.12000E+04 0.20000E-01 0.66519E+00 0.70292E+00 0.31396E-01 0.31285E-01 0.74207E+00 0.73310E+00 0.00000E+00 0.00000E+00 -.96121E+00      3085473 999/0.20000E-01
 0.12000E+04 0.32000E-01 0.41574E+00 0.58867E+00 0.25980E-01 0.25402E-01 0.63282E+00 0.62408E+00 0.00000E+00 0.00000E+00 -.13630E+01      3085473 999/0.32000E-01
 0.15000E+04 0.20000E-01 0.83149E+00 0.73388E+00 0.51965E-01 0.52939E-01 0.72582E+00 0.71905E+00 0.00000E+00 0.00000E+00 0.28539E+00      3085473 999/0.20000E-01
 0.15000E+04 0.32000E-01 0.51968E+00 0.55558E+00 0.40771E-01 0.38426E-01 0.62876E+00 0.61826E+00 0.00000E+00 0.00000E+00 -.15375E+01      3085473 999/0.32000E-01
 0.20000E+04 0.32000E-01 0.69290E+00 0.59557E+00 0.39927E-01 0.39564E-01 0.61493E+00 0.60293E+00 0.00000E+00 0.00000E+00 -.18432E+00      3085473 999/0.32000E-01
 0.20000E+04 0.50000E-01 0.44346E+00 0.49555E+00 0.30437E-01 0.29718E-01 0.52837E+00 0.51898E+00 0.00000E+00 0.00000E+00 -.76967E+00      3085473 999/0.50000E-01
 0.30000E+04 0.50000E-01 0.66519E+00 0.52194E+00 0.30979E-01 0.31951E-01 0.50558E+00 0.49788E+00 0.00000E+00 0.00000E+00 0.77649E+00      3085473 999/0.50000E-01
 0.30000E+04 0.80000E-01 0.41574E+00 0.44374E+00 0.26697E-01 0.27387E-01 0.43077E+00 0.42350E+00 0.00000E+00 0.00000E+00 0.75799E+00      3085473 999/0.80000E-01
 0.50000E+04 0.80000E-01 0.69290E+00 0.36217E+00 0.27160E-01 0.26402E-01 0.38867E+00 0.38092E+00 0.00000E+00 0.00000E+00 -.69041E+00      3085473 999/0.80000E-01
 0.50000E+04 0.13000E+00 0.42640E+00 0.33232E+00 0.26938E-01 0.27169E-01 0.33199E+00 0.32810E+00 0.00000E+00 0.00000E+00 0.15664E+00      3085473 999/0.13000E+00
 0.80000E+04 0.13000E+00 0.68224E+00 0.25662E+00 0.30529E-01 0.29225E-01 0.27995E+00 0.27609E+00 0.00000E+00 0.00000E+00 -.63771E+00      3085473 999/0.13000E+00
 0.80000E+04 0.18000E+00 0.49273E+00 0.27786E+00 0.30287E-01 0.32002E-01 0.25350E+00 0.25152E+00 0.00000E+00 0.00000E+00 0.86980E+00      3085473 999/0.18000E+00
 0.80000E+04 0.25000E+00 0.35477E+00 0.23180E+00 0.26936E-01 0.28418E-01 0.21211E+00 0.20751E+00 0.00000E+00 0.00000E+00 0.90166E+00      3085473 999/0.25000E+00
 0.12000E+05 0.18000E+00 0.73910E+00 0.20883E+00 0.35674E-01 0.36669E-01 0.19892E+00 0.19628E+00 0.00000E+00 0.00000E+00 0.35183E+00      3085473 999/0.18000E+00
 0.12000E+05 0.25000E+00 0.53215E+00 0.15012E+00 0.33516E-01 0.30803E-01 0.17715E+00 0.17509E+00 0.00000E+00 0.00000E+00 -.74498E+00      3085473 999/0.25000E+00
 0.20000E+05 0.25000E+00 0.88692E+00 0.13614E+00 0.38142E-01 0.41999E-01 0.11276E+00 0.11098E+00 0.00000E+00 0.00000E+00 0.65971E+00      3085473 999/0.25000E+00
 0.20000E+05 0.40000E+00 0.55432E+00 0.11634E+00 0.30288E-01 0.37902E-01 0.75998E-01 0.74949E-01 0.00000E+00 0.00000E+00 0.13666E+01      3085473 999/0.40000E+00
 0.30000E+05 0.40000E+00 0.83149E+00 0.11116E+00 0.47310E-01 0.73070E-01 0.46799E-01 0.46349E-01 0.00000E+00 0.00000E+00 0.13699E+01      3085473 999/0.40000E+00
     6054056
 HERA1+2 NCep 575                                                                
Plot1@Experiment:HERA1+2@ExtraLabel:e^{+}p #rightarrow e^{+}X (NC), E_{p} = 575 GeV @XTitle: x @YTitle: #sigma_{red}  @Title:Q^{2} = 1.5 @Xlog
Plot2@Experiment:HERA1+2@ExtraLabel:e^{+}p #rightarrow e^{+}X (NC), E_{p} = 575 GeV @XTitle: x @YTitle: #sigma_{red}  @Title:Q^{2} = 2.0 @Xlog
Plot3@Experiment:HERA1+2@ExtraLabel:e^{+}p #rightarrow e^{+}X (NC), E_{p} = 575 GeV @XTitle: x @YTitle: #sigma_{red}  @Title:Q^{2} = 2.5 @Xlog
Plot4@Experiment:HERA1+2@ExtraLabel:e^{+}p #rightarrow e^{+}X (NC), E_{p} = 575 GeV @XTitle: x @YTitle: #sigma_{red}  @Title:Q^{2} = 3.5 @Xlog
Plot5@Experiment:HERA1+2@ExtraLabel:e^{+}p #rightarrow e^{+}X (NC), E_{p} = 575 GeV @XTitle: x @YTitle: #sigma_{red}  @Title:Q^{2} = 5 @Xlog
Plot6@Experiment:HERA1+2@ExtraLabel:e^{+}p #rightarrow e^{+}X (NC), E_{p} = 575 GeV @XTitle: x @YTitle: #sigma_{red}  @Title:Q^{2} = 6.5 @Xlog
Plot7@Experiment:HERA1+2@ExtraLabel:e^{+}p #rightarrow e^{+}X (NC), E_{p} = 575 GeV @XTitle: x @YTitle: #sigma_{red}  @Title:Q^{2} = 8.5 @Xlog
Plot8@Experiment:HERA1+2@ExtraLabel:e^{+}p #rightarrow e^{+}X (NC), E_{p} = 575 GeV @XTitle: x @YTitle: #sigma_{red}  @Title:Q^{2} = 12  @Xlog
Plot9@Experiment:HERA1+2@ExtraLabel:e^{+}p #rightarrow e^{+}X (NC), E_{p} = 575 GeV @XTitle: x @YTitle: #sigma_{red}  @Title:Q^{2} = 15  @Xlog
Plot10@Experiment:HERA1+2@ExtraLabel:e^{+}p #rightarrow e^{+}X (NC), E_{p} = 575 GeV @XTitle: x @YTitle: #sigma_{red}  @Title:Q^{2} = 20  @Xlog
Plot11@Experiment:HERA1+2@ExtraLabel:e^{+}p #rightarrow e^{+}X (NC), E_{p} = 575 GeV @XTitle: x @YTitle: #sigma_{red}  @Title:Q^{2} = 25  @Xlog
Plot12@Experiment:HERA1+2@ExtraLabel:e^{+}p #rightarrow e^{+}X (NC), E_{p} = 575 GeV @XTitle: x @YTitle: #sigma_{red}  @Title:Q^{2} = 35  @Xlog
Plot13@Experiment:HERA1+2@ExtraLabel:e^{+}p #rightarrow e^{+}X (NC), E_{p} = 575 GeV @XTitle: x @YTitle: #sigma_{red}  @Title:Q^{2} = 45  @Xlog
Plot14@Experiment:HERA1+2@ExtraLabel:e^{+}p #rightarrow e^{+}X (NC), E_{p} = 575 GeV @XTitle: x @YTitle: #sigma_{red}  @Title:Q^{2} = 60  @Xlog
Plot15@Experiment:HERA1+2@ExtraLabel:e^{+}p #rightarrow e^{+}X (NC), E_{p} = 575 GeV @XTitle: x @YTitle: #sigma_{red}  @Title:Q^{2} = 90  @Xlog
Plot16@Experiment:HERA1+2@ExtraLabel:e^{+}p #rightarrow e^{+}X (NC), E_{p} = 575 GeV @XTitle: x @YTitle: #sigma_{red}  @Title:Q^{2} = 120 @Xlog
Plot17@Experiment:HERA1+2@ExtraLabel:e^{+}p #rightarrow e^{+}X (NC), E_{p} = 575 GeV @XTitle: x @YTitle: #sigma_{red}  @Title:Q^{2} = 150 @Xlog
Plot18@Experiment:HERA1+2@ExtraLabel:e^{+}p #rightarrow e^{+}X (NC), E_{p} = 575 GeV @XTitle: x @YTitle: #sigma_{red}  @Title:Q^{2} = 200 @Xlog
Plot19@Experiment:HERA1+2@ExtraLabel:e^{+}p #rightarrow e^{+}X (NC), E_{p} = 575 GeV @XTitle: x @YTitle: #sigma_{red}  @Title:Q^{2} = 250 @Xlog
Plot20@Experiment:HERA1+2@ExtraLabel:e^{+}p #rightarrow e^{+}X (NC), E_{p} = 575 GeV @XTitle: x @YTitle: #sigma_{red}  @Title:Q^{2} = 300 @Xlog
Plot21@Experiment:HERA1+2@ExtraLabel:e^{+}p #rightarrow e^{+}X (NC), E_{p} = 575 GeV @XTitle: x @YTitle: #sigma_{red}  @Title:Q^{2} = 400 @Xlog
Plot22@Experiment:HERA1+2@ExtraLabel:e^{+}p #rightarrow e^{+}X (NC), E_{p} = 575 GeV @XTitle: x @YTitle: #sigma_{red}  @Title:Q^{2} = 500 @Xlog
Plot23@Experiment:HERA1+2@ExtraLabel:e^{+}p #rightarrow e^{+}X (NC), E_{p} = 575 GeV @XTitle: x @YTitle: #sigma_{red}  @Title:Q^{2} = 650 @Xlog
Plot24@Experiment:HERA1+2@ExtraLabel:e^{+}p #rightarrow e^{+}X (NC), E_{p} = 575 GeV @XTitle: x @YTitle: #sigma_{red}  @Title:Q^{2} = 800  @Xlog
 Q2          x           y              data      +- uncor     +- tot     th orig         th mod   therr+         therr-     pull    iset       iplot
 0.35000E+01 0.65100E-04 0.85002E+00 0.91286E+00 0.63592E-01 0.93643E-01 0.95252E+00 0.86802E+00 0.00000E+00 0.00000E+00 0.70511E+00      6054056   3/0.65100E-04
 0.35000E+01 0.72700E-04 0.76116E+00 0.89358E+00 0.42362E-01 0.50977E-01 0.95187E+00 0.92021E+00 0.00000E+00 0.00000E+00 -.62851E+00      6054056   3/0.72700E-04
 0.35000E+01 0.81200E-04 0.68148E+00 0.88886E+00 0.37034E-01 0.43680E-01 0.94722E+00 0.93117E+00 0.00000E+00 0.00000E+00 -.11424E+01      6054056   3/0.81200E-04
 0.35000E+01 0.92100E-04 0.60082E+00 0.94410E+00 0.40205E-01 0.43485E-01 0.93795E+00 0.92037E+00 0.00000E+00 0.00000E+00 0.59024E+00      6054056   3/0.92100E-04
 0.35000E+01 0.10620E-03 0.52105E+00 0.97008E+00 0.58987E-01 0.64610E-01 0.92359E+00 0.89105E+00 0.00000E+00 0.00000E+00 0.13397E+01      6054056   3/0.10620E-03
 0.50000E+01 0.93100E-04 0.84910E+00 0.88713E+00 0.73605E-01 0.98785E-01 0.10397E+01 0.93570E+00 0.00000E+00 0.00000E+00 -.65985E+00      6054056   4/0.93100E-04
 0.50000E+01 0.10380E-03 0.76157E+00 0.89632E+00 0.44858E-01 0.47345E-01 0.10413E+01 0.99983E+00 0.00000E+00 0.00000E+00 -.23075E+01      6054056   4/0.10380E-03
 0.50000E+01 0.11600E-03 0.68148E+00 0.10187E+01 0.36648E-01 0.42153E-01 0.10379E+01 0.10240E+01 0.00000E+00 0.00000E+00 -.14578E+00      6054056   4/0.11600E-03
 0.50000E+01 0.13150E-03 0.60115E+00 0.96509E+00 0.34852E-01 0.38773E-01 0.10290E+01 0.10206E+01 0.00000E+00 0.00000E+00 -.15919E+01      6054056   4/0.13150E-03
 0.50000E+01 0.15170E-03 0.52110E+00 0.10197E+01 0.32146E-01 0.36836E-01 0.10140E+01 0.98732E+00 0.00000E+00 0.00000E+00 0.10074E+01      6054056   4/0.15170E-03
 0.50000E+01 0.20130E-03 0.39270E+00 0.94852E+00 0.31834E-01 0.35493E-01 0.97488E+00 0.96953E+00 0.00000E+00 0.00000E+00 -.66013E+00      6054056   4/0.20130E-03
 0.65000E+01 0.12100E-03 0.84931E+00 0.93684E+00 0.84170E-01 0.11106E+00 0.11011E+01 0.99021E+00 0.00000E+00 0.00000E+00 -.63411E+00      6054056   5/0.12100E-03
 0.65000E+01 0.13500E-03 0.76124E+00 0.10053E+01 0.45828E-01 0.50818E-01 0.11046E+01 0.10583E+01 0.00000E+00 0.00000E+00 -.11554E+01      6054056   5/0.13500E-03
 0.65000E+01 0.15090E-03 0.68103E+00 0.11045E+01 0.36783E-01 0.44503E-01 0.11022E+01 0.10719E+01 0.00000E+00 0.00000E+00 0.88727E+00      6054056   5/0.15090E-03
 0.65000E+01 0.16300E-03 0.63047E+00 0.11798E+01 0.17885E+00 0.19100E+00 0.10975E+01 0.11170E+01 0.00000E+00 0.00000E+00 0.35101E+00      6054056   5/0.16300E-03
 0.65000E+01 0.17100E-03 0.60098E+00 0.10568E+01 0.35350E-01 0.38989E-01 0.10934E+01 0.10855E+01 0.00000E+00 0.00000E+00 -.81196E+00      6054056   5/0.17100E-03
 0.65000E+01 0.18300E-03 0.56157E+00 0.11842E+01 0.18820E+00 0.20427E+00 0.10867E+01 0.10541E+01 0.00000E+00 0.00000E+00 0.69119E+00      6054056   5/0.18300E-03
 0.65000E+01 0.19730E-03 0.52087E+00 0.11123E+01 0.30772E-01 0.36668E-01 0.10777E+01 0.10567E+01 0.00000E+00 0.00000E+00 0.18078E+01      6054056   5/0.19730E-03
 0.65000E+01 0.22800E-03 0.45073E+00 0.11380E+01 0.14528E+00 0.15534E+00 0.10574E+01 0.10244E+01 0.00000E+00 0.00000E+00 0.78187E+00      6054056   5/0.22800E-03
 0.65000E+01 0.26170E-03 0.39269E+00 0.10096E+01 0.23414E-01 0.28524E-01 0.10355E+01 0.10291E+01 0.00000E+00 0.00000E+00 -.83464E+00      6054056   5/0.26170E-03
 0.85000E+01 0.15820E-03 0.84948E+00 0.10313E+01 0.88480E-01 0.13842E+00 0.11588E+01 0.10421E+01 0.00000E+00 0.00000E+00 -.12165E+00      6054056   6/0.15820E-03
 0.85000E+01 0.17650E-03 0.76140E+00 0.10582E+01 0.48176E-01 0.50462E-01 0.11642E+01 0.11184E+01 0.00000E+00 0.00000E+00 -.12497E+01      6054056   6/0.17650E-03
 0.85000E+01 0.19730E-03 0.68113E+00 0.11123E+01 0.38249E-01 0.44297E-01 0.11625E+01 0.11415E+01 0.00000E+00 0.00000E+00 -.76339E+00      6054056   6/0.19730E-03
 0.85000E+01 0.22360E-03 0.60102E+00 0.11541E+01 0.33948E-01 0.40143E-01 0.11539E+01 0.11471E+01 0.00000E+00 0.00000E+00 0.20637E+00      6054056   6/0.22360E-03
 0.85000E+01 0.24000E-03 0.55995E+00 0.11455E+01 0.98378E-01 0.10123E+00 0.11463E+01 0.11390E+01 0.00000E+00 0.00000E+00 0.65891E-01      6054056   6/0.24000E-03
 0.85000E+01 0.25800E-03 0.52088E+00 0.10410E+01 0.31074E-01 0.35576E-01 0.11371E+01 0.10824E+01 0.00000E+00 0.00000E+00 -.13331E+01      6054056   6/0.25800E-03
 0.85000E+01 0.29900E-03 0.44946E+00 0.12170E+01 0.10602E+00 0.11624E+00 0.11146E+01 0.11134E+01 0.00000E+00 0.00000E+00 0.97721E+00      6054056   6/0.29900E-03
 0.85000E+01 0.34220E-03 0.39272E+00 0.10912E+01 0.23198E-01 0.29015E-01 0.10910E+01 0.10942E+01 0.00000E+00 0.00000E+00 -.13089E+00      6054056   6/0.34220E-03
 0.85000E+01 0.43300E-03 0.31036E+00 0.10921E+01 0.10683E+00 0.11254E+00 0.10462E+01 0.10304E+01 0.00000E+00 0.00000E+00 0.57722E+00      6054056   6/0.43300E-03
 0.85000E+01 0.54090E-03 0.24845E+00 0.10217E+01 0.22324E-01 0.27974E-01 0.10022E+01 0.10144E+01 0.00000E+00 0.00000E+00 0.32485E+00      6054056   6/0.54090E-03
 0.85000E+01 0.83840E-03 0.16029E+00 0.94610E+00 0.21766E-01 0.27371E-01 0.91633E+00 0.93136E+00 0.00000E+00 0.00000E+00 0.67743E+00      6054056   6/0.83840E-03
 0.85000E+01 0.10300E-02 0.13047E+00 0.67837E+00 0.15574E+00 0.12807E+00 0.87757E+00 0.86690E+00 0.00000E+00 0.00000E+00 -.12106E+01      6054056   6/0.10300E-02
 0.85000E+01 0.13970E-02 0.96197E-01 0.82340E+00 0.27171E-01 0.30650E-01 0.82295E+00 0.83235E+00 0.00000E+00 0.00000E+00 -.32946E+00      6054056   6/0.13970E-02
 0.12000E+02 0.22330E-03 0.84963E+00 0.12926E+01 0.83514E-01 0.13001E+00 0.12227E+01 0.11284E+01 0.00000E+00 0.00000E+00 0.19656E+01      6054056   7/0.22330E-03
 0.12000E+02 0.24920E-03 0.76133E+00 0.11477E+01 0.48458E-01 0.56077E-01 0.12299E+01 0.11972E+01 0.00000E+00 0.00000E+00 -.10223E+01      6054056   7/0.24920E-03
 0.12000E+02 0.27850E-03 0.68123E+00 0.11990E+01 0.39032E-01 0.45176E-01 0.12288E+01 0.12002E+01 0.00000E+00 0.00000E+00 -.30104E-01      6054056   7/0.27850E-03
 0.12000E+02 0.29540E-03 0.64226E+00 0.11757E+01 0.64383E-01 0.68972E-01 0.12253E+01 0.12053E+01 0.00000E+00 0.00000E+00 -.45910E+00      6054056   7/0.29540E-03
 0.12000E+02 0.31560E-03 0.60115E+00 0.11929E+01 0.42153E-01 0.47327E-01 0.12193E+01 0.12019E+01 0.00000E+00 0.00000E+00 -.21317E+00      6054056   7/0.31560E-03
 0.12000E+02 0.34300E-03 0.55313E+00 0.12277E+01 0.56249E-01 0.63203E-01 0.12094E+01 0.12114E+01 0.00000E+00 0.00000E+00 0.28995E+00      6054056   7/0.34300E-03
 0.12000E+02 0.36420E-03 0.52093E+00 0.11764E+01 0.34470E-01 0.39391E-01 0.12006E+01 0.11633E+01 0.00000E+00 0.00000E+00 0.37872E+00      6054056   7/0.36420E-03
 0.12000E+02 0.42300E-03 0.44852E+00 0.12263E+01 0.62718E-01 0.69643E-01 0.11750E+01 0.11678E+01 0.00000E+00 0.00000E+00 0.93329E+00      6054056   7/0.42300E-03
 0.12000E+02 0.48310E-03 0.39272E+00 0.11244E+01 0.23751E-01 0.29637E-01 0.11488E+01 0.11485E+01 0.00000E+00 0.00000E+00 -.10130E+01      6054056   7/0.48310E-03
 0.12000E+02 0.59200E-03 0.32048E+00 0.11448E+01 0.78649E-01 0.83664E-01 0.11056E+01 0.10939E+01 0.00000E+00 0.00000E+00 0.64694E+00      6054056   7/0.59200E-03
 0.12000E+02 0.76360E-03 0.24846E+00 0.10544E+01 0.23064E-01 0.28695E-01 0.10491E+01 0.10600E+01 0.00000E+00 0.00000E+00 -.24409E+00      6054056   7/0.76360E-03
 0.12000E+02 0.91000E-03 0.20849E+00 0.96455E+00 0.87472E-01 0.86628E-01 0.10102E+01 0.10050E+01 0.00000E+00 0.00000E+00 -.46250E+00      6054056   7/0.91000E-03
 0.12000E+02 0.11840E-02 0.16024E+00 0.10198E+01 0.21577E-01 0.28272E-01 0.95292E+00 0.96630E+00 0.00000E+00 0.00000E+00 0.24794E+01      6054056   7/0.11840E-02
 0.12000E+02 0.14600E-02 0.12995E+00 0.82793E+00 0.80383E-01 0.76786E-01 0.90913E+00 0.88683E+00 0.00000E+00 0.00000E+00 -.73278E+00      6054056   7/0.14600E-02
 0.12000E+02 0.19730E-02 0.96160E-01 0.87979E+00 0.25745E-01 0.31290E-01 0.84908E+00 0.86311E+00 0.00000E+00 0.00000E+00 0.64773E+00      6054056   7/0.19730E-02
 0.15000E+02 0.27920E-03 0.84941E+00 0.11474E+01 0.90113E-01 0.11098E+00 0.12567E+01 0.11703E+01 0.00000E+00 0.00000E+00 -.25406E+00      6054056   8/0.27920E-03
 0.15000E+02 0.31150E-03 0.76133E+00 0.12836E+01 0.46467E-01 0.54066E-01 0.12643E+01 0.12307E+01 0.00000E+00 0.00000E+00 0.11381E+01      6054056   8/0.31150E-03
 0.15000E+02 0.34810E-03 0.68128E+00 0.11874E+01 0.39691E-01 0.42506E-01 0.12633E+01 0.12436E+01 0.00000E+00 0.00000E+00 -.14155E+01      6054056   8/0.34810E-03
 0.15000E+02 0.39450E-03 0.60115E+00 0.11737E+01 0.36607E-01 0.41302E-01 0.12531E+01 0.12352E+01 0.00000E+00 0.00000E+00 -.16789E+01      6054056   8/0.39450E-03
 0.15000E+02 0.42200E-03 0.56198E+00 0.12419E+01 0.41899E-01 0.49141E-01 0.12444E+01 0.12381E+01 0.00000E+00 0.00000E+00 0.90168E-01      6054056   8/0.42200E-03
 0.15000E+02 0.45520E-03 0.52099E+00 0.12590E+01 0.38135E-01 0.44365E-01 0.12330E+01 0.12059E+01 0.00000E+00 0.00000E+00 0.13934E+01      6054056   8/0.45520E-03
 0.15000E+02 0.52900E-03 0.44831E+00 0.12042E+01 0.40263E-01 0.46646E-01 0.12053E+01 0.11987E+01 0.00000E+00 0.00000E+00 0.13766E+00      6054056   8/0.52900E-03
 0.15000E+02 0.60390E-03 0.39270E+00 0.11681E+01 0.22434E-01 0.30407E-01 0.11773E+01 0.11758E+01 0.00000E+00 0.00000E+00 -.34465E+00      6054056   8/0.60390E-03
 0.15000E+02 0.76300E-03 0.31082E+00 0.11451E+01 0.47437E-01 0.53234E-01 0.11235E+01 0.11186E+01 0.00000E+00 0.00000E+00 0.55853E+00      6054056   8/0.76300E-03
 0.15000E+02 0.95450E-03 0.24846E+00 0.10423E+01 0.23727E-01 0.28646E-01 0.10705E+01 0.10834E+01 0.00000E+00 0.00000E+00 -.17333E+01      6054056   8/0.95450E-03
 0.15000E+02 0.11400E-02 0.20803E+00 0.10926E+01 0.52567E-01 0.58640E-01 0.10283E+01 0.10227E+01 0.00000E+00 0.00000E+00 0.13293E+01      6054056   8/0.11400E-02
 0.15000E+02 0.14790E-02 0.16035E+00 0.97586E+00 0.21868E-01 0.28156E-01 0.96819E+00 0.98006E+00 0.00000E+00 0.00000E+00 -.19199E+00      6054056   8/0.14790E-02
 0.15000E+02 0.18200E-02 0.13030E+00 0.84737E+00 0.53447E-01 0.53027E-01 0.92171E+00 0.90406E+00 0.00000E+00 0.00000E+00 -.10608E+01      6054056   8/0.18200E-02
 0.15000E+02 0.24660E-02 0.96170E-01 0.86079E+00 0.25183E-01 0.30603E-01 0.85756E+00 0.86526E+00 0.00000E+00 0.00000E+00 -.17737E+00      6054056   8/0.24660E-02
 0.20000E+02 0.37220E-03 0.84956E+00 0.13322E+01 0.10104E+00 0.12423E+00 0.12909E+01 0.12308E+01 0.00000E+00 0.00000E+00 0.10040E+01      6054056   9/0.37220E-03
 0.20000E+02 0.41530E-03 0.76139E+00 0.12605E+01 0.60014E-01 0.65062E-01 0.12985E+01 0.12681E+01 0.00000E+00 0.00000E+00 -.12728E+00      6054056   9/0.41530E-03
 0.20000E+02 0.46420E-03 0.68118E+00 0.12937E+01 0.50665E-01 0.54639E-01 0.12968E+01 0.12808E+01 0.00000E+00 0.00000E+00 0.25494E+00      6054056   9/0.46420E-03
 0.20000E+02 0.52610E-03 0.60104E+00 0.11424E+01 0.49652E-01 0.50669E-01 0.12852E+01 0.12592E+01 0.00000E+00 0.00000E+00 -.23529E+01      6054056   9/0.52610E-03
 0.20000E+02 0.60700E-03 0.52093E+00 0.12257E+01 0.41212E-01 0.47147E-01 0.12629E+01 0.12147E+01 0.00000E+00 0.00000E+00 0.26706E+00      6054056   9/0.60700E-03
 0.20000E+02 0.80520E-03 0.39270E+00 0.12110E+01 0.27913E-01 0.34554E-01 0.12021E+01 0.11996E+01 0.00000E+00 0.00000E+00 0.40953E+00      6054056   9/0.80520E-03
 0.20000E+02 0.12730E-02 0.24839E+00 0.10909E+01 0.25085E-01 0.31323E-01 0.10864E+01 0.10981E+01 0.00000E+00 0.00000E+00 -.28768E+00      6054056   9/0.12730E-02
 0.20000E+02 0.19730E-02 0.16027E+00 0.98243E+00 0.22920E-01 0.28880E-01 0.97672E+00 0.98808E+00 0.00000E+00 0.00000E+00 -.24662E+00      6054056   9/0.19730E-02
 0.20000E+02 0.32880E-02 0.96170E-01 0.85845E+00 0.26884E-01 0.31218E-01 0.85916E+00 0.87144E+00 0.00000E+00 0.00000E+00 -.48327E+00      6054056   9/0.32880E-02
 0.25000E+02 0.49320E-03 0.80141E+00 0.13000E+01 0.49504E-01 0.54887E-01 0.13116E+01 0.12732E+01 0.00000E+00 0.00000E+00 0.54108E+00      6054056  10/0.49320E-03
 0.25000E+02 0.57000E-03 0.69343E+00 0.13297E+01 0.54654E-01 0.59527E-01 0.13124E+01 0.13029E+01 0.00000E+00 0.00000E+00 0.49126E+00      6054056  10/0.57000E-03
 0.25000E+02 0.61650E-03 0.64113E+00 0.12585E+01 0.32911E-01 0.37560E-01 0.13067E+01 0.12879E+01 0.00000E+00 0.00000E+00 -.89362E+00      6054056  10/0.61650E-03
 0.25000E+02 0.70000E-03 0.56465E+00 0.13251E+01 0.38369E-01 0.44654E-01 0.12895E+01 0.12758E+01 0.00000E+00 0.00000E+00 0.12838E+01      6054056  10/0.70000E-03
 0.25000E+02 0.75870E-03 0.52097E+00 0.12271E+01 0.41817E-01 0.46107E-01 0.12747E+01 0.12488E+01 0.00000E+00 0.00000E+00 -.51879E+00      6054056  10/0.75870E-03
 0.25000E+02 0.88000E-03 0.44916E+00 0.12476E+01 0.33590E-01 0.40081E-01 0.12429E+01 0.12281E+01 0.00000E+00 0.00000E+00 0.57908E+00      6054056  10/0.88000E-03
 0.25000E+02 0.10070E-02 0.39251E+00 0.12310E+01 0.21332E-01 0.29996E-01 0.12100E+01 0.12080E+01 0.00000E+00 0.00000E+00 0.10775E+01      6054056  10/0.10070E-02
 0.25000E+02 0.12700E-02 0.31123E+00 0.11204E+01 0.29921E-01 0.35677E-01 0.11496E+01 0.11290E+01 0.00000E+00 0.00000E+00 -.28577E+00      6054056  10/0.12700E-02
 0.25000E+02 0.15910E-02 0.24843E+00 0.11284E+01 0.26656E-01 0.32930E-01 0.10888E+01 0.10992E+01 0.00000E+00 0.00000E+00 0.10947E+01      6054056  10/0.15910E-02
 0.25000E+02 0.18400E-02 0.21481E+00 0.10422E+01 0.31503E-01 0.36896E-01 0.10500E+01 0.10340E+01 0.00000E+00 0.00000E+00 0.25899E+00      6054056  10/0.18400E-02
 0.25000E+02 0.24660E-02 0.16028E+00 0.10195E+01 0.24134E-01 0.32252E-01 0.97419E+00 0.98581E+00 0.00000E+00 0.00000E+00 0.13960E+01      6054056  10/0.24660E-02
 0.25000E+02 0.30000E-02 0.13175E+00 0.92016E+00 0.28822E-01 0.33985E-01 0.92601E+00 0.90551E+00 0.00000E+00 0.00000E+00 0.50828E+00      6054056  10/0.30000E-02
 0.25000E+02 0.41100E-02 0.96170E-01 0.89239E+00 0.29200E-01 0.34012E-01 0.85272E+00 0.86060E+00 0.00000E+00 0.00000E+00 0.10887E+01      6054056  10/0.41100E-02
 0.35000E+02 0.65140E-03 0.84949E+00 0.13221E+01 0.10522E+00 0.12263E+00 0.13216E+01 0.13707E+01 0.00000E+00 0.00000E+00 -.46161E+00      6054056  11/0.65140E-03
 0.35000E+02 0.72680E-03 0.76136E+00 0.13017E+01 0.68312E-01 0.71101E-01 0.13275E+01 0.12955E+01 0.00000E+00 0.00000E+00 0.90379E-01      6054056  11/0.72680E-03
 0.35000E+02 0.81230E-03 0.68123E+00 0.13272E+01 0.43760E-01 0.48330E-01 0.13228E+01 0.12976E+01 0.00000E+00 0.00000E+00 0.67714E+00      6054056  11/0.81230E-03
 0.35000E+02 0.92060E-03 0.60109E+00 0.13285E+01 0.39883E-01 0.44845E-01 0.13075E+01 0.12918E+01 0.00000E+00 0.00000E+00 0.92039E+00      6054056  11/0.92060E-03
 0.35000E+02 0.10000E-02 0.55336E+00 0.12166E+01 0.43611E-01 0.45268E-01 0.12926E+01 0.12779E+01 0.00000E+00 0.00000E+00 -.14045E+01      6054056  11/0.10000E-02
 0.35000E+02 0.10620E-02 0.52105E+00 0.13193E+01 0.44538E-01 0.51061E-01 0.12805E+01 0.12668E+01 0.00000E+00 0.00000E+00 0.11785E+01      6054056  11/0.10620E-02
 0.35000E+02 0.12300E-02 0.44989E+00 0.12474E+01 0.35907E-01 0.40609E-01 0.12458E+01 0.12412E+01 0.00000E+00 0.00000E+00 0.17274E+00      6054056  11/0.12300E-02
 0.35000E+02 0.14090E-02 0.39273E+00 0.12406E+01 0.21976E-01 0.29070E-01 0.12100E+01 0.12066E+01 0.00000E+00 0.00000E+00 0.15483E+01      6054056  11/0.14090E-02
 0.35000E+02 0.18000E-02 0.30742E+00 0.11199E+01 0.25688E-01 0.31192E-01 0.11409E+01 0.11294E+01 0.00000E+00 0.00000E+00 -.36842E+00      6054056  11/0.18000E-02
 0.35000E+02 0.22270E-02 0.24848E+00 0.11111E+01 0.27498E-01 0.33574E-01 0.10804E+01 0.10931E+01 0.00000E+00 0.00000E+00 0.65550E+00      6054056  11/0.22270E-02
 0.35000E+02 0.27000E-02 0.20495E+00 0.98176E+00 0.25226E-01 0.29569E-01 0.10263E+01 0.10025E+01 0.00000E+00 0.00000E+00 -.82382E+00      6054056  11/0.27000E-02
 0.35000E+02 0.34520E-02 0.16030E+00 0.96409E+00 0.25441E-01 0.30149E-01 0.95979E+00 0.97006E+00 0.00000E+00 0.00000E+00 -.23474E+00      6054056  11/0.34520E-02
 0.35000E+02 0.43000E-02 0.12869E+00 0.86229E+00 0.19145E-01 0.24615E-01 0.90311E+00 0.88060E+00 0.00000E+00 0.00000E+00 -.95647E+00      6054056  11/0.43000E-02
 0.35000E+02 0.57540E-02 0.96170E-01 0.86065E+00 0.31265E-01 0.37616E-01 0.83290E+00 0.84540E+00 0.00000E+00 0.00000E+00 0.48768E+00      6054056  11/0.57540E-02
 0.45000E+02 0.83750E-03 0.84951E+00 0.14321E+01 0.93671E-01 0.11170E+00 0.13210E+01 0.13730E+01 0.00000E+00 0.00000E+00 0.63103E+00      6054056  12/0.83750E-03
 0.45000E+02 0.93440E-03 0.76141E+00 0.13197E+01 0.71213E-01 0.74812E-01 0.13250E+01 0.13317E+01 0.00000E+00 0.00000E+00 -.16917E+00      6054056  12/0.93440E-03
 0.45000E+02 0.10440E-02 0.68148E+00 0.13485E+01 0.54997E-01 0.58289E-01 0.13182E+01 0.13184E+01 0.00000E+00 0.00000E+00 0.54693E+00      6054056  12/0.10440E-02
 0.45000E+02 0.11840E-02 0.60090E+00 0.12982E+01 0.42816E-01 0.46329E-01 0.13005E+01 0.12916E+01 0.00000E+00 0.00000E+00 0.15382E+00      6054056  12/0.11840E-02
 0.45000E+02 0.12700E-02 0.56021E+00 0.12859E+01 0.46428E-01 0.49254E-01 0.12874E+01 0.12841E+01 0.00000E+00 0.00000E+00 0.37989E-01      6054056  12/0.12700E-02
 0.45000E+02 0.13660E-02 0.52084E+00 0.12921E+01 0.48365E-01 0.52954E-01 0.12712E+01 0.12557E+01 0.00000E+00 0.00000E+00 0.75257E+00      6054056  12/0.13660E-02
 0.45000E+02 0.15850E-02 0.44887E+00 0.11919E+01 0.43718E-01 0.45368E-01 0.12339E+01 0.12257E+01 0.00000E+00 0.00000E+00 -.77297E+00      6054056  12/0.15850E-02
 0.45000E+02 0.18120E-02 0.39264E+00 0.11783E+01 0.22314E-01 0.27670E-01 0.11967E+01 0.11943E+01 0.00000E+00 0.00000E+00 -.71692E+00      6054056  12/0.18120E-02
 0.45000E+02 0.22900E-02 0.31068E+00 0.11136E+01 0.27138E-01 0.31106E-01 0.11288E+01 0.11131E+01 0.00000E+00 0.00000E+00 0.17657E-01      6054056  12/0.22900E-02
 0.45000E+02 0.28640E-02 0.24842E+00 0.11026E+01 0.27414E-01 0.33477E-01 0.10625E+01 0.10745E+01 0.00000E+00 0.00000E+00 0.10240E+01      6054056  12/0.28640E-02
 0.45000E+02 0.33000E-02 0.21559E+00 0.10060E+01 0.24640E-01 0.28664E-01 0.10214E+01 0.99820E+00 0.00000E+00 0.00000E+00 0.31644E+00      6054056  12/0.33000E-02
 0.45000E+02 0.44390E-02 0.16028E+00 0.94015E+00 0.25191E-01 0.29881E-01 0.93890E+00 0.94881E+00 0.00000E+00 0.00000E+00 -.34393E+00      6054056  12/0.44390E-02
 0.45000E+02 0.55000E-02 0.12936E+00 0.89033E+00 0.19580E-01 0.24948E-01 0.88297E+00 0.86040E+00 0.00000E+00 0.00000E+00 0.15284E+01      6054056  12/0.55000E-02
 0.45000E+02 0.73980E-02 0.96170E-01 0.82825E+00 0.31426E-01 0.37023E-01 0.81048E+00 0.82057E+00 0.00000E+00 0.00000E+00 0.24432E+00      6054056  12/0.73980E-02
 0.60000E+02 0.11170E-02 0.84925E+00 0.12762E+01 0.10028E+00 0.10810E+00 0.13076E+01 0.13577E+01 0.00000E+00 0.00000E+00 -.81303E+00      6054056  13/0.11170E-02
 0.60000E+02 0.12460E-02 0.76133E+00 0.14192E+01 0.64313E-01 0.73935E-01 0.13087E+01 0.13296E+01 0.00000E+00 0.00000E+00 0.13927E+01      6054056  13/0.12460E-02
 0.60000E+02 0.13920E-02 0.68148E+00 0.13581E+01 0.63459E-01 0.69014E-01 0.12994E+01 0.13058E+01 0.00000E+00 0.00000E+00 0.82411E+00      6054056  13/0.13920E-02
 0.60000E+02 0.15780E-02 0.60115E+00 0.13242E+01 0.61651E-01 0.65125E-01 0.12793E+01 0.12775E+01 0.00000E+00 0.00000E+00 0.75819E+00      6054056  13/0.15780E-02
 0.60000E+02 0.17100E-02 0.55475E+00 0.12972E+01 0.54206E-01 0.58133E-01 0.12630E+01 0.12672E+01 0.00000E+00 0.00000E+00 0.55421E+00      6054056  13/0.17100E-02
 0.60000E+02 0.18210E-02 0.52093E+00 0.12600E+01 0.61834E-01 0.65401E-01 0.12476E+01 0.12448E+01 0.00000E+00 0.00000E+00 0.24633E+00      6054056  13/0.18210E-02
 0.60000E+02 0.21100E-02 0.44958E+00 0.11150E+01 0.45523E-01 0.45526E-01 0.12086E+01 0.12066E+01 0.00000E+00 0.00000E+00 -.20117E+01      6054056  13/0.21100E-02
 0.60000E+02 0.24160E-02 0.39264E+00 0.11691E+01 0.24621E-01 0.29156E-01 0.11696E+01 0.11740E+01 0.00000E+00 0.00000E+00 -.19937E+00      6054056  13/0.24160E-02
 0.60000E+02 0.30500E-02 0.31102E+00 0.10977E+01 0.30751E-01 0.33692E-01 0.10998E+01 0.10849E+01 0.00000E+00 0.00000E+00 0.41553E+00      6054056  13/0.30500E-02
 0.60000E+02 0.38180E-02 0.24846E+00 0.10154E+01 0.28501E-01 0.32654E-01 0.10315E+01 0.10411E+01 0.00000E+00 0.00000E+00 -.90050E+00      6054056  13/0.38180E-02
 0.60000E+02 0.46000E-02 0.20622E+00 0.94876E+00 0.26649E-01 0.29090E-01 0.97708E+00 0.95883E+00 0.00000E+00 0.00000E+00 -.37771E+00      6054056  13/0.46000E-02
 0.60000E+02 0.59180E-02 0.16029E+00 0.99360E+00 0.25778E-01 0.32165E-01 0.90612E+00 0.91762E+00 0.00000E+00 0.00000E+00 0.29474E+01      6054056  13/0.59180E-02
 0.60000E+02 0.73000E-02 0.12995E+00 0.81661E+00 0.19122E-01 0.23493E-01 0.85109E+00 0.82348E+00 0.00000E+00 0.00000E+00 -.35910E+00      6054056  13/0.73000E-02
 0.60000E+02 0.98640E-02 0.96170E-01 0.77303E+00 0.31788E-01 0.34485E-01 0.77725E+00 0.78423E+00 0.00000E+00 0.00000E+00 -.35224E+00      6054056  13/0.98640E-02
 0.90000E+02 0.16719E-02 0.85108E+00 0.13269E+01 0.10776E+00 0.11936E+00 0.12662E+01 0.13150E+01 0.00000E+00 0.00000E+00 0.11052E+00      6054056  14/0.16719E-02
 0.90000E+02 0.18690E-02 0.76133E+00 0.13915E+01 0.67593E-01 0.76665E-01 0.12633E+01 0.12884E+01 0.00000E+00 0.00000E+00 0.15255E+01      6054056  14/0.18690E-02
 0.90000E+02 0.20890E-02 0.68115E+00 0.12992E+01 0.59077E-01 0.65115E-01 0.12505E+01 0.12785E+01 0.00000E+00 0.00000E+00 0.35027E+00      6054056  14/0.20890E-02
 0.90000E+02 0.23670E-02 0.60115E+00 0.13050E+01 0.60657E-01 0.67348E-01 0.12278E+01 0.12449E+01 0.00000E+00 0.00000E+00 0.99139E+00      6054056  14/0.23670E-02
 0.90000E+02 0.25000E-02 0.56917E+00 0.11533E+01 0.62962E-01 0.62394E-01 0.12154E+01 0.11886E+01 0.00000E+00 0.00000E+00 -.56087E+00      6054056  14/0.25000E-02
 0.90000E+02 0.30000E-02 0.47431E+00 0.11593E+01 0.52790E-01 0.54823E-01 0.11676E+01 0.11708E+01 0.00000E+00 0.00000E+00 -.21691E+00      6054056  14/0.30000E-02
 0.90000E+02 0.36230E-02 0.39275E+00 0.11243E+01 0.29948E-01 0.33226E-01 0.11119E+01 0.11063E+01 0.00000E+00 0.00000E+00 0.60214E+00      6054056  14/0.36230E-02
 0.90000E+02 0.46000E-02 0.30933E+00 0.10178E+01 0.33749E-01 0.35670E-01 0.10383E+01 0.10167E+01 0.00000E+00 0.00000E+00 0.31821E-01      6054056  14/0.46000E-02
 0.90000E+02 0.57270E-02 0.24846E+00 0.92170E+00 0.29740E-01 0.32175E-01 0.97169E+00 0.98483E+00 0.00000E+00 0.00000E+00 -.21228E+01      6054056  14/0.57270E-02
 0.90000E+02 0.64000E-02 0.22233E+00 0.94845E+00 0.28663E-01 0.31682E-01 0.93887E+00 0.91390E+00 0.00000E+00 0.00000E+00 0.12054E+01      6054056  14/0.64000E-02
 0.90000E+02 0.88770E-02 0.16029E+00 0.87069E+00 0.26190E-01 0.30373E-01 0.84716E+00 0.85806E+00 0.00000E+00 0.00000E+00 0.48214E+00      6054056  14/0.88770E-02
 0.90000E+02 0.10900E-01 0.13054E+00 0.75796E+00 0.20419E-01 0.23165E-01 0.79319E+00 0.76851E+00 0.00000E+00 0.00000E+00 -.51652E+00      6054056  14/0.10900E-01
 0.90000E+02 0.14800E-01 0.96144E-01 0.75583E+00 0.33442E-01 0.36601E-01 0.72022E+00 0.72972E+00 0.00000E+00 0.00000E+00 0.78071E+00      6054056  14/0.14800E-01
 0.12000E+03 0.22000E-02 0.86238E+00 0.13897E+01 0.11423E+00 0.12995E+00 0.12235E+01 0.12751E+01 0.00000E+00 0.00000E+00 0.10031E+01      6054056  15/0.22000E-02
 0.12000E+03 0.25000E-02 0.75889E+00 0.11837E+01 0.95602E-01 0.99890E-01 0.12172E+01 0.12660E+01 0.00000E+00 0.00000E+00 -.86095E+00      6054056  15/0.25000E-02
 0.12000E+03 0.27000E-02 0.70268E+00 0.10805E+01 0.11220E+00 0.10476E+00 0.12076E+01 0.12007E+01 0.00000E+00 0.00000E+00 -.10713E+01      6054056  15/0.27000E-02
 0.12000E+03 0.28000E-02 0.67758E+00 0.11758E+01 0.85184E-01 0.90249E-01 0.12014E+01 0.12477E+01 0.00000E+00 0.00000E+00 -.84463E+00      6054056  15/0.28000E-02
 0.12000E+03 0.30000E-02 0.63241E+00 0.11813E+01 0.93797E-01 0.95318E-01 0.11887E+01 0.11886E+01 0.00000E+00 0.00000E+00 -.78114E-01      6054056  15/0.30000E-02
 0.12000E+03 0.32000E-02 0.59289E+00 0.11183E+01 0.77173E-01 0.81310E-01 0.11744E+01 0.12155E+01 0.00000E+00 0.00000E+00 -.12599E+01      6054056  15/0.32000E-02
 0.12000E+03 0.34000E-02 0.55801E+00 0.11340E+01 0.69263E-01 0.69795E-01 0.11598E+01 0.11680E+01 0.00000E+00 0.00000E+00 -.49138E+00      6054056  15/0.34000E-02
 0.12000E+03 0.36000E-02 0.52701E+00 0.11921E+01 0.69217E-01 0.78184E-01 0.11449E+01 0.11847E+01 0.00000E+00 0.00000E+00 0.10733E+00      6054056  15/0.36000E-02
 0.12000E+03 0.42000E-02 0.45172E+00 0.11385E+01 0.58502E-01 0.61421E-01 0.11013E+01 0.10985E+01 0.00000E+00 0.00000E+00 0.68324E+00      6054056  15/0.42000E-02
 0.12000E+03 0.48000E-02 0.39526E+00 0.10714E+01 0.36398E-01 0.40063E-01 0.10611E+01 0.10601E+01 0.00000E+00 0.00000E+00 0.31125E+00      6054056  15/0.48000E-02
 0.12000E+03 0.59000E-02 0.32157E+00 0.98536E+00 0.36621E-01 0.38459E-01 0.99756E+00 0.98138E+00 0.00000E+00 0.00000E+00 0.10877E+00      6054056  15/0.59000E-02
 0.12000E+03 0.80000E-02 0.23715E+00 0.86922E+00 0.29228E-01 0.31133E-01 0.90626E+00 0.88404E+00 0.00000E+00 0.00000E+00 -.50694E+00      6054056  15/0.80000E-02
 0.12000E+03 0.13000E-01 0.14594E+00 0.72207E+00 0.23690E-01 0.25671E-01 0.77328E+00 0.74852E+00 0.00000E+00 0.00000E+00 -.11166E+01      6054056  15/0.13000E-01
 0.15000E+03 0.28000E-02 0.84698E+00 0.13125E+01 0.13108E+00 0.14624E+00 0.11830E+01 0.12366E+01 0.00000E+00 0.00000E+00 0.57880E+00      6054056  16/0.28000E-02
 0.15000E+03 0.31000E-02 0.76501E+00 0.11836E+01 0.11374E+00 0.11909E+00 0.11759E+01 0.12222E+01 0.00000E+00 0.00000E+00 -.33957E+00      6054056  16/0.31000E-02
 0.15000E+03 0.35000E-02 0.67758E+00 0.13349E+01 0.97189E-01 0.11120E+00 0.11580E+01 0.12013E+01 0.00000E+00 0.00000E+00 0.13742E+01      6054056  16/0.35000E-02
 0.15000E+03 0.39000E-02 0.60809E+00 0.12567E+01 0.85113E-01 0.96309E-01 0.11354E+01 0.11760E+01 0.00000E+00 0.00000E+00 0.94805E+00      6054056  16/0.39000E-02
 0.15000E+03 0.45000E-02 0.52701E+00 0.10503E+01 0.75925E-01 0.79620E-01 0.10992E+01 0.11379E+01 0.00000E+00 0.00000E+00 -.11540E+01      6054056  16/0.45000E-02
 0.15000E+03 0.60000E-02 0.39526E+00 0.10250E+01 0.39537E-01 0.48943E-01 0.10152E+01 0.10519E+01 0.00000E+00 0.00000E+00 -.68140E+00      6054056  16/0.60000E-02
 0.15000E+03 0.80000E-02 0.29644E+00 0.97292E+00 0.38870E-01 0.48308E-01 0.92802E+00 0.96077E+00 0.00000E+00 0.00000E+00 0.31268E+00      6054056  16/0.80000E-02
 0.15000E+03 0.13000E-01 0.18243E+00 0.86345E+00 0.45356E-01 0.53441E-01 0.79016E+00 0.82034E+00 0.00000E+00 0.00000E+00 0.95056E+00      6054056  16/0.13000E-01
 0.15000E+03 0.20000E-01 0.11858E+00 0.79350E+00 0.54848E-01 0.63849E-01 0.68469E+00 0.71099E+00 0.00000E+00 0.00000E+00 0.15043E+01      6054056  16/0.20000E-01
 0.20000E+03 0.37000E-02 0.85461E+00 0.13183E+01 0.15872E+00 0.17949E+00 0.11252E+01 0.11777E+01 0.00000E+00 0.00000E+00 0.88599E+00      6054056  17/0.37000E-02
 0.20000E+03 0.41000E-02 0.77123E+00 0.13112E+01 0.14036E+00 0.15744E+00 0.11160E+01 0.11642E+01 0.00000E+00 0.00000E+00 0.10473E+01      6054056  17/0.41000E-02
 0.20000E+03 0.46000E-02 0.68740E+00 0.10679E+01 0.12146E+00 0.12329E+00 0.10977E+01 0.11394E+01 0.00000E+00 0.00000E+00 -.58859E+00      6054056  17/0.46000E-02
 0.20000E+03 0.52000E-02 0.60809E+00 0.11802E+01 0.10188E+00 0.11202E+00 0.10712E+01 0.11102E+01 0.00000E+00 0.00000E+00 0.68727E+00      6054056  17/0.52000E-02
 0.20000E+03 0.61000E-02 0.51837E+00 0.11162E+01 0.88580E-01 0.97415E-01 0.10301E+01 0.10671E+01 0.00000E+00 0.00000E+00 0.55416E+00      6054056  17/0.61000E-02
 0.20000E+03 0.80000E-02 0.39526E+00 0.96912E+00 0.45736E-01 0.53506E-01 0.95132E+00 0.98498E+00 0.00000E+00 0.00000E+00 -.34681E+00      6054056  17/0.80000E-02
 0.20000E+03 0.13000E-01 0.24324E+00 0.87552E+00 0.38568E-01 0.47092E-01 0.81011E+00 0.83896E+00 0.00000E+00 0.00000E+00 0.94804E+00      6054056  17/0.13000E-01
 0.20000E+03 0.20000E-01 0.15810E+00 0.76545E+00 0.36494E-01 0.43820E-01 0.69939E+00 0.72291E+00 0.00000E+00 0.00000E+00 0.11656E+01      6054056  17/0.20000E-01
 0.20000E+03 0.32000E-01 0.98814E-01 0.61888E+00 0.33714E-01 0.38418E-01 0.59701E+00 0.61817E+00 0.00000E+00 0.00000E+00 0.20913E-01      6054056  17/0.32000E-01
 0.20000E+03 0.50000E-01 0.63241E-01 0.50726E+00 0.33003E-01 0.35640E-01 0.51639E+00 0.53519E+00 0.00000E+00 0.00000E+00 -.84623E+00      6054056  17/0.50000E-01
 0.20000E+03 0.80000E-01 0.39526E-01 0.41852E+00 0.32697E-01 0.33776E-01 0.44506E+00 0.45922E+00 0.00000E+00 0.00000E+00 -.12447E+01      6054056  17/0.80000E-01
 0.20000E+03 0.13000E+00 0.24324E-01 0.38393E+00 0.28248E-01 0.30480E-01 0.37888E+00 0.39042E+00 0.00000E+00 0.00000E+00 -.22982E+00      6054056  17/0.13000E+00
 0.20000E+03 0.18000E+00 0.17567E-01 0.31120E+00 0.30777E-01 0.31124E-01 0.33247E+00 0.34934E+00 0.00000E+00 0.00000E+00 -.12393E+01      6054056  17/0.18000E+00
 0.20000E+03 0.40000E+00 0.79051E-02 0.19826E+00 0.20015E-01 0.23570E-01 0.15875E+00 0.16819E+00 0.00000E+00 0.00000E+00 0.15022E+01      6054056  17/0.40000E+00
 0.25000E+03 0.46000E-02 0.85925E+00 0.87541E+00 0.18864E+00 0.17416E+00 0.10763E+01 0.11265E+01 0.00000E+00 0.00000E+00 -.13313E+01      6054056  18/0.46000E-02
 0.25000E+03 0.52000E-02 0.76011E+00 0.10977E+01 0.15209E+00 0.15859E+00 0.10624E+01 0.11111E+01 0.00000E+00 0.00000E+00 -.88149E-01      6054056  18/0.52000E-02
 0.25000E+03 0.58000E-02 0.68148E+00 0.95633E+00 0.13837E+00 0.13495E+00 0.10429E+01 0.10812E+01 0.00000E+00 0.00000E+00 -.90229E+00      6054056  18/0.58000E-02
 0.25000E+03 0.66000E-02 0.59887E+00 0.95445E+00 0.11405E+00 0.11367E+00 0.10142E+01 0.10511E+01 0.00000E+00 0.00000E+00 -.84712E+00      6054056  18/0.66000E-02
 0.25000E+03 0.76000E-02 0.52007E+00 0.10249E+01 0.97697E-01 0.10406E+00 0.97749E+00 0.10125E+01 0.00000E+00 0.00000E+00 0.12708E+00      6054056  18/0.76000E-02
 0.25000E+03 0.10000E-01 0.39526E+00 0.95951E+00 0.48619E-01 0.56952E-01 0.89941E+00 0.93211E+00 0.00000E+00 0.00000E+00 0.56347E+00      6054056  18/0.10000E-01
 0.25000E+03 0.13000E-01 0.30404E+00 0.85384E+00 0.43597E-01 0.50384E-01 0.82365E+00 0.85403E+00 0.00000E+00 0.00000E+00 -.43238E-02      6054056  18/0.13000E-01
 0.25000E+03 0.20000E-01 0.19763E+00 0.76978E+00 0.39988E-01 0.46979E-01 0.70985E+00 0.73586E+00 0.00000E+00 0.00000E+00 0.84819E+00      6054056  18/0.20000E-01
 0.25000E+03 0.32000E-01 0.12352E+00 0.62960E+00 0.35790E-01 0.40640E-01 0.60373E+00 0.62348E+00 0.00000E+00 0.00000E+00 0.17094E+00      6054056  18/0.32000E-01
 0.25000E+03 0.50000E-01 0.79051E-01 0.54922E+00 0.31972E-01 0.36334E-01 0.52006E+00 0.53735E+00 0.00000E+00 0.00000E+00 0.37114E+00      6054056  18/0.50000E-01
 0.25000E+03 0.80000E-01 0.49407E-01 0.46487E+00 0.29614E-01 0.32949E-01 0.44613E+00 0.46005E+00 0.00000E+00 0.00000E+00 0.16277E+00      6054056  18/0.80000E-01
 0.25000E+03 0.13000E+00 0.30404E-01 0.39288E+00 0.24363E-01 0.27233E-01 0.37789E+00 0.38877E+00 0.00000E+00 0.00000E+00 0.16885E+00      6054056  18/0.13000E+00
 0.25000E+03 0.18000E+00 0.21959E-01 0.36459E+00 0.24918E-01 0.28411E-01 0.33034E+00 0.34522E+00 0.00000E+00 0.00000E+00 0.77718E+00      6054056  18/0.18000E+00
 0.25000E+03 0.40000E+00 0.98814E-02 0.16729E+00 0.16973E-01 0.18749E-01 0.15530E+00 0.16496E+00 0.00000E+00 0.00000E+00 0.13705E+00      6054056  18/0.40000E+00
 0.30000E+03 0.56000E-02 0.84698E+00 0.12260E+01 0.17716E+00 0.19905E+00 0.10322E+01 0.10842E+01 0.00000E+00 0.00000E+00 0.80039E+00      6054056  19/0.56000E-02
 0.30000E+03 0.62000E-02 0.76501E+00 0.88208E+00 0.17071E+00 0.16095E+00 0.10194E+01 0.10639E+01 0.00000E+00 0.00000E+00 -.10651E+01      6054056  19/0.62000E-02
 0.30000E+03 0.69000E-02 0.68740E+00 0.97889E+00 0.14742E+00 0.14836E+00 0.99993E+00 0.10358E+01 0.00000E+00 0.00000E+00 -.38605E+00      6054056  19/0.69000E-02
 0.30000E+03 0.79000E-02 0.60039E+00 0.10459E+01 0.12881E+00 0.13702E+00 0.96942E+00 0.10047E+01 0.00000E+00 0.00000E+00 0.32019E+00      6054056  19/0.79000E-02
 0.30000E+03 0.91000E-02 0.52122E+00 0.86827E+00 0.10884E+00 0.10764E+00 0.93316E+00 0.96703E+00 0.00000E+00 0.00000E+00 -.90740E+00      6054056  19/0.91000E-02
 0.30000E+03 0.12100E-01 0.39199E+00 0.91173E+00 0.53740E-01 0.61140E-01 0.85295E+00 0.88421E+00 0.00000E+00 0.00000E+00 0.51212E+00      6054056  19/0.12100E-01
 0.30000E+03 0.20000E-01 0.23715E+00 0.66705E+00 0.44260E-01 0.46525E-01 0.71762E+00 0.74349E+00 0.00000E+00 0.00000E+00 -.17271E+01      6054056  19/0.20000E-01
 0.30000E+03 0.32000E-01 0.14822E+00 0.62543E+00 0.40817E-01 0.44911E-01 0.60883E+00 0.62958E+00 0.00000E+00 0.00000E+00 -.10176E+00      6054056  19/0.32000E-01
 0.30000E+03 0.50000E-01 0.94862E-01 0.54525E+00 0.36523E-01 0.40339E-01 0.52282E+00 0.54054E+00 0.00000E+00 0.00000E+00 0.12887E+00      6054056  19/0.50000E-01
 0.30000E+03 0.80000E-01 0.59289E-01 0.48650E+00 0.34004E-01 0.38074E-01 0.44689E+00 0.46104E+00 0.00000E+00 0.00000E+00 0.74883E+00      6054056  19/0.80000E-01
 0.30000E+03 0.13000E+00 0.36485E-01 0.37936E+00 0.27784E-01 0.29889E-01 0.37704E+00 0.38768E+00 0.00000E+00 0.00000E+00 -.29958E+00      6054056  19/0.13000E+00
 0.30000E+03 0.18000E+00 0.26350E-01 0.33025E+00 0.27328E-01 0.29087E-01 0.32861E+00 0.34166E+00 0.00000E+00 0.00000E+00 -.41743E+00      6054056  19/0.18000E+00
 0.30000E+03 0.40000E+00 0.11858E-01 0.15995E+00 0.19402E-01 0.20950E-01 0.15260E+00 0.16291E+00 0.00000E+00 0.00000E+00 -.15253E+00      6054056  19/0.40000E+00
 0.40000E+03 0.74000E-02 0.85461E+00 0.82658E+00 0.20364E+00 0.19153E+00 0.96294E+00 0.10116E+01 0.00000E+00 0.00000E+00 -.90844E+00      6054056  20/0.74000E-02
 0.40000E+03 0.83000E-02 0.76194E+00 0.60217E+00 0.17367E+00 0.13917E+00 0.94670E+00 0.98696E+00 0.00000E+00 0.00000E+00 -.22157E+01      6054056  20/0.83000E-02
 0.40000E+03 0.93000E-02 0.68001E+00 0.10262E+01 0.15581E+00 0.16667E+00 0.92491E+00 0.95920E+00 0.00000E+00 0.00000E+00 0.43005E+00      6054056  20/0.93000E-02
 0.40000E+03 0.10500E-01 0.60230E+00 0.88735E+00 0.13837E+00 0.13985E+00 0.89629E+00 0.92904E+00 0.00000E+00 0.00000E+00 -.30131E+00      6054056  20/0.10500E-01
 0.40000E+03 0.12100E-01 0.52265E+00 0.10127E+01 0.12068E+00 0.13409E+00 0.86069E+00 0.89171E+00 0.00000E+00 0.00000E+00 0.10026E+01      6054056  20/0.12100E-01
 0.40000E+03 0.16100E-01 0.39280E+00 0.88429E+00 0.58812E-01 0.67201E-01 0.78473E+00 0.81331E+00 0.00000E+00 0.00000E+00 0.12068E+01      6054056  20/0.16100E-01
 0.40000E+03 0.32000E-01 0.19763E+00 0.65000E+00 0.45789E-01 0.50454E-01 0.61597E+00 0.63830E+00 0.00000E+00 0.00000E+00 0.25549E+00      6054056  20/0.32000E-01
 0.40000E+03 0.50000E-01 0.12648E+00 0.51898E+00 0.41321E-01 0.43533E-01 0.52667E+00 0.54435E+00 0.00000E+00 0.00000E+00 -.61397E+00      6054056  20/0.50000E-01
 0.40000E+03 0.80000E-01 0.79051E-01 0.45273E+00 0.38225E-01 0.40500E-01 0.44786E+00 0.46260E+00 0.00000E+00 0.00000E+00 -.25812E+00      6054056  20/0.80000E-01
 0.40000E+03 0.13000E+00 0.48647E-01 0.37996E+00 0.31208E-01 0.33169E-01 0.37561E+00 0.38666E+00 0.00000E+00 0.00000E+00 -.21471E+00      6054056  20/0.13000E+00
 0.40000E+03 0.18000E+00 0.35134E-01 0.35323E+00 0.29366E-01 0.32289E-01 0.32590E+00 0.33890E+00 0.00000E+00 0.00000E+00 0.48786E+00      6054056  20/0.18000E+00
 0.40000E+03 0.40000E+00 0.15810E-01 0.16276E+00 0.21076E-01 0.23133E-01 0.14853E+00 0.15861E+00 0.00000E+00 0.00000E+00 0.19714E+00      6054056  20/0.40000E+00
 0.50000E+03 0.93000E-02 0.85002E+00 0.74414E+00 0.22521E+00 0.20595E+00 0.90602E+00 0.95227E+00 0.00000E+00 0.00000E+00 -.92415E+00      6054056  21/0.93000E-02
 0.50000E+03 0.10400E-01 0.76011E+00 0.73913E+00 0.18413E+00 0.16907E+00 0.88790E+00 0.92057E+00 0.00000E+00 0.00000E+00 -.98536E+00      6054056  21/0.10400E-01
 0.50000E+03 0.11600E-01 0.68148E+00 0.11883E+01 0.16329E+00 0.19440E+00 0.86671E+00 0.89862E+00 0.00000E+00 0.00000E+00 0.17740E+01      6054056  21/0.11600E-01
 0.50000E+03 0.13100E-01 0.60345E+00 0.86231E+00 0.15005E+00 0.15397E+00 0.83941E+00 0.87004E+00 0.00000E+00 0.00000E+00 -.51506E-01      6054056  21/0.13100E-01
 0.50000E+03 0.15200E-01 0.52007E+00 0.10466E+01 0.12955E+00 0.15101E+00 0.80310E+00 0.83267E+00 0.00000E+00 0.00000E+00 0.16514E+01      6054056  21/0.15200E-01
 0.50000E+03 0.20100E-01 0.39329E+00 0.73830E+00 0.66612E-01 0.69980E-01 0.73198E+00 0.75906E+00 0.00000E+00 0.00000E+00 -.31172E+00      6054056  21/0.20100E-01
 0.50000E+03 0.32000E-01 0.24704E+00 0.69086E+00 0.54683E-01 0.60871E-01 0.62048E+00 0.64353E+00 0.00000E+00 0.00000E+00 0.86553E+00      6054056  21/0.32000E-01
 0.50000E+03 0.50000E-01 0.15810E+00 0.56712E+00 0.48399E-01 0.52557E-01 0.52912E+00 0.54749E+00 0.00000E+00 0.00000E+00 0.40549E+00      6054056  21/0.50000E-01
 0.50000E+03 0.80000E-01 0.98814E-01 0.45383E+00 0.43596E-01 0.45658E-01 0.44834E+00 0.46445E+00 0.00000E+00 0.00000E+00 -.24365E+00      6054056  21/0.80000E-01
 0.50000E+03 0.13000E+00 0.60809E-01 0.38745E+00 0.43256E-01 0.45335E-01 0.37441E+00 0.38627E+00 0.00000E+00 0.00000E+00 0.27394E-01      6054056  21/0.13000E+00
 0.50000E+03 0.18000E+00 0.43917E-01 0.35110E+00 0.38282E-01 0.41117E-01 0.32379E+00 0.33340E+00 0.00000E+00 0.00000E+00 0.46232E+00      6054056  21/0.18000E+00
 0.50000E+03 0.25000E+00 0.31621E-01 0.23686E+00 0.33648E-01 0.32571E-01 0.26359E+00 0.27476E+00 0.00000E+00 0.00000E+00 -.11265E+01      6054056  21/0.25000E+00
 0.50000E+03 0.40000E+00 0.19763E-01 0.18242E+00 0.26252E-01 0.30318E-01 0.14553E+00 0.15443E+00 0.00000E+00 0.00000E+00 0.10663E+01      6054056  21/0.40000E+00
 0.50000E+03 0.65000E+00 0.12162E-01 0.22579E-01 0.59840E-02 0.63783E-02 0.20509E-01 0.22115E-01 0.00000E+00 0.00000E+00 0.77589E-01      6054056  21/0.65000E+00
 0.65000E+03 0.12100E-01 0.84931E+00 0.50105E+00 0.24826E+00 0.19219E+00 0.83774E+00 0.87357E+00 0.00000E+00 0.00000E+00 -.15005E+01      6054056  22/0.12100E-01
 0.65000E+03 0.13500E-01 0.76124E+00 0.70451E+00 0.21409E+00 0.19927E+00 0.82027E+00 0.85020E+00 0.00000E+00 0.00000E+00 -.68048E+00      6054056  22/0.13500E-01
 0.65000E+03 0.15100E-01 0.68057E+00 0.68769E+00 0.18534E+00 0.17296E+00 0.79845E+00 0.82780E+00 0.00000E+00 0.00000E+00 -.75595E+00      6054056  22/0.15100E-01
 0.65000E+03 0.17100E-01 0.60098E+00 0.70065E+00 0.15653E+00 0.15037E+00 0.77148E+00 0.79983E+00 0.00000E+00 0.00000E+00 -.63360E+00      6054056  22/0.17100E-01
 0.65000E+03 0.19700E-01 0.52166E+00 0.48422E+00 0.13529E+00 0.11016E+00 0.73843E+00 0.76573E+00 0.00000E+00 0.00000E+00 -.20807E+01      6054056  22/0.19700E-01
 0.65000E+03 0.26100E-01 0.39374E+00 0.64016E+00 0.70521E-01 0.71111E-01 0.67114E+00 0.69567E+00 0.00000E+00 0.00000E+00 -.78712E+00      6054056  22/0.26100E-01
 0.65000E+03 0.50000E-01 0.20553E+00 0.46856E+00 0.58149E-01 0.56117E-01 0.53119E+00 0.55072E+00 0.00000E+00 0.00000E+00 -.14129E+01      6054056  22/0.50000E-01
 0.65000E+03 0.80000E-01 0.12846E+00 0.46097E+00 0.51086E-01 0.53388E-01 0.44848E+00 0.46386E+00 0.00000E+00 0.00000E+00 -.56589E-01      6054056  22/0.80000E-01
 0.65000E+03 0.13000E+00 0.79051E-01 0.40376E+00 0.51269E-01 0.54565E-01 0.37286E+00 0.38501E+00 0.00000E+00 0.00000E+00 0.36576E+00      6054056  22/0.13000E+00
 0.65000E+03 0.18000E+00 0.57093E-01 0.33215E+00 0.45318E-01 0.47021E-01 0.32129E+00 0.33154E+00 0.00000E+00 0.00000E+00 0.13483E-01      6054056  22/0.18000E+00
 0.65000E+03 0.25000E+00 0.41107E-01 0.24762E+00 0.38539E-01 0.38235E-01 0.26032E+00 0.27021E+00 0.00000E+00 0.00000E+00 -.58621E+00      6054056  22/0.25000E+00
 0.65000E+03 0.40000E+00 0.25692E-01 0.16918E+00 0.28880E-01 0.32264E-01 0.14217E+00 0.15016E+00 0.00000E+00 0.00000E+00 0.65860E+00      6054056  22/0.40000E+00
 0.65000E+03 0.65000E+00 0.15810E-01 0.25337E-01 0.71203E-02 0.82160E-02 0.19601E-01 0.21152E-01 0.00000E+00 0.00000E+00 0.58778E+00      6054056  22/0.65000E+00
 0.80000E+03 0.14900E-01 0.84887E+00 0.67167E+00 0.23099E+00 0.21436E+00 0.78466E+00 0.81516E+00 0.00000E+00 0.00000E+00 -.62121E+00      6054056  23/0.14900E-01
 0.80000E+03 0.16600E-01 0.76194E+00 0.49282E+00 0.23505E+00 0.18867E+00 0.76691E+00 0.79455E+00 0.00000E+00 0.00000E+00 -.12837E+01      6054056  23/0.16600E-01
 0.80000E+03 0.18500E-01 0.68369E+00 0.68273E+00 0.19240E+00 0.18495E+00 0.74623E+00 0.77411E+00 0.00000E+00 0.00000E+00 -.47495E+00      6054056  23/0.18500E-01
 0.80000E+03 0.21000E-01 0.60230E+00 0.66634E+00 0.16866E+00 0.16332E+00 0.71955E+00 0.74556E+00 0.00000E+00 0.00000E+00 -.46969E+00      6054056  23/0.21000E-01
 0.80000E+03 0.24200E-01 0.52265E+00 0.65095E+00 0.14580E+00 0.14295E+00 0.68792E+00 0.71262E+00 0.00000E+00 0.00000E+00 -.42301E+00      6054056  23/0.24200E-01
 0.80000E+03 0.32200E-01 0.39280E+00 0.49570E+00 0.75312E-01 0.68461E-01 0.62348E+00 0.64690E+00 0.00000E+00 0.00000E+00 -.20077E+01      6054056  23/0.32200E-01
 0.80000E+03 0.50000E-01 0.25296E+00 0.58519E+00 0.66557E-01 0.71726E-01 0.53190E+00 0.55141E+00 0.00000E+00 0.00000E+00 0.50756E+00      6054056  23/0.50000E-01
 0.80000E+03 0.80000E-01 0.15810E+00 0.56182E+00 0.59686E-01 0.68708E-01 0.44814E+00 0.46405E+00 0.00000E+00 0.00000E+00 0.16380E+01      6054056  23/0.80000E-01
 0.80000E+03 0.13000E+00 0.97294E-01 0.29744E+00 0.60395E-01 0.54644E-01 0.37145E+00 0.38448E+00 0.00000E+00 0.00000E+00 -.14411E+01      6054056  23/0.13000E+00
 0.80000E+03 0.18000E+00 0.70268E-01 0.26735E+00 0.54091E-01 0.50038E-01 0.31925E+00 0.32906E+00 0.00000E+00 0.00000E+00 -.11408E+01      6054056  23/0.18000E+00
 0.80000E+03 0.25000E+00 0.50593E-01 0.18681E+00 0.44373E-01 0.38088E-01 0.25777E+00 0.26748E+00 0.00000E+00 0.00000E+00 -.18180E+01      6054056  23/0.25000E+00
 0.80000E+03 0.40000E+00 0.31621E-01 0.17199E+00 0.32452E-01 0.36554E-01 0.13964E+00 0.14733E+00 0.00000E+00 0.00000E+00 0.75988E+00      6054056  23/0.40000E+00
 0.80000E+03 0.65000E+00 0.19459E-01 0.24235E-01 0.82950E-02 0.94921E-02 0.18933E-01 0.20491E-01 0.00000E+00 0.00000E+00 0.45139E+00      6054056  23/0.65000E+00
     2823329
 HERA1+2 NCep 460                                                                
Plot1@Experiment:HERA1+2@ExtraLabel:e^{+}p #rightarrow e^{+}X (NC), E_{p} = 460 GeV @XTitle: x @YTitle: #sigma_{red}  @Title:Q^{2} = 1.5 @Xlog
Plot2@Experiment:HERA1+2@ExtraLabel:e^{+}p #rightarrow e^{+}X (NC), E_{p} = 460 GeV @XTitle: x @YTitle: #sigma_{red}  @Title:Q^{2} = 2.0 @Xlog
Plot3@Experiment:HERA1+2@ExtraLabel:e^{+}p #rightarrow e^{+}X (NC), E_{p} = 460 GeV @XTitle: x @YTitle: #sigma_{red}  @Title:Q^{2} = 2.5 @Xlog
Plot4@Experiment:HERA1+2@ExtraLabel:e^{+}p #rightarrow e^{+}X (NC), E_{p} = 460 GeV @XTitle: x @YTitle: #sigma_{red}  @Title:Q^{2} = 3.5 @Xlog
Plot5@Experiment:HERA1+2@ExtraLabel:e^{+}p #rightarrow e^{+}X (NC), E_{p} = 460 GeV @XTitle: x @YTitle: #sigma_{red}  @Title:Q^{2} = 5 @Xlog
Plot6@Experiment:HERA1+2@ExtraLabel:e^{+}p #rightarrow e^{+}X (NC), E_{p} = 460 GeV @XTitle: x @YTitle: #sigma_{red}  @Title:Q^{2} = 6.5 @Xlog
Plot7@Experiment:HERA1+2@ExtraLabel:e^{+}p #rightarrow e^{+}X (NC), E_{p} = 460 GeV @XTitle: x @YTitle: #sigma_{red}  @Title:Q^{2} = 8.5 @Xlog
Plot8@Experiment:HERA1+2@ExtraLabel:e^{+}p #rightarrow e^{+}X (NC), E_{p} = 460 GeV @XTitle: x @YTitle: #sigma_{red}  @Title:Q^{2} = 12  @Xlog
Plot9@Experiment:HERA1+2@ExtraLabel:e^{+}p #rightarrow e^{+}X (NC), E_{p} = 460 GeV @XTitle: x @YTitle: #sigma_{red}  @Title:Q^{2} = 15  @Xlog
Plot10@Experiment:HERA1+2@ExtraLabel:e^{+}p #rightarrow e^{+}X (NC), E_{p} = 460 GeV @XTitle: x @YTitle: #sigma_{red}  @Title:Q^{2} = 20  @Xlog
Plot11@Experiment:HERA1+2@ExtraLabel:e^{+}p #rightarrow e^{+}X (NC), E_{p} = 460 GeV @XTitle: x @YTitle: #sigma_{red}  @Title:Q^{2} = 25  @Xlog
Plot12@Experiment:HERA1+2@ExtraLabel:e^{+}p #rightarrow e^{+}X (NC), E_{p} = 460 GeV @XTitle: x @YTitle: #sigma_{red}  @Title:Q^{2} = 35  @Xlog
Plot13@Experiment:HERA1+2@ExtraLabel:e^{+}p #rightarrow e^{+}X (NC), E_{p} = 460 GeV @XTitle: x @YTitle: #sigma_{red}  @Title:Q^{2} = 45  @Xlog
Plot14@Experiment:HERA1+2@ExtraLabel:e^{+}p #rightarrow e^{+}X (NC), E_{p} = 460 GeV @XTitle: x @YTitle: #sigma_{red}  @Title:Q^{2} = 60  @Xlog
Plot15@Experiment:HERA1+2@ExtraLabel:e^{+}p #rightarrow e^{+}X (NC), E_{p} = 460 GeV @XTitle: x @YTitle: #sigma_{red}  @Title:Q^{2} = 90  @Xlog
Plot16@Experiment:HERA1+2@ExtraLabel:e^{+}p #rightarrow e^{+}X (NC), E_{p} = 460 GeV @XTitle: x @YTitle: #sigma_{red}  @Title:Q^{2} = 120 @Xlog
Plot17@Experiment:HERA1+2@ExtraLabel:e^{+}p #rightarrow e^{+}X (NC), E_{p} = 460 GeV @XTitle: x @YTitle: #sigma_{red}  @Title:Q^{2} = 150 @Xlog
Plot18@Experiment:HERA1+2@ExtraLabel:e^{+}p #rightarrow e^{+}X (NC), E_{p} = 460 GeV @XTitle: x @YTitle: #sigma_{red}  @Title:Q^{2} = 200 @Xlog
Plot19@Experiment:HERA1+2@ExtraLabel:e^{+}p #rightarrow e^{+}X (NC), E_{p} = 460 GeV @XTitle: x @YTitle: #sigma_{red}  @Title:Q^{2} = 250 @Xlog
Plot20@Experiment:HERA1+2@ExtraLabel:e^{+}p #rightarrow e^{+}X (NC), E_{p} = 460 GeV @XTitle: x @YTitle: #sigma_{red}  @Title:Q^{2} = 300 @Xlog
Plot21@Experiment:HERA1+2@ExtraLabel:e^{+}p #rightarrow e^{+}X (NC), E_{p} = 460 GeV @XTitle: x @YTitle: #sigma_{red}  @Title:Q^{2} = 400 @Xlog
Plot22@Experiment:HERA1+2@ExtraLabel:e^{+}p #rightarrow e^{+}X (NC), E_{p} = 460 GeV @XTitle: x @YTitle: #sigma_{red}  @Title:Q^{2} = 500 @Xlog
Plot23@Experiment:HERA1+2@ExtraLabel:e^{+}p #rightarrow e^{+}X (NC), E_{p} = 460 GeV @XTitle: x @YTitle: #sigma_{red}  @Title:Q^{2} = 650 @Xlog
Plot24@Experiment:HERA1+2@ExtraLabel:e^{+}p #rightarrow e^{+}X (NC), E_{p} = 460 GeV @XTitle: x @YTitle: #sigma_{red}  @Title:Q^{2} = 800  @Xlog
 Q2          x           y              data      +- uncor     +- tot     th orig         th mod   therr+         therr-     pull    iset       iplot
 0.35000E+01 0.81200E-04 0.85185E+00 0.81942E+00 0.51484E-01 0.72721E-01 0.91333E+00 0.82953E+00 0.00000E+00 0.00000E+00 -.19632E+00      2823329   3/0.81200E-04
 0.35000E+01 0.92100E-04 0.75103E+00 0.83846E+00 0.32389E-01 0.41728E-01 0.91255E+00 0.87870E+00 0.00000E+00 0.00000E+00 -.12423E+01      2823329   3/0.92100E-04
 0.35000E+01 0.10620E-03 0.65132E+00 0.87477E+00 0.28630E-01 0.36652E-01 0.90573E+00 0.88446E+00 0.00000E+00 0.00000E+00 -.33836E+00      2823329   3/0.10620E-03
 0.35000E+01 0.14090E-03 0.49092E+00 0.80965E+00 0.30317E-01 0.34824E-01 0.87921E+00 0.82431E+00 0.00000E+00 0.00000E+00 -.48340E+00      2823329   3/0.14090E-03
 0.50000E+01 0.11600E-03 0.85185E+00 0.98048E+00 0.56813E-01 0.95234E-01 0.99521E+00 0.90421E+00 0.00000E+00 0.00000E+00 0.13425E+01      2823329   4/0.11600E-03
 0.50000E+01 0.13150E-03 0.75144E+00 0.93991E+00 0.34254E-01 0.42869E-01 0.99691E+00 0.95896E+00 0.00000E+00 0.00000E+00 -.55617E+00      2823329   4/0.13150E-03
 0.50000E+01 0.14300E-03 0.69101E+00 0.10477E+01 0.13914E+00 0.14673E+00 0.99456E+00 0.10196E+01 0.00000E+00 0.00000E+00 0.20198E+00      2823329   4/0.14300E-03
 0.50000E+01 0.15170E-03 0.65138E+00 0.98382E+00 0.27252E-01 0.33371E-01 0.99140E+00 0.97595E+00 0.00000E+00 0.00000E+00 0.28891E+00      2823329   4/0.15170E-03
 0.50000E+01 0.20130E-03 0.49088E+00 0.91968E+00 0.21058E-01 0.25987E-01 0.96395E+00 0.92869E+00 0.00000E+00 0.00000E+00 -.42798E+00      2823329   4/0.20130E-03
 0.65000E+01 0.15090E-03 0.85128E+00 0.10698E+01 0.61310E-01 0.10072E+00 0.10521E+01 0.95157E+00 0.00000E+00 0.00000E+00 0.19284E+01      2823329   5/0.15090E-03
 0.65000E+01 0.17100E-03 0.75122E+00 0.10118E+01 0.33655E-01 0.44158E-01 0.10559E+01 0.10147E+01 0.00000E+00 0.00000E+00 -.86348E-01      2823329   5/0.17100E-03
 0.65000E+01 0.18300E-03 0.70196E+00 0.10429E+01 0.10561E+00 0.11128E+00 0.10549E+01 0.10659E+01 0.00000E+00 0.00000E+00 -.21737E+00      2823329   5/0.18300E-03
 0.65000E+01 0.19730E-03 0.65108E+00 0.10259E+01 0.28147E-01 0.33301E-01 0.10513E+01 0.10354E+01 0.00000E+00 0.00000E+00 -.33757E+00      2823329   5/0.19730E-03
 0.65000E+01 0.22800E-03 0.56341E+00 0.10672E+01 0.10508E+00 0.10946E+00 0.10392E+01 0.10505E+01 0.00000E+00 0.00000E+00 0.15866E+00      2823329   5/0.22800E-03
 0.65000E+01 0.26170E-03 0.49086E+00 0.10086E+01 0.20289E-01 0.26454E-01 0.10228E+01 0.99516E+00 0.00000E+00 0.00000E+00 0.66244E+00      2823329   5/0.26170E-03
 0.65000E+01 0.33000E-03 0.38927E+00 0.99041E+00 0.11281E+00 0.11423E+00 0.98847E+00 0.99581E+00 0.00000E+00 0.00000E+00 -.47882E-01      2823329   5/0.33000E-03
 0.65000E+01 0.41360E-03 0.31059E+00 0.96883E+00 0.20709E-01 0.26685E-01 0.95085E+00 0.96645E+00 0.00000E+00 0.00000E+00 0.11500E+00      2823329   5/0.41360E-03
 0.85000E+01 0.19730E-03 0.85142E+00 0.10107E+01 0.65583E-01 0.10882E+00 0.11050E+01 0.98961E+00 0.00000E+00 0.00000E+00 0.32163E+00      2823329   6/0.19730E-03
 0.85000E+01 0.22360E-03 0.75127E+00 0.10637E+01 0.33865E-01 0.44710E-01 0.11108E+01 0.10863E+01 0.00000E+00 0.00000E+00 -.66636E+00      2823329   6/0.22360E-03
 0.85000E+01 0.24000E-03 0.69993E+00 0.11947E+01 0.59156E-01 0.72729E-01 0.11101E+01 0.11088E+01 0.00000E+00 0.00000E+00 0.14528E+01      2823329   6/0.24000E-03
 0.85000E+01 0.25800E-03 0.65110E+00 0.11188E+01 0.27393E-01 0.37442E-01 0.11069E+01 0.11018E+01 0.00000E+00 0.00000E+00 0.62158E+00      2823329   6/0.25800E-03
 0.85000E+01 0.29900E-03 0.56182E+00 0.11882E+01 0.62839E-01 0.70538E-01 0.10940E+01 0.11086E+01 0.00000E+00 0.00000E+00 0.12665E+01      2823329   6/0.29900E-03
 0.85000E+01 0.34220E-03 0.49089E+00 0.10570E+01 0.20601E-01 0.27390E-01 0.10766E+01 0.10526E+01 0.00000E+00 0.00000E+00 0.21320E+00      2823329   6/0.34220E-03
 0.85000E+01 0.43300E-03 0.38795E+00 0.11513E+01 0.79761E-01 0.88973E-01 0.10383E+01 0.10560E+01 0.00000E+00 0.00000E+00 0.11944E+01      2823329   6/0.43300E-03
 0.85000E+01 0.54090E-03 0.31056E+00 0.10201E+01 0.19562E-01 0.25586E-01 0.99773E+00 0.10078E+01 0.00000E+00 0.00000E+00 0.62736E+00      2823329   6/0.54090E-03
 0.85000E+01 0.83840E-03 0.20036E+00 0.94303E+00 0.18643E-01 0.24577E-01 0.91483E+00 0.92718E+00 0.00000E+00 0.00000E+00 0.85029E+00      2823329   6/0.83840E-03
 0.85000E+01 0.13970E-02 0.12025E+00 0.86446E+00 0.18128E-01 0.24071E-01 0.82250E+00 0.83587E+00 0.00000E+00 0.00000E+00 0.15774E+01      2823329   6/0.13970E-02
 0.12000E+02 0.27850E-03 0.85154E+00 0.11616E+01 0.64268E-01 0.95528E-01 0.11629E+01 0.10775E+01 0.00000E+00 0.00000E+00 0.13089E+01      2823329   7/0.27850E-03
 0.12000E+02 0.31560E-03 0.75144E+00 0.11775E+01 0.33297E-01 0.46389E-01 0.11701E+01 0.11460E+01 0.00000E+00 0.00000E+00 0.94561E+00      2823329   7/0.31560E-03
 0.12000E+02 0.34300E-03 0.69141E+00 0.11660E+01 0.50005E-01 0.58847E-01 0.11695E+01 0.11645E+01 0.00000E+00 0.00000E+00 0.30776E-01      2823329   7/0.34300E-03
 0.12000E+02 0.36420E-03 0.65116E+00 0.11273E+01 0.27861E-01 0.35345E-01 0.11664E+01 0.11571E+01 0.00000E+00 0.00000E+00 -.10697E+01      2823329   7/0.36420E-03
 0.12000E+02 0.42300E-03 0.56065E+00 0.12347E+01 0.38769E-01 0.50021E-01 0.11519E+01 0.11720E+01 0.00000E+00 0.00000E+00 0.16178E+01      2823329   7/0.42300E-03
 0.12000E+02 0.48310E-03 0.49090E+00 0.11199E+01 0.20279E-01 0.28240E-01 0.11326E+01 0.11207E+01 0.00000E+00 0.00000E+00 -.39667E-01      2823329   7/0.48310E-03
 0.12000E+02 0.59200E-03 0.40060E+00 0.11422E+01 0.47768E-01 0.53589E-01 0.10961E+01 0.11048E+01 0.00000E+00 0.00000E+00 0.78209E+00      2823329   7/0.59200E-03
 0.12000E+02 0.76360E-03 0.31057E+00 0.10325E+01 0.19380E-01 0.25768E-01 0.10442E+01 0.10549E+01 0.00000E+00 0.00000E+00 -.11566E+01      2823329   7/0.76360E-03
 0.12000E+02 0.11840E-02 0.20030E+00 0.97922E+00 0.18360E-01 0.24597E-01 0.95129E+00 0.96355E+00 0.00000E+00 0.00000E+00 0.85373E+00      2823329   7/0.11840E-02
 0.12000E+02 0.19730E-02 0.12020E+00 0.87972E+00 0.17108E-01 0.23903E-01 0.84861E+00 0.85891E+00 0.00000E+00 0.00000E+00 0.12164E+01      2823329   7/0.19730E-02
 0.15000E+02 0.34810E-03 0.85160E+00 0.12427E+01 0.67482E-01 0.88095E-01 0.11930E+01 0.11304E+01 0.00000E+00 0.00000E+00 0.16646E+01      2823329   8/0.34810E-03
 0.15000E+02 0.39450E-03 0.75144E+00 0.11382E+01 0.33002E-01 0.39662E-01 0.12008E+01 0.11688E+01 0.00000E+00 0.00000E+00 -.92768E+00      2823329   8/0.39450E-03
 0.15000E+02 0.42200E-03 0.70247E+00 0.11906E+01 0.40710E-01 0.47931E-01 0.12002E+01 0.12053E+01 0.00000E+00 0.00000E+00 -.35990E+00      2823329   8/0.42200E-03
 0.15000E+02 0.45520E-03 0.65124E+00 0.11743E+01 0.26665E-01 0.35309E-01 0.11967E+01 0.11867E+01 0.00000E+00 0.00000E+00 -.46367E+00      2823329   8/0.45520E-03
 0.15000E+02 0.52900E-03 0.56038E+00 0.12540E+01 0.27931E-01 0.38997E-01 0.11808E+01 0.11930E+01 0.00000E+00 0.00000E+00 0.21852E+01      2823329   8/0.52900E-03
 0.15000E+02 0.60390E-03 0.49088E+00 0.11704E+01 0.18214E-01 0.28085E-01 0.11602E+01 0.11563E+01 0.00000E+00 0.00000E+00 0.77341E+00      2823329   8/0.60390E-03
 0.15000E+02 0.76300E-03 0.38852E+00 0.11680E+01 0.29713E-01 0.38641E-01 0.11143E+01 0.11264E+01 0.00000E+00 0.00000E+00 0.13989E+01      2823329   8/0.76300E-03
 0.15000E+02 0.95450E-03 0.31057E+00 0.10831E+01 0.18015E-01 0.26380E-01 0.10654E+01 0.10722E+01 0.00000E+00 0.00000E+00 0.60327E+00      2823329   8/0.95450E-03
 0.15000E+02 0.14790E-02 0.20043E+00 0.94294E+00 0.17410E-01 0.23363E-01 0.96651E+00 0.97605E+00 0.00000E+00 0.00000E+00 -.19015E+01      2823329   8/0.14790E-02
 0.15000E+02 0.24660E-02 0.12021E+00 0.85624E+00 0.16204E-01 0.23129E-01 0.85707E+00 0.86610E+00 0.00000E+00 0.00000E+00 -.60862E+00      2823329   8/0.24660E-02
 0.20000E+02 0.46420E-03 0.85148E+00 0.10297E+01 0.78337E-01 0.86428E-01 0.12223E+01 0.11373E+01 0.00000E+00 0.00000E+00 -.13731E+01      2823329   9/0.46420E-03
 0.20000E+02 0.52610E-03 0.75130E+00 0.12138E+01 0.44787E-01 0.51282E-01 0.12299E+01 0.12012E+01 0.00000E+00 0.00000E+00 0.28107E+00      2823329   9/0.52610E-03
 0.20000E+02 0.60700E-03 0.65116E+00 0.11796E+01 0.37635E-01 0.41178E-01 0.12246E+01 0.12049E+01 0.00000E+00 0.00000E+00 -.67316E+00      2823329   9/0.60700E-03
 0.20000E+02 0.80520E-03 0.49088E+00 0.11713E+01 0.25202E-01 0.32673E-01 0.11842E+01 0.11661E+01 0.00000E+00 0.00000E+00 0.20663E+00      2823329   9/0.80520E-03
 0.20000E+02 0.12730E-02 0.31049E+00 0.10893E+01 0.22663E-01 0.29228E-01 0.10812E+01 0.10933E+01 0.00000E+00 0.00000E+00 -.17449E+00      2823329   9/0.12730E-02
 0.20000E+02 0.19730E-02 0.20033E+00 0.98618E+00 0.20631E-01 0.26346E-01 0.97501E+00 0.98533E+00 0.00000E+00 0.00000E+00 0.41361E-01      2823329   9/0.19730E-02
 0.20000E+02 0.32880E-02 0.12021E+00 0.87679E+00 0.18858E-01 0.24629E-01 0.85867E+00 0.86898E+00 0.00000E+00 0.00000E+00 0.41432E+00      2823329   9/0.32880E-02
 0.25000E+02 0.61650E-03 0.80141E+00 0.12106E+01 0.46959E-01 0.51787E-01 0.12398E+01 0.12040E+01 0.00000E+00 0.00000E+00 0.14059E+00      2823329  10/0.61650E-03
 0.25000E+02 0.65700E-03 0.75201E+00 0.12095E+01 0.48957E-01 0.54021E-01 0.12416E+01 0.12266E+01 0.00000E+00 0.00000E+00 -.34921E+00      2823329  10/0.65700E-03
 0.25000E+02 0.70000E-03 0.70582E+00 0.12513E+01 0.40170E-01 0.45894E-01 0.12409E+01 0.12375E+01 0.00000E+00 0.00000E+00 0.34303E+00      2823329  10/0.70000E-03
 0.25000E+02 0.75870E-03 0.65121E+00 0.12230E+01 0.25619E-01 0.32195E-01 0.12354E+01 0.12338E+01 0.00000E+00 0.00000E+00 -.42198E+00      2823329  10/0.75870E-03
 0.25000E+02 0.88000E-03 0.56144E+00 0.12374E+01 0.27702E-01 0.35466E-01 0.12165E+01 0.12291E+01 0.00000E+00 0.00000E+00 0.29784E+00      2823329  10/0.88000E-03
 0.25000E+02 0.10070E-02 0.49064E+00 0.11879E+01 0.17578E-01 0.27020E-01 0.11917E+01 0.11883E+01 0.00000E+00 0.00000E+00 -.25178E-01      2823329  10/0.10070E-02
 0.25000E+02 0.12700E-02 0.38903E+00 0.11461E+01 0.20878E-01 0.29970E-01 0.11399E+01 0.11514E+01 0.00000E+00 0.00000E+00 -.25219E+00      2823329  10/0.12700E-02
 0.25000E+02 0.15910E-02 0.31054E+00 0.10781E+01 0.15425E-01 0.24229E-01 0.10834E+01 0.10889E+01 0.00000E+00 0.00000E+00 -.70136E+00      2823329  10/0.15910E-02
 0.25000E+02 0.24660E-02 0.20035E+00 0.98870E+00 0.15211E-01 0.23259E-01 0.97247E+00 0.97740E+00 0.00000E+00 0.00000E+00 0.74317E+00      2823329  10/0.24660E-02
 0.25000E+02 0.41100E-02 0.12021E+00 0.85212E+00 0.13990E-01 0.20710E-01 0.85224E+00 0.85115E+00 0.00000E+00 0.00000E+00 0.69029E-01      2823329  10/0.41100E-02
 0.35000E+02 0.81230E-03 0.85153E+00 0.13358E+01 0.74583E-01 0.91866E-01 0.12450E+01 0.12612E+01 0.00000E+00 0.00000E+00 0.99999E+00      2823329  11/0.81230E-03
 0.35000E+02 0.92060E-03 0.75136E+00 0.12102E+01 0.39568E-01 0.45836E-01 0.12501E+01 0.12270E+01 0.00000E+00 0.00000E+00 -.42390E+00      2823329  11/0.92060E-03
 0.35000E+02 0.10000E-02 0.69170E+00 0.13627E+01 0.41407E-01 0.47780E-01 0.12463E+01 0.12610E+01 0.00000E+00 0.00000E+00 0.24573E+01      2823329  11/0.10000E-02
 0.35000E+02 0.10620E-02 0.65132E+00 0.12367E+01 0.27812E-01 0.33717E-01 0.12411E+01 0.12378E+01 0.00000E+00 0.00000E+00 -.40578E-01      2823329  11/0.10620E-02
 0.35000E+02 0.12300E-02 0.56236E+00 0.12222E+01 0.29088E-01 0.34060E-01 0.12194E+01 0.12248E+01 0.00000E+00 0.00000E+00 -.88783E-01      2823329  11/0.12300E-02
 0.35000E+02 0.14090E-02 0.49092E+00 0.12185E+01 0.17912E-01 0.26524E-01 0.11918E+01 0.11874E+01 0.00000E+00 0.00000E+00 0.17381E+01      2823329  11/0.14090E-02
 0.35000E+02 0.18000E-02 0.38428E+00 0.11433E+01 0.21929E-01 0.28725E-01 0.11316E+01 0.11430E+01 0.00000E+00 0.00000E+00 0.13135E-01      2823329  11/0.18000E-02
 0.35000E+02 0.22270E-02 0.31060E+00 0.10656E+01 0.13863E-01 0.21964E-01 0.10752E+01 0.10828E+01 0.00000E+00 0.00000E+00 -.12426E+01      2823329  11/0.22270E-02
 0.35000E+02 0.31000E-02 0.22313E+00 0.98448E+00 0.20068E-01 0.26090E-01 0.98632E+00 0.98176E+00 0.00000E+00 0.00000E+00 0.13563E+00      2823329  11/0.31000E-02
 0.35000E+02 0.34520E-02 0.20038E+00 0.97699E+00 0.22074E-01 0.28162E-01 0.95813E+00 0.96696E+00 0.00000E+00 0.00000E+00 0.45437E+00      2823329  11/0.34520E-02
 0.35000E+02 0.57540E-02 0.12021E+00 0.83266E+00 0.12644E-01 0.19893E-01 0.83244E+00 0.83045E+00 0.00000E+00 0.00000E+00 0.17453E+00      2823329  11/0.57540E-02
 0.45000E+02 0.10440E-02 0.85185E+00 0.11690E+01 0.70744E-01 0.77478E-01 0.12413E+01 0.12568E+01 0.00000E+00 0.00000E+00 -.12418E+01      2823329  12/0.10440E-02
 0.45000E+02 0.11840E-02 0.75112E+00 0.12051E+01 0.45355E-01 0.47955E-01 0.12441E+01 0.12495E+01 0.00000E+00 0.00000E+00 -.97924E+00      2823329  12/0.11840E-02
 0.45000E+02 0.12700E-02 0.70026E+00 0.12808E+01 0.47957E-01 0.51827E-01 0.12405E+01 0.12413E+01 0.00000E+00 0.00000E+00 0.82378E+00      2823329  12/0.12700E-02
 0.45000E+02 0.13660E-02 0.65105E+00 0.12430E+01 0.31560E-01 0.35635E-01 0.12325E+01 0.12342E+01 0.00000E+00 0.00000E+00 0.27795E+00      2823329  12/0.13660E-02
 0.45000E+02 0.15850E-02 0.56109E+00 0.12574E+01 0.30732E-01 0.35576E-01 0.12082E+01 0.12302E+01 0.00000E+00 0.00000E+00 0.88430E+00      2823329  12/0.15850E-02
 0.45000E+02 0.18120E-02 0.49080E+00 0.11579E+01 0.19179E-01 0.25162E-01 0.11790E+01 0.11811E+01 0.00000E+00 0.00000E+00 -.12078E+01      2823329  12/0.18120E-02
 0.45000E+02 0.22900E-02 0.38835E+00 0.10938E+01 0.21852E-01 0.26295E-01 0.11195E+01 0.11275E+01 0.00000E+00 0.00000E+00 -.15408E+01      2823329  12/0.22900E-02
 0.45000E+02 0.28640E-02 0.31052E+00 0.10848E+01 0.14303E-01 0.21430E-01 0.10575E+01 0.10651E+01 0.00000E+00 0.00000E+00 0.13772E+01      2823329  12/0.28640E-02
 0.45000E+02 0.44390E-02 0.20034E+00 0.92948E+00 0.14385E-01 0.19968E-01 0.93732E+00 0.94089E+00 0.00000E+00 0.00000E+00 -.79294E+00      2823329  12/0.44390E-02
 0.45000E+02 0.73980E-02 0.12021E+00 0.80197E+00 0.11394E-01 0.17747E-01 0.81004E+00 0.80676E+00 0.00000E+00 0.00000E+00 -.42033E+00      2823329  12/0.73980E-02
 0.60000E+02 0.13920E-02 0.85185E+00 0.11852E+01 0.70659E-01 0.75768E-01 0.12250E+01 0.12404E+01 0.00000E+00 0.00000E+00 -.78179E+00      2823329  13/0.13920E-02
 0.60000E+02 0.15780E-02 0.75144E+00 0.11418E+01 0.41313E-01 0.43705E-01 0.12248E+01 0.12264E+01 0.00000E+00 0.00000E+00 -.20482E+01      2823329  13/0.15780E-02
 0.60000E+02 0.17100E-02 0.69343E+00 0.12549E+01 0.55295E-01 0.58737E-01 0.12189E+01 0.12182E+01 0.00000E+00 0.00000E+00 0.66290E+00      2823329  13/0.17100E-02
 0.60000E+02 0.18210E-02 0.65116E+00 0.11897E+01 0.55627E-01 0.56985E-01 0.12105E+01 0.12068E+01 0.00000E+00 0.00000E+00 -.30735E+00      2823329  13/0.18210E-02
 0.60000E+02 0.21100E-02 0.56198E+00 0.12092E+01 0.36368E-01 0.39778E-01 0.11840E+01 0.11951E+01 0.00000E+00 0.00000E+00 0.38819E+00      2823329  13/0.21100E-02
 0.60000E+02 0.24160E-02 0.49080E+00 0.11840E+01 0.21800E-01 0.27545E-01 0.11527E+01 0.11525E+01 0.00000E+00 0.00000E+00 0.14449E+01      2823329  13/0.24160E-02
 0.60000E+02 0.30500E-02 0.38878E+00 0.10973E+01 0.25805E-01 0.29359E-01 0.10910E+01 0.11021E+01 0.00000E+00 0.00000E+00 -.18627E+00      2823329  13/0.30500E-02
 0.60000E+02 0.38180E-02 0.31057E+00 0.10209E+01 0.15653E-01 0.20858E-01 0.10268E+01 0.10339E+01 0.00000E+00 0.00000E+00 -.83325E+00      2823329  13/0.38180E-02
 0.60000E+02 0.59180E-02 0.20037E+00 0.89388E+00 0.14566E-01 0.18841E-01 0.90465E+00 0.90718E+00 0.00000E+00 0.00000E+00 -.91341E+00      2823329  13/0.59180E-02
 0.60000E+02 0.98640E-02 0.12021E+00 0.75760E+00 0.11235E-01 0.16274E-01 0.77685E+00 0.77036E+00 0.00000E+00 0.00000E+00 -.11361E+01      2823329  13/0.98640E-02
 0.90000E+02 0.20890E-02 0.85144E+00 0.12617E+01 0.73040E-01 0.81913E-01 0.11819E+01 0.11972E+01 0.00000E+00 0.00000E+00 0.88240E+00      2823329  14/0.20890E-02
 0.90000E+02 0.23670E-02 0.75144E+00 0.12064E+01 0.42652E-01 0.46980E-01 0.11777E+01 0.11936E+01 0.00000E+00 0.00000E+00 0.30072E+00      2823329  14/0.23670E-02
 0.90000E+02 0.25000E-02 0.71146E+00 0.10779E+01 0.63295E-01 0.61759E-01 0.11721E+01 0.11812E+01 0.00000E+00 0.00000E+00 -.16319E+01      2823329  14/0.25000E-02
 0.90000E+02 0.27310E-02 0.65128E+00 0.11486E+01 0.36029E-01 0.39332E-01 0.11594E+01 0.11687E+01 0.00000E+00 0.00000E+00 -.55684E+00      2823329  14/0.27310E-02
 0.90000E+02 0.31700E-02 0.56109E+00 0.10940E+01 0.40901E-01 0.42380E-01 0.11294E+01 0.11347E+01 0.00000E+00 0.00000E+00 -.99589E+00      2823329  14/0.31700E-02
 0.90000E+02 0.36230E-02 0.49093E+00 0.11058E+01 0.26916E-01 0.30323E-01 0.10966E+01 0.11046E+01 0.00000E+00 0.00000E+00 0.46175E-01      2823329  14/0.36230E-02
 0.90000E+02 0.46000E-02 0.38666E+00 0.10207E+01 0.27045E-01 0.29577E-01 0.10305E+01 0.10328E+01 0.00000E+00 0.00000E+00 -.44584E+00      2823329  14/0.46000E-02
 0.90000E+02 0.57270E-02 0.31057E+00 0.95683E+00 0.16586E-01 0.20364E-01 0.96746E+00 0.97327E+00 0.00000E+00 0.00000E+00 -.99125E+00      2823329  14/0.57270E-02
 0.90000E+02 0.80000E-02 0.22233E+00 0.90591E+00 0.19509E-01 0.23169E-01 0.87353E+00 0.86891E+00 0.00000E+00 0.00000E+00 0.18964E+01      2823329  14/0.80000E-02
 0.90000E+02 0.88770E-02 0.20037E+00 0.83577E+00 0.22392E-01 0.26079E-01 0.84586E+00 0.85681E+00 0.00000E+00 0.00000E+00 -.93970E+00      2823329  14/0.88770E-02
 0.90000E+02 0.13600E-01 0.13078E+00 0.71227E+00 0.14359E-01 0.17781E-01 0.73919E+00 0.73075E+00 0.00000E+00 0.00000E+00 -.12870E+01      2823329  14/0.13600E-01
 0.90000E+02 0.14800E-01 0.12018E+00 0.71746E+00 0.20371E-01 0.23509E-01 0.71986E+00 0.72882E+00 0.00000E+00 0.00000E+00 -.55780E+00      2823329  14/0.14800E-01
 0.12000E+03 0.28000E-02 0.84698E+00 0.12458E+01 0.78538E-01 0.87863E-01 0.11387E+01 0.11576E+01 0.00000E+00 0.00000E+00 0.11226E+01      2823329  15/0.28000E-02
 0.12000E+03 0.32000E-02 0.74111E+00 0.10539E+01 0.51657E-01 0.52162E-01 0.11299E+01 0.11426E+01 0.00000E+00 0.00000E+00 -.17169E+01      2823329  15/0.32000E-02
 0.12000E+03 0.34000E-02 0.69751E+00 0.11854E+01 0.70953E-01 0.75135E-01 0.11220E+01 0.11439E+01 0.00000E+00 0.00000E+00 0.58521E+00      2823329  15/0.34000E-02
 0.12000E+03 0.36000E-02 0.65876E+00 0.10959E+01 0.40952E-01 0.43369E-01 0.11127E+01 0.11229E+01 0.00000E+00 0.00000E+00 -.65972E+00      2823329  15/0.36000E-02
 0.12000E+03 0.42000E-02 0.56465E+00 0.10438E+01 0.43811E-01 0.44880E-01 0.10804E+01 0.10938E+01 0.00000E+00 0.00000E+00 -.11417E+01      2823329  15/0.42000E-02
 0.12000E+03 0.48000E-02 0.49407E+00 0.10287E+01 0.33494E-01 0.38003E-01 0.10469E+01 0.10555E+01 0.00000E+00 0.00000E+00 -.80156E+00      2823329  15/0.48000E-02
 0.12000E+03 0.50000E-02 0.47431E+00 0.10977E+01 0.37432E-01 0.41076E-01 0.10358E+01 0.10470E+01 0.00000E+00 0.00000E+00 0.13553E+01      2823329  15/0.50000E-02
 0.12000E+03 0.59000E-02 0.40196E+00 0.99268E+00 0.30468E-01 0.32836E-01 0.98966E+00 0.99323E+00 0.00000E+00 0.00000E+00 -.18135E-01      2823329  15/0.59000E-02
 0.12000E+03 0.76000E-02 0.31205E+00 0.89439E+00 0.23590E-01 0.25812E-01 0.91753E+00 0.91340E+00 0.00000E+00 0.00000E+00 -.80573E+00      2823329  15/0.76000E-02
 0.12000E+03 0.11000E-01 0.21559E+00 0.81789E+00 0.19923E-01 0.22997E-01 0.81531E+00 0.80668E+00 0.00000E+00 0.00000E+00 0.56265E+00      2823329  15/0.11000E-01
 0.12000E+03 0.18000E-01 0.13175E+00 0.67065E+00 0.16100E-01 0.19269E-01 0.69524E+00 0.68465E+00 0.00000E+00 0.00000E+00 -.86928E+00      2823329  15/0.18000E-01
 0.15000E+03 0.35000E-02 0.84698E+00 0.12266E+01 0.87576E-01 0.98620E-01 0.10996E+01 0.11222E+01 0.00000E+00 0.00000E+00 0.11923E+01      2823329  16/0.35000E-02
 0.15000E+03 0.39000E-02 0.76011E+00 0.10170E+01 0.64260E-01 0.64104E-01 0.10911E+01 0.11057E+01 0.00000E+00 0.00000E+00 -.13805E+01      2823329  16/0.39000E-02
 0.15000E+03 0.45000E-02 0.65876E+00 0.10012E+01 0.55841E-01 0.56424E-01 0.10692E+01 0.10799E+01 0.00000E+00 0.00000E+00 -.14092E+01      2823329  16/0.45000E-02
 0.15000E+03 0.60000E-02 0.49407E+00 0.10482E+01 0.31727E-01 0.37650E-01 0.10021E+01 0.10110E+01 0.00000E+00 0.00000E+00 0.11726E+01      2823329  16/0.60000E-02
 0.15000E+03 0.80000E-02 0.37055E+00 0.96366E+00 0.27359E-01 0.33409E-01 0.92225E+00 0.92984E+00 0.00000E+00 0.00000E+00 0.12361E+01      2823329  16/0.80000E-02
 0.15000E+03 0.13000E-01 0.22803E+00 0.82278E+00 0.29272E-01 0.33653E-01 0.78862E+00 0.79583E+00 0.00000E+00 0.00000E+00 0.92083E+00      2823329  16/0.13000E-01
 0.15000E+03 0.20000E-01 0.14822E+00 0.68984E+00 0.34307E-01 0.37141E-01 0.68416E+00 0.69192E+00 0.00000E+00 0.00000E+00 -.60712E-01      2823329  16/0.20000E-01
 0.20000E+03 0.46000E-02 0.85925E+00 0.11165E+01 0.10144E+00 0.11014E+00 0.10433E+01 0.10664E+01 0.00000E+00 0.00000E+00 0.49343E+00      2823329  17/0.46000E-02
 0.20000E+03 0.52000E-02 0.76011E+00 0.10113E+01 0.81508E-01 0.82790E-01 0.10315E+01 0.10492E+01 0.00000E+00 0.00000E+00 -.46446E+00      2823329  17/0.52000E-02
 0.20000E+03 0.61000E-02 0.64796E+00 0.98944E+00 0.67833E-01 0.69468E-01 0.10045E+01 0.10137E+01 0.00000E+00 0.00000E+00 -.35809E+00      2823329  17/0.61000E-02
 0.20000E+03 0.80000E-02 0.49407E+00 0.94718E+00 0.35960E-01 0.39882E-01 0.93963E+00 0.94806E+00 0.00000E+00 0.00000E+00 -.24592E-01      2823329  17/0.80000E-02
 0.20000E+03 0.13000E-01 0.30404E+00 0.83133E+00 0.27025E-01 0.31462E-01 0.80714E+00 0.81441E+00 0.00000E+00 0.00000E+00 0.62594E+00      2823329  17/0.13000E-01
 0.20000E+03 0.20000E-01 0.19763E+00 0.63813E+00 0.26511E-01 0.27737E-01 0.69841E+00 0.70488E+00 0.00000E+00 0.00000E+00 -.25178E+01      2823329  17/0.20000E-01
 0.20000E+03 0.32000E-01 0.12352E+00 0.52289E+00 0.23122E-01 0.23556E-01 0.59667E+00 0.60187E+00 0.00000E+00 0.00000E+00 -.34159E+01      2823329  17/0.32000E-01
 0.20000E+03 0.50000E-01 0.79051E-01 0.52264E+00 0.22366E-01 0.24293E-01 0.51623E+00 0.52111E+00 0.00000E+00 0.00000E+00 0.68248E-01      2823329  17/0.50000E-01
 0.20000E+03 0.80000E-01 0.49407E-01 0.45167E+00 0.22148E-01 0.23859E-01 0.44497E+00 0.44841E+00 0.00000E+00 0.00000E+00 0.14737E+00      2823329  17/0.80000E-01
 0.20000E+03 0.13000E+00 0.30404E-01 0.35199E+00 0.20041E-01 0.20316E-01 0.37883E+00 0.38043E+00 0.00000E+00 0.00000E+00 -.14192E+01      2823329  17/0.13000E+00
 0.20000E+03 0.18000E+00 0.21959E-01 0.31895E+00 0.20420E-01 0.21005E-01 0.33244E+00 0.33851E+00 0.00000E+00 0.00000E+00 -.95781E+00      2823329  17/0.18000E+00
 0.20000E+03 0.40000E+00 0.98814E-02 0.17759E+00 0.15200E-01 0.17428E-01 0.15874E+00 0.16605E+00 0.00000E+00 0.00000E+00 0.75910E+00      2823329  17/0.40000E+00
 0.25000E+03 0.58000E-02 0.85185E+00 0.10499E+01 0.10940E+00 0.11691E+00 0.99434E+00 0.10175E+01 0.00000E+00 0.00000E+00 0.29652E+00      2823329  18/0.58000E-02
 0.25000E+03 0.66000E-02 0.74859E+00 0.10288E+01 0.90870E-01 0.95405E-01 0.97948E+00 0.99716E+00 0.00000E+00 0.00000E+00 0.34825E+00      2823329  18/0.66000E-02
 0.25000E+03 0.76000E-02 0.65009E+00 0.93833E+00 0.75715E-01 0.76720E-01 0.95409E+00 0.96343E+00 0.00000E+00 0.00000E+00 -.33147E+00      2823329  18/0.76000E-02
 0.25000E+03 0.10000E-01 0.49407E+00 0.87409E+00 0.38090E-01 0.40781E-01 0.88880E+00 0.89709E+00 0.00000E+00 0.00000E+00 -.60373E+00      2823329  18/0.10000E-01
 0.25000E+03 0.13000E-01 0.38005E+00 0.81769E+00 0.32250E-01 0.35342E-01 0.81861E+00 0.82656E+00 0.00000E+00 0.00000E+00 -.27507E+00      2823329  18/0.13000E-01
 0.25000E+03 0.20000E-01 0.24704E+00 0.67007E+00 0.27453E-01 0.29348E-01 0.70825E+00 0.71482E+00 0.00000E+00 0.00000E+00 -.16301E+01      2823329  18/0.20000E-01
 0.25000E+03 0.32000E-01 0.15440E+00 0.57910E+00 0.25301E-01 0.27024E-01 0.60318E+00 0.60736E+00 0.00000E+00 0.00000E+00 -.11170E+01      2823329  18/0.32000E-01
 0.25000E+03 0.50000E-01 0.98814E-01 0.49947E+00 0.22154E-01 0.23564E-01 0.51981E+00 0.52323E+00 0.00000E+00 0.00000E+00 -.10726E+01      2823329  18/0.50000E-01
 0.25000E+03 0.80000E-01 0.61759E-01 0.44149E+00 0.20439E-01 0.21953E-01 0.44600E+00 0.44874E+00 0.00000E+00 0.00000E+00 -.35490E+00      2823329  18/0.80000E-01
 0.25000E+03 0.13000E+00 0.38005E-01 0.37144E+00 0.17306E-01 0.18455E-01 0.37781E+00 0.37906E+00 0.00000E+00 0.00000E+00 -.44024E+00      2823329  18/0.13000E+00
 0.25000E+03 0.18000E+00 0.27448E-01 0.36092E+00 0.16880E-01 0.19181E-01 0.33029E+00 0.33429E+00 0.00000E+00 0.00000E+00 0.15775E+01      2823329  18/0.18000E+00
 0.25000E+03 0.40000E+00 0.12352E-01 0.17969E+00 0.13089E-01 0.15964E-01 0.15529E+00 0.16256E+00 0.00000E+00 0.00000E+00 0.13085E+01      2823329  18/0.40000E+00
 0.30000E+03 0.69000E-02 0.85925E+00 0.87240E+00 0.12336E+00 0.12161E+00 0.95427E+00 0.97887E+00 0.00000E+00 0.00000E+00 -.86312E+00      2823329  19/0.69000E-02
 0.30000E+03 0.79000E-02 0.75049E+00 0.82271E+00 0.97689E-01 0.92500E-01 0.93731E+00 0.95312E+00 0.00000E+00 0.00000E+00 -.13349E+01      2823329  19/0.79000E-02
 0.30000E+03 0.91000E-02 0.65152E+00 0.83525E+00 0.85363E-01 0.82853E-01 0.91151E+00 0.92008E+00 0.00000E+00 0.00000E+00 -.99370E+00      2823329  19/0.91000E-02
 0.30000E+03 0.12100E-01 0.48999E+00 0.89474E+00 0.41693E-01 0.45843E-01 0.84339E+00 0.85187E+00 0.00000E+00 0.00000E+00 0.10283E+01      2823329  19/0.12100E-01
 0.30000E+03 0.20000E-01 0.29644E+00 0.71886E+00 0.31246E-01 0.33864E-01 0.71519E+00 0.72222E+00 0.00000E+00 0.00000E+00 -.10749E+00      2823329  19/0.20000E-01
 0.30000E+03 0.32000E-01 0.18528E+00 0.61968E+00 0.28408E-01 0.30722E-01 0.60802E+00 0.61321E+00 0.00000E+00 0.00000E+00 0.22775E+00      2823329  19/0.32000E-01
 0.30000E+03 0.50000E-01 0.11858E+00 0.51861E+00 0.25320E-01 0.26976E-01 0.52246E+00 0.52618E+00 0.00000E+00 0.00000E+00 -.29889E+00      2823329  19/0.50000E-01
 0.30000E+03 0.80000E-01 0.74111E-01 0.45827E+00 0.23149E-01 0.25058E-01 0.44669E+00 0.44981E+00 0.00000E+00 0.00000E+00 0.36557E+00      2823329  19/0.80000E-01
 0.30000E+03 0.13000E+00 0.45607E-01 0.36671E+00 0.19795E-01 0.20730E-01 0.37693E+00 0.37802E+00 0.00000E+00 0.00000E+00 -.57138E+00      2823329  19/0.13000E+00
 0.30000E+03 0.18000E+00 0.32938E-01 0.33547E+00 0.18807E-01 0.20252E-01 0.32853E+00 0.33163E+00 0.00000E+00 0.00000E+00 0.20443E+00      2823329  19/0.18000E+00
 0.30000E+03 0.40000E+00 0.14822E-01 0.16839E+00 0.14217E-01 0.16534E-01 0.15258E+00 0.15906E+00 0.00000E+00 0.00000E+00 0.65592E+00      2823329  19/0.40000E+00
 0.40000E+03 0.93000E-02 0.85002E+00 0.10255E+01 0.12859E+00 0.14293E+00 0.88633E+00 0.90965E+00 0.00000E+00 0.00000E+00 0.90094E+00      2823329  20/0.93000E-02
 0.40000E+03 0.10500E-01 0.75287E+00 0.10707E+01 0.99623E-01 0.11250E+00 0.86816E+00 0.88036E+00 0.00000E+00 0.00000E+00 0.19106E+01      2823329  20/0.10500E-01
 0.40000E+03 0.12100E-01 0.65332E+00 0.91756E+00 0.87721E-01 0.93023E-01 0.84167E+00 0.85036E+00 0.00000E+00 0.00000E+00 0.76607E+00      2823329  20/0.12100E-01
 0.40000E+03 0.16100E-01 0.49100E+00 0.80594E+00 0.45112E-01 0.48225E-01 0.77624E+00 0.78383E+00 0.00000E+00 0.00000E+00 0.49016E+00      2823329  20/0.16100E-01
 0.40000E+03 0.32000E-01 0.24704E+00 0.62115E+00 0.31999E-01 0.34059E-01 0.61445E+00 0.62057E+00 0.00000E+00 0.00000E+00 0.18109E-01      2823329  20/0.32000E-01
 0.40000E+03 0.50000E-01 0.15810E+00 0.56798E+00 0.29008E-01 0.31976E-01 0.52600E+00 0.53009E+00 0.00000E+00 0.00000E+00 0.13063E+01      2823329  20/0.50000E-01
 0.40000E+03 0.80000E-01 0.98814E-01 0.44788E+00 0.25724E-01 0.26963E-01 0.44751E+00 0.45131E+00 0.00000E+00 0.00000E+00 -.13327E+00      2823329  20/0.80000E-01
 0.40000E+03 0.13000E+00 0.60809E-01 0.42742E+00 0.21958E-01 0.24732E-01 0.37541E+00 0.37756E+00 0.00000E+00 0.00000E+00 0.22709E+01      2823329  20/0.13000E+00
 0.40000E+03 0.18000E+00 0.43917E-01 0.33931E+00 0.20167E-01 0.21626E-01 0.32576E+00 0.32904E+00 0.00000E+00 0.00000E+00 0.50948E+00      2823329  20/0.18000E+00
 0.40000E+03 0.40000E+00 0.19763E-01 0.16009E+00 0.14724E-01 0.16451E-01 0.14850E+00 0.15475E+00 0.00000E+00 0.00000E+00 0.36252E+00      2823329  20/0.40000E+00
 0.50000E+03 0.11600E-01 0.85185E+00 0.10060E+01 0.13477E+00 0.15146E+00 0.83221E+00 0.85400E+00 0.00000E+00 0.00000E+00 0.11279E+01      2823329  21/0.11600E-01
 0.50000E+03 0.13100E-01 0.75431E+00 0.74999E+00 0.10845E+00 0.10475E+00 0.81418E+00 0.82274E+00 0.00000E+00 0.00000E+00 -.67082E+00      2823329  21/0.13100E-01
 0.50000E+03 0.15200E-01 0.65009E+00 0.68643E+00 0.91411E-01 0.86102E-01 0.78626E+00 0.79411E+00 0.00000E+00 0.00000E+00 -.11779E+01      2823329  21/0.15200E-01
 0.50000E+03 0.20100E-01 0.49161E+00 0.73304E+00 0.49084E-01 0.51050E-01 0.72417E+00 0.73154E+00 0.00000E+00 0.00000E+00 0.30499E-01      2823329  21/0.20100E-01
 0.50000E+03 0.32000E-01 0.30879E+00 0.64854E+00 0.38739E-01 0.41352E-01 0.61799E+00 0.62425E+00 0.00000E+00 0.00000E+00 0.62712E+00      2823329  21/0.32000E-01
 0.50000E+03 0.50000E-01 0.19763E+00 0.59870E+00 0.33975E-01 0.37830E-01 0.52806E+00 0.53338E+00 0.00000E+00 0.00000E+00 0.19227E+01      2823329  21/0.50000E-01
 0.50000E+03 0.80000E-01 0.12352E+00 0.47085E+00 0.29490E-01 0.31449E-01 0.44779E+00 0.45165E+00 0.00000E+00 0.00000E+00 0.65121E+00      2823329  21/0.80000E-01
 0.50000E+03 0.13000E+00 0.76011E-01 0.40988E+00 0.29852E-01 0.32214E-01 0.37410E+00 0.37613E+00 0.00000E+00 0.00000E+00 0.11308E+01      2823329  21/0.13000E+00
 0.50000E+03 0.18000E+00 0.54897E-01 0.30352E+00 0.26901E-01 0.26630E-01 0.32359E+00 0.32513E+00 0.00000E+00 0.00000E+00 -.80340E+00      2823329  21/0.18000E+00
 0.50000E+03 0.25000E+00 0.39526E-01 0.27834E+00 0.22791E-01 0.24097E-01 0.26347E+00 0.26617E+00 0.00000E+00 0.00000E+00 0.53418E+00      2823329  21/0.25000E+00
 0.50000E+03 0.40000E+00 0.24704E-01 0.13829E+00 0.17306E-01 0.17306E-01 0.14548E+00 0.14992E+00 0.00000E+00 0.00000E+00 -.67190E+00      2823329  21/0.40000E+00
 0.50000E+03 0.65000E+00 0.15202E-01 0.19075E-01 0.45147E-02 0.44644E-02 0.20505E-01 0.21786E-01 0.00000E+00 0.00000E+00 -.60047E+00      2823329  21/0.65000E+00
 0.65000E+03 0.15100E-01 0.85072E+00 0.80412E+00 0.15411E+00 0.15833E+00 0.76862E+00 0.78155E+00 0.00000E+00 0.00000E+00 0.14647E+00      2823329  22/0.15100E-01
 0.65000E+03 0.17100E-01 0.75122E+00 0.91393E+00 0.11609E+00 0.12935E+00 0.74964E+00 0.75735E+00 0.00000E+00 0.00000E+00 0.13488E+01      2823329  22/0.17100E-01
 0.65000E+03 0.19700E-01 0.65207E+00 0.90458E+00 0.98227E-01 0.11121E+00 0.72336E+00 0.73070E+00 0.00000E+00 0.00000E+00 0.17702E+01      2823329  22/0.19700E-01
 0.65000E+03 0.26100E-01 0.49218E+00 0.60233E+00 0.50792E-01 0.49402E-01 0.66387E+00 0.67053E+00 0.00000E+00 0.00000E+00 -.13428E+01      2823329  22/0.26100E-01
 0.65000E+03 0.50000E-01 0.25692E+00 0.48789E+00 0.40433E-01 0.39774E-01 0.52933E+00 0.53451E+00 0.00000E+00 0.00000E+00 -.11531E+01      2823329  22/0.50000E-01
 0.65000E+03 0.80000E-01 0.16057E+00 0.45057E+00 0.35242E-01 0.36297E-01 0.44754E+00 0.45125E+00 0.00000E+00 0.00000E+00 -.19284E-01      2823329  22/0.80000E-01
 0.65000E+03 0.13000E+00 0.98814E-01 0.37402E+00 0.35215E-01 0.35963E-01 0.37234E+00 0.37564E+00 0.00000E+00 0.00000E+00 -.45963E-01      2823329  22/0.13000E+00
 0.65000E+03 0.18000E+00 0.71366E-01 0.33851E+00 0.31730E-01 0.33198E-01 0.32094E+00 0.32290E+00 0.00000E+00 0.00000E+00 0.49205E+00      2823329  22/0.18000E+00
 0.65000E+03 0.25000E+00 0.51383E-01 0.25211E+00 0.26287E-01 0.26271E-01 0.26011E+00 0.26230E+00 0.00000E+00 0.00000E+00 -.38761E+00      2823329  22/0.25000E+00
 0.65000E+03 0.40000E+00 0.32115E-01 0.20084E+00 0.19272E-01 0.23982E-01 0.14210E+00 0.14572E+00 0.00000E+00 0.00000E+00 0.28599E+01      2823329  22/0.40000E+00
 0.65000E+03 0.65000E+00 0.19763E-01 0.27076E-01 0.50708E-02 0.62512E-02 0.19595E-01 0.20780E-01 0.00000E+00 0.00000E+00 0.12417E+01      2823329  22/0.65000E+00
 0.80000E+03 0.18500E-01 0.85461E+00 0.28611E+00 0.17009E+00 0.10648E+00 0.71930E+00 0.72664E+00 0.00000E+00 0.00000E+00 -.25900E+01      2823329  23/0.18500E-01
 0.80000E+03 0.21000E-01 0.75287E+00 0.65795E+00 0.13074E+00 0.12722E+00 0.69968E+00 0.70730E+00 0.00000E+00 0.00000E+00 -.37743E+00      2823329  23/0.21000E-01
 0.80000E+03 0.24200E-01 0.65332E+00 0.65562E+00 0.10689E+00 0.10598E+00 0.67396E+00 0.68155E+00 0.00000E+00 0.00000E+00 -.24257E+00      2823329  23/0.24200E-01
 0.80000E+03 0.32200E-01 0.49100E+00 0.61029E+00 0.54094E-01 0.54826E-01 0.61648E+00 0.62316E+00 0.00000E+00 0.00000E+00 -.23799E+00      2823329  23/0.32200E-01
 0.80000E+03 0.50000E-01 0.31621E+00 0.47882E+00 0.45843E-01 0.44353E-01 0.52900E+00 0.53489E+00 0.00000E+00 0.00000E+00 -.12231E+01      2823329  23/0.50000E-01
 0.80000E+03 0.80000E-01 0.19763E+00 0.44652E+00 0.41570E-01 0.42329E-01 0.44669E+00 0.45105E+00 0.00000E+00 0.00000E+00 -.10904E+00      2823329  23/0.80000E-01
 0.80000E+03 0.13000E+00 0.12162E+00 0.38790E+00 0.40526E-01 0.42099E-01 0.37066E+00 0.37371E+00 0.00000E+00 0.00000E+00 0.35026E+00      2823329  23/0.13000E+00
 0.80000E+03 0.18000E+00 0.87835E-01 0.36312E+00 0.37468E-01 0.40549E-01 0.31873E+00 0.32137E+00 0.00000E+00 0.00000E+00 0.11143E+01      2823329  23/0.18000E+00
 0.80000E+03 0.25000E+00 0.63241E-01 0.27571E+00 0.31054E-01 0.32569E-01 0.25745E+00 0.25947E+00 0.00000E+00 0.00000E+00 0.52308E+00      2823329  23/0.25000E+00
 0.80000E+03 0.40000E+00 0.39526E-01 0.13119E+00 0.21574E-01 0.21128E-01 0.13953E+00 0.14291E+00 0.00000E+00 0.00000E+00 -.54316E+00      2823329  23/0.40000E+00
 0.80000E+03 0.65000E+00 0.24324E-01 0.21659E-01 0.57066E-02 0.62076E-02 0.18924E-01 0.19940E-01 0.00000E+00 0.00000E+00 0.30122E+00      2823329  23/0.65000E+00
     1682981
 HERA1+2 NCem                                                                    
Plot1@Experiment:HERA1+2@ExtraLabel:e^{-}p #rightarrow e^{-}X (NC) @XTitle: x @YTitle: #sigma_{red}  @Title:Q^{2} = 60  @Xlog
Plot2@Experiment:HERA1+2@ExtraLabel:e^{-}p #rightarrow e^{-}X (NC) @XTitle: x @YTitle: #sigma_{red}  @Title:Q^{2} = 90  @Xlog
Plot3@Experiment:HERA1+2@ExtraLabel:e^{-}p #rightarrow e^{-}X (NC) @XTitle: x @YTitle: #sigma_{red}  @Title:Q^{2} = 120 @Xlog
Plot4@Experiment:HERA1+2@ExtraLabel:e^{-}p #rightarrow e^{-}X (NC) @XTitle: x @YTitle: #sigma_{red}  @Title:Q^{2} = 150 @Xlog
Plot5@Experiment:HERA1+2@ExtraLabel:e^{-}p #rightarrow e^{-}X (NC) @XTitle: x @YTitle: #sigma_{red}  @Title:Q^{2} = 200 @Xlog
Plot6@Experiment:HERA1+2@ExtraLabel:e^{-}p #rightarrow e^{-}X (NC) @XTitle: x @YTitle: #sigma_{red}  @Title:Q^{2} = 250 @Xlog
Plot7@Experiment:HERA1+2@ExtraLabel:e^{-}p #rightarrow e^{-}X (NC) @XTitle: x @YTitle: #sigma_{red}  @Title:Q^{2} = 300 @Xlog
Plot8@Experiment:HERA1+2@ExtraLabel:e^{-}p #rightarrow e^{-}X (NC) @XTitle: x @YTitle: #sigma_{red}  @Title:Q^{2} = 400 @Xlog
Plot9@Experiment:HERA1+2@ExtraLabel:e^{-}p #rightarrow e^{-}X (NC) @XTitle: x @YTitle: #sigma_{red}  @Title:Q^{2} = 500 @Xlog
Plot10@Experiment:HERA1+2@ExtraLabel:e^{-}p #rightarrow e^{-}X (NC) @XTitle: x @YTitle: #sigma_{red}  @Title:Q^{2} = 650 @Xlog
Plot11@Experiment:HERA1+2@ExtraLabel:e^{-}p #rightarrow e^{-}X (NC) @XTitle: x @YTitle: #sigma_{red}  @Title:Q^{2} = 800  @Xlog
Plot12@Experiment:HERA1+2@ExtraLabel:e^{-}p #rightarrow e^{-}X (NC) @XTitle: x @YTitle: #sigma_{red}  @Title:Q^{2} = 1000 @Xlog
Plot13@Experiment:HERA1+2@ExtraLabel:e^{-}p #rightarrow e^{-}X (NC) @XTitle: x @YTitle: #sigma_{red}  @Title:Q^{2} = 1200 @Xlog
Plot14@Experiment:HERA1+2@ExtraLabel:e^{-}p #rightarrow e^{-}X (NC) @XTitle: x @YTitle: #sigma_{red}  @Title:Q^{2} = 1500 @Xlog
Plot15@Experiment:HERA1+2@ExtraLabel:e^{-}p #rightarrow e^{-}X (NC) @XTitle: x @YTitle: #sigma_{red}  @Title:Q^{2} = 2000 @Xlog
Plot16@Experiment:HERA1+2@ExtraLabel:e^{-}p #rightarrow e^{-}X (NC) @XTitle: x @YTitle: #sigma_{red}  @Title:Q^{2} = 3000 @Xlog
Plot17@Experiment:HERA1+2@ExtraLabel:e^{-}p #rightarrow e^{-}X (NC) @XTitle: x @YTitle: #sigma_{red}  @Title:Q^{2} = 5000 @Xlog
Plot18@Experiment:HERA1+2@ExtraLabel:e^{-}p #rightarrow e^{-}X (NC) @XTitle: x @YTitle: #sigma_{red}  @Title:Q^{2} = 8000 @Xlog
Plot19@Experiment:HERA1+2@ExtraLabel:e^{-}p #rightarrow e^{-}X (NC) @XTitle: x @YTitle: #sigma_{red}  @Title:Q^{2} = 12000@Xlog
Plot20@Experiment:HERA1+2@ExtraLabel:e^{-}p #rightarrow e^{-}X (NC) @XTitle: x @YTitle: #sigma_{red}  @Title:Q^{2} = 20000@Xlog
Plot21@Experiment:HERA1+2@ExtraLabel:e^{-}p #rightarrow e^{-}X (NC) @XTitle: x @YTitle: #sigma_{red}  @Title:Q^{2} = 30000@Xlog
Plot22@Experiment:HERA1+2@ExtraLabel:e^{-}p #rightarrow e^{-}X (NC) @XTitle: x @YTitle: #sigma_{red}  @Title:Q^{2} = 50000@Xlog
 Q2          x           y              data      +- uncor     +- tot     th orig         th mod   therr+         therr-     pull    iset       iplot
 0.60000E+02 0.80000E-03 0.74111E+00 0.14831E+01 0.31415E-01 0.35885E-01 0.14979E+01 0.14781E+01 0.00000E+00 0.00000E+00 0.15927E+00      1682981   1/0.80000E-03
 0.90000E+02 0.13000E-02 0.68410E+00 0.14660E+01 0.26491E-01 0.31445E-01 0.14478E+01 0.14293E+01 0.00000E+00 0.00000E+00 0.13856E+01      1682981   2/0.13000E-02
 0.90000E+02 0.15000E-02 0.59289E+00 0.14219E+01 0.23083E-01 0.37416E-01 0.14188E+01 0.14178E+01 0.00000E+00 0.00000E+00 0.17837E+00      1682981   2/0.15000E-02
 0.90000E+02 0.20000E-02 0.44466E+00 0.12700E+01 0.62512E-01 0.65166E-01 0.13339E+01 0.13253E+01 0.00000E+00 0.00000E+00 -.88504E+00      1682981   2/0.20000E-02
 0.12000E+03 0.16000E-02 0.74111E+00 0.14388E+01 0.27487E-01 0.32153E-01 0.14128E+01 0.13949E+01 0.00000E+00 0.00000E+00 0.15955E+01      1682981   3/0.16000E-02
 0.12000E+03 0.20000E-02 0.59289E+00 0.13558E+01 0.15722E-01 0.26046E-01 0.13693E+01 0.13638E+01 0.00000E+00 0.00000E+00 -.50607E+00      1682981   3/0.20000E-02
 0.12000E+03 0.32000E-02 0.37055E+00 0.12184E+01 0.17619E-01 0.22016E-01 0.12177E+01 0.12055E+01 0.00000E+00 0.00000E+00 0.73444E+00      1682981   3/0.32000E-02
 0.15000E+03 0.20000E-02 0.74111E+00 0.13552E+01 0.28018E-01 0.31361E-01 0.13700E+01 0.13538E+01 0.00000E+00 0.00000E+00 0.48492E-01      1682981   4/0.20000E-02
 0.15000E+03 0.32000E-02 0.46319E+00 0.12286E+01 0.12847E-01 0.19494E-01 0.12472E+01 0.12376E+01 0.00000E+00 0.00000E+00 -.70442E+00      1682981   4/0.32000E-02
 0.15000E+03 0.50000E-02 0.29644E+00 0.11088E+01 0.14601E-01 0.18856E-01 0.10911E+01 0.10796E+01 0.00000E+00 0.00000E+00 0.20008E+01      1682981   4/0.50000E-02
 0.15000E+03 0.80000E-02 0.18528E+00 0.95164E+00 0.18503E-01 0.21718E-01 0.93436E+00 0.92704E+00 0.00000E+00 0.00000E+00 0.13295E+01      1682981   4/0.80000E-02
 0.15000E+03 0.13000E-01 0.11402E+00 0.80578E+00 0.26047E-01 0.28319E-01 0.79229E+00 0.78757E+00 0.00000E+00 0.00000E+00 0.69899E+00      1682981   4/0.13000E-01
 0.20000E+03 0.26000E-02 0.76011E+00 0.12836E+01 0.29594E-01 0.32118E-01 0.13104E+01 0.12948E+01 0.00000E+00 0.00000E+00 -.37808E+00      1682981   5/0.26000E-02
 0.20000E+03 0.32000E-02 0.61759E+00 0.12495E+01 0.17226E-01 0.23110E-01 0.12671E+01 0.12596E+01 0.00000E+00 0.00000E+00 -.58881E+00      1682981   5/0.32000E-02
 0.20000E+03 0.50000E-02 0.39526E+00 0.11112E+01 0.89099E-02 0.14430E-01 0.11245E+01 0.11132E+01 0.00000E+00 0.00000E+00 -.21978E+00      1682981   5/0.50000E-02
 0.20000E+03 0.80000E-02 0.24704E+00 0.94415E+00 0.85301E-02 0.12829E-01 0.96380E+00 0.95345E+00 0.00000E+00 0.00000E+00 -.10899E+01      1682981   5/0.80000E-02
 0.20000E+03 0.13000E-01 0.15202E+00 0.79922E+00 0.65194E-02 0.10390E-01 0.81413E+00 0.80501E+00 0.00000E+00 0.00000E+00 -.88768E+00      1682981   5/0.13000E-01
 0.20000E+03 0.20000E-01 0.98814E-01 0.69621E+00 0.63893E-02 0.95437E-02 0.70125E+00 0.69258E+00 0.00000E+00 0.00000E+00 0.56760E+00      1682981   5/0.20000E-01
 0.20000E+03 0.32000E-01 0.61759E-01 0.57972E+00 0.59473E-02 0.87535E-02 0.59804E+00 0.58655E+00 0.00000E+00 0.00000E+00 -.11478E+01      1682981   5/0.32000E-01
 0.20000E+03 0.50000E-01 0.39526E-01 0.51327E+00 0.56272E-02 0.77787E-02 0.51707E+00 0.50708E+00 0.00000E+00 0.00000E+00 0.10997E+01      1682981   5/0.50000E-01
 0.20000E+03 0.80000E-01 0.24704E-01 0.43830E+00 0.47109E-02 0.70563E-02 0.44552E+00 0.43530E+00 0.00000E+00 0.00000E+00 0.63644E+00      1682981   5/0.80000E-01
 0.20000E+03 0.13000E+00 0.15202E-01 0.36412E+00 0.10241E-01 0.10887E-01 0.37918E+00 0.37646E+00 0.00000E+00 0.00000E+00 -.12045E+01      1682981   5/0.13000E+00
 0.20000E+03 0.18000E+00 0.10979E-01 0.32897E+00 0.43891E-02 0.60223E-02 0.33268E+00 0.32580E+00 0.00000E+00 0.00000E+00 0.72265E+00      1682981   5/0.18000E+00
 0.25000E+03 0.33000E-02 0.74859E+00 0.12701E+01 0.29778E-01 0.32977E-01 0.12535E+01 0.12386E+01 0.00000E+00 0.00000E+00 0.10569E+01      1682981   6/0.33000E-02
 0.25000E+03 0.50000E-02 0.49407E+00 0.11238E+01 0.13413E-01 0.17940E-01 0.11433E+01 0.11345E+01 0.00000E+00 0.00000E+00 -.79850E+00      1682981   6/0.50000E-02
 0.25000E+03 0.80000E-02 0.30879E+00 0.96093E+00 0.84559E-02 0.12800E-01 0.98456E+00 0.97504E+00 0.00000E+00 0.00000E+00 -.16686E+01      1682981   6/0.80000E-02
 0.25000E+03 0.13000E-01 0.19003E+00 0.81748E+00 0.72183E-02 0.11169E-01 0.83026E+00 0.82148E+00 0.00000E+00 0.00000E+00 -.55433E+00      1682981   6/0.13000E-01
 0.25000E+03 0.20000E-01 0.12352E+00 0.69030E+00 0.69638E-02 0.98827E-02 0.71284E+00 0.70245E+00 0.00000E+00 0.00000E+00 -.17443E+01      1682981   6/0.20000E-01
 0.25000E+03 0.32000E-01 0.77199E-01 0.58859E+00 0.61674E-02 0.88736E-02 0.60536E+00 0.59422E+00 0.00000E+00 0.00000E+00 -.91286E+00      1682981   6/0.32000E-01
 0.25000E+03 0.50000E-01 0.49407E-01 0.50803E+00 0.52839E-02 0.75028E-02 0.52113E+00 0.51227E+00 0.00000E+00 0.00000E+00 -.80271E+00      1682981   6/0.50000E-01
 0.25000E+03 0.80000E-01 0.30879E-01 0.43120E+00 0.42522E-02 0.64680E-02 0.44685E+00 0.43658E+00 0.00000E+00 0.00000E+00 -.12652E+01      1682981   6/0.80000E-01
 0.25000E+03 0.13000E+00 0.19003E-01 0.37135E+00 0.77962E-02 0.88121E-02 0.37836E+00 0.37505E+00 0.00000E+00 0.00000E+00 -.47397E+00      1682981   6/0.13000E+00
 0.25000E+03 0.18000E+00 0.13724E-01 0.32754E+00 0.44314E-02 0.60076E-02 0.33067E+00 0.32235E+00 0.00000E+00 0.00000E+00 0.11720E+01      1682981   6/0.18000E+00
 0.25000E+03 0.25000E+00 0.98814E-02 0.23527E+00 0.29930E-01 0.27019E-01 0.27290E+00 0.27168E+00 0.00000E+00 0.00000E+00 -.12166E+01      1682981   6/0.25000E+00
 0.25000E+03 0.40000E+00 0.61759E-02 0.14096E+00 0.17236E-01 0.16233E-01 0.15538E+00 0.15395E+00 0.00000E+00 0.00000E+00 -.75335E+00      1682981   6/0.40000E+00
 0.30000E+03 0.39000E-02 0.76011E+00 0.12157E+01 0.30296E-01 0.33006E-01 0.12095E+01 0.11960E+01 0.00000E+00 0.00000E+00 0.64963E+00      1682981   7/0.39000E-02
 0.30000E+03 0.50000E-02 0.59289E+00 0.11566E+01 0.20004E-01 0.24079E-01 0.11508E+01 0.11423E+01 0.00000E+00 0.00000E+00 0.71240E+00      1682981   7/0.50000E-02
 0.30000E+03 0.80000E-02 0.37055E+00 0.98719E+00 0.95310E-02 0.14148E-01 0.99956E+00 0.99286E+00 0.00000E+00 0.00000E+00 -.59447E+00      1682981   7/0.80000E-02
 0.30000E+03 0.13000E-01 0.22803E+00 0.82711E+00 0.78035E-02 0.11546E-01 0.84284E+00 0.83527E+00 0.00000E+00 0.00000E+00 -.10452E+01      1682981   7/0.13000E-01
 0.30000E+03 0.20000E-01 0.14822E+00 0.71235E+00 0.70218E-02 0.10065E-01 0.72203E+00 0.71219E+00 0.00000E+00 0.00000E+00 0.22305E-01      1682981   7/0.20000E-01
 0.30000E+03 0.32000E-01 0.92638E-01 0.60799E+00 0.63476E-02 0.88863E-02 0.61120E+00 0.60350E+00 0.00000E+00 0.00000E+00 0.70683E+00      1682981   7/0.32000E-01
 0.30000E+03 0.50000E-01 0.59289E-01 0.51723E+00 0.55444E-02 0.77146E-02 0.52437E+00 0.51596E+00 0.00000E+00 0.00000E+00 0.22907E+00      1682981   7/0.50000E-01
 0.30000E+03 0.80000E-01 0.37055E-01 0.43642E+00 0.47212E-02 0.64762E-02 0.44792E+00 0.43873E+00 0.00000E+00 0.00000E+00 -.48851E+00      1682981   7/0.80000E-01
 0.30000E+03 0.13000E+00 0.22803E-01 0.36568E+00 0.84280E-02 0.92437E-02 0.37771E+00 0.37266E+00 0.00000E+00 0.00000E+00 -.82827E+00      1682981   7/0.13000E+00
 0.30000E+03 0.18000E+00 0.16469E-01 0.31448E+00 0.42507E-02 0.60371E-02 0.32908E+00 0.32104E+00 0.00000E+00 0.00000E+00 -.15444E+01      1682981   7/0.18000E+00
 0.30000E+03 0.25000E+00 0.11858E-01 0.29312E+00 0.31661E-01 0.34650E-01 0.27052E+00 0.26920E+00 0.00000E+00 0.00000E+00 0.75537E+00      1682981   7/0.25000E+00
 0.30000E+03 0.40000E+00 0.74111E-02 0.15709E+00 0.60395E-02 0.69598E-02 0.15271E+00 0.15349E+00 0.00000E+00 0.00000E+00 0.59635E+00      1682981   7/0.40000E+00
 0.40000E+03 0.53000E-02 0.74577E+00 0.11528E+01 0.29600E-01 0.32343E-01 0.11291E+01 0.11160E+01 0.00000E+00 0.00000E+00 0.12449E+01      1682981   8/0.53000E-02
 0.40000E+03 0.80000E-02 0.49407E+00 0.10323E+01 0.10661E-01 0.17405E-01 0.10171E+01 0.10155E+01 0.00000E+00 0.00000E+00 0.15738E+01      1682981   8/0.80000E-02
 0.40000E+03 0.13000E-01 0.30404E+00 0.86568E+00 0.93296E-02 0.12980E-01 0.86128E+00 0.85424E+00 0.00000E+00 0.00000E+00 0.12263E+01      1682981   8/0.13000E-01
 0.40000E+03 0.20000E-01 0.19763E+00 0.71222E+00 0.90261E-02 0.11547E-01 0.73611E+00 0.72844E+00 0.00000E+00 0.00000E+00 -.17965E+01      1682981   8/0.20000E-01
 0.40000E+03 0.32000E-01 0.12352E+00 0.60799E+00 0.72384E-02 0.95393E-02 0.62027E+00 0.61170E+00 0.00000E+00 0.00000E+00 -.51287E+00      1682981   8/0.32000E-01
 0.40000E+03 0.50000E-01 0.79051E-01 0.51927E+00 0.60303E-02 0.80179E-02 0.52943E+00 0.52189E+00 0.00000E+00 0.00000E+00 -.43378E+00      1682981   8/0.50000E-01
 0.40000E+03 0.80000E-01 0.49407E-01 0.43146E+00 0.53479E-02 0.68438E-02 0.44970E+00 0.44071E+00 0.00000E+00 0.00000E+00 -.17291E+01      1682981   8/0.80000E-01
 0.40000E+03 0.13000E+00 0.30404E-01 0.36709E+00 0.48337E-02 0.62792E-02 0.37678E+00 0.36926E+00 0.00000E+00 0.00000E+00 -.44904E+00      1682981   8/0.13000E+00
 0.40000E+03 0.18000E+00 0.21959E-01 0.32088E+00 0.10143E-01 0.11119E-01 0.32672E+00 0.32666E+00 0.00000E+00 0.00000E+00 -.56959E+00      1682981   8/0.18000E+00
 0.40000E+03 0.25000E+00 0.15810E-01 0.26418E+00 0.52877E-02 0.65129E-02 0.26697E+00 0.26152E+00 0.00000E+00 0.00000E+00 0.50230E+00      1682981   8/0.25000E+00
 0.40000E+03 0.40000E+00 0.98814E-02 0.15657E+00 0.58833E-02 0.69393E-02 0.14872E+00 0.15018E+00 0.00000E+00 0.00000E+00 0.10869E+01      1682981   8/0.40000E+00
 0.50000E+03 0.66000E-02 0.74859E+00 0.10587E+01 0.28958E-01 0.30793E-01 0.10687E+01 0.10582E+01 0.00000E+00 0.00000E+00 0.17265E-01      1682981   9/0.66000E-02
 0.50000E+03 0.80000E-02 0.61759E+00 0.10065E+01 0.22949E-01 0.25104E-01 0.10220E+01 0.10135E+01 0.00000E+00 0.00000E+00 -.30419E+00      1682981   9/0.80000E-02
 0.50000E+03 0.13000E-01 0.38005E+00 0.89862E+00 0.15082E-01 0.17937E-01 0.87384E+00 0.86528E+00 0.00000E+00 0.00000E+00 0.22105E+01      1682981   9/0.13000E-01
 0.50000E+03 0.20000E-01 0.24704E+00 0.73144E+00 0.13436E-01 0.15290E-01 0.74670E+00 0.73957E+00 0.00000E+00 0.00000E+00 -.60531E+00      1682981   9/0.20000E-01
 0.50000E+03 0.32000E-01 0.15440E+00 0.62977E+00 0.11246E-01 0.13064E-01 0.62733E+00 0.61958E+00 0.00000E+00 0.00000E+00 0.90650E+00      1682981   9/0.32000E-01
 0.50000E+03 0.50000E-01 0.98814E-01 0.55070E+00 0.10210E-01 0.11999E-01 0.53347E+00 0.52720E+00 0.00000E+00 0.00000E+00 0.23020E+01      1682981   9/0.50000E-01
 0.50000E+03 0.80000E-01 0.61759E-01 0.43243E+00 0.91991E-02 0.10135E-01 0.45121E+00 0.44425E+00 0.00000E+00 0.00000E+00 -.12847E+01      1682981   9/0.80000E-01
 0.50000E+03 0.13000E+00 0.38005E-01 0.37705E+00 0.90915E-02 0.10020E-01 0.37623E+00 0.37054E+00 0.00000E+00 0.00000E+00 0.71644E+00      1682981   9/0.13000E+00
 0.50000E+03 0.18000E+00 0.27448E-01 0.33842E+00 0.93050E-02 0.10499E-01 0.32506E+00 0.32165E+00 0.00000E+00 0.00000E+00 0.18021E+01      1682981   9/0.18000E+00
 0.50000E+03 0.25000E+00 0.19763E-01 0.26715E+00 0.94188E-02 0.10443E-01 0.26439E+00 0.26488E+00 0.00000E+00 0.00000E+00 0.24137E+00      1682981   9/0.25000E+00
 0.50000E+03 0.40000E+00 0.12352E-01 0.14869E+00 0.28025E-01 0.29099E-01 0.14582E+00 0.14525E+00 0.00000E+00 0.00000E+00 0.12289E+00      1682981   9/0.40000E+00
 0.50000E+03 0.65000E+00 0.76011E-02 0.27157E-01 0.50161E-02 0.59797E-02 0.20534E-01 0.20454E-01 0.00000E+00 0.00000E+00 0.13363E+01      1682981   9/0.65000E+00
 0.65000E+03 0.85000E-02 0.75564E+00 0.98713E+00 0.26684E-01 0.28345E-01 0.99968E+00 0.98985E+00 0.00000E+00 0.00000E+00 -.10202E+00      1682981  10/0.85000E-02
 0.65000E+03 0.13000E-01 0.49407E+00 0.90475E+00 0.10027E-01 0.14028E-01 0.88526E+00 0.88063E+00 0.00000E+00 0.00000E+00 0.24050E+01      1682981  10/0.13000E-01
 0.65000E+03 0.20000E-01 0.32115E+00 0.77797E+00 0.97807E-02 0.12669E-01 0.75882E+00 0.75145E+00 0.00000E+00 0.00000E+00 0.27111E+01      1682981  10/0.20000E-01
 0.65000E+03 0.32000E-01 0.20072E+00 0.62508E+00 0.90381E-02 0.11073E-01 0.63594E+00 0.62676E+00 0.00000E+00 0.00000E+00 -.18633E+00      1682981  10/0.32000E-01
 0.65000E+03 0.50000E-01 0.12846E+00 0.53435E+00 0.75844E-02 0.93203E-02 0.53859E+00 0.53093E+00 0.00000E+00 0.00000E+00 0.45067E+00      1682981  10/0.50000E-01
 0.65000E+03 0.80000E-01 0.80287E-01 0.43531E+00 0.72019E-02 0.83395E-02 0.45331E+00 0.44661E+00 0.00000E+00 0.00000E+00 -.15686E+01      1682981  10/0.80000E-01
 0.65000E+03 0.13000E+00 0.49407E-01 0.36181E+00 0.65588E-02 0.74410E-02 0.37590E+00 0.36970E+00 0.00000E+00 0.00000E+00 -.12027E+01      1682981  10/0.13000E+00
 0.65000E+03 0.18000E+00 0.35683E-01 0.33341E+00 0.96618E-02 0.10551E-01 0.32339E+00 0.32016E+00 0.00000E+00 0.00000E+00 0.13713E+01      1682981  10/0.18000E+00
 0.65000E+03 0.25000E+00 0.25692E-01 0.25646E+00 0.54806E-02 0.64449E-02 0.26164E+00 0.25773E+00 0.00000E+00 0.00000E+00 -.23231E+00      1682981  10/0.25000E+00
 0.65000E+03 0.40000E+00 0.16057E-01 0.12565E+00 0.79395E-02 0.76463E-02 0.14264E+00 0.14311E+00 0.00000E+00 0.00000E+00 -.21991E+01      1682981  10/0.40000E+00
 0.80000E+03 0.10500E-01 0.75287E+00 0.96275E+00 0.31174E-01 0.33142E-01 0.94195E+00 0.93286E+00 0.00000E+00 0.00000E+00 0.95898E+00      1682981  11/0.10500E-01
 0.80000E+03 0.13000E-01 0.60809E+00 0.88824E+00 0.13321E-01 0.17083E-01 0.88980E+00 0.88868E+00 0.00000E+00 0.00000E+00 -.33311E-01      1682981  11/0.13000E-01
 0.80000E+03 0.20000E-01 0.39526E+00 0.75247E+00 0.11520E-01 0.13737E-01 0.76801E+00 0.75886E+00 0.00000E+00 0.00000E+00 -.55463E+00      1682981  11/0.20000E-01
 0.80000E+03 0.32000E-01 0.24704E+00 0.64142E+00 0.99671E-02 0.11876E-01 0.64324E+00 0.63689E+00 0.00000E+00 0.00000E+00 0.45403E+00      1682981  11/0.32000E-01
 0.80000E+03 0.50000E-01 0.15810E+00 0.54669E+00 0.80685E-02 0.99186E-02 0.54320E+00 0.53481E+00 0.00000E+00 0.00000E+00 0.14728E+01      1682981  11/0.50000E-01
 0.80000E+03 0.80000E-01 0.98814E-01 0.45181E+00 0.74172E-02 0.88129E-02 0.45544E+00 0.44863E+00 0.00000E+00 0.00000E+00 0.42806E+00      1682981  11/0.80000E-01
 0.80000E+03 0.13000E+00 0.60809E-01 0.37330E+00 0.69936E-02 0.79543E-02 0.37600E+00 0.36953E+00 0.00000E+00 0.00000E+00 0.53973E+00      1682981  11/0.13000E+00
 0.80000E+03 0.18000E+00 0.43917E-01 0.32606E+00 0.11340E-01 0.12031E-01 0.32239E+00 0.31890E+00 0.00000E+00 0.00000E+00 0.63164E+00      1682981  11/0.18000E+00
 0.80000E+03 0.25000E+00 0.31621E-01 0.25374E+00 0.57924E-02 0.64837E-02 0.25972E+00 0.25453E+00 0.00000E+00 0.00000E+00 -.13570E+00      1682981  11/0.25000E+00
 0.80000E+03 0.40000E+00 0.19763E-01 0.14051E+00 0.85455E-02 0.91468E-02 0.14033E+00 0.14146E+00 0.00000E+00 0.00000E+00 -.11061E+00      1682981  11/0.40000E+00
 0.80000E+03 0.65000E+00 0.12162E-01 0.15845E-01 0.43757E-02 0.39446E-02 0.18990E-01 0.18843E-01 0.00000E+00 0.00000E+00 -.68517E+00      1682981  11/0.65000E+00
 0.10000E+04 0.13000E-01 0.76011E+00 0.86202E+00 0.27486E-01 0.31555E-01 0.88700E+00 0.88876E+00 0.00000E+00 0.00000E+00 -.97290E+00      1682981  12/0.13000E-01
 0.10000E+04 0.20000E-01 0.49407E+00 0.76995E+00 0.19280E-01 0.20771E-01 0.77712E+00 0.77017E+00 0.00000E+00 0.00000E+00 -.11592E-01      1682981  12/0.20000E-01
 0.10000E+04 0.32000E-01 0.30879E+00 0.65796E+00 0.16656E-01 0.18039E-01 0.65190E+00 0.64553E+00 0.00000E+00 0.00000E+00 0.74611E+00      1682981  12/0.32000E-01
 0.10000E+04 0.50000E-01 0.19763E+00 0.51651E+00 0.15300E-01 0.15690E-01 0.54904E+00 0.54331E+00 0.00000E+00 0.00000E+00 -.17516E+01      1682981  12/0.50000E-01
 0.10000E+04 0.80000E-01 0.12352E+00 0.44019E+00 0.13056E-01 0.13548E-01 0.45847E+00 0.45317E+00 0.00000E+00 0.00000E+00 -.99398E+00      1682981  12/0.80000E-01
 0.10000E+04 0.13000E+00 0.76011E-01 0.36865E+00 0.12913E-01 0.13375E-01 0.37667E+00 0.37131E+00 0.00000E+00 0.00000E+00 -.20637E+00      1682981  12/0.13000E+00
 0.10000E+04 0.18000E+00 0.54897E-01 0.34453E+00 0.11927E-01 0.13006E-01 0.32176E+00 0.31810E+00 0.00000E+00 0.00000E+00 0.22158E+01      1682981  12/0.18000E+00
 0.10000E+04 0.25000E+00 0.39526E-01 0.28083E+00 0.10880E-01 0.12002E-01 0.25802E+00 0.25647E+00 0.00000E+00 0.00000E+00 0.22390E+01      1682981  12/0.25000E+00
 0.10000E+04 0.40000E+00 0.24704E-01 0.13688E+00 0.89733E-02 0.93793E-02 0.13806E+00 0.13921E+00 0.00000E+00 0.00000E+00 -.25987E+00      1682981  12/0.40000E+00
 0.12000E+04 0.14000E-01 0.84698E+00 0.91602E+00 0.17645E-01 0.23543E-01 0.86410E+00 0.88024E+00 0.00000E+00 0.00000E+00 0.20279E+01      1682981  13/0.14000E-01
 0.12000E+04 0.20000E-01 0.59289E+00 0.80103E+00 0.13199E-01 0.15912E-01 0.78328E+00 0.77574E+00 0.00000E+00 0.00000E+00 0.19164E+01      1682981  13/0.20000E-01
 0.12000E+04 0.32000E-01 0.37055E+00 0.63869E+00 0.10709E-01 0.12364E-01 0.65989E+00 0.65357E+00 0.00000E+00 0.00000E+00 -.13894E+01      1682981  13/0.32000E-01
 0.12000E+04 0.50000E-01 0.23715E+00 0.55735E+00 0.84359E-02 0.10185E-01 0.55486E+00 0.54725E+00 0.00000E+00 0.00000E+00 0.11972E+01      1682981  13/0.50000E-01
 0.12000E+04 0.80000E-01 0.14822E+00 0.46241E+00 0.72785E-02 0.86977E-02 0.46178E+00 0.45382E+00 0.00000E+00 0.00000E+00 0.11809E+01      1682981  13/0.80000E-01
 0.12000E+04 0.13000E+00 0.91213E-01 0.37632E+00 0.68395E-02 0.78191E-02 0.37781E+00 0.37147E+00 0.00000E+00 0.00000E+00 0.70930E+00      1682981  13/0.13000E+00
 0.12000E+04 0.18000E+00 0.65876E-01 0.31918E+00 0.13098E-01 0.13499E-01 0.32170E+00 0.31827E+00 0.00000E+00 0.00000E+00 0.69564E-01      1682981  13/0.18000E+00
 0.12000E+04 0.25000E+00 0.47431E-01 0.24677E+00 0.52210E-02 0.57428E-02 0.25697E+00 0.25279E+00 0.00000E+00 0.00000E+00 -.11532E+01      1682981  13/0.25000E+00
 0.12000E+04 0.40000E+00 0.29644E-01 0.12513E+00 0.45302E-02 0.55699E-02 0.13641E+00 0.13271E+00 0.00000E+00 0.00000E+00 -.16729E+01      1682981  13/0.40000E+00
 0.15000E+04 0.20000E-01 0.74111E+00 0.80501E+00 0.18062E-01 0.22065E-01 0.78745E+00 0.79865E+00 0.00000E+00 0.00000E+00 0.35194E+00      1682981  14/0.20000E-01
 0.15000E+04 0.32000E-01 0.46319E+00 0.66054E+00 0.13649E-01 0.15045E-01 0.67113E+00 0.66488E+00 0.00000E+00 0.00000E+00 -.31805E+00      1682981  14/0.32000E-01
 0.15000E+04 0.50000E-01 0.29644E+00 0.54454E+00 0.10563E-01 0.11756E-01 0.56385E+00 0.55729E+00 0.00000E+00 0.00000E+00 -.12074E+01      1682981  14/0.50000E-01
 0.15000E+04 0.80000E-01 0.18528E+00 0.48967E+00 0.89602E-02 0.10402E-01 0.46730E+00 0.46216E+00 0.00000E+00 0.00000E+00 0.30704E+01      1682981  14/0.80000E-01
 0.15000E+04 0.13000E+00 0.11402E+00 0.37787E+00 0.91072E-02 0.99046E-02 0.38025E+00 0.37514E+00 0.00000E+00 0.00000E+00 0.29977E+00      1682981  14/0.13000E+00
 0.15000E+04 0.18000E+00 0.82345E-01 0.31308E+00 0.80923E-02 0.85746E-02 0.32243E+00 0.31902E+00 0.00000E+00 0.00000E+00 -.73404E+00      1682981  14/0.18000E+00
 0.15000E+04 0.25000E+00 0.59289E-01 0.25961E+00 0.75916E-02 0.81134E-02 0.25627E+00 0.25281E+00 0.00000E+00 0.00000E+00 0.89527E+00      1682981  14/0.25000E+00
 0.15000E+04 0.40000E+00 0.37055E-01 0.12966E+00 0.60343E-02 0.71582E-02 0.13468E+00 0.13192E+00 0.00000E+00 0.00000E+00 -.37431E+00      1682981  14/0.40000E+00
 0.15000E+04 0.65000E+00 0.22803E-01 0.15968E-01 0.21462E-02 0.21281E-02 0.17319E-01 0.17773E-01 0.00000E+00 0.00000E+00 -.84112E+00      1682981  14/0.65000E+00
 0.20000E+04 0.21900E-01 0.90241E+00 0.87821E+00 0.48322E-01 0.56022E-01 0.76840E+00 0.77220E+00 0.00000E+00 0.00000E+00 0.21938E+01      1682981  15/0.21900E-01
 0.20000E+04 0.32000E-01 0.61759E+00 0.65822E+00 0.16646E-01 0.18051E-01 0.68807E+00 0.68353E+00 0.00000E+00 0.00000E+00 -.15207E+01      1682981  15/0.32000E-01
 0.20000E+04 0.50000E-01 0.39526E+00 0.56966E+00 0.13085E-01 0.14163E-01 0.57987E+00 0.57296E+00 0.00000E+00 0.00000E+00 -.25238E+00      1682981  15/0.50000E-01
 0.20000E+04 0.80000E-01 0.24704E+00 0.46439E+00 0.10737E-01 0.11604E-01 0.47798E+00 0.47000E+00 0.00000E+00 0.00000E+00 -.52289E+00      1682981  15/0.80000E-01
 0.20000E+04 0.13000E+00 0.15202E+00 0.37034E+00 0.10389E-01 0.10843E-01 0.38583E+00 0.37974E+00 0.00000E+00 0.00000E+00 -.90447E+00      1682981  15/0.13000E+00
 0.20000E+04 0.18000E+00 0.10979E+00 0.31010E+00 0.96009E-02 0.99576E-02 0.32517E+00 0.32219E+00 0.00000E+00 0.00000E+00 -.12590E+01      1682981  15/0.18000E+00
 0.20000E+04 0.25000E+00 0.79051E-01 0.25130E+00 0.87433E-02 0.90426E-02 0.25660E+00 0.25236E+00 0.00000E+00 0.00000E+00 -.12117E+00      1682981  15/0.25000E+00
 0.20000E+04 0.40000E+00 0.49407E-01 0.12339E+00 0.62624E-02 0.62099E-02 0.13304E+00 0.13126E+00 0.00000E+00 0.00000E+00 -.12562E+01      1682981  15/0.40000E+00
 0.20000E+04 0.65000E+00 0.30404E-01 0.11157E-01 0.25344E-02 0.20230E-02 0.16713E-01 0.17188E-01 0.00000E+00 0.00000E+00 -.23796E+01      1682981  15/0.65000E+00
 0.30000E+04 0.32000E-01 0.92638E+00 0.73112E+00 0.29770E-01 0.31843E-01 0.70969E+00 0.70722E+00 0.00000E+00 0.00000E+00 0.80293E+00      1682981  16/0.32000E-01
 0.30000E+04 0.50000E-01 0.59289E+00 0.59879E+00 0.14802E-01 0.15973E-01 0.61474E+00 0.60902E+00 0.00000E+00 0.00000E+00 -.69102E+00      1682981  16/0.50000E-01
 0.30000E+04 0.80000E-01 0.37055E+00 0.50755E+00 0.12190E-01 0.13248E-01 0.50415E+00 0.49717E+00 0.00000E+00 0.00000E+00 0.85189E+00      1682981  16/0.80000E-01
 0.30000E+04 0.13000E+00 0.22803E+00 0.39384E+00 0.11552E-01 0.12085E-01 0.40121E+00 0.39659E+00 0.00000E+00 0.00000E+00 -.23784E+00      1682981  16/0.13000E+00
 0.30000E+04 0.18000E+00 0.16469E+00 0.31678E+00 0.10497E-01 0.10689E-01 0.33440E+00 0.33095E+00 0.00000E+00 0.00000E+00 -.13497E+01      1682981  16/0.18000E+00
 0.30000E+04 0.25000E+00 0.11858E+00 0.26471E+00 0.93113E-02 0.99729E-02 0.26064E+00 0.25570E+00 0.00000E+00 0.00000E+00 0.96817E+00      1682981  16/0.25000E+00
 0.30000E+04 0.40000E+00 0.74111E-01 0.13087E+00 0.65468E-02 0.67027E-02 0.13224E+00 0.13099E+00 0.00000E+00 0.00000E+00 -.18455E-01      1682981  16/0.40000E+00
 0.30000E+04 0.65000E+00 0.45607E-01 0.15162E-01 0.15039E-02 0.15057E-02 0.16056E-01 0.16172E-01 0.00000E+00 0.00000E+00 -.67178E+00      1682981  16/0.65000E+00
 0.50000E+04 0.54700E-01 0.90324E+00 0.64239E+00 0.34813E-01 0.35425E-01 0.65473E+00 0.65163E+00 0.00000E+00 0.00000E+00 -.26547E+00      1682981  17/0.54700E-01
 0.50000E+04 0.80000E-01 0.61759E+00 0.54571E+00 0.13414E-01 0.14414E-01 0.56732E+00 0.56320E+00 0.00000E+00 0.00000E+00 -.13037E+01      1682981  17/0.80000E-01
 0.50000E+04 0.13000E+00 0.38005E+00 0.47130E+00 0.13395E-01 0.14633E-01 0.44249E+00 0.43684E+00 0.00000E+00 0.00000E+00 0.25722E+01      1682981  17/0.13000E+00
 0.50000E+04 0.18000E+00 0.27448E+00 0.36470E+00 0.11801E-01 0.12403E-01 0.36134E+00 0.35720E+00 0.00000E+00 0.00000E+00 0.63551E+00      1682981  17/0.18000E+00
 0.50000E+04 0.25000E+00 0.19763E+00 0.24890E+00 0.11313E-01 0.11073E-01 0.27543E+00 0.27114E+00 0.00000E+00 0.00000E+00 -.19655E+01      1682981  17/0.25000E+00
 0.50000E+04 0.40000E+00 0.12352E+00 0.13002E+00 0.72094E-02 0.72738E-02 0.13493E+00 0.13296E+00 0.00000E+00 0.00000E+00 -.40798E+00      1682981  17/0.40000E+00
 0.50000E+04 0.65000E+00 0.76011E-01 0.14706E-01 0.21493E-02 0.21050E-02 0.15619E-01 0.15791E-01 0.00000E+00 0.00000E+00 -.50503E+00      1682981  17/0.65000E+00
 0.80000E+04 0.87500E-01 0.90344E+00 0.64366E+00 0.49433E-01 0.51385E-01 0.62568E+00 0.62508E+00 0.00000E+00 0.00000E+00 0.37594E+00      1682981  18/0.87500E-01
 0.80000E+04 0.13000E+00 0.60809E+00 0.55872E+00 0.17810E-01 0.19648E-01 0.51573E+00 0.51404E+00 0.00000E+00 0.00000E+00 0.25088E+01      1682981  18/0.13000E+00
 0.80000E+04 0.18000E+00 0.43917E+00 0.41651E+00 0.16869E-01 0.17488E-01 0.41209E+00 0.40651E+00 0.00000E+00 0.00000E+00 0.59289E+00      1682981  18/0.18000E+00
 0.80000E+04 0.25000E+00 0.31621E+00 0.29676E+00 0.14382E-01 0.14541E-01 0.30499E+00 0.30291E+00 0.00000E+00 0.00000E+00 -.42757E+00      1682981  18/0.25000E+00
 0.80000E+04 0.40000E+00 0.19763E+00 0.12136E+00 0.99923E-02 0.92680E-02 0.14284E+00 0.14110E+00 0.00000E+00 0.00000E+00 -.19756E+01      1682981  18/0.40000E+00
 0.80000E+04 0.65000E+00 0.12162E+00 0.15898E-01 0.19507E-02 0.19889E-02 0.15688E-01 0.15695E-01 0.00000E+00 0.00000E+00 0.10413E+00      1682981  18/0.65000E+00
 0.12000E+05 0.13000E+00 0.91213E+00 0.73310E+00 0.86796E-01 0.98172E-01 0.59550E+00 0.59676E+00 0.00000E+00 0.00000E+00 0.15708E+01      1682981  19/0.13000E+00
 0.12000E+05 0.18000E+00 0.65876E+00 0.48247E+00 0.22695E-01 0.23823E-01 0.48353E+00 0.47999E+00 0.00000E+00 0.00000E+00 0.10944E+00      1682981  19/0.18000E+00
 0.12000E+05 0.25000E+00 0.47431E+00 0.33417E+00 0.20476E-01 0.20408E-01 0.34961E+00 0.34375E+00 0.00000E+00 0.00000E+00 -.46785E+00      1682981  19/0.25000E+00
 0.12000E+05 0.40000E+00 0.29644E+00 0.17141E+00 0.13457E-01 0.14338E-01 0.15583E+00 0.15512E+00 0.00000E+00 0.00000E+00 0.12107E+01      1682981  19/0.40000E+00
 0.12000E+05 0.65000E+00 0.18243E+00 0.14910E-01 0.36693E-02 0.35251E-02 0.16188E-01 0.16177E-01 0.00000E+00 0.00000E+00 -.34532E+00      1682981  19/0.65000E+00
 0.20000E+05 0.25000E+00 0.79051E+00 0.47861E+00 0.32062E-01 0.35345E-01 0.43116E+00 0.43876E+00 0.00000E+00 0.00000E+00 0.12429E+01      1682981  20/0.25000E+00
 0.20000E+05 0.40000E+00 0.49407E+00 0.20599E+00 0.19272E-01 0.20625E-01 0.18396E+00 0.18190E+00 0.00000E+00 0.00000E+00 0.12500E+01      1682981  20/0.40000E+00
 0.20000E+05 0.65000E+00 0.30404E+00 0.17364E-01 0.59054E-02 0.58822E-02 0.17573E-01 0.17662E-01 0.00000E+00 0.00000E+00 -.50458E-01      1682981  20/0.65000E+00
 0.30000E+05 0.40000E+00 0.74111E+00 0.23073E+00 0.30375E-01 0.32085E-01 0.21536E+00 0.20694E+00 0.00000E+00 0.00000E+00 0.78335E+00      1682981  21/0.40000E+00
 0.30000E+05 0.65000E+00 0.45607E+00 0.44179E-01 0.91745E-02 0.14342E-01 0.19499E-01 0.19487E-01 0.00000E+00 0.00000E+00 0.26914E+01      1682981  21/0.65000E+00
 0.50000E+05 0.65000E+00 0.76011E+00 0.82210E-01 0.24294E-01 0.46667E-01 0.22873E-01 0.22793E-01 0.00000E+00 0.00000E+00 0.24458E+01      1682981  22/0.65000E+00
     2527005
 HERA1+2 CCep                                                                    
Plot1@Experiment:HERA1+2@ExtraLabel:e^{+}p #rightarrow #bar{#nu}X (CC) @XTitle: x @YTitle: d^{2}#sigma/dxdQ^{2} @Title:Q^{2} = 300  @Ymin:0.01@Xlog@Ylog
Plot2@Experiment:HERA1+2@ExtraLabel:e^{+}p #rightarrow #bar{#nu}X (CC) @XTitle: x @YTitle: d^{2}#sigma/dxdQ^{2} @Title:Q^{2} = 500  @Ymin:0.01@Xlog@Ylog
Plot3@Experiment:HERA1+2@ExtraLabel:e^{+}p #rightarrow #bar{#nu}X (CC) @XTitle: x @YTitle: d^{2}#sigma/dxdQ^{2} @Title:Q^{2} = 1000 @Ymin:0.001@Xlog@Ylog
Plot4@Experiment:HERA1+2@ExtraLabel:e^{+}p #rightarrow #bar{#nu}X (CC) @XTitle: x @YTitle: d^{2}#sigma/dxdQ^{2} @Title:Q^{2} = 1500 @Ymin:0.001@Xlog@Ylog
Plot5@Experiment:HERA1+2@ExtraLabel:e^{+}p #rightarrow #bar{#nu}X (CC) @XTitle: x @YTitle: d^{2}#sigma/dxdQ^{2} @Title:Q^{2} = 2000 @Ymin:0.001@Xlog@Ylog
Plot6@Experiment:HERA1+2@ExtraLabel:e^{+}p #rightarrow #bar{#nu}X (CC) @XTitle: x @YTitle: d^{2}#sigma/dxdQ^{2} @Title:Q^{2} = 3000 @Ymin:0.0005@Xlog@Ylog
Plot7@Experiment:HERA1+2@ExtraLabel:e^{+}p #rightarrow #bar{#nu}X (CC) @XTitle: x @YTitle: d^{2}#sigma/dxdQ^{2} @Title:Q^{2} = 5000 @Ymin:0.0001@Xlog@Ylog
Plot8@Experiment:HERA1+2@ExtraLabel:e^{+}p #rightarrow #bar{#nu}X (CC) @XTitle: x @YTitle: d^{2}#sigma/dxdQ^{2} @Title:Q^{2} = 8000 @Ymin:0.0001@Xlog@Ylog
Plot9@Experiment:HERA1+2@ExtraLabel:e^{+}p #rightarrow #bar{#nu}X (CC) @XTitle: x @YTitle: d^{2}#sigma/dxdQ^{2} @Title:Q^{2} = 15000@Ymin:0.00001@Xlog@Ylog
Plot10@Experiment:HERA1+2@ExtraLabel:e^{+}p #rightarrow #bar{#nu}X (CC) @XTitle: x @YTitle: d^{2}#sigma/dxdQ^{2} @Title:Q^{2} = 30000@Ymin:0.00001@Xlog@Ylog
 Q2          x           y              data      +- uncor     +- tot     th orig         th mod   therr+         therr-     pull    iset       iplot
 0.30000E+03 0.80000E-02 0.37055E+00 0.11422E+01 0.13651E+00 0.14321E+00 0.11172E+01 0.11087E+01 0.00000E+00 0.00000E+00 0.24559E+00      2527005   1/0.80000E-02
 0.30000E+03 0.13000E-01 0.22803E+00 0.72565E+00 0.42958E-01 0.50373E-01 0.66041E+00 0.65882E+00 0.00000E+00 0.00000E+00 0.15556E+01      2527005   1/0.13000E-01
 0.30000E+03 0.32000E-01 0.92638E-01 0.20678E+00 0.11692E-01 0.12367E-01 0.21052E+00 0.20869E+00 0.00000E+00 0.00000E+00 -.16334E+00      2527005   1/0.32000E-01
 0.30000E+03 0.80000E-01 0.37055E-01 0.46781E-01 0.38384E-02 0.35421E-02 0.57759E-01 0.57740E-01 0.00000E+00 0.00000E+00 -.28550E+01      2527005   1/0.80000E-01
 0.30000E+03 0.13000E+00 0.22803E-01 0.33700E-01 0.83389E-02 0.92797E-02 0.27377E-01 0.26979E-01 0.00000E+00 0.00000E+00 0.80604E+00      2527005   1/0.13000E+00
 0.50000E+03 0.80000E-02 0.61759E+00 0.66582E+00 0.19111E+00 0.17336E+00 0.83911E+00 0.82556E+00 0.00000E+00 0.00000E+00 -.83584E+00      2527005   2/0.80000E-02
 0.50000E+03 0.13000E-01 0.38005E+00 0.52424E+00 0.29937E-01 0.32238E-01 0.53832E+00 0.53476E+00 0.00000E+00 0.00000E+00 -.35135E+00      2527005   2/0.13000E-01
 0.50000E+03 0.32000E-01 0.15440E+00 0.19580E+00 0.82634E-02 0.90224E-02 0.18696E+00 0.18514E+00 0.00000E+00 0.00000E+00 0.12895E+01      2527005   2/0.32000E-01
 0.50000E+03 0.80000E-01 0.61759E-01 0.52823E-01 0.25456E-02 0.26115E-02 0.52589E-01 0.51959E-01 0.00000E+00 0.00000E+00 0.33950E+00      2527005   2/0.80000E-01
 0.50000E+03 0.13000E+00 0.38005E-01 0.23908E-01 0.21063E-02 0.21473E-02 0.24930E-01 0.24850E-01 0.00000E+00 0.00000E+00 -.44710E+00      2527005   2/0.13000E+00
 0.10000E+04 0.13000E-01 0.76011E+00 0.31717E+00 0.21383E-01 0.22497E-01 0.32859E+00 0.32593E+00 0.00000E+00 0.00000E+00 -.40989E+00      2527005   3/0.13000E-01
 0.10000E+04 0.32000E-01 0.30879E+00 0.14431E+00 0.49893E-02 0.54755E-02 0.13595E+00 0.13478E+00 0.00000E+00 0.00000E+00 0.19091E+01      2527005   3/0.32000E-01
 0.10000E+04 0.80000E-01 0.12352E+00 0.40671E-01 0.16484E-02 0.16772E-02 0.41680E-01 0.41221E-01 0.00000E+00 0.00000E+00 -.33342E+00      2527005   3/0.80000E-01
 0.10000E+04 0.13000E+00 0.76011E-01 0.20941E-01 0.11683E-02 0.12147E-02 0.20073E-01 0.19932E-01 0.00000E+00 0.00000E+00 0.86345E+00      2527005   3/0.13000E+00
 0.10000E+04 0.25000E+00 0.39526E-01 0.58808E-02 0.69664E-03 0.70716E-03 0.57880E-02 0.57101E-02 0.00000E+00 0.00000E+00 0.24504E+00      2527005   3/0.25000E+00
 0.15000E+04 0.32000E-01 0.46319E+00 0.98212E-01 0.54591E-02 0.57531E-02 0.98773E-01 0.97567E-01 0.00000E+00 0.00000E+00 0.11820E+00      2527005   4/0.32000E-01
 0.15000E+04 0.80000E-01 0.18528E+00 0.32999E-01 0.17178E-02 0.17670E-02 0.33225E-01 0.32949E-01 0.00000E+00 0.00000E+00 0.29393E-01      2527005   4/0.80000E-01
 0.15000E+04 0.13000E+00 0.11402E+00 0.14766E-01 0.11484E-02 0.11024E-02 0.16382E-01 0.16162E-01 0.00000E+00 0.00000E+00 -.12154E+01      2527005   4/0.13000E+00
 0.15000E+04 0.25000E+00 0.59289E-01 0.50457E-02 0.45534E-03 0.47067E-03 0.47854E-02 0.47264E-02 0.00000E+00 0.00000E+00 0.70122E+00      2527005   4/0.25000E+00
 0.15000E+04 0.40000E+00 0.37055E-01 0.10004E-02 0.45433E-03 0.42080E-03 0.11664E-02 0.11509E-02 0.00000E+00 0.00000E+00 -.33120E+00      2527005   4/0.40000E+00
 0.20000E+04 0.32000E-01 0.61759E+00 0.79423E-01 0.40069E-02 0.43664E-02 0.72991E-01 0.71865E-01 0.00000E+00 0.00000E+00 0.18863E+01      2527005   5/0.32000E-01
 0.20000E+04 0.80000E-01 0.24704E+00 0.26220E-01 0.13188E-02 0.13355E-02 0.26633E-01 0.26283E-01 0.00000E+00 0.00000E+00 -.47712E-01      2527005   5/0.80000E-01
 0.20000E+04 0.13000E+00 0.15202E+00 0.13023E-01 0.91646E-03 0.91036E-03 0.13490E-01 0.13338E-01 0.00000E+00 0.00000E+00 -.34406E+00      2527005   5/0.13000E+00
 0.20000E+04 0.25000E+00 0.79051E-01 0.42520E-02 0.44513E-03 0.49167E-03 0.40142E-02 0.40526E-02 0.00000E+00 0.00000E+00 0.44805E+00      2527005   5/0.25000E+00
 0.30000E+04 0.32000E-01 0.92638E+00 0.47224E-01 0.58985E-02 0.62284E-02 0.45482E-01 0.44992E-01 0.00000E+00 0.00000E+00 0.37838E+00      2527005   6/0.32000E-01
 0.30000E+04 0.80000E-01 0.37055E+00 0.18553E-01 0.65958E-03 0.73650E-03 0.17368E-01 0.17079E-01 0.00000E+00 0.00000E+00 0.22344E+01      2527005   6/0.80000E-01
 0.30000E+04 0.13000E+00 0.22803E+00 0.94418E-02 0.42405E-03 0.44006E-03 0.93251E-02 0.91944E-02 0.00000E+00 0.00000E+00 0.58348E+00      2527005   6/0.13000E+00
 0.30000E+04 0.25000E+00 0.11858E+00 0.26184E-02 0.17994E-03 0.17276E-03 0.29059E-02 0.28748E-02 0.00000E+00 0.00000E+00 -.14247E+01      2527005   6/0.25000E+00
 0.30000E+04 0.40000E+00 0.74111E-01 0.61961E-03 0.10809E-03 0.10303E-03 0.71909E-03 0.71255E-03 0.00000E+00 0.00000E+00 -.85977E+00      2527005   6/0.40000E+00
 0.50000E+04 0.80000E-01 0.61759E+00 0.75414E-02 0.46232E-03 0.48372E-03 0.78698E-02 0.76819E-02 0.00000E+00 0.00000E+00 -.30381E+00      2527005   7/0.80000E-01
 0.50000E+04 0.13000E+00 0.38005E+00 0.45257E-02 0.24237E-03 0.24967E-03 0.46946E-02 0.45875E-02 0.00000E+00 0.00000E+00 -.25490E+00      2527005   7/0.13000E+00
 0.50000E+04 0.25000E+00 0.19763E+00 0.15381E-02 0.10090E-03 0.10011E-03 0.16374E-02 0.16092E-02 0.00000E+00 0.00000E+00 -.70462E+00      2527005   7/0.25000E+00
 0.50000E+04 0.40000E+00 0.12352E+00 0.56331E-03 0.53325E-04 0.63177E-04 0.42241E-03 0.41830E-03 0.00000E+00 0.00000E+00 0.27193E+01      2527005   7/0.40000E+00
 0.80000E+04 0.13000E+00 0.60809E+00 0.15093E-02 0.14353E-03 0.13777E-03 0.18314E-02 0.17653E-02 0.00000E+00 0.00000E+00 -.17837E+01      2527005   8/0.13000E+00
 0.80000E+04 0.25000E+00 0.31621E+00 0.74339E-03 0.58081E-04 0.59627E-04 0.76860E-03 0.74766E-03 0.00000E+00 0.00000E+00 -.73602E-01      2527005   8/0.25000E+00
 0.80000E+04 0.40000E+00 0.19763E+00 0.20493E-03 0.30367E-04 0.30062E-04 0.21610E-03 0.21189E-03 0.00000E+00 0.00000E+00 -.22919E+00      2527005   8/0.40000E+00
 0.15000E+05 0.25000E+00 0.59289E+00 0.13735E-03 0.21241E-04 0.20530E-04 0.16027E-03 0.15216E-03 0.00000E+00 0.00000E+00 -.69713E+00      2527005   9/0.25000E+00
 0.15000E+05 0.40000E+00 0.37055E+00 0.59554E-04 0.95701E-05 0.98190E-05 0.59814E-04 0.57858E-04 0.00000E+00 0.00000E+00 0.17717E+00      2527005   9/0.40000E+00
 0.30000E+05 0.40000E+00 0.74111E+00 0.54400E-05 0.36150E-05 0.39421E-05 0.49916E-05 0.44864E-05 0.00000E+00 0.00000E+00 0.26378E+00      2527005  10/0.40000E+00
     6154522
 HERA1+2 CCem                                                                    
Plot1@Experiment:HERA1+2@ExtraLabel:e^{-}p #rightarrow #nuX (CC) @XTitle: x @YTitle: d^{2}#sigma/dxdQ^{2} @Title:Q^{2} = 300  @Ymin:0.01@Xlog@Ylog
Plot2@Experiment:HERA1+2@ExtraLabel:e^{-}p #rightarrow #nuX (CC) @XTitle: x @YTitle: d^{2}#sigma/dxdQ^{2} @Title:Q^{2} = 500  @Ymin:0.01@Xlog@Ylog
Plot3@Experiment:HERA1+2@ExtraLabel:e^{-}p #rightarrow #nuX (CC) @XTitle: x @YTitle: d^{2}#sigma/dxdQ^{2} @Title:Q^{2} = 1000 @Ymin:0.001@Xlog@Ylog
Plot4@Experiment:HERA1+2@ExtraLabel:e^{-}p #rightarrow #nuX (CC) @XTitle: x @YTitle: d^{2}#sigma/dxdQ^{2} @Title:Q^{2} = 1500 @Ymin:0.001@Xlog@Ylog
Plot5@Experiment:HERA1+2@ExtraLabel:e^{-}p #rightarrow #nuX (CC) @XTitle: x @YTitle: d^{2}#sigma/dxdQ^{2} @Title:Q^{2} = 2000 @Ymin:0.001@Xlog@Ylog
Plot6@Experiment:HERA1+2@ExtraLabel:e^{-}p #rightarrow #nuX (CC) @XTitle: x @YTitle: d^{2}#sigma/dxdQ^{2} @Title:Q^{2} = 3000 @Ymin:0.0005@Xlog@Ylog
Plot7@Experiment:HERA1+2@ExtraLabel:e^{-}p #rightarrow #nuX (CC) @XTitle: x @YTitle: d^{2}#sigma/dxdQ^{2} @Title:Q^{2} = 5000 @Ymin:0.0001@Xlog@Ylog
Plot8@Experiment:HERA1+2@ExtraLabel:e^{-}p #rightarrow #nuX (CC) @XTitle: x @YTitle: d^{2}#sigma/dxdQ^{2} @Title:Q^{2} = 8000 @Ymin:0.0001@Xlog@Ylog
Plot9@Experiment:HERA1+2@ExtraLabel:e^{-}p #rightarrow #nuX (CC) @XTitle: x @YTitle: d^{2}#sigma/dxdQ^{2} @Title:Q^{2} = 15000@Ymin:0.00001@Xlog@Ylog
Plot10@Experiment:HERA1+2@ExtraLabel:e^{-}p #rightarrow #nuX (CC) @XTitle: x @YTitle: d^{2}#sigma/dxdQ^{2} @Title:Q^{2} = 30000@Ymin:0.00001@Xlog@Ylog
 Q2          x           y              data      +- uncor     +- tot     th orig         th mod   therr+         therr-     pull    iset       iplot
 0.30000E+03 0.80000E-02 0.37055E+00 0.18618E+01 0.57335E+00 0.76722E+00 0.12580E+01 0.12836E+01 0.00000E+00 0.00000E+00 0.10085E+01      6154522   1/0.80000E-02
 0.30000E+03 0.13000E-01 0.22803E+00 0.70388E+00 0.63449E-01 0.63197E-01 0.75838E+00 0.73410E+00 0.00000E+00 0.00000E+00 -.47622E+00      6154522   1/0.13000E-01
 0.30000E+03 0.32000E-01 0.92638E-01 0.26247E+00 0.20274E-01 0.21503E-01 0.25873E+00 0.25334E+00 0.00000E+00 0.00000E+00 0.45046E+00      6154522   1/0.32000E-01
 0.30000E+03 0.80000E-01 0.37055E-01 0.91028E-01 0.66273E-02 0.80511E-02 0.80080E-01 0.79221E-01 0.00000E+00 0.00000E+00 0.17816E+01      6154522   1/0.80000E-01
 0.30000E+03 0.13000E+00 0.22803E-01 0.38063E-01 0.10641E-01 0.10125E-01 0.42257E-01 0.40582E-01 0.00000E+00 0.00000E+00 -.23668E+00      6154522   1/0.13000E+00
 0.50000E+03 0.13000E-01 0.38005E+00 0.61064E+00 0.39860E-01 0.41412E-01 0.64552E+00 0.62582E+00 0.00000E+00 0.00000E+00 -.38080E+00      6154522   2/0.13000E-01
 0.50000E+03 0.32000E-01 0.15440E+00 0.21978E+00 0.13225E-01 0.13186E-01 0.23756E+00 0.23319E+00 0.00000E+00 0.00000E+00 -.10138E+01      6154522   2/0.32000E-01
 0.50000E+03 0.80000E-01 0.61759E-01 0.63485E-01 0.42208E-02 0.39577E-02 0.74896E-01 0.73422E-01 0.00000E+00 0.00000E+00 -.23543E+01      6154522   2/0.80000E-01
 0.50000E+03 0.13000E+00 0.38005E-01 0.46285E-01 0.36369E-02 0.45989E-02 0.39437E-01 0.38883E-01 0.00000E+00 0.00000E+00 0.20352E+01      6154522   2/0.13000E+00
 0.10000E+04 0.13000E-01 0.76011E+00 0.43228E+00 0.28593E-01 0.30069E-01 0.44213E+00 0.42938E+00 0.00000E+00 0.00000E+00 0.10142E+00      6154522   3/0.13000E-01
 0.10000E+04 0.32000E-01 0.30879E+00 0.18144E+00 0.88413E-02 0.89278E-02 0.18963E+00 0.18614E+00 0.00000E+00 0.00000E+00 -.53118E+00      6154522   3/0.32000E-01
 0.10000E+04 0.80000E-01 0.12352E+00 0.58715E-01 0.28066E-02 0.27668E-02 0.63610E-01 0.62330E-01 0.00000E+00 0.00000E+00 -.12880E+01      6154522   3/0.80000E-01
 0.10000E+04 0.13000E+00 0.76011E-01 0.33102E-01 0.18410E-02 0.19271E-02 0.33667E-01 0.33124E-01 0.00000E+00 0.00000E+00 -.11983E-01      6154522   3/0.13000E+00
 0.10000E+04 0.25000E+00 0.39526E-01 0.13116E-01 0.14571E-02 0.14917E-02 0.12692E-01 0.12390E-01 0.00000E+00 0.00000E+00 0.49816E+00      6154522   3/0.25000E+00
 0.15000E+04 0.32000E-01 0.46319E+00 0.14347E+00 0.11098E-01 0.10743E-01 0.15270E+00 0.14889E+00 0.00000E+00 0.00000E+00 -.48828E+00      6154522   4/0.32000E-01
 0.15000E+04 0.80000E-01 0.18528E+00 0.52158E-01 0.31504E-02 0.31241E-02 0.54511E-01 0.53251E-01 0.00000E+00 0.00000E+00 -.34690E+00      6154522   4/0.80000E-01
 0.15000E+04 0.13000E+00 0.11402E+00 0.27866E-01 0.17648E-02 0.17720E-02 0.29126E-01 0.28285E-01 0.00000E+00 0.00000E+00 -.23732E+00      6154522   4/0.13000E+00
 0.15000E+04 0.25000E+00 0.59289E-01 0.11505E-01 0.82126E-03 0.85273E-03 0.10933E-01 0.10791E-01 0.00000E+00 0.00000E+00 0.86896E+00      6154522   4/0.25000E+00
 0.15000E+04 0.40000E+00 0.37055E-01 0.48258E-02 0.71770E-03 0.82105E-03 0.37721E-02 0.37639E-02 0.00000E+00 0.00000E+00 0.14796E+01      6154522   4/0.40000E+00
 0.20000E+04 0.32000E-01 0.61759E+00 0.12372E+00 0.68103E-02 0.70199E-02 0.12524E+00 0.12420E+00 0.00000E+00 0.00000E+00 -.70574E-01      6154522   5/0.32000E-01
 0.20000E+04 0.80000E-01 0.24704E+00 0.46340E-01 0.22792E-02 0.23187E-02 0.47127E-01 0.46616E-01 0.00000E+00 0.00000E+00 -.12089E+00      6154522   5/0.80000E-01
 0.20000E+04 0.13000E+00 0.15202E+00 0.23176E-01 0.16969E-02 0.16359E-02 0.25448E-01 0.25302E-01 0.00000E+00 0.00000E+00 -.12526E+01      6154522   5/0.13000E+00
 0.20000E+04 0.25000E+00 0.79051E-01 0.10108E-01 0.10955E-02 0.13568E-02 0.95449E-02 0.97624E-02 0.00000E+00 0.00000E+00 0.31551E+00      6154522   5/0.25000E+00
 0.30000E+04 0.32000E-01 0.92638E+00 0.86065E-01 0.10692E-01 0.10349E-01 0.90873E-01 0.88175E-01 0.00000E+00 0.00000E+00 -.19734E+00      6154522   6/0.32000E-01
 0.30000E+04 0.80000E-01 0.37055E+00 0.32522E-01 0.12928E-02 0.12631E-02 0.36072E-01 0.35614E-01 0.00000E+00 0.00000E+00 -.23918E+01      6154522   6/0.80000E-01
 0.30000E+04 0.13000E+00 0.22803E+00 0.18460E-01 0.86908E-03 0.85372E-03 0.19893E-01 0.19617E-01 0.00000E+00 0.00000E+00 -.13309E+01      6154522   6/0.13000E+00
 0.30000E+04 0.25000E+00 0.11858E+00 0.75154E-02 0.38105E-03 0.39179E-03 0.74815E-02 0.74384E-02 0.00000E+00 0.00000E+00 0.20199E+00      6154522   6/0.25000E+00
 0.30000E+04 0.40000E+00 0.74111E-01 0.26072E-02 0.23021E-03 0.24189E-03 0.25252E-02 0.25386E-02 0.00000E+00 0.00000E+00 0.29805E+00      6154522   6/0.40000E+00
 0.50000E+04 0.80000E-01 0.61759E+00 0.21095E-01 0.10255E-02 0.10125E-02 0.22899E-01 0.22612E-01 0.00000E+00 0.00000E+00 -.14794E+01      6154522   7/0.80000E-01
 0.50000E+04 0.13000E+00 0.38005E+00 0.11992E-01 0.56211E-03 0.55035E-03 0.13056E-01 0.12910E-01 0.00000E+00 0.00000E+00 -.16335E+01      6154522   7/0.13000E+00
 0.50000E+04 0.25000E+00 0.19763E+00 0.46471E-02 0.23598E-03 0.23416E-03 0.49641E-02 0.49364E-02 0.00000E+00 0.00000E+00 -.12262E+01      6154522   7/0.25000E+00
 0.50000E+04 0.40000E+00 0.12352E+00 0.19005E-02 0.13490E-03 0.15312E-03 0.16533E-02 0.16760E-02 0.00000E+00 0.00000E+00 0.16644E+01      6154522   7/0.40000E+00
 0.50000E+04 0.65000E+00 0.76011E-01 0.32341E-03 0.56851E-04 0.99958E-04 0.12505E-03 0.13314E-03 0.00000E+00 0.00000E+00 0.33469E+01      6154522   7/0.65000E+00
 0.80000E+04 0.13000E+00 0.60809E+00 0.82050E-02 0.43065E-03 0.47261E-03 0.78624E-02 0.77982E-02 0.00000E+00 0.00000E+00 0.94471E+00      6154522   8/0.13000E+00
 0.80000E+04 0.25000E+00 0.31621E+00 0.28236E-02 0.16143E-03 0.16185E-03 0.30369E-02 0.30146E-02 0.00000E+00 0.00000E+00 -.11831E+01      6154522   8/0.25000E+00
 0.80000E+04 0.40000E+00 0.19763E+00 0.10278E-02 0.81461E-04 0.86718E-04 0.10017E-02 0.10117E-02 0.00000E+00 0.00000E+00 0.19783E+00      6154522   8/0.40000E+00
 0.80000E+04 0.65000E+00 0.12162E+00 0.91788E-04 0.43213E-04 0.50413E-04 0.73611E-04 0.80640E-04 0.00000E+00 0.00000E+00 0.25797E+00      6154522   8/0.65000E+00
 0.15000E+05 0.25000E+00 0.59289E+00 0.13893E-02 0.88431E-04 0.10237E-03 0.13270E-02 0.13351E-02 0.00000E+00 0.00000E+00 0.61239E+00      6154522   9/0.25000E+00
 0.15000E+05 0.40000E+00 0.37055E+00 0.39046E-03 0.34746E-04 0.35413E-04 0.43357E-03 0.43802E-03 0.00000E+00 0.00000E+00 -.13686E+01      6154522   9/0.40000E+00
 0.15000E+05 0.65000E+00 0.22803E+00 0.42399E-04 0.18296E-04 0.22762E-04 0.30753E-04 0.34250E-04 0.00000E+00 0.00000E+00 0.44538E+00      6154522   9/0.65000E+00
 0.30000E+05 0.40000E+00 0.74111E+00 0.15339E-03 0.21107E-04 0.24377E-04 0.14252E-03 0.14520E-03 0.00000E+00 0.00000E+00 0.38816E+00      6154522  10/0.40000E+00
 0.30000E+05 0.65000E+00 0.45607E+00 0.16313E-04 0.61805E-05 0.91931E-05 0.97603E-05 0.11690E-04 0.00000E+00 0.00000E+00 0.74793E+00      6154522  10/0.65000E+00
