          91
     8072500
 HERA1+2 NCep 920                                                                
Plot1@Experiment:HERA1+2@ExtraLabel:e^{+}p #rightarrow e^{+}X (NC) @XTitle: x @YTitle: #sigma_{red}  @Title:Q^{2} = 0.15 @Xlog
Plot2@Experiment:HERA1+2@ExtraLabel:e^{+}p #rightarrow e^{+}X (NC) @XTitle: x @YTitle: #sigma_{red}  @Title:Q^{2} = 0.20 @Xlog
Plot3@Experiment:HERA1+2@ExtraLabel:e^{+}p #rightarrow e^{+}X (NC) @XTitle: x @YTitle: #sigma_{red}  @Title:Q^{2} = 0.25 @Xlog
Plot4@Experiment:HERA1+2@ExtraLabel:e^{+}p #rightarrow e^{+}X (NC) @XTitle: x @YTitle: #sigma_{red}  @Title:Q^{2} = 0.35 @Xlog
Plot5@Experiment:HERA1+2@ExtraLabel:e^{+}p #rightarrow e^{+}X (NC) @XTitle: x @YTitle: #sigma_{red}  @Title:Q^{2} = 0.40  @Xlog
Plot6@Experiment:HERA1+2@ExtraLabel:e^{+}p #rightarrow e^{+}X (NC) @XTitle: x @YTitle: #sigma_{red}  @Title:Q^{2} = 0.50  @Xlog
Plot7@Experiment:HERA1+2@ExtraLabel:e^{+}p #rightarrow e^{+}X (NC) @XTitle: x @YTitle: #sigma_{red}  @Title:Q^{2} = 0.65  @Xlog
Plot8@Experiment:HERA1+2@ExtraLabel:e^{+}p #rightarrow e^{+}X (NC) @XTitle: x @YTitle: #sigma_{red}  @Title:Q^{2} = 0.85 @Xlog
Plot9@Experiment:HERA1+2@ExtraLabel:e^{+}p #rightarrow e^{+}X (NC) @XTitle: x @YTitle: #sigma_{red}  @Title:Q^{2} = 1.2 @Xlog
Plot10@Experiment:HERA1+2@ExtraLabel:e^{+}p #rightarrow e^{+}X (NC) @XTitle: x @YTitle: #sigma_{red}  @Title:Q^{2} = 1.5 @Xlog
Plot11@Experiment:HERA1+2@ExtraLabel:e^{+}p #rightarrow e^{+}X (NC) @XTitle: x @YTitle: #sigma_{red}  @Title:Q^{2} = 2.0  @Xlog
Plot12@Experiment:HERA1+2@ExtraLabel:e^{+}p #rightarrow e^{+}X (NC) @XTitle: x @YTitle: #sigma_{red}  @Title:Q^{2} = 2.5 @Xlog
Plot13@Experiment:HERA1+2@ExtraLabel:e^{+}p #rightarrow e^{+}X (NC) @XTitle: x @YTitle: #sigma_{red}  @Title:Q^{2} = 3.5 @Xlog
Plot14@Experiment:HERA1+2@ExtraLabel:e^{+}p #rightarrow e^{+}X (NC) @XTitle: x @YTitle: #sigma_{red}  @Title:Q^{2} = 4.5 @Xlog
Plot15@Experiment:HERA1+2@ExtraLabel:e^{+}p #rightarrow e^{+}X (NC) @XTitle: x @YTitle: #sigma_{red}  @Title:Q^{2} = 6.5 @Xlog
Plot16@Experiment:HERA1+2@ExtraLabel:e^{+}p #rightarrow e^{+}X (NC) @XTitle: x @YTitle: #sigma_{red}  @Title:Q^{2} = 8.5 @Xlog
Plot17@Experiment:HERA1+2@ExtraLabel:e^{+}p #rightarrow e^{+}X (NC) @XTitle: x @YTitle: #sigma_{red}  @Title:Q^{2} = 10 @Xlog
Plot18@Experiment:HERA1+2@ExtraLabel:e^{+}p #rightarrow e^{+}X (NC) @XTitle: x @YTitle: #sigma_{red}  @Title:Q^{2} = 12  @Xlog
Plot19@Experiment:HERA1+2@ExtraLabel:e^{+}p #rightarrow e^{+}X (NC) @XTitle: x @YTitle: #sigma_{red}  @Title:Q^{2} = 15  @Xlog
Plot20@Experiment:HERA1+2@ExtraLabel:e^{+}p #rightarrow e^{+}X (NC) @XTitle: x @YTitle: #sigma_{red}  @Title:Q^{2} = 18  @Xlog
Plot21@Experiment:HERA1+2@ExtraLabel:e^{+}p #rightarrow e^{+}X (NC) @XTitle: x @YTitle: #sigma_{red}  @Title:Q^{2} = 22  @Xlog
Plot22@Experiment:HERA1+2@ExtraLabel:e^{+}p #rightarrow e^{+}X (NC) @XTitle: x @YTitle: #sigma_{red}  @Title:Q^{2} = 27  @Xlog
Plot23@Experiment:HERA1+2@ExtraLabel:e^{+}p #rightarrow e^{+}X (NC) @XTitle: x @YTitle: #sigma_{red}  @Title:Q^{2} = 35  @Xlog
Plot24@Experiment:HERA1+2@ExtraLabel:e^{+}p #rightarrow e^{+}X (NC) @XTitle: x @YTitle: #sigma_{red}  @Title:Q^{2} = 45  @Xlog
 Q2          x           y              data      +- uncor     +- tot     th orig         th mod   therr+         therr-     pull    iset       iplot
 0.27000E+01 0.30880E-04 0.86398E+00 0.84531E+00 0.27327E-01 0.47371E-01 0.84533E+00 0.80046E+00 0.00000E+00 0.00000E+00 0.16411E+01      8072500  12/0.30880E-04
 0.27000E+01 0.36600E-04 0.72896E+00 0.86644E+00 0.23731E-01 0.30282E-01 0.88379E+00 0.86299E+00 0.00000E+00 0.00000E+00 0.14538E+00      8072500  12/0.36600E-04
 0.27000E+01 0.40900E-04 0.65232E+00 0.93728E+00 0.78103E-01 0.84189E-01 0.89695E+00 0.90616E+00 0.00000E+00 0.00000E+00 0.39847E+00      8072500  12/0.40900E-04
 0.27000E+01 0.50000E-04 0.53360E+00 0.88325E+00 0.19720E-01 0.21932E-01 0.90303E+00 0.90618E+00 0.00000E+00 0.00000E+00 -.11627E+01      8072500  12/0.50000E-04
 0.27000E+01 0.80000E-04 0.33350E+00 0.88929E+00 0.11190E-01 0.14825E-01 0.86977E+00 0.88249E+00 0.00000E+00 0.00000E+00 0.60723E+00      8072500  12/0.80000E-04
 0.27000E+01 0.13000E-03 0.20523E+00 0.80497E+00 0.86311E-02 0.11745E-01 0.81124E+00 0.82017E+00 0.00000E+00 0.00000E+00 -.17617E+01      8072500  12/0.13000E-03
 0.27000E+01 0.20000E-03 0.13340E+00 0.78138E+00 0.13929E-01 0.16407E-01 0.75593E+00 0.76631E+00 0.00000E+00 0.00000E+00 0.10817E+01      8072500  12/0.20000E-03
 0.27000E+01 0.32000E-03 0.83374E-01 0.69971E+00 0.10684E-01 0.14516E-01 0.69699E+00 0.70978E+00 0.00000E+00 0.00000E+00 -.94252E+00      8072500  12/0.32000E-03
 0.27000E+01 0.50000E-03 0.53360E-01 0.64484E+00 0.97498E-02 0.12624E-01 0.64418E+00 0.65613E+00 0.00000E+00 0.00000E+00 -.11582E+01      8072500  12/0.50000E-03
 0.27000E+01 0.80000E-03 0.33350E-01 0.59438E+00 0.12121E-01 0.13571E-01 0.59260E+00 0.60163E+00 0.00000E+00 0.00000E+00 -.59845E+00      8072500  12/0.80000E-03
 0.27000E+01 0.13000E-02 0.20523E-01 0.56672E+00 0.10006E-01 0.11989E-01 0.54437E+00 0.55409E+00 0.00000E+00 0.00000E+00 0.12623E+01      8072500  12/0.13000E-02
 0.27000E+01 0.20000E-02 0.13340E-01 0.48120E+00 0.13888E-01 0.15026E-01 0.50609E+00 0.51749E+00 0.00000E+00 0.00000E+00 -.26130E+01      8072500  12/0.20000E-02
 0.27000E+01 0.50000E-02 0.53360E-02 0.45307E+00 0.89205E-02 0.12178E-01 0.44018E+00 0.44600E+00 0.00000E+00 0.00000E+00 0.79270E+00      8072500  12/0.50000E-02
 0.27000E+01 0.20000E-01 0.13340E-02 0.34490E+00 0.12164E-01 0.31715E-01 0.38289E+00 0.35054E+00 0.00000E+00 0.00000E+00 -.46393E+00      8072500  12/0.20000E-01
 0.35000E+01 0.40600E-04 0.85185E+00 0.80554E+00 0.59773E-01 0.61623E-01 0.94045E+00 0.92756E+00 0.00000E+00 0.00000E+00 -.20414E+01      8072500  13/0.40600E-04
 0.35000E+01 0.43230E-04 0.80002E+00 0.88079E+00 0.36841E-01 0.63948E-01 0.95325E+00 0.88362E+00 0.00000E+00 0.00000E+00 -.76827E-01      8072500  13/0.43230E-04
 0.35000E+01 0.46000E-04 0.75185E+00 0.96533E+00 0.41204E-01 0.42990E-01 0.96287E+00 0.94948E+00 0.00000E+00 0.00000E+00 0.38468E+00      8072500  13/0.46000E-04
 0.35000E+01 0.51240E-04 0.67496E+00 0.94011E+00 0.29340E-01 0.37938E-01 0.97320E+00 0.95046E+00 0.00000E+00 0.00000E+00 -.35266E+00      8072500  13/0.51240E-04
 0.35000E+01 0.53100E-04 0.65132E+00 0.88015E+00 0.35838E-01 0.37144E-01 0.97506E+00 0.96662E+00 0.00000E+00 0.00000E+00 -.24129E+01      8072500  13/0.53100E-04
 0.35000E+01 0.80000E-04 0.43231E+00 0.95226E+00 0.19000E-01 0.21373E-01 0.95899E+00 0.96034E+00 0.00000E+00 0.00000E+00 -.42507E+00      8072500  13/0.80000E-04
 0.35000E+01 0.13000E-03 0.26604E+00 0.91787E+00 0.99107E-02 0.13414E-01 0.89945E+00 0.91145E+00 0.00000E+00 0.00000E+00 0.64801E+00      8072500  13/0.13000E-03
 0.35000E+01 0.20000E-03 0.17292E+00 0.85416E+00 0.92049E-02 0.12506E-01 0.83846E+00 0.84934E+00 0.00000E+00 0.00000E+00 0.52360E+00      8072500  13/0.20000E-03
 0.35000E+01 0.32000E-03 0.10808E+00 0.79091E+00 0.89759E-02 0.12111E-01 0.77246E+00 0.78341E+00 0.00000E+00 0.00000E+00 0.83512E+00      8072500  13/0.32000E-03
 0.35000E+01 0.50000E-03 0.69170E-01 0.74923E+00 0.10433E-01 0.13136E-01 0.71309E+00 0.72675E+00 0.00000E+00 0.00000E+00 0.21547E+01      8072500  13/0.50000E-03
 0.35000E+01 0.80000E-03 0.43231E-01 0.65903E+00 0.88582E-02 0.11157E-01 0.65483E+00 0.66452E+00 0.00000E+00 0.00000E+00 -.61983E+00      8072500  13/0.80000E-03
 0.35000E+01 0.13000E-02 0.26604E-01 0.62339E+00 0.10156E-01 0.12237E-01 0.59990E+00 0.61139E+00 0.00000E+00 0.00000E+00 0.11819E+01      8072500  13/0.13000E-02
 0.35000E+01 0.20000E-02 0.17292E-01 0.56840E+00 0.57160E-02 0.79950E-02 0.55585E+00 0.56681E+00 0.00000E+00 0.00000E+00 0.27838E+00      8072500  13/0.20000E-02
 0.35000E+01 0.80000E-02 0.43231E-02 0.46195E+00 0.58655E-02 0.86079E-02 0.44633E+00 0.45316E+00 0.00000E+00 0.00000E+00 0.14994E+01      8072500  13/0.80000E-02
 0.45000E+01 0.52200E-04 0.85185E+00 0.91607E+00 0.69776E-01 0.72384E-01 0.10212E+01 0.10044E+01 0.00000E+00 0.00000E+00 -.12664E+01      8072500  14/0.52200E-04
 0.45000E+01 0.59200E-04 0.75112E+00 0.97144E+00 0.39238E-01 0.41358E-01 0.10398E+01 0.10253E+01 0.00000E+00 0.00000E+00 -.13734E+01      8072500  14/0.59200E-04
 0.45000E+01 0.61760E-04 0.71999E+00 0.97035E+00 0.39158E-01 0.67269E-01 0.10435E+01 0.98864E+00 0.00000E+00 0.00000E+00 -.46711E+00      8072500  14/0.61760E-04
 0.45000E+01 0.68300E-04 0.65105E+00 0.10796E+01 0.30019E-01 0.33251E-01 0.10478E+01 0.10396E+01 0.00000E+00 0.00000E+00 0.13336E+01      8072500  14/0.68300E-04
 0.45000E+01 0.73200E-04 0.60746E+00 0.10187E+01 0.27783E-01 0.32075E-01 0.10478E+01 0.10369E+01 0.00000E+00 0.00000E+00 -.65603E+00      8072500  14/0.73200E-04
 0.45000E+01 0.81800E-04 0.54360E+00 0.10795E+01 0.16865E+00 0.16933E+00 0.10434E+01 0.10350E+01 0.00000E+00 0.00000E+00 0.26405E+00      8072500  14/0.81800E-04
 0.45000E+01 0.13000E-03 0.34205E+00 0.10204E+01 0.15426E-01 0.18799E-01 0.99185E+00 0.99534E+00 0.00000E+00 0.00000E+00 0.16244E+01      8072500  14/0.13000E-03
 0.45000E+01 0.20000E-03 0.22233E+00 0.96119E+00 0.11236E-01 0.15214E-01 0.92616E+00 0.94147E+00 0.00000E+00 0.00000E+00 0.17555E+01      8072500  14/0.20000E-03
 0.45000E+01 0.32000E-03 0.13896E+00 0.89331E+00 0.11169E-01 0.13764E-01 0.85243E+00 0.86340E+00 0.00000E+00 0.00000E+00 0.26782E+01      8072500  14/0.32000E-03
 0.45000E+01 0.50000E-03 0.88933E-01 0.79708E+00 0.96731E-02 0.12844E-01 0.78538E+00 0.79731E+00 0.00000E+00 0.00000E+00 -.24050E-01      8072500  14/0.50000E-03
 0.45000E+01 0.80000E-03 0.55583E-01 0.72028E+00 0.11012E-01 0.13144E-01 0.71946E+00 0.73076E+00 0.00000E+00 0.00000E+00 -.95190E+00      8072500  14/0.80000E-03
 0.45000E+01 0.13000E-02 0.34205E-01 0.66549E+00 0.10384E-01 0.12812E-01 0.65694E+00 0.66974E+00 0.00000E+00 0.00000E+00 -.40896E+00      8072500  14/0.13000E-02
 0.45000E+01 0.20000E-02 0.22233E-01 0.61540E+00 0.97204E-02 0.11718E-01 0.60637E+00 0.61418E+00 0.00000E+00 0.00000E+00 0.12599E+00      8072500  14/0.20000E-02
 0.45000E+01 0.32000E-02 0.13896E-01 0.57189E+00 0.79889E-02 0.10259E-01 0.55677E+00 0.56699E+00 0.00000E+00 0.00000E+00 0.61356E+00      8072500  14/0.32000E-02
 0.45000E+01 0.13000E-01 0.34205E-02 0.43009E+00 0.85475E-02 0.13033E-01 0.44498E+00 0.44457E+00 0.00000E+00 0.00000E+00 -.16935E+01      8072500  14/0.13000E-01
 0.65000E+01 0.75400E-04 0.85185E+00 0.11174E+01 0.84012E-01 0.85472E-01 0.11508E+01 0.11324E+01 0.00000E+00 0.00000E+00 -.17796E+00      8072500  15/0.75400E-04
 0.65000E+01 0.80290E-04 0.79997E+00 0.10851E+01 0.44185E-01 0.62896E-01 0.11596E+01 0.11149E+01 0.00000E+00 0.00000E+00 -.67379E+00      8072500  15/0.80290E-04
 0.65000E+01 0.85500E-04 0.75122E+00 0.10970E+01 0.38142E-01 0.45701E-01 0.11654E+01 0.11453E+01 0.00000E+00 0.00000E+00 -.12666E+01      8072500  15/0.85500E-04
 0.65000E+01 0.95150E-04 0.67503E+00 0.10838E+01 0.37610E-01 0.46201E-01 0.11691E+01 0.11433E+01 0.00000E+00 0.00000E+00 -.15821E+01      8072500  15/0.95150E-04
 0.65000E+01 0.98600E-04 0.65141E+00 0.11774E+01 0.34391E-01 0.38284E-01 0.11688E+01 0.11599E+01 0.00000E+00 0.00000E+00 0.50882E+00      8072500  15/0.98600E-04
 0.65000E+01 0.13000E-03 0.49407E+00 0.11134E+01 0.19453E-01 0.22277E-01 0.11478E+01 0.11414E+01 0.00000E+00 0.00000E+00 -.14408E+01      8072500  15/0.13000E-03
 0.65000E+01 0.20000E-03 0.32115E+00 0.11119E+01 0.12515E-01 0.16415E-01 0.10800E+01 0.10869E+01 0.00000E+00 0.00000E+00 0.20006E+01      8072500  15/0.20000E-03
 0.65000E+01 0.32000E-03 0.20072E+00 0.10013E+01 0.10013E-01 0.13625E-01 0.99260E+00 0.10004E+01 0.00000E+00 0.00000E+00 0.88876E-01      8072500  15/0.32000E-03
 0.65000E+01 0.50000E-03 0.12846E+00 0.93276E+00 0.12842E-01 0.15680E-01 0.91038E+00 0.92203E+00 0.00000E+00 0.00000E+00 0.83544E+00      8072500  15/0.50000E-03
 0.65000E+01 0.80000E-03 0.80287E-01 0.84903E+00 0.98608E-02 0.13357E-01 0.82871E+00 0.84139E+00 0.00000E+00 0.00000E+00 0.77439E+00      8072500  15/0.80000E-03
 0.65000E+01 0.13000E-02 0.49407E-01 0.75842E+00 0.10211E-01 0.12358E-01 0.75108E+00 0.76359E+00 0.00000E+00 0.00000E+00 -.50657E+00      8072500  15/0.13000E-02
 0.65000E+01 0.20000E-02 0.32115E-01 0.69498E+00 0.80217E-02 0.10161E-01 0.68827E+00 0.69601E+00 0.00000E+00 0.00000E+00 -.12886E+00      8072500  15/0.20000E-02
 0.65000E+01 0.32000E-02 0.20072E-01 0.64107E+00 0.88433E-02 0.11042E-01 0.62619E+00 0.63509E+00 0.00000E+00 0.00000E+00 0.67595E+00      8072500  15/0.32000E-02
 0.65000E+01 0.50000E-02 0.12846E-01 0.57884E+00 0.73258E-02 0.97174E-02 0.57352E+00 0.58378E+00 0.00000E+00 0.00000E+00 -.67391E+00      8072500  15/0.50000E-02
 0.65000E+01 0.13000E-01 0.49407E-02 0.48263E+00 0.93807E-02 0.14032E-01 0.48251E+00 0.48316E+00 0.00000E+00 0.00000E+00 -.55987E-01      8072500  15/0.13000E-01
 0.65000E+01 0.20000E-01 0.32115E-02 0.49769E+00 0.10991E-01 0.14369E-01 0.45165E+00 0.46716E+00 0.00000E+00 0.00000E+00 0.27778E+01      8072500  15/0.20000E-01
 0.85000E+01 0.98600E-04 0.85185E+00 0.11609E+01 0.43900E-01 0.46707E-01 0.12532E+01 0.12369E+01 0.00000E+00 0.00000E+00 -.17309E+01      8072500  16/0.98600E-04
 0.85000E+01 0.10499E-03 0.80000E+00 0.11832E+01 0.55038E-01 0.71952E-01 0.12609E+01 0.12158E+01 0.00000E+00 0.00000E+00 -.59250E+00      8072500  16/0.10499E-03
 0.85000E+01 0.11180E-03 0.75127E+00 0.11798E+01 0.37125E-01 0.47557E-01 0.12654E+01 0.12495E+01 0.00000E+00 0.00000E+00 -.18786E+01      8072500  16/0.11180E-03
 0.85000E+01 0.12443E-03 0.67501E+00 0.12585E+01 0.31468E-01 0.37888E-01 0.12667E+01 0.12590E+01 0.00000E+00 0.00000E+00 -.15961E-01      8072500  16/0.12443E-03
 0.85000E+01 0.12900E-03 0.65110E+00 0.12318E+01 0.29335E-01 0.34759E-01 0.12655E+01 0.12594E+01 0.00000E+00 0.00000E+00 -.93959E+00      8072500  16/0.12900E-03
 0.85000E+01 0.13900E-03 0.60426E+00 0.12565E+01 0.72369E-01 0.76827E-01 0.12609E+01 0.12639E+01 0.00000E+00 0.00000E+00 -.10275E+00      8072500  16/0.13900E-03
 0.85000E+01 0.20000E-03 0.41996E+00 0.11948E+01 0.18920E-01 0.22217E-01 0.12097E+01 0.12062E+01 0.00000E+00 0.00000E+00 -.60346E+00      8072500  16/0.20000E-03
 0.85000E+01 0.32000E-03 0.26248E+00 0.11070E+01 0.11497E-01 0.15480E-01 0.11134E+01 0.11182E+01 0.00000E+00 0.00000E+00 -.97569E+00      8072500  16/0.32000E-03
 0.85000E+01 0.50000E-03 0.16798E+00 0.10137E+01 0.12508E-01 0.15571E-01 0.10175E+01 0.10241E+01 0.00000E+00 0.00000E+00 -.83440E+00      8072500  16/0.50000E-03
 0.85000E+01 0.80000E-03 0.10499E+00 0.93089E+00 0.11049E-01 0.13862E-01 0.92126E+00 0.93169E+00 0.00000E+00 0.00000E+00 -.72682E-01      8072500  16/0.80000E-03
 0.85000E+01 0.13000E-02 0.64609E-01 0.83932E+00 0.10342E-01 0.13010E-01 0.82939E+00 0.83938E+00 0.00000E+00 0.00000E+00 -.56821E-02      8072500  16/0.13000E-02
 0.85000E+01 0.20000E-02 0.41996E-01 0.76863E+00 0.12635E-01 0.14594E-01 0.75491E+00 0.76402E+00 0.00000E+00 0.00000E+00 0.36482E+00      8072500  16/0.20000E-02
 0.85000E+01 0.32000E-02 0.26248E-01 0.66098E+00 0.11101E-01 0.13065E-01 0.68155E+00 0.68847E+00 0.00000E+00 0.00000E+00 -.24768E+01      8072500  16/0.32000E-02
 0.85000E+01 0.50000E-02 0.16798E-01 0.63241E+00 0.92887E-02 0.11693E-01 0.61934E+00 0.62854E+00 0.00000E+00 0.00000E+00 0.41655E+00      8072500  16/0.50000E-02
 0.85000E+01 0.20000E-01 0.41996E-02 0.45624E+00 0.92322E-02 0.13502E-01 0.47360E+00 0.46657E+00 0.00000E+00 0.00000E+00 -.11189E+01      8072500  16/0.20000E-01
 0.10000E+02 0.32000E-03 0.30879E+00 0.11381E+01 0.25294E-01 0.28421E-01 0.11793E+01 0.11678E+01 0.00000E+00 0.00000E+00 -.11727E+01      8072500  17/0.32000E-03
 0.10000E+02 0.50000E-03 0.19763E+00 0.10581E+01 0.22640E-01 0.24758E-01 0.10777E+01 0.10705E+01 0.00000E+00 0.00000E+00 -.54738E+00      8072500  17/0.50000E-03
 0.10000E+02 0.80000E-03 0.12352E+00 0.97675E+00 0.22045E-01 0.23789E-01 0.97362E+00 0.97133E+00 0.00000E+00 0.00000E+00 0.24579E+00      8072500  17/0.80000E-03
 0.10000E+02 0.13000E-02 0.76011E-01 0.88846E+00 0.21728E-01 0.23643E-01 0.87422E+00 0.86912E+00 0.00000E+00 0.00000E+00 0.89005E+00      8072500  17/0.13000E-02
 0.10000E+02 0.20000E-02 0.49407E-01 0.80175E+00 0.21658E-01 0.23352E-01 0.79344E+00 0.79612E+00 0.00000E+00 0.00000E+00 0.26013E+00      8072500  17/0.20000E-02
 0.10000E+02 0.50000E-02 0.19763E-01 0.62751E+00 0.85152E-02 0.11049E-01 0.64594E+00 0.65261E+00 0.00000E+00 0.00000E+00 -.29471E+01      8072500  17/0.50000E-02
 0.10000E+02 0.20000E-01 0.49407E-02 0.51306E+00 0.84684E-02 0.11652E-01 0.48638E+00 0.49578E+00 0.00000E+00 0.00000E+00 0.20409E+01      8072500  17/0.20000E-01
 0.12000E+02 0.13920E-03 0.85185E+00 0.12808E+01 0.43742E-01 0.46993E-01 0.13350E+01 0.13207E+01 0.00000E+00 0.00000E+00 -.91131E+00      8072500  18/0.13920E-03
 0.12000E+02 0.16100E-03 0.73650E+00 0.13400E+01 0.22524E-01 0.32495E-01 0.13471E+01 0.13352E+01 0.00000E+00 0.00000E+00 0.21247E+00      8072500  18/0.16100E-03
 0.12000E+02 0.18210E-03 0.65116E+00 0.12951E+01 0.27653E-01 0.35765E-01 0.13449E+01 0.13425E+01 0.00000E+00 0.00000E+00 -.17142E+01      8072500  18/0.18210E-03
 0.12000E+02 0.20000E-03 0.59289E+00 0.12935E+01 0.13990E-01 0.28281E-01 0.13371E+01 0.13144E+01 0.00000E+00 0.00000E+00 -.14940E+01      8072500  18/0.20000E-03
 0.12000E+02 0.32000E-03 0.37055E+00 0.12227E+01 0.11663E-01 0.17262E-01 0.12522E+01 0.12475E+01 0.00000E+00 0.00000E+00 -.21248E+01      8072500  18/0.32000E-03
 0.12000E+02 0.50000E-03 0.23715E+00 0.11453E+01 0.96392E-02 0.14219E-01 0.11462E+01 0.11441E+01 0.00000E+00 0.00000E+00 0.12947E+00      8072500  18/0.50000E-03
 0.12000E+02 0.80000E-03 0.14822E+00 0.10454E+01 0.90783E-02 0.13079E-01 0.10342E+01 0.10349E+01 0.00000E+00 0.00000E+00 0.11540E+01      8072500  18/0.80000E-03
 0.12000E+02 0.13000E-02 0.91213E-01 0.93471E+00 0.12342E-01 0.14886E-01 0.92587E+00 0.92997E+00 0.00000E+00 0.00000E+00 0.38431E+00      8072500  18/0.13000E-02
 0.12000E+02 0.20000E-02 0.59289E-01 0.85138E+00 0.11865E-01 0.13868E-01 0.83788E+00 0.84546E+00 0.00000E+00 0.00000E+00 0.49901E+00      8072500  18/0.20000E-02
 0.12000E+02 0.32000E-02 0.37055E-01 0.75383E+00 0.13292E-01 0.15220E-01 0.75087E+00 0.75892E+00 0.00000E+00 0.00000E+00 -.38310E+00      8072500  18/0.32000E-02
 0.12000E+02 0.50000E-02 0.23715E-01 0.67921E+00 0.10342E-01 0.12415E-01 0.67672E+00 0.68436E+00 0.00000E+00 0.00000E+00 -.49824E+00      8072500  18/0.50000E-02
 0.12000E+02 0.20000E-01 0.59289E-02 0.49046E+00 0.10070E-01 0.13759E-01 0.50104E+00 0.49699E+00 0.00000E+00 0.00000E+00 -.64829E+00      8072500  18/0.20000E-01
 0.15000E+02 0.17410E-03 0.85136E+00 0.13403E+01 0.53013E-01 0.56049E-01 0.13719E+01 0.13548E+01 0.00000E+00 0.00000E+00 -.27389E+00      8072500  19/0.17410E-03
 0.15000E+02 0.20000E-03 0.74111E+00 0.13862E+01 0.38812E-01 0.41927E-01 0.13841E+01 0.13679E+01 0.00000E+00 0.00000E+00 0.47120E+00      8072500  19/0.20000E-03
 0.15000E+02 0.22760E-03 0.65124E+00 0.13300E+01 0.39211E-01 0.42004E-01 0.13813E+01 0.13677E+01 0.00000E+00 0.00000E+00 -.96163E+00      8072500  19/0.22760E-03
 0.15000E+02 0.32000E-03 0.46319E+00 0.13127E+01 0.14430E-01 0.24341E-01 0.13318E+01 0.13140E+01 0.00000E+00 0.00000E+00 -.93205E-01      8072500  19/0.32000E-03
 0.15000E+02 0.50000E-03 0.29644E+00 0.12068E+01 0.96641E-02 0.14930E-01 0.12265E+01 0.12231E+01 0.00000E+00 0.00000E+00 -.16833E+01      8072500  19/0.50000E-03
 0.15000E+02 0.80000E-03 0.18528E+00 0.11049E+01 0.87088E-02 0.13169E-01 0.11066E+01 0.11040E+01 0.00000E+00 0.00000E+00 0.10393E+00      8072500  19/0.80000E-03
 0.15000E+02 0.13000E-02 0.11402E+00 0.97884E+00 0.81444E-02 0.12194E-01 0.98836E+00 0.98474E+00 0.00000E+00 0.00000E+00 -.72445E+00      8072500  19/0.13000E-02
 0.15000E+02 0.20000E-02 0.74111E-01 0.86832E+00 0.73779E-02 0.11523E-01 0.89144E+00 0.89062E+00 0.00000E+00 0.00000E+00 -.30222E+01      8072500  19/0.20000E-02
 0.15000E+02 0.32000E-02 0.46319E-01 0.78328E+00 0.74900E-02 0.10529E-01 0.79537E+00 0.79432E+00 0.00000E+00 0.00000E+00 -.14739E+01      8072500  19/0.32000E-02
 0.15000E+02 0.50000E-02 0.29644E-01 0.71299E+00 0.61154E-02 0.89716E-02 0.71366E+00 0.71471E+00 0.00000E+00 0.00000E+00 -.28199E+00      8072500  19/0.50000E-02
 0.15000E+02 0.80000E-02 0.18528E-01 0.63212E+00 0.55913E-02 0.79770E-02 0.63741E+00 0.63847E+00 0.00000E+00 0.00000E+00 -.11363E+01      8072500  19/0.80000E-02
 0.15000E+02 0.20000E-01 0.74111E-02 0.52935E+00 0.61272E-02 0.94764E-02 0.51835E+00 0.52944E+00 0.00000E+00 0.00000E+00 -.14201E-01      8072500  19/0.20000E-01
 0.18000E+02 0.20900E-03 0.85103E+00 0.13704E+01 0.55209E-01 0.57958E-01 0.13959E+01 0.13806E+01 0.00000E+00 0.00000E+00 -.18523E+00      8072500  20/0.20900E-03
 0.18000E+02 0.23700E-03 0.75049E+00 0.13788E+01 0.29595E-01 0.35736E-01 0.14076E+01 0.13927E+01 0.00000E+00 0.00000E+00 -.47012E+00      8072500  20/0.23700E-03
 0.18000E+02 0.26800E-03 0.66368E+00 0.13718E+01 0.18438E-01 0.27789E-01 0.14061E+01 0.14022E+01 0.00000E+00 0.00000E+00 -.16484E+01      8072500  20/0.26800E-03
 0.18000E+02 0.32800E-03 0.54227E+00 0.13825E+01 0.17784E-01 0.29130E-01 0.13827E+01 0.13878E+01 0.00000E+00 0.00000E+00 -.29998E+00      8072500  20/0.32800E-03
 0.18000E+02 0.50000E-03 0.35573E+00 0.12806E+01 0.10928E-01 0.18437E-01 0.12899E+01 0.12869E+01 0.00000E+00 0.00000E+00 -.57340E+00      8072500  20/0.50000E-03
 0.18000E+02 0.80000E-03 0.22233E+00 0.11553E+01 0.84630E-02 0.13572E-01 0.11655E+01 0.11619E+01 0.00000E+00 0.00000E+00 -.78349E+00      8072500  20/0.80000E-03
 0.18000E+02 0.13000E-02 0.13682E+00 0.10378E+01 0.79097E-02 0.12327E-01 0.10394E+01 0.10364E+01 0.00000E+00 0.00000E+00 0.17647E+00      8072500  20/0.13000E-02
 0.18000E+02 0.20000E-02 0.88933E-01 0.93994E+00 0.75318E-02 0.11449E-01 0.93548E+00 0.93341E+00 0.00000E+00 0.00000E+00 0.86721E+00      8072500  20/0.20000E-02
 0.18000E+02 0.32000E-02 0.55583E-01 0.82948E+00 0.69339E-02 0.10324E-01 0.83201E+00 0.83232E+00 0.00000E+00 0.00000E+00 -.41028E+00      8072500  20/0.32000E-02
 0.18000E+02 0.50000E-02 0.35573E-01 0.74380E+00 0.60852E-02 0.89575E-02 0.74363E+00 0.74375E+00 0.00000E+00 0.00000E+00 0.82846E-02      8072500  20/0.50000E-02
 0.18000E+02 0.80000E-02 0.22233E-01 0.66400E+00 0.53338E-02 0.84352E-02 0.66135E+00 0.66225E+00 0.00000E+00 0.00000E+00 0.32871E+00      8072500  20/0.80000E-02
 0.18000E+02 0.20000E-01 0.88933E-02 0.53574E+00 0.98719E-02 0.13519E-01 0.53222E+00 0.54378E+00 0.00000E+00 0.00000E+00 -.81401E+00      8072500  20/0.20000E-01
 0.22000E+02 0.29000E-03 0.74963E+00 0.14338E+01 0.37726E-01 0.44225E-01 0.14309E+01 0.14203E+01 0.00000E+00 0.00000E+00 0.35665E+00      8072500  21/0.29000E-03
 0.22000E+02 0.32000E-03 0.67935E+00 0.14306E+01 0.43998E-01 0.48074E-01 0.14300E+01 0.14242E+01 0.00000E+00 0.00000E+00 0.14497E+00      8072500  21/0.32000E-03
 0.22000E+02 0.34500E-03 0.63012E+00 0.14102E+01 0.26159E-01 0.32039E-01 0.14245E+01 0.14263E+01 0.00000E+00 0.00000E+00 -.61548E+00      8072500  21/0.34500E-03
 0.22000E+02 0.38800E-03 0.56029E+00 0.13925E+01 0.18845E-01 0.27496E-01 0.14091E+01 0.14168E+01 0.00000E+00 0.00000E+00 -.12913E+01      8072500  21/0.38800E-03
 0.22000E+02 0.50000E-03 0.43478E+00 0.13823E+01 0.17672E-01 0.26795E-01 0.13570E+01 0.13602E+01 0.00000E+00 0.00000E+00 0.12523E+01      8072500  21/0.50000E-03
 0.22000E+02 0.59200E-03 0.36721E+00 0.13265E+01 0.15873E-01 0.25419E-01 0.13141E+01 0.13185E+01 0.00000E+00 0.00000E+00 0.50193E+00      8072500  21/0.59200E-03
 0.22000E+02 0.80000E-03 0.27174E+00 0.12290E+01 0.12274E-01 0.20136E-01 0.12315E+01 0.12313E+01 0.00000E+00 0.00000E+00 -.18522E+00      8072500  21/0.80000E-03
 0.22000E+02 0.13000E-02 0.16722E+00 0.10574E+01 0.28197E-01 0.30380E-01 0.10972E+01 0.10833E+01 0.00000E+00 0.00000E+00 -.91976E+00      8072500  21/0.13000E-02
 0.22000E+02 0.20000E-02 0.10870E+00 0.99039E+00 0.16705E-01 0.21166E-01 0.98482E+00 0.97691E+00 0.00000E+00 0.00000E+00 0.80704E+00      8072500  21/0.20000E-02
 0.22000E+02 0.32000E-02 0.67935E-01 0.90023E+00 0.25349E-01 0.26555E-01 0.87295E+00 0.87648E+00 0.00000E+00 0.00000E+00 0.93701E+00      8072500  21/0.32000E-02
 0.22000E+02 0.50000E-02 0.43478E-01 0.76900E+00 0.19491E-01 0.21034E-01 0.77720E+00 0.78230E+00 0.00000E+00 0.00000E+00 -.68252E+00      8072500  21/0.50000E-02
 0.22000E+02 0.80000E-02 0.27174E-01 0.65607E+00 0.17075E-01 0.18783E-01 0.68771E+00 0.69532E+00 0.00000E+00 0.00000E+00 -.22984E+01      8072500  21/0.80000E-02
 0.22000E+02 0.13000E-01 0.16722E-01 0.58566E+00 0.15632E-01 0.17156E-01 0.60764E+00 0.61387E+00 0.00000E+00 0.00000E+00 -.18046E+01      8072500  21/0.13000E-01
 0.22000E+02 0.32000E-01 0.67935E-02 0.51943E+00 0.12573E-01 0.15794E-01 0.49271E+00 0.50248E+00 0.00000E+00 0.00000E+00 0.13485E+01      8072500  21/0.32000E-01
 0.27000E+02 0.31400E-03 0.84968E+00 0.14802E+01 0.67790E-01 0.70218E-01 0.14376E+01 0.14223E+01 0.00000E+00 0.00000E+00 0.85345E+00      8072500  22/0.31400E-03
 0.27000E+02 0.35500E-03 0.75154E+00 0.14408E+01 0.40106E-01 0.43426E-01 0.14486E+01 0.14341E+01 0.00000E+00 0.00000E+00 0.16691E+00      8072500  22/0.35500E-03
 0.27000E+02 0.41000E-03 0.65073E+00 0.14618E+01 0.33338E-01 0.37741E-01 0.14440E+01 0.14310E+01 0.00000E+00 0.00000E+00 0.92282E+00      8072500  22/0.41000E-03
 0.27000E+02 0.50000E-03 0.53360E+00 0.14108E+01 0.14347E-01 0.22133E-01 0.14154E+01 0.14008E+01 0.00000E+00 0.00000E+00 0.69610E+00      8072500  22/0.50000E-03
 0.27000E+02 0.80000E-03 0.33350E+00 0.12885E+01 0.10293E-01 0.15719E-01 0.12969E+01 0.12946E+01 0.00000E+00 0.00000E+00 -.58861E+00      8072500  22/0.80000E-03
 0.27000E+02 0.13000E-02 0.20523E+00 0.11536E+01 0.92655E-02 0.14039E-01 0.11563E+01 0.11536E+01 0.00000E+00 0.00000E+00 -.25549E-02      8072500  22/0.13000E-02
 0.27000E+02 0.20000E-02 0.13340E+00 0.10437E+01 0.86260E-02 0.12726E-01 0.10358E+01 0.10339E+01 0.00000E+00 0.00000E+00 0.11330E+01      8072500  22/0.20000E-02
 0.27000E+02 0.32000E-02 0.83374E-01 0.91323E+00 0.77110E-02 0.11391E-01 0.91482E+00 0.91611E+00 0.00000E+00 0.00000E+00 -.37322E+00      8072500  22/0.32000E-02
 0.27000E+02 0.50000E-02 0.53360E-01 0.79956E+00 0.67834E-02 0.10060E-01 0.81116E+00 0.81167E+00 0.00000E+00 0.00000E+00 -.17857E+01      8072500  22/0.50000E-02
 0.27000E+02 0.80000E-02 0.33350E-01 0.70730E+00 0.62154E-02 0.88412E-02 0.71451E+00 0.71399E+00 0.00000E+00 0.00000E+00 -.10769E+01      8072500  22/0.80000E-02
 0.27000E+02 0.13000E-01 0.20523E-01 0.63457E+00 0.54687E-02 0.83836E-02 0.62775E+00 0.62994E+00 0.00000E+00 0.00000E+00 0.84614E+00      8072500  22/0.13000E-01
 0.27000E+02 0.20000E-01 0.13340E-01 0.57643E+00 0.65820E-02 0.10149E-01 0.56228E+00 0.56363E+00 0.00000E+00 0.00000E+00 0.19447E+01      8072500  22/0.20000E-01
 0.27000E+02 0.32000E-01 0.83374E-02 0.52693E+00 0.99415E-02 0.13438E-01 0.50300E+00 0.51579E+00 0.00000E+00 0.00000E+00 0.11209E+01      8072500  22/0.32000E-01
 0.35000E+02 0.46030E-03 0.75136E+00 0.14273E+01 0.31834E-01 0.36389E-01 0.14623E+01 0.14483E+01 0.00000E+00 0.00000E+00 -.65973E+00      8072500  23/0.46030E-03
 0.35000E+02 0.50000E-03 0.69170E+00 0.14719E+01 0.34728E-01 0.38662E-01 0.14608E+01 0.14595E+01 0.00000E+00 0.00000E+00 0.35846E+00      8072500  23/0.50000E-03
 0.35000E+02 0.53110E-03 0.65120E+00 0.14398E+01 0.21151E-01 0.26501E-01 0.14561E+01 0.14531E+01 0.00000E+00 0.00000E+00 -.63076E+00      8072500  23/0.53110E-03
 0.35000E+02 0.61600E-03 0.56144E+00 0.14580E+01 0.23078E-01 0.29329E-01 0.14345E+01 0.14413E+01 0.00000E+00 0.00000E+00 0.72517E+00      8072500  23/0.61600E-03
 0.35000E+02 0.65700E-03 0.52641E+00 0.14332E+01 0.18792E-01 0.26541E-01 0.14216E+01 0.14301E+01 0.00000E+00 0.00000E+00 0.16490E+00      8072500  23/0.65700E-03
 0.35000E+02 0.80000E-03 0.43231E+00 0.13864E+01 0.10646E-01 0.18071E-01 0.13735E+01 0.13708E+01 0.00000E+00 0.00000E+00 0.14699E+01      8072500  23/0.80000E-03
 0.35000E+02 0.10000E-02 0.34585E+00 0.13115E+01 0.13438E-01 0.21757E-01 0.13097E+01 0.13119E+01 0.00000E+00 0.00000E+00 -.32979E-01      8072500  23/0.10000E-02
 0.35000E+02 0.13000E-02 0.26604E+00 0.12224E+01 0.78102E-02 0.13980E-01 0.12301E+01 0.12278E+01 0.00000E+00 0.00000E+00 -.69285E+00      8072500  23/0.13000E-02
 0.35000E+02 0.20000E-02 0.17292E+00 0.10990E+01 0.82921E-02 0.12932E-01 0.11001E+01 0.10981E+01 0.00000E+00 0.00000E+00 0.11026E+00      8072500  23/0.20000E-02
 0.35000E+02 0.32000E-02 0.10808E+00 0.96333E+00 0.71614E-02 0.11427E-01 0.96794E+00 0.96433E+00 0.00000E+00 0.00000E+00 -.13928E+00      8072500  23/0.32000E-02
 0.35000E+02 0.50000E-02 0.69170E-01 0.85070E+00 0.68629E-02 0.10254E-01 0.85430E+00 0.85469E+00 0.00000E+00 0.00000E+00 -.58134E+00      8072500  23/0.50000E-02
 0.35000E+02 0.80000E-02 0.43231E-01 0.74595E+00 0.62264E-02 0.92532E-02 0.74795E+00 0.74888E+00 0.00000E+00 0.00000E+00 -.47136E+00      8072500  23/0.80000E-02
 0.35000E+02 0.13000E-01 0.26604E-01 0.66090E+00 0.59709E-02 0.84116E-02 0.65267E+00 0.65385E+00 0.00000E+00 0.00000E+00 0.11806E+01      8072500  23/0.13000E-01
 0.35000E+02 0.20000E-01 0.17292E-01 0.59057E+00 0.53282E-02 0.86579E-02 0.58077E+00 0.58273E+00 0.00000E+00 0.00000E+00 0.14712E+01      8072500  23/0.20000E-01
 0.35000E+02 0.32000E-01 0.10808E-01 0.51678E+00 0.63659E-02 0.99770E-02 0.51545E+00 0.52422E+00 0.00000E+00 0.00000E+00 -.11685E+01      8072500  23/0.32000E-01
 0.35000E+02 0.80000E-01 0.43231E-02 0.44824E+00 0.17778E-01 0.23200E-01 0.42073E+00 0.44401E+00 0.00000E+00 0.00000E+00 0.23815E+00      8072500  23/0.80000E-01
 0.45000E+02 0.59000E-03 0.75367E+00 0.14678E+01 0.49033E-01 0.53265E-01 0.14656E+01 0.14627E+01 0.00000E+00 0.00000E+00 0.10487E+00      8072500  24/0.59000E-03
 0.45000E+02 0.63410E-03 0.70125E+00 0.14511E+01 0.27689E-01 0.32104E-01 0.14638E+01 0.14561E+01 0.00000E+00 0.00000E+00 -.18133E+00      8072500  24/0.63410E-03
 0.45000E+02 0.70000E-03 0.63523E+00 0.14853E+01 0.37036E-01 0.41217E-01 0.14543E+01 0.14609E+01 0.00000E+00 0.00000E+00 0.65815E+00      8072500  24/0.70000E-03
 0.45000E+02 0.80000E-03 0.55583E+00 0.14601E+01 0.15767E-01 0.21514E-01 0.14313E+01 0.14292E+01 0.00000E+00 0.00000E+00 0.19590E+01      8072500  24/0.80000E-03
 0.45000E+02 0.92000E-03 0.48333E+00 0.13877E+01 0.21752E-01 0.27818E-01 0.13987E+01 0.14102E+01 0.00000E+00 0.00000E+00 -.10352E+01      8072500  24/0.92000E-03
 0.45000E+02 0.11000E-02 0.40424E+00 0.13707E+01 0.19678E-01 0.25378E-01 0.13488E+01 0.13558E+01 0.00000E+00 0.00000E+00 0.75510E+00      8072500  24/0.11000E-02
 0.45000E+02 0.13000E-02 0.34205E+00 0.12940E+01 0.91948E-02 0.15710E-01 0.12980E+01 0.12987E+01 0.00000E+00 0.00000E+00 -.50870E+00      8072500  24/0.13000E-02
 0.45000E+02 0.20000E-02 0.22233E+00 0.11521E+01 0.79461E-02 0.13142E-01 0.11616E+01 0.11595E+01 0.00000E+00 0.00000E+00 -.93042E+00      8072500  24/0.20000E-02
 0.45000E+02 0.32000E-02 0.13896E+00 0.10050E+01 0.71833E-02 0.11817E-01 0.10190E+01 0.10148E+01 0.00000E+00 0.00000E+00 -.13609E+01      8072500  24/0.32000E-02
 0.45000E+02 0.50000E-02 0.88933E-01 0.89644E+00 0.74709E-02 0.10698E-01 0.89539E+00 0.89756E+00 0.00000E+00 0.00000E+00 -.15002E+00      8072500  24/0.50000E-02
 0.45000E+02 0.80000E-02 0.55583E-01 0.78040E+00 0.66498E-02 0.92873E-02 0.77985E+00 0.78148E+00 0.00000E+00 0.00000E+00 -.16287E+00      8072500  24/0.80000E-02
 0.45000E+02 0.13000E-01 0.34205E-01 0.67916E+00 0.63177E-02 0.87862E-02 0.67629E+00 0.67908E+00 0.00000E+00 0.00000E+00 0.12774E-01      8072500  24/0.13000E-01
 0.45000E+02 0.20000E-01 0.22233E-01 0.60058E+00 0.54803E-02 0.80253E-02 0.59800E+00 0.59962E+00 0.00000E+00 0.00000E+00 0.17556E+00      8072500  24/0.20000E-01
 0.45000E+02 0.32000E-01 0.13896E-01 0.53286E+00 0.73841E-02 0.95520E-02 0.52698E+00 0.52950E+00 0.00000E+00 0.00000E+00 0.45553E+00      8072500  24/0.32000E-01
 0.45000E+02 0.50000E-01 0.88933E-02 0.48495E+00 0.98831E-02 0.12701E-01 0.47220E+00 0.48261E+00 0.00000E+00 0.00000E+00 0.23662E+00      8072500  24/0.50000E-01
 0.60000E+02 0.80000E-03 0.74111E+00 0.14700E+01 0.27199E-01 0.30380E-01 0.14577E+01 0.14605E+01 0.00000E+00 0.00000E+00 0.34765E+00      8072500 999/0.80000E-03
 0.60000E+02 0.86000E-03 0.68940E+00 0.15457E+01 0.43671E-01 0.47861E-01 0.14532E+01 0.14607E+01 0.00000E+00 0.00000E+00 0.19468E+01      8072500 999/0.86000E-03
 0.60000E+02 0.94000E-03 0.63073E+00 0.15253E+01 0.42973E-01 0.47577E-01 0.14420E+01 0.14540E+01 0.00000E+00 0.00000E+00 0.16591E+01      8072500 999/0.94000E-03
 0.60000E+02 0.11000E-02 0.53899E+00 0.14591E+01 0.27631E-01 0.34967E-01 0.14105E+01 0.14267E+01 0.00000E+00 0.00000E+00 0.11712E+01      8072500 999/0.11000E-02
 0.60000E+02 0.13000E-02 0.45607E+00 0.13909E+01 0.13650E-01 0.19034E-01 0.13661E+01 0.13672E+01 0.00000E+00 0.00000E+00 0.17333E+01      8072500 999/0.13000E-02
 0.60000E+02 0.15000E-02 0.39526E+00 0.13166E+01 0.22150E-01 0.26797E-01 0.13227E+01 0.13275E+01 0.00000E+00 0.00000E+00 -.49255E+00      8072500 999/0.15000E-02
 0.60000E+02 0.20000E-02 0.29644E+00 0.12342E+01 0.81464E-02 0.13935E-01 0.12293E+01 0.12303E+01 0.00000E+00 0.00000E+00 0.48167E+00      8072500 999/0.20000E-02
 0.60000E+02 0.32000E-02 0.18528E+00 0.10771E+01 0.76907E-02 0.12054E-01 0.10765E+01 0.10746E+01 0.00000E+00 0.00000E+00 0.32802E+00      8072500 999/0.32000E-02
 0.60000E+02 0.50000E-02 0.11858E+00 0.93215E+00 0.70650E-02 0.10806E-01 0.94205E+00 0.93988E+00 0.00000E+00 0.00000E+00 -.10942E+01      8072500 999/0.50000E-02
 0.60000E+02 0.80000E-02 0.74111E-01 0.81850E+00 0.75447E-02 0.10677E-01 0.81573E+00 0.81978E+00 0.00000E+00 0.00000E+00 -.16944E+00      8072500 999/0.80000E-02
 0.60000E+02 0.13000E-01 0.45607E-01 0.70548E+00 0.70558E-02 0.95323E-02 0.70243E+00 0.70409E+00 0.00000E+00 0.00000E+00 0.19655E+00      8072500 999/0.13000E-01
 0.60000E+02 0.20000E-01 0.29644E-01 0.63101E+00 0.66579E-02 0.90430E-02 0.61702E+00 0.62008E+00 0.00000E+00 0.00000E+00 0.16409E+01      8072500 999/0.20000E-01
 0.60000E+02 0.32000E-01 0.18528E-01 0.55175E+00 0.62800E-02 0.84676E-02 0.53951E+00 0.54095E+00 0.00000E+00 0.00000E+00 0.17202E+01      8072500 999/0.32000E-01
 0.60000E+02 0.50000E-01 0.11858E-01 0.50917E+00 0.88824E-02 0.11387E-01 0.47968E+00 0.48885E+00 0.00000E+00 0.00000E+00 0.22876E+01      8072500 999/0.50000E-01
 0.60000E+02 0.13000E+00 0.45607E-02 0.39468E+00 0.19232E-01 0.22624E-01 0.37671E+00 0.39523E+00 0.00000E+00 0.00000E+00 -.28853E-01      8072500 999/0.13000E+00
 0.70000E+02 0.92200E-03 0.75022E+00 0.13851E+01 0.86193E-01 0.88454E-01 0.14491E+01 0.14381E+01 0.00000E+00 0.00000E+00 -.61499E+00      8072500 999/0.92200E-03
 0.70000E+02 0.10000E-02 0.69170E+00 0.14335E+01 0.48131E-01 0.51574E-01 0.14435E+01 0.14454E+01 0.00000E+00 0.00000E+00 -.24660E+00      8072500 999/0.10000E-02
 0.70000E+02 0.11000E-02 0.62882E+00 0.15062E+01 0.42495E-01 0.47249E-01 0.14303E+01 0.14436E+01 0.00000E+00 0.00000E+00 0.14738E+01      8072500 999/0.11000E-02
 0.70000E+02 0.12400E-02 0.55782E+00 0.14447E+01 0.33673E-01 0.38468E-01 0.14059E+01 0.14141E+01 0.00000E+00 0.00000E+00 0.90841E+00      8072500 999/0.12400E-02
 0.70000E+02 0.13000E-02 0.53208E+00 0.14142E+01 0.26448E-01 0.33457E-01 0.13944E+01 0.14072E+01 0.00000E+00 0.00000E+00 0.26624E+00      8072500 999/0.13000E-02
 0.70000E+02 0.20000E-02 0.34585E+00 0.12456E+01 0.22160E-01 0.27225E-01 0.12633E+01 0.12695E+01 0.00000E+00 0.00000E+00 -.10770E+01      8072500 999/0.20000E-02
 0.70000E+02 0.25000E-02 0.27668E+00 0.11900E+01 0.16234E-01 0.21672E-01 0.11887E+01 0.11924E+01 0.00000E+00 0.00000E+00 -.14586E+00      8072500 999/0.25000E-02
 0.70000E+02 0.32000E-02 0.21616E+00 0.10842E+01 0.12990E-01 0.16581E-01 0.11068E+01 0.11036E+01 0.00000E+00 0.00000E+00 -.14941E+01      8072500 999/0.32000E-02
 0.70000E+02 0.50000E-02 0.13834E+00 0.95805E+00 0.10635E-01 0.14486E-01 0.96664E+00 0.95920E+00 0.00000E+00 0.00000E+00 -.10814E+00      8072500 999/0.50000E-02
 0.70000E+02 0.80000E-02 0.86462E-01 0.81942E+00 0.13812E-01 0.15381E-01 0.83455E+00 0.83576E+00 0.00000E+00 0.00000E+00 -.11830E+01      8072500 999/0.80000E-02
 0.70000E+02 0.13000E-01 0.53208E-01 0.71615E+00 0.14015E-01 0.16283E-01 0.71622E+00 0.72312E+00 0.00000E+00 0.00000E+00 -.49696E+00      8072500 999/0.13000E-01
 0.70000E+02 0.20000E-01 0.34585E-01 0.63677E+00 0.12051E-01 0.13658E-01 0.62689E+00 0.63233E+00 0.00000E+00 0.00000E+00 0.36880E+00      8072500 999/0.20000E-01
 0.70000E+02 0.32000E-01 0.21616E-01 0.56107E+00 0.12872E-01 0.13829E-01 0.54590E+00 0.54723E+00 0.00000E+00 0.00000E+00 0.10752E+01      8072500 999/0.32000E-01
 0.70000E+02 0.50000E-01 0.13834E-01 0.51168E+00 0.94467E-02 0.11591E-01 0.48350E+00 0.49458E+00 0.00000E+00 0.00000E+00 0.18104E+01      8072500 999/0.50000E-01
 0.90000E+02 0.13000E-02 0.68410E+00 0.14785E+01 0.24004E-01 0.27687E-01 0.14167E+01 0.14254E+01 0.00000E+00 0.00000E+00 0.22128E+01      8072500 999/0.13000E-02
 0.90000E+02 0.15000E-02 0.59289E+00 0.14175E+01 0.21524E-01 0.36329E-01 0.13909E+01 0.14029E+01 0.00000E+00 0.00000E+00 0.67811E+00      8072500 999/0.15000E-02
 0.90000E+02 0.20000E-02 0.44466E+00 0.13275E+01 0.16418E-01 0.20857E-01 0.13115E+01 0.13118E+01 0.00000E+00 0.00000E+00 0.95404E+00      8072500 999/0.20000E-02
 0.90000E+02 0.32000E-02 0.27791E+00 0.11653E+01 0.10599E-01 0.14976E-01 0.11536E+01 0.11545E+01 0.00000E+00 0.00000E+00 0.10143E+01      8072500 999/0.32000E-02
 0.90000E+02 0.50000E-02 0.17787E+00 0.10233E+01 0.93669E-02 0.13033E-01 0.10056E+01 0.10048E+01 0.00000E+00 0.00000E+00 0.19727E+01      8072500 999/0.50000E-02
 0.90000E+02 0.80000E-02 0.11117E+00 0.88253E+00 0.91218E-02 0.12083E-01 0.86462E+00 0.86519E+00 0.00000E+00 0.00000E+00 0.19008E+01      8072500 999/0.80000E-02
 0.90000E+02 0.13000E-01 0.68410E-01 0.75350E+00 0.85581E-02 0.11051E-01 0.73791E+00 0.74095E+00 0.00000E+00 0.00000E+00 0.14669E+01      8072500 999/0.13000E-01
 0.90000E+02 0.20000E-01 0.44466E-01 0.64913E+00 0.73454E-02 0.95196E-02 0.64246E+00 0.64343E+00 0.00000E+00 0.00000E+00 0.77538E+00      8072500 999/0.20000E-01
 0.90000E+02 0.32000E-01 0.27791E-01 0.55688E+00 0.69175E-02 0.86173E-02 0.55596E+00 0.55666E+00 0.00000E+00 0.00000E+00 0.32297E-01      8072500 999/0.32000E-01
 0.90000E+02 0.50000E-01 0.17787E-01 0.48827E+00 0.71252E-02 0.89000E-02 0.48933E+00 0.49371E+00 0.00000E+00 0.00000E+00 -.76333E+00      8072500 999/0.50000E-01
 0.90000E+02 0.80000E-01 0.11117E-01 0.43610E+00 0.67362E-02 0.84500E-02 0.43132E+00 0.43722E+00 0.00000E+00 0.00000E+00 -.16629E+00      8072500 999/0.80000E-01
 0.90000E+02 0.18000E+00 0.49407E-02 0.34268E+00 0.14776E-01 0.17584E-01 0.33394E+00 0.33605E+00 0.00000E+00 0.00000E+00 0.44891E+00      8072500 999/0.18000E+00
 0.12000E+03 0.16000E-02 0.74111E+00 0.14098E+01 0.22664E-01 0.26055E-01 0.13855E+01 0.13938E+01 0.00000E+00 0.00000E+00 0.70550E+00      8072500 999/0.16000E-02
 0.12000E+03 0.17200E-02 0.68940E+00 0.14442E+01 0.57815E-01 0.60674E-01 0.13765E+01 0.13786E+01 0.00000E+00 0.00000E+00 0.11350E+01      8072500 999/0.17200E-02
 0.12000E+03 0.18800E-02 0.63073E+00 0.14127E+01 0.48696E-01 0.52110E-01 0.13604E+01 0.13673E+01 0.00000E+00 0.00000E+00 0.93318E+00      8072500 999/0.18800E-02
 0.12000E+03 0.20000E-02 0.59289E+00 0.13613E+01 0.12962E-01 0.23049E-01 0.13464E+01 0.13552E+01 0.00000E+00 0.00000E+00 0.46706E+00      8072500 999/0.20000E-02
 0.12000E+03 0.21200E-02 0.55933E+00 0.13859E+01 0.38433E-01 0.42435E-01 0.13316E+01 0.13355E+01 0.00000E+00 0.00000E+00 0.13115E+01      8072500 999/0.21200E-02
 0.12000E+03 0.27000E-02 0.43917E+00 0.12459E+01 0.33393E-01 0.37139E-01 0.12587E+01 0.12665E+01 0.00000E+00 0.00000E+00 -.61582E+00      8072500 999/0.27000E-02
 0.12000E+03 0.32000E-02 0.37055E+00 0.12083E+01 0.10333E-01 0.14629E-01 0.12015E+01 0.12061E+01 0.00000E+00 0.00000E+00 0.21317E+00      8072500 999/0.32000E-02
 0.12000E+03 0.50000E-02 0.23715E+00 0.10415E+01 0.11402E-01 0.15111E-01 0.10479E+01 0.10490E+01 0.00000E+00 0.00000E+00 -.65506E+00      8072500 999/0.50000E-02
 0.12000E+03 0.80000E-02 0.14822E+00 0.89275E+00 0.86787E-02 0.12330E-01 0.89755E+00 0.89378E+00 0.00000E+00 0.00000E+00 -.11811E+00      8072500 999/0.80000E-02
 0.12000E+03 0.13000E-01 0.91213E-01 0.77383E+00 0.10068E-01 0.12473E-01 0.76176E+00 0.76407E+00 0.00000E+00 0.00000E+00 0.96907E+00      8072500 999/0.13000E-01
 0.12000E+03 0.20000E-01 0.59289E-01 0.66608E+00 0.85624E-02 0.11150E-01 0.65946E+00 0.66575E+00 0.00000E+00 0.00000E+00 0.38033E-01      8072500 999/0.20000E-01
 0.12000E+03 0.32000E-01 0.37055E-01 0.57394E+00 0.83526E-02 0.10094E-01 0.56676E+00 0.56885E+00 0.00000E+00 0.00000E+00 0.60931E+00      8072500 999/0.32000E-01
 0.12000E+03 0.50000E-01 0.23715E-01 0.48591E+00 0.69537E-02 0.87393E-02 0.49556E+00 0.49958E+00 0.00000E+00 0.00000E+00 -.19662E+01      8072500 999/0.50000E-01
 0.12000E+03 0.80000E-01 0.14822E-01 0.44081E+00 0.65729E-02 0.92918E-02 0.43374E+00 0.43880E+00 0.00000E+00 0.00000E+00 0.30547E+00      8072500 999/0.80000E-01
 0.12000E+03 0.18000E+00 0.65876E-02 0.33234E+00 0.11924E-01 0.13234E-01 0.33159E+00 0.33247E+00 0.00000E+00 0.00000E+00 -.10779E-01      8072500 999/0.18000E+00
 0.15000E+03 0.20000E-02 0.74111E+00 0.13807E+01 0.24152E-01 0.27270E-01 0.13466E+01 0.13538E+01 0.00000E+00 0.00000E+00 0.11156E+01      8072500 999/0.20000E-02
 0.15000E+03 0.32000E-02 0.46319E+00 0.12348E+01 0.11122E-01 0.16862E-01 0.12310E+01 0.12359E+01 0.00000E+00 0.00000E+00 -.96564E-01      8072500 999/0.32000E-02
 0.15000E+03 0.50000E-02 0.29644E+00 0.10778E+01 0.10098E-01 0.13349E-01 0.10781E+01 0.10792E+01 0.00000E+00 0.00000E+00 -.14050E+00      8072500 999/0.50000E-02
 0.15000E+03 0.80000E-02 0.18528E+00 0.92693E+00 0.11812E-01 0.14157E-01 0.92197E+00 0.92820E+00 0.00000E+00 0.00000E+00 -.10792E+00      8072500 999/0.80000E-02
 0.15000E+03 0.13000E-01 0.11402E+00 0.79740E+00 0.13557E-01 0.16036E-01 0.77953E+00 0.78689E+00 0.00000E+00 0.00000E+00 0.77524E+00      8072500 999/0.13000E-01
 0.15000E+03 0.20000E-01 0.74111E-01 0.68714E+00 0.12466E-01 0.15065E-01 0.67195E+00 0.68301E+00 0.00000E+00 0.00000E+00 0.33149E+00      8072500 999/0.20000E-01
 0.15000E+03 0.32000E-01 0.46319E-01 0.58336E+00 0.11908E-01 0.13959E-01 0.57470E+00 0.58320E+00 0.00000E+00 0.00000E+00 0.13307E-01      8072500 999/0.32000E-01
 0.15000E+03 0.50000E-01 0.29644E-01 0.50911E+00 0.10623E-01 0.11863E-01 0.50004E+00 0.50533E+00 0.00000E+00 0.00000E+00 0.35582E+00      8072500 999/0.50000E-01
 0.15000E+03 0.80000E-01 0.18528E-01 0.44360E+00 0.85858E-02 0.10138E-01 0.43542E+00 0.44312E+00 0.00000E+00 0.00000E+00 0.55849E-01      8072500 999/0.80000E-01
 0.15000E+03 0.18000E+00 0.82345E-02 0.32437E+00 0.10924E-01 0.12136E-01 0.32976E+00 0.33009E+00 0.00000E+00 0.00000E+00 -.52388E+00      8072500 999/0.18000E+00
 0.20000E+03 0.26000E-02 0.76011E+00 0.13123E+01 0.25002E-01 0.27623E-01 0.12914E+01 0.12983E+01 0.00000E+00 0.00000E+00 0.56032E+00      8072500 999/0.26000E-02
 0.20000E+03 0.32000E-02 0.61759E+00 0.12484E+01 0.14560E-01 0.21159E-01 0.12510E+01 0.12588E+01 0.00000E+00 0.00000E+00 -.71741E+00      8072500 999/0.32000E-02
 0.20000E+03 0.50000E-02 0.39526E+00 0.11099E+01 0.85778E-02 0.12935E-01 0.11116E+01 0.11146E+01 0.00000E+00 0.00000E+00 -.54912E+00      8072500 999/0.50000E-02
 0.20000E+03 0.80000E-02 0.24704E+00 0.94762E+00 0.62199E-02 0.10164E-01 0.95143E+00 0.95374E+00 0.00000E+00 0.00000E+00 -.98468E+00      8072500 999/0.80000E-02
 0.20000E+03 0.13000E-01 0.15202E+00 0.80850E+00 0.48855E-02 0.84217E-02 0.80132E+00 0.80429E+00 0.00000E+00 0.00000E+00 0.86228E+00      8072500 999/0.13000E-01
 0.20000E+03 0.20000E-01 0.98814E-01 0.70105E+00 0.46556E-02 0.76577E-02 0.68742E+00 0.69136E+00 0.00000E+00 0.00000E+00 0.20808E+01      8072500 999/0.20000E-01
 0.20000E+03 0.32000E-01 0.61759E-01 0.58242E+00 0.43123E-02 0.67766E-02 0.58440E+00 0.58644E+00 0.00000E+00 0.00000E+00 -.93176E+00      8072500 999/0.32000E-01
 0.20000E+03 0.50000E-01 0.39526E-01 0.51982E+00 0.39398E-02 0.60171E-02 0.50541E+00 0.50720E+00 0.00000E+00 0.00000E+00 0.32042E+01      8072500 999/0.50000E-01
 0.20000E+03 0.80000E-01 0.24704E-01 0.43827E+00 0.29385E-02 0.49851E-02 0.43736E+00 0.43799E+00 0.00000E+00 0.00000E+00 0.96756E-01      8072500 999/0.80000E-01
 0.20000E+03 0.13000E+00 0.15202E-01 0.36173E+00 0.81370E-02 0.88818E-02 0.37411E+00 0.37695E+00 0.00000E+00 0.00000E+00 -.18709E+01      8072500 999/0.13000E+00
 0.20000E+03 0.18000E+00 0.10979E-01 0.34253E+00 0.31590E-02 0.54325E-02 0.32741E+00 0.33183E+00 0.00000E+00 0.00000E+00 0.33860E+01      8072500 999/0.18000E+00
 0.20000E+03 0.25000E+00 0.79051E-02 0.27760E+00 0.15313E-01 0.16529E-01 0.26796E+00 0.27258E+00 0.00000E+00 0.00000E+00 0.32793E+00      8072500 999/0.25000E+00
 0.20000E+03 0.40000E+00 0.49407E-02 0.13952E+00 0.87862E-02 0.10327E-01 0.14964E+00 0.15324E+00 0.00000E+00 0.00000E+00 -.15615E+01      8072500 999/0.40000E+00
 0.25000E+03 0.33000E-02 0.74859E+00 0.12800E+01 0.25418E-01 0.27868E-01 0.12376E+01 0.12425E+01 0.00000E+00 0.00000E+00 0.14745E+01      8072500 999/0.33000E-02
 0.25000E+03 0.50000E-02 0.49407E+00 0.11266E+01 0.11485E-01 0.15513E-01 0.11302E+01 0.11342E+01 0.00000E+00 0.00000E+00 -.66001E+00      8072500 999/0.50000E-02
 0.25000E+03 0.80000E-02 0.30879E+00 0.95192E+00 0.66781E-02 0.10512E-01 0.97190E+00 0.97143E+00 0.00000E+00 0.00000E+00 -.29208E+01      8072500 999/0.80000E-02
 0.25000E+03 0.13000E-01 0.19003E+00 0.82679E+00 0.57346E-02 0.91438E-02 0.81717E+00 0.81907E+00 0.00000E+00 0.00000E+00 0.13463E+01      8072500 999/0.13000E-01
 0.25000E+03 0.20000E-01 0.12352E+00 0.70742E+00 0.57368E-02 0.82938E-02 0.69871E+00 0.70101E+00 0.00000E+00 0.00000E+00 0.11168E+01      8072500 999/0.20000E-01
 0.25000E+03 0.32000E-01 0.77199E-01 0.59220E+00 0.51995E-02 0.73550E-02 0.59141E+00 0.59305E+00 0.00000E+00 0.00000E+00 -.16433E+00      8072500 999/0.32000E-01
 0.25000E+03 0.50000E-01 0.49407E-01 0.51873E+00 0.43297E-02 0.63332E-02 0.50932E+00 0.51058E+00 0.00000E+00 0.00000E+00 0.18830E+01      8072500 999/0.50000E-01
 0.25000E+03 0.80000E-01 0.30879E-01 0.44019E+00 0.31441E-02 0.51297E-02 0.43867E+00 0.43870E+00 0.00000E+00 0.00000E+00 0.47464E+00      8072500 999/0.80000E-01
 0.25000E+03 0.13000E+00 0.19003E-01 0.36738E+00 0.64327E-02 0.73470E-02 0.37342E+00 0.37489E+00 0.00000E+00 0.00000E+00 -.11671E+01      8072500 999/0.13000E+00
 0.25000E+03 0.18000E+00 0.13724E-01 0.33173E+00 0.35594E-02 0.53069E-02 0.32561E+00 0.32887E+00 0.00000E+00 0.00000E+00 0.80264E+00      8072500 999/0.18000E+00
 0.25000E+03 0.25000E+00 0.98814E-02 0.26745E+00 0.11355E-01 0.12478E-01 0.26528E+00 0.26833E+00 0.00000E+00 0.00000E+00 -.77320E-01      8072500 999/0.25000E+00
 0.25000E+03 0.40000E+00 0.61759E-02 0.14200E+00 0.71612E-02 0.88115E-02 0.14673E+00 0.14961E+00 0.00000E+00 0.00000E+00 -.10627E+01      8072500 999/0.40000E+00
 0.30000E+03 0.39000E-02 0.76011E+00 0.12182E+01 0.25372E-01 0.27546E-01 0.11947E+01 0.11990E+01 0.00000E+00 0.00000E+00 0.75726E+00      8072500 999/0.39000E-02
 0.30000E+03 0.50000E-02 0.59289E+00 0.11418E+01 0.17112E-01 0.20798E-01 0.11374E+01 0.11421E+01 0.00000E+00 0.00000E+00 -.14918E-01      8072500 999/0.50000E-02
 0.30000E+03 0.80000E-02 0.37055E+00 0.96895E+00 0.78692E-02 0.11505E-01 0.98640E+00 0.98660E+00 0.00000E+00 0.00000E+00 -.22424E+01      8072500 999/0.80000E-02
 0.30000E+03 0.13000E-01 0.22803E+00 0.81291E+00 0.60823E-02 0.91127E-02 0.82934E+00 0.83060E+00 0.00000E+00 0.00000E+00 -.29089E+01      8072500 999/0.13000E-01
 0.30000E+03 0.20000E-01 0.14822E+00 0.70310E+00 0.58533E-02 0.83927E-02 0.70750E+00 0.70797E+00 0.00000E+00 0.00000E+00 -.83235E+00      8072500 999/0.20000E-01
 0.30000E+03 0.32000E-01 0.92638E-01 0.59769E+00 0.59976E-02 0.79330E-02 0.59694E+00 0.59850E+00 0.00000E+00 0.00000E+00 -.13450E+00      8072500 999/0.32000E-01
 0.30000E+03 0.50000E-01 0.59289E-01 0.50663E+00 0.47744E-02 0.64822E-02 0.51229E+00 0.51307E+00 0.00000E+00 0.00000E+00 -.13491E+01      8072500 999/0.50000E-01
 0.30000E+03 0.80000E-01 0.37055E-01 0.43264E+00 0.37612E-02 0.54341E-02 0.43967E+00 0.43930E+00 0.00000E+00 0.00000E+00 -.17712E+01      8072500 999/0.80000E-01
 0.30000E+03 0.13000E+00 0.22803E-01 0.37132E+00 0.70876E-02 0.80386E-02 0.37282E+00 0.37341E+00 0.00000E+00 0.00000E+00 -.29470E+00      8072500 999/0.13000E+00
 0.30000E+03 0.18000E+00 0.16469E-01 0.32720E+00 0.33618E-02 0.46401E-02 0.32415E+00 0.32332E+00 0.00000E+00 0.00000E+00 0.11548E+01      8072500 999/0.18000E+00
 0.30000E+03 0.25000E+00 0.11858E-01 0.26834E+00 0.13218E-01 0.14604E-01 0.26314E+00 0.26588E+00 0.00000E+00 0.00000E+00 0.18607E+00      8072500 999/0.25000E+00
 0.30000E+03 0.40000E+00 0.74111E-02 0.15900E+00 0.55607E-02 0.66169E-02 0.14446E+00 0.14702E+00 0.00000E+00 0.00000E+00 0.21546E+01      8072500 999/0.40000E+00
 0.40000E+03 0.53000E-02 0.74577E+00 0.11812E+01 0.25629E-01 0.27578E-01 0.11144E+01 0.11187E+01 0.00000E+00 0.00000E+00 0.24382E+01      8072500 999/0.53000E-02
 0.40000E+03 0.80000E-02 0.49407E+00 0.10179E+01 0.10534E-01 0.14002E-01 0.10024E+01 0.10052E+01 0.00000E+00 0.00000E+00 0.12065E+01      8072500 999/0.80000E-02
 0.40000E+03 0.13000E-01 0.30404E+00 0.84354E+00 0.81772E-02 0.10779E-01 0.84630E+00 0.84855E+00 0.00000E+00 0.00000E+00 -.61214E+00      8072500 999/0.13000E-01
 0.40000E+03 0.20000E-01 0.19763E+00 0.71427E+00 0.71920E-02 0.92585E-02 0.72036E+00 0.72114E+00 0.00000E+00 0.00000E+00 -.95530E+00      8072500 999/0.20000E-01
 0.40000E+03 0.32000E-01 0.12352E+00 0.60189E+00 0.59104E-02 0.78402E-02 0.60499E+00 0.60548E+00 0.00000E+00 0.00000E+00 -.60656E+00      8072500 999/0.32000E-01
 0.40000E+03 0.50000E-01 0.79051E-01 0.51198E+00 0.49813E-02 0.67402E-02 0.51667E+00 0.51690E+00 0.00000E+00 0.00000E+00 -.98674E+00      8072500 999/0.50000E-01
 0.40000E+03 0.80000E-01 0.49407E-01 0.43587E+00 0.42914E-02 0.57040E-02 0.44103E+00 0.44002E+00 0.00000E+00 0.00000E+00 -.96800E+00      8072500 999/0.80000E-01
 0.40000E+03 0.13000E+00 0.30404E-01 0.36703E+00 0.39477E-02 0.50970E-02 0.37184E+00 0.37142E+00 0.00000E+00 0.00000E+00 -.11124E+01      8072500 999/0.13000E+00
 0.40000E+03 0.18000E+00 0.21959E-01 0.31959E+00 0.96286E-02 0.10606E-01 0.32188E+00 0.32508E+00 0.00000E+00 0.00000E+00 -.56967E+00      8072500 999/0.18000E+00
 0.40000E+03 0.25000E+00 0.15810E-01 0.26134E+00 0.39047E-02 0.47774E-02 0.25989E+00 0.25783E+00 0.00000E+00 0.00000E+00 0.89767E+00      8072500 999/0.25000E+00
 0.40000E+03 0.40000E+00 0.98814E-02 0.16017E+00 0.50283E-02 0.61100E-02 0.14105E+00 0.14374E+00 0.00000E+00 0.00000E+00 0.32666E+01      8072500 999/0.40000E+00
 0.50000E+03 0.66000E-02 0.74859E+00 0.10516E+01 0.23940E-01 0.25579E-01 0.10525E+01 0.10553E+01 0.00000E+00 0.00000E+00 -.15576E+00      8072500 999/0.66000E-02
 0.50000E+03 0.80000E-02 0.61759E+00 0.99848E+00 0.19474E-01 0.21582E-01 0.10052E+01 0.10091E+01 0.00000E+00 0.00000E+00 -.54366E+00      8072500 999/0.80000E-02
 0.50000E+03 0.13000E-01 0.38005E+00 0.87521E+00 0.12670E-01 0.14736E-01 0.85681E+00 0.85930E+00 0.00000E+00 0.00000E+00 0.12559E+01      8072500 999/0.13000E-01
 0.50000E+03 0.20000E-01 0.24704E+00 0.74136E+00 0.10871E-01 0.12507E-01 0.72918E+00 0.73120E+00 0.00000E+00 0.00000E+00 0.93433E+00      8072500 999/0.20000E-01
 0.50000E+03 0.32000E-01 0.15440E+00 0.61906E+00 0.91684E-02 0.10587E-01 0.61070E+00 0.61164E+00 0.00000E+00 0.00000E+00 0.80935E+00      8072500 999/0.32000E-01
 0.50000E+03 0.50000E-01 0.98814E-01 0.53349E+00 0.84666E-02 0.97849E-02 0.51974E+00 0.51986E+00 0.00000E+00 0.00000E+00 0.16101E+01      8072500 999/0.50000E-01
 0.50000E+03 0.80000E-01 0.61759E-01 0.44276E+00 0.71079E-02 0.81469E-02 0.44194E+00 0.44159E+00 0.00000E+00 0.00000E+00 0.16406E+00      8072500 999/0.80000E-01
 0.50000E+03 0.13000E+00 0.38005E-01 0.37672E+00 0.72051E-02 0.80929E-02 0.37104E+00 0.37080E+00 0.00000E+00 0.00000E+00 0.82117E+00      8072500 999/0.13000E+00
 0.50000E+03 0.18000E+00 0.27448E-01 0.31275E+00 0.71341E-02 0.78087E-02 0.32017E+00 0.32099E+00 0.00000E+00 0.00000E+00 -.11553E+01      8072500 999/0.18000E+00
 0.50000E+03 0.25000E+00 0.19763E-01 0.26133E+00 0.78430E-02 0.90092E-02 0.25746E+00 0.26069E+00 0.00000E+00 0.00000E+00 0.81177E-01      8072500 999/0.25000E+00
 0.50000E+03 0.40000E+00 0.12352E-01 0.17198E+00 0.13253E-01 0.15225E-01 0.13855E+00 0.14148E+00 0.00000E+00 0.00000E+00 0.23014E+01      8072500 999/0.40000E+00
 0.65000E+03 0.85000E-02 0.75564E+00 0.10003E+01 0.25434E-01 0.26778E-01 0.97870E+00 0.98167E+00 0.00000E+00 0.00000E+00 0.73251E+00      8072500 999/0.85000E-02
 0.65000E+03 0.13000E-01 0.49407E+00 0.86196E+00 0.10364E-01 0.12763E-01 0.86418E+00 0.86405E+00 0.00000E+00 0.00000E+00 -.20207E+00      8072500 999/0.13000E-01
 0.65000E+03 0.20000E-01 0.32115E+00 0.74569E+00 0.88722E-02 0.10784E-01 0.73779E+00 0.74004E+00 0.00000E+00 0.00000E+00 0.63674E+00      8072500 999/0.20000E-01
 0.65000E+03 0.32000E-01 0.20072E+00 0.62722E+00 0.76932E-02 0.92779E-02 0.61669E+00 0.61814E+00 0.00000E+00 0.00000E+00 0.11809E+01      8072500 999/0.32000E-01
 0.65000E+03 0.50000E-01 0.12846E+00 0.52044E+00 0.63465E-02 0.77868E-02 0.52295E+00 0.52508E+00 0.00000E+00 0.00000E+00 -.73095E+00      8072500 999/0.50000E-01
 0.65000E+03 0.80000E-01 0.80287E-01 0.43784E+00 0.55709E-02 0.66954E-02 0.44284E+00 0.44426E+00 0.00000E+00 0.00000E+00 -.11519E+01      8072500 999/0.80000E-01
 0.65000E+03 0.13000E+00 0.49407E-01 0.36151E+00 0.50933E-02 0.60279E-02 0.37008E+00 0.36921E+00 0.00000E+00 0.00000E+00 -.15124E+01      8072500 999/0.13000E+00
 0.65000E+03 0.18000E+00 0.35683E-01 0.33431E+00 0.80616E-02 0.87918E-02 0.31819E+00 0.31826E+00 0.00000E+00 0.00000E+00 0.19913E+01      8072500 999/0.18000E+00
 0.65000E+03 0.25000E+00 0.25692E-01 0.24797E+00 0.42727E-02 0.49549E-02 0.25472E+00 0.25654E+00 0.00000E+00 0.00000E+00 -.20053E+01      8072500 999/0.25000E+00
 0.65000E+03 0.40000E+00 0.16057E-01 0.14541E+00 0.59882E-02 0.67458E-02 0.13576E+00 0.13618E+00 0.00000E+00 0.00000E+00 0.15419E+01      8072500 999/0.40000E+00
 0.65000E+03 0.65000E+00 0.98814E-02 0.22762E-01 0.35959E-02 0.37682E-02 0.21561E-01 0.21972E-01 0.00000E+00 0.00000E+00 0.21960E+00      8072500 999/0.65000E+00
 0.80000E+03 0.10500E-01 0.75287E+00 0.93246E+00 0.26900E-01 0.28077E-01 0.91701E+00 0.91984E+00 0.00000E+00 0.00000E+00 0.46916E+00      8072500 999/0.10500E-01
 0.80000E+03 0.13000E-01 0.60809E+00 0.84371E+00 0.13262E-01 0.15477E-01 0.86366E+00 0.86455E+00 0.00000E+00 0.00000E+00 -.15713E+01      8072500 999/0.13000E-01
 0.80000E+03 0.20000E-01 0.39526E+00 0.73302E+00 0.10602E-01 0.12264E-01 0.74245E+00 0.74494E+00 0.00000E+00 0.00000E+00 -.11240E+01      8072500 999/0.20000E-01
 0.80000E+03 0.32000E-01 0.24704E+00 0.62669E+00 0.85704E-02 0.10018E-01 0.62051E+00 0.62323E+00 0.00000E+00 0.00000E+00 0.40378E+00      8072500 999/0.32000E-01
 0.80000E+03 0.50000E-01 0.15810E+00 0.52486E+00 0.69681E-02 0.82651E-02 0.52510E+00 0.52643E+00 0.00000E+00 0.00000E+00 -.22498E+00      8072500 999/0.50000E-01
 0.80000E+03 0.80000E-01 0.98814E-01 0.45793E+00 0.64390E-02 0.76190E-02 0.44334E+00 0.44503E+00 0.00000E+00 0.00000E+00 0.20037E+01      8072500 999/0.80000E-01
 0.80000E+03 0.13000E+00 0.60809E-01 0.35825E+00 0.56642E-02 0.64815E-02 0.36928E+00 0.36798E+00 0.00000E+00 0.00000E+00 -.17172E+01      8072500 999/0.13000E+00
 0.80000E+03 0.18000E+00 0.43917E-01 0.33130E+00 0.87826E-02 0.93292E-02 0.31667E+00 0.31701E+00 0.00000E+00 0.00000E+00 0.16267E+01      8072500 999/0.18000E+00
 0.80000E+03 0.25000E+00 0.31621E-01 0.25179E+00 0.47523E-02 0.53720E-02 0.25264E+00 0.25252E+00 0.00000E+00 0.00000E+00 -.15273E+00      8072500 999/0.25000E+00
 0.80000E+03 0.40000E+00 0.19763E-01 0.13194E+00 0.60233E-02 0.65501E-02 0.13368E+00 0.13436E+00 0.00000E+00 0.00000E+00 -.40107E+00      8072500 999/0.40000E+00
 0.80000E+03 0.65000E+00 0.12162E-01 0.20694E-01 0.28854E-02 0.30504E-02 0.20928E-01 0.21441E-01 0.00000E+00 0.00000E+00 -.25876E+00      8072500 999/0.65000E+00
 0.10000E+04 0.13000E-01 0.76011E+00 0.82262E+00 0.22308E-01 0.26292E-01 0.85368E+00 0.85817E+00 0.00000E+00 0.00000E+00 -.15936E+01      8072500 999/0.13000E-01
 0.10000E+04 0.20000E-01 0.49407E+00 0.73614E+00 0.15631E-01 0.16876E-01 0.74405E+00 0.74587E+00 0.00000E+00 0.00000E+00 -.62234E+00      8072500 999/0.20000E-01
 0.10000E+04 0.32000E-01 0.30879E+00 0.62490E+00 0.12950E-01 0.14018E-01 0.62350E+00 0.62440E+00 0.00000E+00 0.00000E+00 0.38514E-01      8072500 999/0.32000E-01
 0.10000E+04 0.50000E-01 0.19763E+00 0.53197E+00 0.12095E-01 0.12884E-01 0.52683E+00 0.52804E+00 0.00000E+00 0.00000E+00 0.32485E+00      8072500 999/0.50000E-01
 0.10000E+04 0.80000E-01 0.12352E+00 0.44693E+00 0.10153E-01 0.10864E-01 0.44367E+00 0.44345E+00 0.00000E+00 0.00000E+00 0.34252E+00      8072500 999/0.80000E-01
 0.10000E+04 0.13000E+00 0.76011E-01 0.36188E+00 0.10166E-01 0.10701E-01 0.36835E+00 0.36730E+00 0.00000E+00 0.00000E+00 -.53332E+00      8072500 999/0.13000E+00
 0.10000E+04 0.18000E+00 0.54897E-01 0.31330E+00 0.90978E-02 0.95193E-02 0.31506E+00 0.31486E+00 0.00000E+00 0.00000E+00 -.17200E+00      8072500 999/0.18000E+00
 0.10000E+04 0.25000E+00 0.39526E-01 0.25532E+00 0.85751E-02 0.90246E-02 0.25050E+00 0.25183E+00 0.00000E+00 0.00000E+00 0.40665E+00      8072500 999/0.25000E+00
 0.10000E+04 0.40000E+00 0.24704E-01 0.13439E+00 0.74501E-02 0.79279E-02 0.13155E+00 0.13301E+00 0.00000E+00 0.00000E+00 0.18531E+00      8072500 999/0.40000E+00
 0.10000E+04 0.65000E+00 0.15202E-01 0.19892E-01 0.31255E-02 0.32667E-02 0.20294E-01 0.20840E-01 0.00000E+00 0.00000E+00 -.30328E+00      8072500 999/0.65000E+00
 0.12000E+04 0.14000E-01 0.84698E+00 0.83181E+00 0.19213E-01 0.23977E-01 0.82317E+00 0.81537E+00 0.00000E+00 0.00000E+00 0.85553E+00      8072500 999/0.14000E-01
 0.12000E+04 0.20000E-01 0.59289E+00 0.75510E+00 0.13056E-01 0.14691E-01 0.74147E+00 0.74099E+00 0.00000E+00 0.00000E+00 0.10809E+01      8072500 999/0.20000E-01
 0.12000E+04 0.32000E-01 0.37055E+00 0.63185E+00 0.99181E-02 0.11275E-01 0.62439E+00 0.62598E+00 0.00000E+00 0.00000E+00 0.59202E+00      8072500 999/0.32000E-01
 0.12000E+04 0.50000E-01 0.23715E+00 0.51863E+00 0.72142E-02 0.84129E-02 0.52762E+00 0.52817E+00 0.00000E+00 0.00000E+00 -.13225E+01      8072500 999/0.50000E-01
 0.12000E+04 0.80000E-01 0.14822E+00 0.44089E+00 0.63152E-02 0.73448E-02 0.44363E+00 0.44446E+00 0.00000E+00 0.00000E+00 -.56589E+00      8072500 999/0.80000E-01
 0.12000E+04 0.13000E+00 0.91213E-01 0.36077E+00 0.56502E-02 0.64528E-02 0.36752E+00 0.36824E+00 0.00000E+00 0.00000E+00 -.13221E+01      8072500 999/0.13000E+00
 0.12000E+04 0.18000E+00 0.65876E-01 0.32772E+00 0.10734E-01 0.11176E-01 0.31374E+00 0.31330E+00 0.00000E+00 0.00000E+00 0.13437E+01      8072500 999/0.18000E+00
 0.12000E+04 0.25000E+00 0.47431E-01 0.25170E+00 0.44977E-02 0.50207E-02 0.24881E+00 0.24964E+00 0.00000E+00 0.00000E+00 0.45698E+00      8072500 999/0.25000E+00
 0.12000E+04 0.40000E+00 0.29644E-01 0.13115E+00 0.36982E-02 0.40419E-02 0.12991E+00 0.13133E+00 0.00000E+00 0.00000E+00 -.48891E-01      8072500 999/0.40000E+00
 0.12000E+04 0.65000E+00 0.18243E-01 0.22323E-01 0.34796E-02 0.36449E-02 0.19809E-01 0.19992E-01 0.00000E+00 0.00000E+00 0.66991E+00      8072500 999/0.65000E+00
 0.15000E+04 0.20000E-01 0.74111E+00 0.70902E+00 0.16129E-01 0.19309E-01 0.73166E+00 0.72102E+00 0.00000E+00 0.00000E+00 -.74410E+00      8072500 999/0.20000E-01
 0.15000E+04 0.32000E-01 0.46319E+00 0.60267E+00 0.12355E-01 0.13468E-01 0.62295E+00 0.61959E+00 0.00000E+00 0.00000E+00 -.13693E+01      8072500 999/0.32000E-01
 0.15000E+04 0.50000E-01 0.29644E+00 0.54392E+00 0.91212E-02 0.10221E-01 0.52731E+00 0.53037E+00 0.00000E+00 0.00000E+00 0.14860E+01      8072500 999/0.50000E-01
 0.15000E+04 0.80000E-01 0.18528E+00 0.45264E+00 0.78552E-02 0.87520E-02 0.44303E+00 0.44408E+00 0.00000E+00 0.00000E+00 0.10893E+01      8072500 999/0.80000E-01
 0.15000E+04 0.13000E+00 0.11402E+00 0.35463E+00 0.75261E-02 0.81359E-02 0.36630E+00 0.36725E+00 0.00000E+00 0.00000E+00 -.16771E+01      8072500 999/0.13000E+00
 0.15000E+04 0.18000E+00 0.82345E-01 0.31309E+00 0.67319E-02 0.72502E-02 0.31209E+00 0.31296E+00 0.00000E+00 0.00000E+00 0.19504E-01      8072500 999/0.18000E+00
 0.15000E+04 0.25000E+00 0.59289E-01 0.24839E+00 0.63546E-02 0.67675E-02 0.24680E+00 0.24672E+00 0.00000E+00 0.00000E+00 0.26209E+00      8072500 999/0.25000E+00
 0.15000E+04 0.40000E+00 0.37055E-01 0.12606E+00 0.45875E-02 0.50779E-02 0.12800E+00 0.12738E+00 0.00000E+00 0.00000E+00 -.28673E+00      8072500 999/0.40000E+00
 0.15000E+04 0.65000E+00 0.22803E-01 0.15759E-01 0.16419E-02 0.17252E-02 0.19253E-01 0.19705E-01 0.00000E+00 0.00000E+00 -.24032E+01      8072500 999/0.65000E+00
 0.20000E+04 0.21900E-01 0.90241E+00 0.70965E+00 0.43098E-01 0.45799E-01 0.69116E+00 0.69512E+00 0.00000E+00 0.00000E+00 0.33716E+00      8072500 999/0.21900E-01
 0.20000E+04 0.32000E-01 0.61759E+00 0.58911E+00 0.14804E-01 0.16357E-01 0.61452E+00 0.60632E+00 0.00000E+00 0.00000E+00 -.11624E+01      8072500 999/0.32000E-01
 0.20000E+04 0.50000E-01 0.39526E+00 0.51570E+00 0.11682E-01 0.12481E-01 0.52383E+00 0.52281E+00 0.00000E+00 0.00000E+00 -.60898E+00      8072500 999/0.50000E-01
 0.20000E+04 0.80000E-01 0.24704E+00 0.44851E+00 0.90125E-02 0.97721E-02 0.44075E+00 0.44321E+00 0.00000E+00 0.00000E+00 0.58824E+00      8072500 999/0.80000E-01
 0.20000E+04 0.13000E+00 0.15202E+00 0.36230E+00 0.88834E-02 0.94080E-02 0.36411E+00 0.36389E+00 0.00000E+00 0.00000E+00 -.17919E+00      8072500 999/0.13000E+00
 0.20000E+04 0.18000E+00 0.10979E+00 0.29953E+00 0.77365E-02 0.81555E-02 0.30973E+00 0.31051E+00 0.00000E+00 0.00000E+00 -.14196E+01      8072500 999/0.18000E+00
 0.20000E+04 0.25000E+00 0.79051E-01 0.24422E+00 0.71220E-02 0.74768E-02 0.24424E+00 0.24462E+00 0.00000E+00 0.00000E+00 -.56164E-01      8072500 999/0.25000E+00
 0.20000E+04 0.40000E+00 0.49407E-01 0.12850E+00 0.52613E-02 0.55353E-02 0.12571E+00 0.12564E+00 0.00000E+00 0.00000E+00 0.54297E+00      8072500 999/0.40000E+00
 0.20000E+04 0.65000E+00 0.30404E-01 0.17377E-01 0.20446E-02 0.21495E-02 0.18598E-01 0.19042E-01 0.00000E+00 0.00000E+00 -.81441E+00      8072500 999/0.65000E+00
 0.30000E+04 0.32000E-01 0.92638E+00 0.60299E+00 0.24684E-01 0.26122E-01 0.58692E+00 0.58967E+00 0.00000E+00 0.00000E+00 0.53960E+00      8072500 999/0.32000E-01
 0.30000E+04 0.50000E-01 0.59289E+00 0.51780E+00 0.12298E-01 0.13089E-01 0.50793E+00 0.50877E+00 0.00000E+00 0.00000E+00 0.73410E+00      8072500 999/0.50000E-01
 0.30000E+04 0.80000E-01 0.37055E+00 0.43286E+00 0.10246E-01 0.10893E-01 0.43174E+00 0.43354E+00 0.00000E+00 0.00000E+00 -.66140E-01      8072500 999/0.80000E-01
 0.30000E+04 0.13000E+00 0.22803E+00 0.35226E+00 0.92073E-02 0.96905E-02 0.35842E+00 0.35991E+00 0.00000E+00 0.00000E+00 -.83046E+00      8072500 999/0.13000E+00
 0.30000E+04 0.18000E+00 0.16469E+00 0.29823E+00 0.87036E-02 0.91128E-02 0.30515E+00 0.30545E+00 0.00000E+00 0.00000E+00 -.82903E+00      8072500 999/0.18000E+00
 0.30000E+04 0.25000E+00 0.11858E+00 0.23086E+00 0.71932E-02 0.74923E-02 0.24028E+00 0.24143E+00 0.00000E+00 0.00000E+00 -.14691E+01      8072500 999/0.25000E+00
 0.30000E+04 0.40000E+00 0.74111E-01 0.12438E+00 0.52402E-02 0.54344E-02 0.12270E+00 0.12308E+00 0.00000E+00 0.00000E+00 0.24860E+00      8072500 999/0.40000E+00
 0.30000E+04 0.65000E+00 0.45607E-01 0.15536E-01 0.13548E-02 0.14391E-02 0.17779E-01 0.17625E-01 0.00000E+00 0.00000E+00 -.15419E+01      8072500 999/0.65000E+00
 0.50000E+04 0.54700E-01 0.90324E+00 0.47677E+00 0.25875E-01 0.27110E-01 0.45215E+00 0.45503E+00 0.00000E+00 0.00000E+00 0.84004E+00      8072500 999/0.54700E-01
 0.50000E+04 0.80000E-01 0.61759E+00 0.41478E+00 0.10395E-01 0.11094E-01 0.39946E+00 0.39854E+00 0.00000E+00 0.00000E+00 0.15624E+01      8072500 999/0.80000E-01
 0.50000E+04 0.13000E+00 0.38005E+00 0.34268E+00 0.10536E-01 0.10941E-01 0.33991E+00 0.34128E+00 0.00000E+00 0.00000E+00 0.13314E+00      8072500 999/0.13000E+00
 0.50000E+04 0.18000E+00 0.27448E+00 0.28281E+00 0.87491E-02 0.90791E-02 0.29302E+00 0.29550E+00 0.00000E+00 0.00000E+00 -.14499E+01      8072500 999/0.18000E+00
 0.50000E+04 0.25000E+00 0.19763E+00 0.22525E+00 0.81362E-02 0.83844E-02 0.23243E+00 0.23273E+00 0.00000E+00 0.00000E+00 -.91925E+00      8072500 999/0.25000E+00
 0.50000E+04 0.40000E+00 0.12352E+00 0.12089E+00 0.55656E-02 0.56891E-02 0.11866E+00 0.11860E+00 0.00000E+00 0.00000E+00 0.41194E+00      8072500 999/0.40000E+00
 0.50000E+04 0.65000E+00 0.76011E-01 0.10709E-01 0.15191E-02 0.15465E-02 0.16867E-01 0.16972E-01 0.00000E+00 0.00000E+00 -.41227E+01      8072500 999/0.65000E+00
 0.80000E+04 0.87500E-01 0.90344E+00 0.35613E+00 0.32270E-01 0.33657E-01 0.33798E+00 0.34066E+00 0.00000E+00 0.00000E+00 0.47950E+00      8072500 999/0.87500E-01
 0.80000E+04 0.13000E+00 0.60809E+00 0.30928E+00 0.12288E-01 0.12733E-01 0.29755E+00 0.29721E+00 0.00000E+00 0.00000E+00 0.98207E+00      8072500 999/0.13000E+00
 0.80000E+04 0.18000E+00 0.43917E+00 0.26745E+00 0.11798E-01 0.12056E-01 0.26526E+00 0.26743E+00 0.00000E+00 0.00000E+00 0.15195E-02      8072500 999/0.18000E+00
 0.80000E+04 0.25000E+00 0.31621E+00 0.21655E+00 0.11299E-01 0.11487E-01 0.21653E+00 0.21756E+00 0.00000E+00 0.00000E+00 -.89207E-01      8072500 999/0.25000E+00
 0.80000E+04 0.40000E+00 0.19763E+00 0.10345E+00 0.66801E-02 0.67697E-02 0.11301E+00 0.11300E+00 0.00000E+00 0.00000E+00 -.14302E+01      8072500 999/0.40000E+00
 0.80000E+04 0.65000E+00 0.12162E+00 0.16222E-01 0.18636E-02 0.19106E-02 0.16006E-01 0.15908E-01 0.00000E+00 0.00000E+00 0.16832E+00      8072500 999/0.65000E+00
 0.12000E+05 0.13000E+00 0.91213E+00 0.21178E+00 0.43394E-01 0.43596E-01 0.24494E+00 0.24661E+00 0.00000E+00 0.00000E+00 -.80272E+00      8072500 999/0.13000E+00
 0.12000E+05 0.18000E+00 0.65876E+00 0.22943E+00 0.14203E-01 0.14447E-01 0.21779E+00 0.21811E+00 0.00000E+00 0.00000E+00 0.79688E+00      8072500 999/0.18000E+00
 0.12000E+05 0.25000E+00 0.47431E+00 0.15549E+00 0.12088E-01 0.12208E-01 0.18771E+00 0.18886E+00 0.00000E+00 0.00000E+00 -.27604E+01      8072500 999/0.25000E+00
 0.12000E+05 0.40000E+00 0.29644E+00 0.94955E-01 0.85890E-02 0.86368E-02 0.10397E+00 0.10404E+00 0.00000E+00 0.00000E+00 -.10581E+01      8072500 999/0.40000E+00
 0.12000E+05 0.65000E+00 0.18243E+00 0.16924E-01 0.31901E-02 0.32085E-02 0.15034E-01 0.14995E-01 0.00000E+00 0.00000E+00 0.60454E+00      8072500 999/0.65000E+00
 0.20000E+05 0.25000E+00 0.79051E+00 0.12605E+00 0.14907E-01 0.15026E-01 0.12556E+00 0.12441E+00 0.00000E+00 0.00000E+00 0.11019E+00      8072500 999/0.25000E+00
 0.20000E+05 0.40000E+00 0.49407E+00 0.77991E-01 0.12729E-01 0.12772E-01 0.81478E-01 0.82351E-01 0.00000E+00 0.00000E+00 -.34248E+00      8072500 999/0.40000E+00
 0.20000E+05 0.65000E+00 0.30404E+00 0.11947E-01 0.42117E-02 0.42259E-02 0.13044E-01 0.12903E-01 0.00000E+00 0.00000E+00 -.22708E+00      8072500 999/0.65000E+00
 0.30000E+05 0.40000E+00 0.74111E+00 0.59638E-01 0.14653E-01 0.14893E-01 0.53145E-01 0.54402E-01 0.00000E+00 0.00000E+00 0.35736E+00      8072500 999/0.40000E+00
 0.30000E+05 0.65000E+00 0.45607E+00 0.85041E-02 0.59298E-02 0.59317E-02 0.10390E-01 0.10318E-01 0.00000E+00 0.00000E+00 -.30596E+00      8072500 999/0.65000E+00
      458805
 HERA1+2 NCep 820                                                                
Plot1@Experiment:HERA1+2@ExtraLabel:e^{+}p #rightarrow e^{+}X (NC), E_{p} = 820 GeV @XTitle: x @YTitle: #sigma_{red}  @Title:Q^{2} = 0.045 @Xlog
Plot2@Experiment:HERA1+2@ExtraLabel:e^{+}p #rightarrow e^{+}X (NC), E_{p} = 820 GeV @XTitle: x @YTitle: #sigma_{red}  @Title:Q^{2} = 0.065 @Xlog
Plot3@Experiment:HERA1+2@ExtraLabel:e^{+}p #rightarrow e^{+}X (NC), E_{p} = 820 GeV @XTitle: x @YTitle: #sigma_{red}  @Title:Q^{2} = 0.085 @Xlog
Plot4@Experiment:HERA1+2@ExtraLabel:e^{+}p #rightarrow e^{+}X (NC), E_{p} = 820 GeV @XTitle: x @YTitle: #sigma_{red}  @Title:Q^{2} = 0.11 @Xlog
Plot5@Experiment:HERA1+2@ExtraLabel:e^{+}p #rightarrow e^{+}X (NC), E_{p} = 820 GeV @XTitle: x @YTitle: #sigma_{red}  @Title:Q^{2} = 0.15 @Xlog
Plot6@Experiment:HERA1+2@ExtraLabel:e^{+}p #rightarrow e^{+}X (NC), E_{p} = 820 GeV @XTitle: x @YTitle: #sigma_{red}  @Title:Q^{2} = 0.20  @Xlog
Plot7@Experiment:HERA1+2@ExtraLabel:e^{+}p #rightarrow e^{+}X (NC), E_{p} = 820 GeV @XTitle: x @YTitle: #sigma_{red}  @Title:Q^{2} = 0.25 @Xlog
Plot8@Experiment:HERA1+2@ExtraLabel:e^{+}p #rightarrow e^{+}X (NC), E_{p} = 820 GeV @XTitle: x @YTitle: #sigma_{red}  @Title:Q^{2} = 0.35 @Xlog
Plot9@Experiment:HERA1+2@ExtraLabel:e^{+}p #rightarrow e^{+}X (NC), E_{p} = 820 GeV @XTitle: x @YTitle: #sigma_{red}  @Title:Q^{2} = 0.40 @Xlog
Plot10@Experiment:HERA1+2@ExtraLabel:e^{+}p #rightarrow e^{+}X (NC), E_{p} = 820 GeV @XTitle: x @YTitle: #sigma_{red}  @Title:Q^{2} = 0.50 @Xlog
Plot11@Experiment:HERA1+2@ExtraLabel:e^{+}p #rightarrow e^{+}X (NC), E_{p} = 820 GeV @XTitle: x @YTitle: #sigma_{red}  @Title:Q^{2} = 0.60 @Xlog
Plot12@Experiment:HERA1+2@ExtraLabel:e^{+}p #rightarrow e^{+}X (NC), E_{p} = 820 GeV @XTitle: x @YTitle: #sigma_{red}  @Title:Q^{2} = 0.85 @Xlog
Plot13@Experiment:HERA1+2@ExtraLabel:e^{+}p #rightarrow e^{+}X (NC), E_{p} = 820 GeV @XTitle: x @YTitle: #sigma_{red}  @Title:Q^{2} = 1.2 @Xlog
Plot14@Experiment:HERA1+2@ExtraLabel:e^{+}p #rightarrow e^{+}X (NC), E_{p} = 820 GeV @XTitle: x @YTitle: #sigma_{red}  @Title:Q^{2} = 1.5 @Xlog
Plot15@Experiment:HERA1+2@ExtraLabel:e^{+}p #rightarrow e^{+}X (NC), E_{p} = 820 GeV @XTitle: x @YTitle: #sigma_{red}  @Title:Q^{2} = 2.0 @Xlog
Plot16@Experiment:HERA1+2@ExtraLabel:e^{+}p #rightarrow e^{+}X (NC), E_{p} = 820 GeV @XTitle: x @YTitle: #sigma_{red}  @Title:Q^{2} = 2.7 @Xlog
Plot17@Experiment:HERA1+2@ExtraLabel:e^{+}p #rightarrow e^{+}X (NC), E_{p} = 820 GeV @XTitle: x @YTitle: #sigma_{red}  @Title:Q^{2} = 3.5 @Xlog
Plot18@Experiment:HERA1+2@ExtraLabel:e^{+}p #rightarrow e^{+}X (NC), E_{p} = 820 GeV @XTitle: x @YTitle: #sigma_{red}  @Title:Q^{2} = 4.5 @Xlog
Plot19@Experiment:HERA1+2@ExtraLabel:e^{+}p #rightarrow e^{+}X (NC), E_{p} = 820 GeV @XTitle: x @YTitle: #sigma_{red}  @Title:Q^{2} = 6.5 @Xlog
Plot20@Experiment:HERA1+2@ExtraLabel:e^{+}p #rightarrow e^{+}X (NC), E_{p} = 820 GeV @XTitle: x @YTitle: #sigma_{red}  @Title:Q^{2} = 8.5 @Xlog
Plot21@Experiment:HERA1+2@ExtraLabel:e^{+}p #rightarrow e^{+}X (NC), E_{p} = 820 GeV @XTitle: x @YTitle: #sigma_{red}  @Title:Q^{2} = 10 @Xlog
Plot22@Experiment:HERA1+2@ExtraLabel:e^{+}p #rightarrow e^{+}X (NC), E_{p} = 820 GeV @XTitle: x @YTitle: #sigma_{red}  @Title:Q^{2} = 12  @Xlog
Plot23@Experiment:HERA1+2@ExtraLabel:e^{+}p #rightarrow e^{+}X (NC), E_{p} = 820 GeV @XTitle: x @YTitle: #sigma_{red}  @Title:Q^{2} = 15  @Xlog
Plot24@Experiment:HERA1+2@ExtraLabel:e^{+}p #rightarrow e^{+}X (NC), E_{p} = 820 GeV @XTitle: x @YTitle: #sigma_{red}  @Title:Q^{2} = 18  @Xlog
Plot25@Experiment:HERA1+2@ExtraLabel:e^{+}p #rightarrow e^{+}X (NC), E_{p} = 820 GeV @XTitle: x @YTitle: #sigma_{red}  @Title:Q^{2} = 22  @Xlog
Plot26@Experiment:HERA1+2@ExtraLabel:e^{+}p #rightarrow e^{+}X (NC), E_{p} = 820 GeV @XTitle: x @YTitle: #sigma_{red}  @Title:Q^{2} = 27  @Xlog
Plot27@Experiment:HERA1+2@ExtraLabel:e^{+}p #rightarrow e^{+}X (NC), E_{p} = 820 GeV @XTitle: x @YTitle: #sigma_{red}  @Title:Q^{2} = 35  @Xlog
Plot28@Experiment:HERA1+2@ExtraLabel:e^{+}p #rightarrow e^{+}X (NC), E_{p} = 820 GeV @XTitle: x @YTitle: #sigma_{red}  @Title:Q^{2} = 45  @Xlog
Plot29@Experiment:HERA1+2@ExtraLabel:e^{+}p #rightarrow e^{+}X (NC), E_{p} = 820 GeV @XTitle: x @YTitle: #sigma_{red}  @Title:Q^{2} = 60  @Xlog
Plot30@Experiment:HERA1+2@ExtraLabel:e^{+}p #rightarrow e^{+}X (NC), E_{p} = 820 GeV @XTitle: x @YTitle: #sigma_{red}  @Title:Q^{2} = 70  @Xlog
Plot31@Experiment:HERA1+2@ExtraLabel:e^{+}p #rightarrow e^{+}X (NC), E_{p} = 820 GeV @XTitle: x @YTitle: #sigma_{red}  @Title:Q^{2} = 90  @Xlog
Plot32@Experiment:HERA1+2@ExtraLabel:e^{+}p #rightarrow e^{+}X (NC), E_{p} = 820 GeV @XTitle: x @YTitle: #sigma_{red}  @Title:Q^{2} = 120 @Xlog
Plot33@Experiment:HERA1+2@ExtraLabel:e^{+}p #rightarrow e^{+}X (NC), E_{p} = 820 GeV @XTitle: x @YTitle: #sigma_{red}  @Title:Q^{2} = 150 @Xlog
Plot34@Experiment:HERA1+2@ExtraLabel:e^{+}p #rightarrow e^{+}X (NC), E_{p} = 820 GeV @XTitle: x @YTitle: #sigma_{red}  @Title:Q^{2} = 200 @Xlog
Plot35@Experiment:HERA1+2@ExtraLabel:e^{+}p #rightarrow e^{+}X (NC), E_{p} = 820 GeV @XTitle: x @YTitle: #sigma_{red}  @Title:Q^{2} = 250 @Xlog
Plot36@Experiment:HERA1+2@ExtraLabel:e^{+}p #rightarrow e^{+}X (NC), E_{p} = 820 GeV @XTitle: x @YTitle: #sigma_{red}  @Title:Q^{2} = 300 @Xlog
Plot37@Experiment:HERA1+2@ExtraLabel:e^{+}p #rightarrow e^{+}X (NC), E_{p} = 820 GeV @XTitle: x @YTitle: #sigma_{red}  @Title:Q^{2} = 400 @Xlog
Plot38@Experiment:HERA1+2@ExtraLabel:e^{+}p #rightarrow e^{+}X (NC), E_{p} = 820 GeV @XTitle: x @YTitle: #sigma_{red}  @Title:Q^{2} = 500 @Xlog
Plot39@Experiment:HERA1+2@ExtraLabel:e^{+}p #rightarrow e^{+}X (NC), E_{p} = 820 GeV @XTitle: x @YTitle: #sigma_{red}  @Title:Q^{2} = 650 @Xlog
Plot40@Experiment:HERA1+2@ExtraLabel:e^{+}p #rightarrow e^{+}X (NC), E_{p} = 820 GeV @XTitle: x @YTitle: #sigma_{red}  @Title:Q^{2} = 800  @Xlog
 Q2          x           y              data      +- uncor     +- tot     th orig         th mod   therr+         therr-     pull    iset       iplot
 0.27000E+01 0.40900E-04 0.73187E+00 0.96068E+00 0.61429E-01 0.75183E-01 0.86798E+00 0.87020E+00 0.00000E+00 0.00000E+00 0.14729E+01       458805  15/0.40900E-04
 0.27000E+01 0.50000E-04 0.59867E+00 0.88646E+00 0.14660E-01 0.26613E-01 0.88578E+00 0.90860E+00 0.00000E+00 0.00000E+00 -.15103E+01       458805  15/0.50000E-04
 0.27000E+01 0.80000E-04 0.37417E+00 0.90542E+00 0.30925E-01 0.36016E-01 0.86488E+00 0.88268E+00 0.00000E+00 0.00000E+00 0.73525E+00       458805  15/0.80000E-04
 0.35000E+01 0.57300E-04 0.67718E+00 0.10082E+01 0.38986E-01 0.57738E-01 0.95473E+00 0.96563E+00 0.00000E+00 0.00000E+00 0.10921E+01       458805  16/0.57300E-04
 0.35000E+01 0.80000E-04 0.48503E+00 0.98010E+00 0.14088E-01 0.22975E-01 0.94986E+00 0.95927E+00 0.00000E+00 0.00000E+00 0.14786E+01       458805  16/0.80000E-04
 0.45000E+01 0.81800E-04 0.60989E+00 0.11151E+01 0.21332E-01 0.35875E-01 0.10268E+01 0.10502E+01 0.00000E+00 0.00000E+00 0.30402E+01       458805  17/0.81800E-04
 0.45000E+01 0.13000E-03 0.38376E+00 0.10100E+01 0.19862E-01 0.23466E-01 0.98698E+00 0.10016E+01 0.00000E+00 0.00000E+00 0.42315E+00       458805  17/0.13000E-03
 0.65000E+01 0.98600E-04 0.73085E+00 0.11653E+01 0.30387E-01 0.53654E-01 0.11415E+01 0.11496E+01 0.00000E+00 0.00000E+00 0.51777E+00       458805  19/0.98600E-04
 0.65000E+01 0.13000E-03 0.55432E+00 0.11735E+01 0.14760E-01 0.26501E-01 0.11343E+01 0.11490E+01 0.00000E+00 0.00000E+00 0.16596E+01       458805  19/0.13000E-03
 0.65000E+01 0.20000E-03 0.36031E+00 0.11112E+01 0.20229E-01 0.24713E-01 0.10757E+01 0.10981E+01 0.00000E+00 0.00000E+00 0.64809E+00       458805  19/0.20000E-03
 0.85000E+01 0.13900E-03 0.67795E+00 0.11770E+01 0.23824E-01 0.63302E-01 0.12370E+01 0.12276E+01 0.00000E+00 0.00000E+00 -.21249E+01       458805  20/0.13900E-03
 0.85000E+01 0.20000E-03 0.47118E+00 0.12119E+01 0.16289E-01 0.23183E-01 0.12004E+01 0.12061E+01 0.00000E+00 0.00000E+00 0.35428E+00       458805  20/0.20000E-03
 0.10000E+02 0.13000E-03 0.85281E+00 0.11488E+01 0.52777E-01 0.74702E-01 0.12633E+01 0.12664E+01 0.00000E+00 0.00000E+00 -.22276E+01       458805  21/0.13000E-03
 0.10000E+02 0.20000E-03 0.55432E+00 0.12448E+01 0.30973E-01 0.38075E-01 0.12596E+01 0.12586E+01 0.00000E+00 0.00000E+00 -.44519E+00       458805  21/0.20000E-03
 0.12000E+02 0.16100E-03 0.82632E+00 0.12263E+01 0.68570E-01 0.70273E-01 0.13055E+01 0.12970E+01 0.00000E+00 0.00000E+00 -.10305E+01       458805  22/0.16100E-03
 0.12000E+02 0.20000E-03 0.66519E+00 0.12828E+01 0.23054E-01 0.41147E-01 0.13124E+01 0.12964E+01 0.00000E+00 0.00000E+00 -.58951E+00       458805  22/0.20000E-03
 0.12000E+02 0.32000E-03 0.41574E+00 0.12251E+01 0.20800E-01 0.25757E-01 0.12450E+01 0.12446E+01 0.00000E+00 0.00000E+00 -.93579E+00       458805  22/0.32000E-03
 0.15000E+02 0.20000E-03 0.83149E+00 0.12583E+01 0.60752E-01 0.62772E-01 0.13398E+01 0.13304E+01 0.00000E+00 0.00000E+00 -.11876E+01       458805  23/0.20000E-03
 0.15000E+02 0.24600E-03 0.67600E+00 0.13604E+01 0.26117E-01 0.38342E-01 0.13475E+01 0.13386E+01 0.00000E+00 0.00000E+00 0.83404E+00       458805  23/0.24600E-03
 0.15000E+02 0.32000E-03 0.51968E+00 0.12898E+01 0.21367E-01 0.27982E-01 0.13183E+01 0.13128E+01 0.00000E+00 0.00000E+00 -.10784E+01       458805  23/0.32000E-03
 0.18000E+02 0.26800E-03 0.74461E+00 0.13182E+01 0.64618E-01 0.66655E-01 0.13706E+01 0.13621E+01 0.00000E+00 0.00000E+00 -.67932E+00       458805  24/0.26800E-03
 0.18000E+02 0.32800E-03 0.60840E+00 0.13620E+01 0.28399E-01 0.35102E-01 0.13615E+01 0.13645E+01 0.00000E+00 0.00000E+00 -.89273E-01       458805  24/0.32800E-03
 0.18000E+02 0.50000E-03 0.39911E+00 0.12656E+01 0.17348E-01 0.23974E-01 0.12830E+01 0.12779E+01 0.00000E+00 0.00000E+00 -.70785E+00       458805  24/0.50000E-03
 0.22000E+02 0.50000E-03 0.48780E+00 0.13347E+01 0.37987E-01 0.46716E-01 0.13449E+01 0.13483E+01 0.00000E+00 0.00000E+00 -.35893E+00       458805  25/0.50000E-03
 0.27000E+02 0.33500E-03 0.89354E+00 0.13887E+01 0.78842E-01 0.80668E-01 0.13888E+01 0.13799E+01 0.00000E+00 0.00000E+00 0.11120E+00       458805  26/0.33500E-03
 0.27000E+02 0.41000E-03 0.73008E+00 0.14046E+01 0.33679E-01 0.40083E-01 0.14084E+01 0.14076E+01 0.00000E+00 0.00000E+00 -.89126E-01       458805  26/0.41000E-03
 0.27000E+02 0.50000E-03 0.59867E+00 0.14071E+01 0.26136E-01 0.32622E-01 0.13941E+01 0.13937E+01 0.00000E+00 0.00000E+00 0.51289E+00       458805  26/0.50000E-03
 0.27000E+02 0.80000E-03 0.37417E+00 0.12857E+01 0.33349E-01 0.37219E-01 0.12909E+01 0.12981E+01 0.00000E+00 0.00000E+00 -.37144E+00       458805  26/0.80000E-03
 0.35000E+02 0.57400E-03 0.67600E+00 0.15068E+01 0.36612E-01 0.41642E-01 0.14167E+01 0.14143E+01 0.00000E+00 0.00000E+00 0.25275E+01       458805  27/0.57400E-03
 0.35000E+02 0.80000E-03 0.48503E+00 0.13985E+01 0.17458E-01 0.27137E-01 0.13613E+01 0.13676E+01 0.00000E+00 0.00000E+00 0.17705E+01       458805  27/0.80000E-03
 0.45000E+02 0.80000E-03 0.62361E+00 0.14864E+01 0.34439E-01 0.46625E-01 0.14075E+01 0.14288E+01 0.00000E+00 0.00000E+00 0.16725E+01       458805  28/0.80000E-03
 0.45000E+02 0.13000E-02 0.38376E+00 0.13055E+01 0.14771E-01 0.21070E-01 0.12917E+01 0.12840E+01 0.00000E+00 0.00000E+00 0.14562E+01       458805  28/0.13000E-02
 0.60000E+02 0.13000E-02 0.51168E+00 0.13950E+01 0.19773E-01 0.28439E-01 0.13526E+01 0.13588E+01 0.00000E+00 0.00000E+00 0.18327E+01       458805  29/0.13000E-02
 0.70000E+02 0.13000E-02 0.59696E+00 0.14434E+01 0.26932E-01 0.35727E-01 0.13742E+01 0.13877E+01 0.00000E+00 0.00000E+00 0.20693E+01       458805  30/0.13000E-02
 0.70000E+02 0.20000E-02 0.38803E+00 0.12619E+01 0.22160E-01 0.26292E-01 0.12572E+01 0.12573E+01 0.00000E+00 0.00000E+00 0.20579E+00       458805  30/0.20000E-02
 0.90000E+02 0.20000E-02 0.49889E+00 0.12516E+01 0.25149E-01 0.31612E-01 0.12998E+01 0.13073E+01 0.00000E+00 0.00000E+00 -.22165E+01       458805  31/0.20000E-02
 0.12000E+03 0.21200E-02 0.62754E+00 0.13233E+01 0.31131E-01 0.39525E-01 0.13109E+01 0.13139E+01 0.00000E+00 0.00000E+00 0.30073E+00       458805  32/0.21200E-02
 0.12000E+03 0.32000E-02 0.41574E+00 0.11778E+01 0.24263E-01 0.28569E-01 0.11950E+01 0.11926E+01 0.00000E+00 0.00000E+00 -.61083E+00       458805  32/0.32000E-02
 0.15000E+03 0.32000E-02 0.51968E+00 0.12028E+01 0.24396E-01 0.29938E-01 0.12197E+01 0.12239E+01 0.00000E+00 0.00000E+00 -.86543E+00       458805  33/0.32000E-02
 0.20000E+03 0.32000E-02 0.69290E+00 0.11698E+01 0.50215E-01 0.55804E-01 0.12281E+01 0.12291E+01 0.00000E+00 0.00000E+00 -.11808E+01       458805  34/0.32000E-02
 0.20000E+03 0.50000E-02 0.44346E+00 0.10717E+01 0.22374E-01 0.25906E-01 0.11052E+01 0.11005E+01 0.00000E+00 0.00000E+00 -.12878E+01       458805  34/0.50000E-02
 0.25000E+03 0.50000E-02 0.55432E+00 0.10783E+01 0.30263E-01 0.34450E-01 0.11190E+01 0.11176E+01 0.00000E+00 0.00000E+00 -.12984E+01       458805  35/0.50000E-02
 0.30000E+03 0.50000E-02 0.66519E+00 0.11264E+01 0.44524E-01 0.46722E-01 0.11201E+01 0.11305E+01 0.00000E+00 0.00000E+00 -.92149E-01       458805  36/0.50000E-02
 0.30000E+03 0.80000E-02 0.41574E+00 0.97717E+00 0.24942E-01 0.27630E-01 0.98195E+00 0.97772E+00 0.00000E+00 0.00000E+00 -.22096E-01       458805  36/0.80000E-02
 0.40000E+03 0.80000E-02 0.55432E+00 0.95590E+00 0.30360E-01 0.32105E-01 0.99344E+00 0.99535E+00 0.00000E+00 0.00000E+00 -.12995E+01       458805  37/0.80000E-02
 0.40000E+03 0.13000E-01 0.34112E+00 0.85514E+00 0.25772E-01 0.27143E-01 0.84405E+00 0.84388E+00 0.00000E+00 0.00000E+00 0.43688E+00       458805  37/0.13000E-01
 0.50000E+03 0.80000E-02 0.69290E+00 0.10206E+01 0.66731E-01 0.67979E-01 0.99014E+00 0.99231E+00 0.00000E+00 0.00000E+00 0.42389E+00       458805  38/0.80000E-02
 0.50000E+03 0.13000E-01 0.42640E+00 0.88499E+00 0.53219E-01 0.54126E-01 0.85303E+00 0.85015E+00 0.00000E+00 0.00000E+00 0.65463E+00       458805  38/0.13000E-01
 0.65000E+03 0.85000E-02 0.84779E+00 0.92142E+00 0.45882E-01 0.49563E-01 0.95670E+00 0.96341E+00 0.00000E+00 0.00000E+00 -.91518E+00       458805  39/0.85000E-02
 0.65000E+03 0.13000E-01 0.55432E+00 0.84297E+00 0.24282E-01 0.25596E-01 0.85718E+00 0.85289E+00 0.00000E+00 0.00000E+00 -.40853E+00       458805  39/0.13000E-01
 0.65000E+03 0.20000E-01 0.36031E+00 0.70434E+00 0.39113E-01 0.39839E-01 0.73557E+00 0.73331E+00 0.00000E+00 0.00000E+00 -.74066E+00       458805  39/0.20000E-01
 0.80000E+03 0.13000E-01 0.68224E+00 0.89010E+00 0.33435E-01 0.35282E-01 0.85249E+00 0.84985E+00 0.00000E+00 0.00000E+00 0.12038E+01       458805  40/0.13000E-01
 0.80000E+03 0.20000E-01 0.44346E+00 0.73601E+00 0.34750E-01 0.35533E-01 0.73889E+00 0.73772E+00 0.00000E+00 0.00000E+00 -.49213E-01       458805  40/0.20000E-01
 0.10000E+04 0.20000E-01 0.55432E+00 0.73976E+00 0.48748E-01 0.49489E-01 0.73818E+00 0.73723E+00 0.00000E+00 0.00000E+00 0.51902E-01       458805 999/0.20000E-01
 0.12000E+04 0.14000E-01 0.95027E+00 0.87216E+00 0.48914E-01 0.51931E-01 0.80400E+00 0.80563E+00 0.00000E+00 0.00000E+00 0.13602E+01       458805 999/0.14000E-01
 0.12000E+04 0.20000E-01 0.66519E+00 0.70292E+00 0.30499E-01 0.31285E-01 0.73282E+00 0.73288E+00 0.00000E+00 0.00000E+00 -.98218E+00       458805 999/0.20000E-01
 0.12000E+04 0.32000E-01 0.41574E+00 0.58867E+00 0.24939E-01 0.25402E-01 0.62137E+00 0.62335E+00 0.00000E+00 0.00000E+00 -.13905E+01       458805 999/0.32000E-01
 0.15000E+04 0.20000E-01 0.83149E+00 0.73388E+00 0.52338E-01 0.52939E-01 0.71877E+00 0.72092E+00 0.00000E+00 0.00000E+00 0.24757E+00       458805 999/0.20000E-01
 0.15000E+04 0.32000E-01 0.51968E+00 0.55558E+00 0.38047E-01 0.38426E-01 0.61811E+00 0.61656E+00 0.00000E+00 0.00000E+00 -.16027E+01       458805 999/0.32000E-01
 0.20000E+04 0.32000E-01 0.69290E+00 0.59557E+00 0.39205E-01 0.39564E-01 0.60619E+00 0.60383E+00 0.00000E+00 0.00000E+00 -.21065E+00       458805 999/0.32000E-01
 0.20000E+04 0.50000E-01 0.44346E+00 0.49555E+00 0.29396E-01 0.29718E-01 0.51974E+00 0.51919E+00 0.00000E+00 0.00000E+00 -.80420E+00       458805 999/0.50000E-01
 0.30000E+04 0.50000E-01 0.66519E+00 0.52194E+00 0.31542E-01 0.31951E-01 0.49960E+00 0.49913E+00 0.00000E+00 0.00000E+00 0.72310E+00       458805 999/0.50000E-01
 0.30000E+04 0.80000E-01 0.41574E+00 0.44374E+00 0.27138E-01 0.27387E-01 0.42682E+00 0.42670E+00 0.00000E+00 0.00000E+00 0.62783E+00       458805 999/0.80000E-01
 0.50000E+04 0.80000E-01 0.69290E+00 0.36217E+00 0.26128E-01 0.26402E-01 0.38874E+00 0.38708E+00 0.00000E+00 0.00000E+00 -.95325E+00       458805 999/0.80000E-01
 0.50000E+04 0.13000E+00 0.42640E+00 0.33232E+00 0.26952E-01 0.27169E-01 0.33287E+00 0.33508E+00 0.00000E+00 0.00000E+00 -.10226E+00       458805 999/0.13000E+00
 0.80000E+04 0.13000E+00 0.68224E+00 0.25662E+00 0.29133E-01 0.29225E-01 0.28441E+00 0.28490E+00 0.00000E+00 0.00000E+00 -.97069E+00       458805 999/0.13000E+00
 0.80000E+04 0.18000E+00 0.49273E+00 0.27786E+00 0.31835E-01 0.32002E-01 0.25536E+00 0.25817E+00 0.00000E+00 0.00000E+00 0.61854E+00       458805 999/0.18000E+00
 0.80000E+04 0.25000E+00 0.35477E+00 0.23180E+00 0.28239E-01 0.28418E-01 0.21068E+00 0.20777E+00 0.00000E+00 0.00000E+00 0.85095E+00       458805 999/0.25000E+00
 0.12000E+05 0.18000E+00 0.73910E+00 0.20883E+00 0.36568E-01 0.36669E-01 0.20345E+00 0.20356E+00 0.00000E+00 0.00000E+00 0.14409E+00       458805 999/0.18000E+00
 0.12000E+05 0.25000E+00 0.53215E+00 0.15012E+00 0.30774E-01 0.30803E-01 0.17717E+00 0.17810E+00 0.00000E+00 0.00000E+00 -.90908E+00       458805 999/0.25000E+00
 0.20000E+05 0.25000E+00 0.88692E+00 0.13614E+00 0.41958E-01 0.41999E-01 0.11511E+00 0.11495E+00 0.00000E+00 0.00000E+00 0.50494E+00       458805 999/0.25000E+00
 0.20000E+05 0.40000E+00 0.55432E+00 0.11634E+00 0.37840E-01 0.37902E-01 0.74994E-01 0.74768E-01 0.00000E+00 0.00000E+00 0.10986E+01       458805 999/0.40000E+00
 0.30000E+05 0.40000E+00 0.83149E+00 0.11116E+00 0.73049E-01 0.73070E-01 0.46520E-01 0.46473E-01 0.00000E+00 0.00000E+00 0.88552E+00       458805 999/0.40000E+00
     4737710
 HERA1+2 NCep 575                                                                
Plot1@Experiment:HERA1+2@ExtraLabel:e^{+}p #rightarrow e^{+}X (NC), E_{p} = 575 GeV @XTitle: x @YTitle: #sigma_{red}  @Title:Q^{2} = 1.5 @Xlog
Plot2@Experiment:HERA1+2@ExtraLabel:e^{+}p #rightarrow e^{+}X (NC), E_{p} = 575 GeV @XTitle: x @YTitle: #sigma_{red}  @Title:Q^{2} = 2.0 @Xlog
Plot3@Experiment:HERA1+2@ExtraLabel:e^{+}p #rightarrow e^{+}X (NC), E_{p} = 575 GeV @XTitle: x @YTitle: #sigma_{red}  @Title:Q^{2} = 2.5 @Xlog
Plot4@Experiment:HERA1+2@ExtraLabel:e^{+}p #rightarrow e^{+}X (NC), E_{p} = 575 GeV @XTitle: x @YTitle: #sigma_{red}  @Title:Q^{2} = 3.5 @Xlog
Plot5@Experiment:HERA1+2@ExtraLabel:e^{+}p #rightarrow e^{+}X (NC), E_{p} = 575 GeV @XTitle: x @YTitle: #sigma_{red}  @Title:Q^{2} = 5 @Xlog
Plot6@Experiment:HERA1+2@ExtraLabel:e^{+}p #rightarrow e^{+}X (NC), E_{p} = 575 GeV @XTitle: x @YTitle: #sigma_{red}  @Title:Q^{2} = 6.5 @Xlog
Plot7@Experiment:HERA1+2@ExtraLabel:e^{+}p #rightarrow e^{+}X (NC), E_{p} = 575 GeV @XTitle: x @YTitle: #sigma_{red}  @Title:Q^{2} = 8.5 @Xlog
Plot8@Experiment:HERA1+2@ExtraLabel:e^{+}p #rightarrow e^{+}X (NC), E_{p} = 575 GeV @XTitle: x @YTitle: #sigma_{red}  @Title:Q^{2} = 12  @Xlog
Plot9@Experiment:HERA1+2@ExtraLabel:e^{+}p #rightarrow e^{+}X (NC), E_{p} = 575 GeV @XTitle: x @YTitle: #sigma_{red}  @Title:Q^{2} = 15  @Xlog
Plot10@Experiment:HERA1+2@ExtraLabel:e^{+}p #rightarrow e^{+}X (NC), E_{p} = 575 GeV @XTitle: x @YTitle: #sigma_{red}  @Title:Q^{2} = 20  @Xlog
Plot11@Experiment:HERA1+2@ExtraLabel:e^{+}p #rightarrow e^{+}X (NC), E_{p} = 575 GeV @XTitle: x @YTitle: #sigma_{red}  @Title:Q^{2} = 25  @Xlog
Plot12@Experiment:HERA1+2@ExtraLabel:e^{+}p #rightarrow e^{+}X (NC), E_{p} = 575 GeV @XTitle: x @YTitle: #sigma_{red}  @Title:Q^{2} = 35  @Xlog
Plot13@Experiment:HERA1+2@ExtraLabel:e^{+}p #rightarrow e^{+}X (NC), E_{p} = 575 GeV @XTitle: x @YTitle: #sigma_{red}  @Title:Q^{2} = 45  @Xlog
Plot14@Experiment:HERA1+2@ExtraLabel:e^{+}p #rightarrow e^{+}X (NC), E_{p} = 575 GeV @XTitle: x @YTitle: #sigma_{red}  @Title:Q^{2} = 60  @Xlog
Plot15@Experiment:HERA1+2@ExtraLabel:e^{+}p #rightarrow e^{+}X (NC), E_{p} = 575 GeV @XTitle: x @YTitle: #sigma_{red}  @Title:Q^{2} = 90  @Xlog
Plot16@Experiment:HERA1+2@ExtraLabel:e^{+}p #rightarrow e^{+}X (NC), E_{p} = 575 GeV @XTitle: x @YTitle: #sigma_{red}  @Title:Q^{2} = 120 @Xlog
Plot17@Experiment:HERA1+2@ExtraLabel:e^{+}p #rightarrow e^{+}X (NC), E_{p} = 575 GeV @XTitle: x @YTitle: #sigma_{red}  @Title:Q^{2} = 150 @Xlog
Plot18@Experiment:HERA1+2@ExtraLabel:e^{+}p #rightarrow e^{+}X (NC), E_{p} = 575 GeV @XTitle: x @YTitle: #sigma_{red}  @Title:Q^{2} = 200 @Xlog
Plot19@Experiment:HERA1+2@ExtraLabel:e^{+}p #rightarrow e^{+}X (NC), E_{p} = 575 GeV @XTitle: x @YTitle: #sigma_{red}  @Title:Q^{2} = 250 @Xlog
Plot20@Experiment:HERA1+2@ExtraLabel:e^{+}p #rightarrow e^{+}X (NC), E_{p} = 575 GeV @XTitle: x @YTitle: #sigma_{red}  @Title:Q^{2} = 300 @Xlog
Plot21@Experiment:HERA1+2@ExtraLabel:e^{+}p #rightarrow e^{+}X (NC), E_{p} = 575 GeV @XTitle: x @YTitle: #sigma_{red}  @Title:Q^{2} = 400 @Xlog
Plot22@Experiment:HERA1+2@ExtraLabel:e^{+}p #rightarrow e^{+}X (NC), E_{p} = 575 GeV @XTitle: x @YTitle: #sigma_{red}  @Title:Q^{2} = 500 @Xlog
Plot23@Experiment:HERA1+2@ExtraLabel:e^{+}p #rightarrow e^{+}X (NC), E_{p} = 575 GeV @XTitle: x @YTitle: #sigma_{red}  @Title:Q^{2} = 650 @Xlog
Plot24@Experiment:HERA1+2@ExtraLabel:e^{+}p #rightarrow e^{+}X (NC), E_{p} = 575 GeV @XTitle: x @YTitle: #sigma_{red}  @Title:Q^{2} = 800  @Xlog
 Q2          x           y              data      +- uncor     +- tot     th orig         th mod   therr+         therr-     pull    iset       iplot
 0.25000E+01 0.46500E-04 0.85002E+00 0.86473E+00 0.58095E-01 0.85988E-01 0.76765E+00 0.74504E+00 0.00000E+00 0.00000E+00 0.20602E+01      4737710   2/0.46500E-04
 0.25000E+01 0.51900E-04 0.76157E+00 0.85248E+00 0.41890E-01 0.50425E-01 0.79222E+00 0.78584E+00 0.00000E+00 0.00000E+00 0.15909E+01      4737710   2/0.51900E-04
 0.25000E+01 0.58000E-04 0.68148E+00 0.77106E+00 0.45315E-01 0.47154E-01 0.80794E+00 0.81536E+00 0.00000E+00 0.00000E+00 -.97754E+00      4737710   2/0.58000E-04
 0.35000E+01 0.65100E-04 0.85002E+00 0.91286E+00 0.61777E-01 0.93643E-01 0.87241E+00 0.84102E+00 0.00000E+00 0.00000E+00 0.11629E+01      4737710   3/0.65100E-04
 0.35000E+01 0.72700E-04 0.76116E+00 0.89358E+00 0.40500E-01 0.50977E-01 0.88981E+00 0.88841E+00 0.00000E+00 0.00000E+00 0.12758E+00      4737710   3/0.72700E-04
 0.35000E+01 0.81200E-04 0.68148E+00 0.88886E+00 0.35425E-01 0.43680E-01 0.89932E+00 0.90559E+00 0.00000E+00 0.00000E+00 -.47235E+00      4737710   3/0.81200E-04
 0.35000E+01 0.92100E-04 0.60082E+00 0.94410E+00 0.40387E-01 0.43485E-01 0.90218E+00 0.90780E+00 0.00000E+00 0.00000E+00 0.89877E+00      4737710   3/0.92100E-04
 0.35000E+01 0.10620E-03 0.52105E+00 0.97008E+00 0.60851E-01 0.64610E-01 0.89792E+00 0.90231E+00 0.00000E+00 0.00000E+00 0.11138E+01      4737710   3/0.10620E-03
 0.50000E+01 0.93100E-04 0.84910E+00 0.88713E+00 0.66393E-01 0.98785E-01 0.96921E+00 0.92464E+00 0.00000E+00 0.00000E+00 -.56500E+00      4737710   4/0.93100E-04
 0.50000E+01 0.10380E-03 0.76157E+00 0.89632E+00 0.40340E-01 0.47345E-01 0.98275E+00 0.97740E+00 0.00000E+00 0.00000E+00 -.20100E+01      4737710   4/0.10380E-03
 0.50000E+01 0.11600E-03 0.68148E+00 0.10187E+01 0.36156E-01 0.42153E-01 0.98891E+00 0.99688E+00 0.00000E+00 0.00000E+00 0.60343E+00      4737710   4/0.11600E-03
 0.50000E+01 0.13150E-03 0.60115E+00 0.96509E+00 0.33252E-01 0.38773E-01 0.98823E+00 0.99967E+00 0.00000E+00 0.00000E+00 -.10400E+01      4737710   4/0.13150E-03
 0.50000E+01 0.15170E-03 0.52110E+00 0.10197E+01 0.32274E-01 0.36836E-01 0.98020E+00 0.98648E+00 0.00000E+00 0.00000E+00 0.10294E+01      4737710   4/0.15170E-03
 0.50000E+01 0.20130E-03 0.39270E+00 0.94852E+00 0.31231E-01 0.35493E-01 0.95002E+00 0.96114E+00 0.00000E+00 0.00000E+00 -.40415E+00      4737710   4/0.20130E-03
 0.65000E+01 0.12100E-03 0.84931E+00 0.93684E+00 0.76016E-01 0.11106E+00 0.10515E+01 0.99683E+00 0.00000E+00 0.00000E+00 -.78922E+00      4737710   5/0.12100E-03
 0.65000E+01 0.13500E-03 0.76124E+00 0.10053E+01 0.42819E-01 0.50818E-01 0.10630E+01 0.10591E+01 0.00000E+00 0.00000E+00 -.12555E+01      4737710   5/0.13500E-03
 0.65000E+01 0.15090E-03 0.68103E+00 0.11045E+01 0.36840E-01 0.44503E-01 0.10670E+01 0.10707E+01 0.00000E+00 0.00000E+00 0.91733E+00      4737710   5/0.15090E-03
 0.65000E+01 0.16300E-03 0.63047E+00 0.11798E+01 0.18917E+00 0.19100E+00 0.10658E+01 0.10827E+01 0.00000E+00 0.00000E+00 0.51352E+00      4737710   5/0.16300E-03
 0.65000E+01 0.17100E-03 0.60098E+00 0.10568E+01 0.34451E-01 0.38989E-01 0.10637E+01 0.10754E+01 0.00000E+00 0.00000E+00 -.53897E+00      4737710   5/0.17100E-03
 0.65000E+01 0.18300E-03 0.56157E+00 0.11842E+01 0.20208E+00 0.20427E+00 0.10592E+01 0.10691E+01 0.00000E+00 0.00000E+00 0.56969E+00      4737710   5/0.18300E-03
 0.65000E+01 0.19730E-03 0.52087E+00 0.11123E+01 0.31498E-01 0.36668E-01 0.10525E+01 0.10621E+01 0.00000E+00 0.00000E+00 0.15943E+01      4737710   5/0.19730E-03
 0.65000E+01 0.22800E-03 0.45073E+00 0.11380E+01 0.15337E+00 0.15534E+00 0.10355E+01 0.10257E+01 0.00000E+00 0.00000E+00 0.73200E+00      4737710   5/0.22800E-03
 0.65000E+01 0.26170E-03 0.39269E+00 0.10096E+01 0.22932E-01 0.28524E-01 0.10160E+01 0.10296E+01 0.00000E+00 0.00000E+00 -.87085E+00      4737710   5/0.26170E-03
 0.85000E+01 0.15820E-03 0.84948E+00 0.10313E+01 0.82205E-01 0.13842E+00 0.11367E+01 0.10748E+01 0.00000E+00 0.00000E+00 -.52945E+00      4737710   6/0.15820E-03
 0.85000E+01 0.17650E-03 0.76140E+00 0.10582E+01 0.44954E-01 0.50462E-01 0.11465E+01 0.11404E+01 0.00000E+00 0.00000E+00 -.18279E+01      4737710   6/0.17650E-03
 0.85000E+01 0.19730E-03 0.68113E+00 0.11123E+01 0.37038E-01 0.44297E-01 0.11483E+01 0.11560E+01 0.00000E+00 0.00000E+00 -.11811E+01      4737710   6/0.19730E-03
 0.85000E+01 0.22360E-03 0.60102E+00 0.11541E+01 0.33953E-01 0.40143E-01 0.11423E+01 0.11549E+01 0.00000E+00 0.00000E+00 -.24944E-01      4737710   6/0.22360E-03
 0.85000E+01 0.24000E-03 0.55995E+00 0.11455E+01 0.98325E-01 0.10123E+00 0.11358E+01 0.11438E+01 0.00000E+00 0.00000E+00 0.17369E-01      4737710   6/0.24000E-03
 0.85000E+01 0.25800E-03 0.52088E+00 0.10410E+01 0.29099E-01 0.35576E-01 0.11276E+01 0.11295E+01 0.00000E+00 0.00000E+00 -.30408E+01      4737710   6/0.25800E-03
 0.85000E+01 0.29900E-03 0.44946E+00 0.12170E+01 0.11296E+00 0.11624E+00 0.11065E+01 0.11235E+01 0.00000E+00 0.00000E+00 0.82783E+00      4737710   6/0.29900E-03
 0.85000E+01 0.34220E-03 0.39272E+00 0.10912E+01 0.23202E-01 0.29015E-01 0.10837E+01 0.11006E+01 0.00000E+00 0.00000E+00 -.40432E+00      4737710   6/0.34220E-03
 0.85000E+01 0.43300E-03 0.31036E+00 0.10921E+01 0.11041E+00 0.11254E+00 0.10398E+01 0.10415E+01 0.00000E+00 0.00000E+00 0.45870E+00      4737710   6/0.43300E-03
 0.85000E+01 0.54090E-03 0.24845E+00 0.10217E+01 0.22684E-01 0.27974E-01 0.99614E+00 0.10148E+01 0.00000E+00 0.00000E+00 0.30325E+00      4737710   6/0.54090E-03
 0.85000E+01 0.83840E-03 0.16029E+00 0.94610E+00 0.22334E-01 0.27371E-01 0.91031E+00 0.92910E+00 0.00000E+00 0.00000E+00 0.76119E+00      4737710   6/0.83840E-03
 0.85000E+01 0.10300E-02 0.13047E+00 0.67837E+00 0.12740E+00 0.12807E+00 0.87134E+00 0.87051E+00 0.00000E+00 0.00000E+00 -.15081E+01      4737710   6/0.10300E-02
 0.85000E+01 0.13970E-02 0.96197E-01 0.82340E+00 0.27181E-01 0.30650E-01 0.81592E+00 0.83205E+00 0.00000E+00 0.00000E+00 -.31819E+00      4737710   6/0.13970E-02
 0.12000E+02 0.22330E-03 0.84963E+00 0.12926E+01 0.86701E-01 0.13001E+00 0.12033E+01 0.11661E+01 0.00000E+00 0.00000E+00 0.14586E+01      4737710   7/0.22330E-03
 0.12000E+02 0.24920E-03 0.76133E+00 0.11477E+01 0.46058E-01 0.56077E-01 0.12128E+01 0.12100E+01 0.00000E+00 0.00000E+00 -.13537E+01      4737710   7/0.24920E-03
 0.12000E+02 0.27850E-03 0.68123E+00 0.11990E+01 0.38339E-01 0.45176E-01 0.12136E+01 0.12164E+01 0.00000E+00 0.00000E+00 -.45441E+00      4737710   7/0.27850E-03
 0.12000E+02 0.29540E-03 0.64226E+00 0.11757E+01 0.62414E-01 0.68972E-01 0.12109E+01 0.12172E+01 0.00000E+00 0.00000E+00 -.66490E+00      4737710   7/0.29540E-03
 0.12000E+02 0.31560E-03 0.60115E+00 0.11929E+01 0.41481E-01 0.47327E-01 0.12057E+01 0.12172E+01 0.00000E+00 0.00000E+00 -.58621E+00      4737710   7/0.31560E-03
 0.12000E+02 0.34300E-03 0.55313E+00 0.12277E+01 0.56865E-01 0.63203E-01 0.11965E+01 0.12108E+01 0.00000E+00 0.00000E+00 0.29806E+00      4737710   7/0.34300E-03
 0.12000E+02 0.36420E-03 0.52093E+00 0.11764E+01 0.33959E-01 0.39391E-01 0.11884E+01 0.11947E+01 0.00000E+00 0.00000E+00 -.53808E+00      4737710   7/0.36420E-03
 0.12000E+02 0.42300E-03 0.44852E+00 0.12263E+01 0.64610E-01 0.69643E-01 0.11637E+01 0.11735E+01 0.00000E+00 0.00000E+00 0.81773E+00      4737710   7/0.42300E-03
 0.12000E+02 0.48310E-03 0.39272E+00 0.11244E+01 0.23325E-01 0.29637E-01 0.11383E+01 0.11547E+01 0.00000E+00 0.00000E+00 -.13009E+01      4737710   7/0.48310E-03
 0.12000E+02 0.59200E-03 0.32048E+00 0.11448E+01 0.80653E-01 0.83664E-01 0.10957E+01 0.11042E+01 0.00000E+00 0.00000E+00 0.50359E+00      4737710   7/0.59200E-03
 0.12000E+02 0.76360E-03 0.24846E+00 0.10544E+01 0.23162E-01 0.28695E-01 0.10399E+01 0.10593E+01 0.00000E+00 0.00000E+00 -.21009E+00      4737710   7/0.76360E-03
 0.12000E+02 0.91000E-03 0.20849E+00 0.96455E+00 0.84279E-01 0.86628E-01 0.10013E+01 0.10118E+01 0.00000E+00 0.00000E+00 -.56057E+00      4737710   7/0.91000E-03
 0.12000E+02 0.11840E-02 0.16024E+00 0.10198E+01 0.22827E-01 0.28272E-01 0.94421E+00 0.96303E+00 0.00000E+00 0.00000E+00 0.24870E+01      4737710   7/0.11840E-02
 0.12000E+02 0.14600E-02 0.12995E+00 0.82793E+00 0.74424E-01 0.76786E-01 0.90023E+00 0.89004E+00 0.00000E+00 0.00000E+00 -.83454E+00      4737710   7/0.14600E-02
 0.12000E+02 0.19730E-02 0.96160E-01 0.87979E+00 0.26412E-01 0.31290E-01 0.83999E+00 0.85842E+00 0.00000E+00 0.00000E+00 0.80899E+00      4737710   7/0.19730E-02
 0.15000E+02 0.27920E-03 0.84941E+00 0.11474E+01 0.84908E-01 0.11098E+00 0.12323E+01 0.11996E+01 0.00000E+00 0.00000E+00 -.61500E+00      4737710   8/0.27920E-03
 0.15000E+02 0.31150E-03 0.76133E+00 0.12836E+01 0.46994E-01 0.54066E-01 0.12418E+01 0.12385E+01 0.00000E+00 0.00000E+00 0.95930E+00      4737710   8/0.31150E-03
 0.15000E+02 0.34810E-03 0.68128E+00 0.11874E+01 0.37956E-01 0.42506E-01 0.12422E+01 0.12486E+01 0.00000E+00 0.00000E+00 -.16129E+01      4737710   8/0.34810E-03
 0.15000E+02 0.39450E-03 0.60115E+00 0.11737E+01 0.34890E-01 0.41302E-01 0.12335E+01 0.12395E+01 0.00000E+00 0.00000E+00 -.18850E+01      4737710   8/0.39450E-03
 0.15000E+02 0.42200E-03 0.56198E+00 0.12419E+01 0.41841E-01 0.49141E-01 0.12256E+01 0.12378E+01 0.00000E+00 0.00000E+00 0.98628E-01      4737710   8/0.42200E-03
 0.15000E+02 0.45520E-03 0.52099E+00 0.12590E+01 0.38706E-01 0.44365E-01 0.12147E+01 0.12249E+01 0.00000E+00 0.00000E+00 0.88050E+00      4737710   8/0.45520E-03
 0.15000E+02 0.52900E-03 0.44831E+00 0.12042E+01 0.40239E-01 0.46646E-01 0.11884E+01 0.11947E+01 0.00000E+00 0.00000E+00 0.23714E+00      4737710   8/0.52900E-03
 0.15000E+02 0.60390E-03 0.39270E+00 0.11681E+01 0.22295E-01 0.30407E-01 0.11614E+01 0.11772E+01 0.00000E+00 0.00000E+00 -.40947E+00      4737710   8/0.60390E-03
 0.15000E+02 0.76300E-03 0.31082E+00 0.11451E+01 0.48065E-01 0.53234E-01 0.11094E+01 0.11171E+01 0.00000E+00 0.00000E+00 0.58354E+00      4737710   8/0.76300E-03
 0.15000E+02 0.95450E-03 0.24846E+00 0.10423E+01 0.23204E-01 0.28646E-01 0.10574E+01 0.10770E+01 0.00000E+00 0.00000E+00 -.14939E+01      4737710   8/0.95450E-03
 0.15000E+02 0.11400E-02 0.20803E+00 0.10926E+01 0.54892E-01 0.58640E-01 0.10160E+01 0.10206E+01 0.00000E+00 0.00000E+00 0.13110E+01      4737710   8/0.11400E-02
 0.15000E+02 0.14790E-02 0.16035E+00 0.97586E+00 0.22011E-01 0.28156E-01 0.95664E+00 0.97579E+00 0.00000E+00 0.00000E+00 0.32042E-02      4737710   8/0.14790E-02
 0.15000E+02 0.18200E-02 0.13030E+00 0.84737E+00 0.50277E-01 0.53027E-01 0.91086E+00 0.90484E+00 0.00000E+00 0.00000E+00 -.11430E+01      4737710   8/0.18200E-02
 0.15000E+02 0.24660E-02 0.96170E-01 0.86079E+00 0.25252E-01 0.30603E-01 0.84684E+00 0.86369E+00 0.00000E+00 0.00000E+00 -.11489E+00      4737710   8/0.24660E-02
 0.20000E+02 0.37220E-03 0.84956E+00 0.13322E+01 0.10313E+00 0.12423E+00 0.12599E+01 0.12459E+01 0.00000E+00 0.00000E+00 0.83703E+00      4737710   9/0.37220E-03
 0.20000E+02 0.41530E-03 0.76139E+00 0.12605E+01 0.58782E-01 0.65062E-01 0.12694E+01 0.12741E+01 0.00000E+00 0.00000E+00 -.23131E+00      4737710   9/0.41530E-03
 0.20000E+02 0.46420E-03 0.68118E+00 0.12937E+01 0.50581E-01 0.54639E-01 0.12692E+01 0.12798E+01 0.00000E+00 0.00000E+00 0.27536E+00      4737710   9/0.46420E-03
 0.20000E+02 0.52610E-03 0.60104E+00 0.11424E+01 0.45747E-01 0.50669E-01 0.12593E+01 0.12679E+01 0.00000E+00 0.00000E+00 -.27430E+01      4737710   9/0.52610E-03
 0.20000E+02 0.60700E-03 0.52093E+00 0.12257E+01 0.40362E-01 0.47147E-01 0.12388E+01 0.12440E+01 0.00000E+00 0.00000E+00 -.45300E+00      4737710   9/0.60700E-03
 0.20000E+02 0.80520E-03 0.39270E+00 0.12110E+01 0.28082E-01 0.34554E-01 0.11812E+01 0.11977E+01 0.00000E+00 0.00000E+00 0.47473E+00      4737710   9/0.80520E-03
 0.20000E+02 0.12730E-02 0.24839E+00 0.10909E+01 0.25170E-01 0.31323E-01 0.10698E+01 0.10897E+01 0.00000E+00 0.00000E+00 0.46387E-01      4737710   9/0.12730E-02
 0.20000E+02 0.19730E-02 0.16027E+00 0.98243E+00 0.23029E-01 0.28880E-01 0.96281E+00 0.98172E+00 0.00000E+00 0.00000E+00 0.30946E-01      4737710   9/0.19730E-02
 0.20000E+02 0.32880E-02 0.96170E-01 0.85845E+00 0.26869E-01 0.31218E-01 0.84710E+00 0.86498E+00 0.00000E+00 0.00000E+00 -.24301E+00      4737710   9/0.32880E-02
 0.25000E+02 0.49320E-03 0.80141E+00 0.13000E+01 0.49184E-01 0.54887E-01 0.12818E+01 0.12806E+01 0.00000E+00 0.00000E+00 0.39366E+00      4737710  10/0.49320E-03
 0.25000E+02 0.57000E-03 0.69343E+00 0.13297E+01 0.55164E-01 0.59527E-01 0.12844E+01 0.12845E+01 0.00000E+00 0.00000E+00 0.81952E+00      4737710  10/0.57000E-03
 0.25000E+02 0.61650E-03 0.64113E+00 0.12585E+01 0.31984E-01 0.37560E-01 0.12794E+01 0.12875E+01 0.00000E+00 0.00000E+00 -.90724E+00      4737710  10/0.61650E-03
 0.25000E+02 0.70000E-03 0.56465E+00 0.13251E+01 0.39109E-01 0.44654E-01 0.12640E+01 0.12708E+01 0.00000E+00 0.00000E+00 0.13878E+01      4737710  10/0.70000E-03
 0.25000E+02 0.75870E-03 0.52097E+00 0.12271E+01 0.40725E-01 0.46107E-01 0.12506E+01 0.12626E+01 0.00000E+00 0.00000E+00 -.87209E+00      4737710  10/0.75870E-03
 0.25000E+02 0.88000E-03 0.44916E+00 0.12476E+01 0.33677E-01 0.40081E-01 0.12206E+01 0.12278E+01 0.00000E+00 0.00000E+00 0.58879E+00      4737710  10/0.88000E-03
 0.25000E+02 0.10070E-02 0.39251E+00 0.12310E+01 0.21608E-01 0.29996E-01 0.11894E+01 0.12047E+01 0.00000E+00 0.00000E+00 0.12192E+01      4737710  10/0.10070E-02
 0.25000E+02 0.12700E-02 0.31123E+00 0.11204E+01 0.29378E-01 0.35677E-01 0.11312E+01 0.11323E+01 0.00000E+00 0.00000E+00 -.40650E+00      4737710  10/0.12700E-02
 0.25000E+02 0.15910E-02 0.24843E+00 0.11284E+01 0.27424E-01 0.32930E-01 0.10727E+01 0.10919E+01 0.00000E+00 0.00000E+00 0.13322E+01      4737710  10/0.15910E-02
 0.25000E+02 0.18400E-02 0.21481E+00 0.10422E+01 0.31323E-01 0.36896E-01 0.10351E+01 0.10371E+01 0.00000E+00 0.00000E+00 0.16287E+00      4737710  10/0.18400E-02
 0.25000E+02 0.24660E-02 0.16028E+00 0.10195E+01 0.25017E-01 0.32252E-01 0.96101E+00 0.98070E+00 0.00000E+00 0.00000E+00 0.15511E+01      4737710  10/0.24660E-02
 0.25000E+02 0.30000E-02 0.13175E+00 0.92016E+00 0.28684E-01 0.33985E-01 0.91332E+00 0.90633E+00 0.00000E+00 0.00000E+00 0.48217E+00      4737710  10/0.30000E-02
 0.25000E+02 0.41100E-02 0.96170E-01 0.89239E+00 0.30134E-01 0.34012E-01 0.84072E+00 0.85580E+00 0.00000E+00 0.00000E+00 0.12143E+01      4737710  10/0.41100E-02
 0.35000E+02 0.65140E-03 0.84949E+00 0.13221E+01 0.10525E+00 0.12263E+00 0.12873E+01 0.13215E+01 0.00000E+00 0.00000E+00 0.58516E-02      4737710  11/0.65140E-03
 0.35000E+02 0.72680E-03 0.76136E+00 0.13017E+01 0.67356E-01 0.71101E-01 0.12949E+01 0.12835E+01 0.00000E+00 0.00000E+00 0.27008E+00      4737710  11/0.72680E-03
 0.35000E+02 0.81230E-03 0.68123E+00 0.13272E+01 0.43862E-01 0.48330E-01 0.12922E+01 0.13018E+01 0.00000E+00 0.00000E+00 0.57802E+00      4737710  11/0.81230E-03
 0.35000E+02 0.92060E-03 0.60109E+00 0.13285E+01 0.40340E-01 0.44845E-01 0.12790E+01 0.12924E+01 0.00000E+00 0.00000E+00 0.89461E+00      4737710  11/0.92060E-03
 0.35000E+02 0.10000E-02 0.55336E+00 0.12166E+01 0.41778E-01 0.45268E-01 0.12657E+01 0.12690E+01 0.00000E+00 0.00000E+00 -.12550E+01      4737710  11/0.10000E-02
 0.35000E+02 0.10620E-02 0.52105E+00 0.13193E+01 0.45460E-01 0.51061E-01 0.12543E+01 0.12695E+01 0.00000E+00 0.00000E+00 0.10960E+01      4737710  11/0.10620E-02
 0.35000E+02 0.12300E-02 0.44989E+00 0.12474E+01 0.35937E-01 0.40609E-01 0.12220E+01 0.12346E+01 0.00000E+00 0.00000E+00 0.35499E+00      4737710  11/0.12300E-02
 0.35000E+02 0.14090E-02 0.39273E+00 0.12406E+01 0.22396E-01 0.29070E-01 0.11880E+01 0.12013E+01 0.00000E+00 0.00000E+00 0.17550E+01      4737710  11/0.14090E-02
 0.35000E+02 0.18000E-02 0.30742E+00 0.11199E+01 0.25367E-01 0.31192E-01 0.11223E+01 0.11282E+01 0.00000E+00 0.00000E+00 -.32611E+00      4737710  11/0.18000E-02
 0.35000E+02 0.22270E-02 0.24848E+00 0.11111E+01 0.28103E-01 0.33574E-01 0.10635E+01 0.10838E+01 0.00000E+00 0.00000E+00 0.97209E+00      4737710  11/0.22270E-02
 0.35000E+02 0.27000E-02 0.20495E+00 0.98176E+00 0.24383E-01 0.29569E-01 0.10110E+01 0.10083E+01 0.00000E+00 0.00000E+00 -.10880E+01      4737710  11/0.27000E-02
 0.35000E+02 0.34520E-02 0.16030E+00 0.96409E+00 0.25527E-01 0.30149E-01 0.94606E+00 0.96320E+00 0.00000E+00 0.00000E+00 0.34701E-01      4737710  11/0.34520E-02
 0.35000E+02 0.43000E-02 0.12869E+00 0.86229E+00 0.18525E-01 0.24615E-01 0.89039E+00 0.88324E+00 0.00000E+00 0.00000E+00 -.11308E+01      4737710  11/0.43000E-02
 0.35000E+02 0.57540E-02 0.96170E-01 0.86065E+00 0.31963E-01 0.37616E-01 0.82061E+00 0.83916E+00 0.00000E+00 0.00000E+00 0.67228E+00      4737710  11/0.57540E-02
 0.45000E+02 0.83750E-03 0.84951E+00 0.14321E+01 0.98450E-01 0.11170E+00 0.12861E+01 0.13264E+01 0.00000E+00 0.00000E+00 0.10740E+01      4737710  12/0.83750E-03
 0.45000E+02 0.93440E-03 0.76141E+00 0.13197E+01 0.71021E-01 0.74812E-01 0.12921E+01 0.13189E+01 0.00000E+00 0.00000E+00 0.11507E-01      4737710  12/0.93440E-03
 0.45000E+02 0.10440E-02 0.68148E+00 0.13485E+01 0.55826E-01 0.58289E-01 0.12877E+01 0.13041E+01 0.00000E+00 0.00000E+00 0.79461E+00      4737710  12/0.10440E-02
 0.45000E+02 0.11840E-02 0.60090E+00 0.12982E+01 0.42765E-01 0.46329E-01 0.12725E+01 0.12867E+01 0.00000E+00 0.00000E+00 0.26948E+00      4737710  12/0.11840E-02
 0.45000E+02 0.12700E-02 0.56021E+00 0.12859E+01 0.46390E-01 0.49254E-01 0.12605E+01 0.12750E+01 0.00000E+00 0.00000E+00 0.23467E+00      4737710  12/0.12700E-02
 0.45000E+02 0.13660E-02 0.52084E+00 0.12921E+01 0.48896E-01 0.52954E-01 0.12458E+01 0.12591E+01 0.00000E+00 0.00000E+00 0.67585E+00      4737710  12/0.13660E-02
 0.45000E+02 0.15850E-02 0.44887E+00 0.11919E+01 0.42619E-01 0.45368E-01 0.12109E+01 0.12215E+01 0.00000E+00 0.00000E+00 -.69530E+00      4737710  12/0.15850E-02
 0.45000E+02 0.18120E-02 0.39264E+00 0.11783E+01 0.22063E-01 0.27670E-01 0.11759E+01 0.11912E+01 0.00000E+00 0.00000E+00 -.58451E+00      4737710  12/0.18120E-02
 0.45000E+02 0.22900E-02 0.31068E+00 0.11136E+01 0.26886E-01 0.31106E-01 0.11104E+01 0.11138E+01 0.00000E+00 0.00000E+00 -.66610E-02      4737710  12/0.22900E-02
 0.45000E+02 0.28640E-02 0.24842E+00 0.11026E+01 0.28210E-01 0.33477E-01 0.10465E+01 0.10655E+01 0.00000E+00 0.00000E+00 0.13142E+01      4737710  12/0.28640E-02
 0.45000E+02 0.33000E-02 0.21559E+00 0.10060E+01 0.24356E-01 0.28664E-01 0.10066E+01 0.10051E+01 0.00000E+00 0.00000E+00 0.38171E-01      4737710  12/0.33000E-02
 0.45000E+02 0.44390E-02 0.16028E+00 0.94015E+00 0.25217E-01 0.29881E-01 0.92549E+00 0.94263E+00 0.00000E+00 0.00000E+00 -.98463E-01      4737710  12/0.44390E-02
 0.45000E+02 0.55000E-02 0.12936E+00 0.89033E+00 0.19706E-01 0.24948E-01 0.86977E+00 0.86311E+00 0.00000E+00 0.00000E+00 0.13813E+01      4737710  12/0.55000E-02
 0.45000E+02 0.73980E-02 0.96170E-01 0.82825E+00 0.31884E-01 0.37023E-01 0.79754E+00 0.81471E+00 0.00000E+00 0.00000E+00 0.42471E+00      4737710  12/0.73980E-02
 0.60000E+02 0.11170E-02 0.84925E+00 0.12762E+01 0.98865E-01 0.10810E+00 0.12749E+01 0.13177E+01 0.00000E+00 0.00000E+00 -.42026E+00      4737710  13/0.11170E-02
 0.60000E+02 0.12460E-02 0.76133E+00 0.14192E+01 0.67662E-01 0.73935E-01 0.12785E+01 0.13043E+01 0.00000E+00 0.00000E+00 0.16983E+01      4737710  13/0.12460E-02
 0.60000E+02 0.13920E-02 0.68148E+00 0.13581E+01 0.65222E-01 0.69014E-01 0.12717E+01 0.12973E+01 0.00000E+00 0.00000E+00 0.93268E+00      4737710  13/0.13920E-02
 0.60000E+02 0.15780E-02 0.60115E+00 0.13242E+01 0.63077E-01 0.65125E-01 0.12542E+01 0.12678E+01 0.00000E+00 0.00000E+00 0.89455E+00      4737710  13/0.15780E-02
 0.60000E+02 0.17100E-02 0.55475E+00 0.12972E+01 0.55194E-01 0.58133E-01 0.12388E+01 0.12610E+01 0.00000E+00 0.00000E+00 0.65605E+00      4737710  13/0.17100E-02
 0.60000E+02 0.18210E-02 0.52093E+00 0.12600E+01 0.62221E-01 0.65401E-01 0.12250E+01 0.12410E+01 0.00000E+00 0.00000E+00 0.30483E+00      4737710  13/0.18210E-02
 0.60000E+02 0.21100E-02 0.44958E+00 0.11150E+01 0.43145E-01 0.45526E-01 0.11882E+01 0.12047E+01 0.00000E+00 0.00000E+00 -.20787E+01      4737710  13/0.21100E-02
 0.60000E+02 0.24160E-02 0.39264E+00 0.11691E+01 0.24614E-01 0.29156E-01 0.11510E+01 0.11674E+01 0.00000E+00 0.00000E+00 0.68680E-01      4737710  13/0.24160E-02
 0.60000E+02 0.30500E-02 0.31102E+00 0.10977E+01 0.30712E-01 0.33692E-01 0.10831E+01 0.10873E+01 0.00000E+00 0.00000E+00 0.33780E+00      4737710  13/0.30500E-02
 0.60000E+02 0.38180E-02 0.24846E+00 0.10154E+01 0.28169E-01 0.32654E-01 0.10169E+01 0.10350E+01 0.00000E+00 0.00000E+00 -.69608E+00      4737710  13/0.38180E-02
 0.60000E+02 0.46000E-02 0.20622E+00 0.94876E+00 0.26070E-01 0.29090E-01 0.96327E+00 0.96285E+00 0.00000E+00 0.00000E+00 -.54045E+00      4737710  13/0.46000E-02
 0.60000E+02 0.59180E-02 0.16029E+00 0.99360E+00 0.27606E-01 0.32165E-01 0.89339E+00 0.91085E+00 0.00000E+00 0.00000E+00 0.29975E+01      4737710  13/0.59180E-02
 0.60000E+02 0.73000E-02 0.12995E+00 0.81661E+00 0.18569E-01 0.23493E-01 0.83813E+00 0.82830E+00 0.00000E+00 0.00000E+00 -.62930E+00      4737710  13/0.73000E-02
 0.60000E+02 0.98640E-02 0.96170E-01 0.77303E+00 0.31674E-01 0.34485E-01 0.76422E+00 0.77746E+00 0.00000E+00 0.00000E+00 -.13999E+00      4737710  13/0.98640E-02
 0.90000E+02 0.16719E-02 0.85108E+00 0.13269E+01 0.11062E+00 0.11936E+00 0.12405E+01 0.12821E+01 0.00000E+00 0.00000E+00 0.40503E+00      4737710  14/0.16719E-02
 0.90000E+02 0.18690E-02 0.76133E+00 0.13915E+01 0.71654E-01 0.76665E-01 0.12398E+01 0.12723E+01 0.00000E+00 0.00000E+00 0.16631E+01      4737710  14/0.18690E-02
 0.90000E+02 0.20890E-02 0.68115E+00 0.12992E+01 0.60446E-01 0.65115E-01 0.12292E+01 0.12634E+01 0.00000E+00 0.00000E+00 0.59177E+00      4737710  14/0.20890E-02
 0.90000E+02 0.23670E-02 0.60115E+00 0.13050E+01 0.63047E-01 0.67348E-01 0.12082E+01 0.12443E+01 0.00000E+00 0.00000E+00 0.96325E+00      4737710  14/0.23670E-02
 0.90000E+02 0.25000E-02 0.56917E+00 0.11533E+01 0.60709E-01 0.62394E-01 0.11966E+01 0.12016E+01 0.00000E+00 0.00000E+00 -.79597E+00      4737710  14/0.25000E-02
 0.90000E+02 0.30000E-02 0.47431E+00 0.11593E+01 0.52530E-01 0.54823E-01 0.11509E+01 0.11707E+01 0.00000E+00 0.00000E+00 -.21658E+00      4737710  14/0.30000E-02
 0.90000E+02 0.36230E-02 0.39275E+00 0.11243E+01 0.30175E-01 0.33226E-01 0.10968E+01 0.11072E+01 0.00000E+00 0.00000E+00 0.56563E+00      4737710  14/0.36230E-02
 0.90000E+02 0.46000E-02 0.30933E+00 0.10178E+01 0.33295E-01 0.35670E-01 0.10249E+01 0.10272E+01 0.00000E+00 0.00000E+00 -.28097E+00      4737710  14/0.46000E-02
 0.90000E+02 0.57270E-02 0.24846E+00 0.92170E+00 0.28641E-01 0.32175E-01 0.95898E+00 0.97740E+00 0.00000E+00 0.00000E+00 -.19447E+01      4737710  14/0.57270E-02
 0.90000E+02 0.64000E-02 0.22233E+00 0.94845E+00 0.28878E-01 0.31682E-01 0.92629E+00 0.92358E+00 0.00000E+00 0.00000E+00 0.86131E+00      4737710  14/0.64000E-02
 0.90000E+02 0.88770E-02 0.16029E+00 0.87069E+00 0.26708E-01 0.30373E-01 0.83445E+00 0.85086E+00 0.00000E+00 0.00000E+00 0.74259E+00      4737710  14/0.88770E-02
 0.90000E+02 0.10900E-01 0.13054E+00 0.75796E+00 0.19776E-01 0.23165E-01 0.78080E+00 0.77413E+00 0.00000E+00 0.00000E+00 -.81778E+00      4737710  14/0.10900E-01
 0.90000E+02 0.14800E-01 0.96144E-01 0.75583E+00 0.34498E-01 0.36601E-01 0.70714E+00 0.72093E+00 0.00000E+00 0.00000E+00 0.10117E+01      4737710  14/0.14800E-01
 0.12000E+03 0.22000E-02 0.86238E+00 0.13897E+01 0.12245E+00 0.12995E+00 0.12026E+01 0.12456E+01 0.00000E+00 0.00000E+00 0.11766E+01      4737710  15/0.22000E-02
 0.12000E+03 0.25000E-02 0.75889E+00 0.11837E+01 0.94190E-01 0.99890E-01 0.11984E+01 0.12464E+01 0.00000E+00 0.00000E+00 -.66554E+00      4737710  15/0.25000E-02
 0.12000E+03 0.27000E-02 0.70268E+00 0.10805E+01 0.10387E+00 0.10476E+00 0.11898E+01 0.11981E+01 0.00000E+00 0.00000E+00 -.11324E+01      4737710  15/0.27000E-02
 0.12000E+03 0.28000E-02 0.67758E+00 0.11758E+01 0.84205E-01 0.90249E-01 0.11844E+01 0.12357E+01 0.00000E+00 0.00000E+00 -.71138E+00      4737710  15/0.28000E-02
 0.12000E+03 0.30000E-02 0.63241E+00 0.11813E+01 0.93405E-01 0.95318E-01 0.11722E+01 0.11970E+01 0.00000E+00 0.00000E+00 -.16832E+00      4737710  15/0.30000E-02
 0.12000E+03 0.32000E-02 0.59289E+00 0.11183E+01 0.75167E-01 0.81310E-01 0.11588E+01 0.12115E+01 0.00000E+00 0.00000E+00 -.12402E+01      4737710  15/0.32000E-02
 0.12000E+03 0.34000E-02 0.55801E+00 0.11340E+01 0.68220E-01 0.69795E-01 0.11446E+01 0.11623E+01 0.00000E+00 0.00000E+00 -.41518E+00      4737710  15/0.34000E-02
 0.12000E+03 0.36000E-02 0.52701E+00 0.11921E+01 0.70762E-01 0.78184E-01 0.11302E+01 0.11839E+01 0.00000E+00 0.00000E+00 0.11588E+00      4737710  15/0.36000E-02
 0.12000E+03 0.42000E-02 0.45172E+00 0.11385E+01 0.59793E-01 0.61421E-01 0.10877E+01 0.10990E+01 0.00000E+00 0.00000E+00 0.66001E+00      4737710  15/0.42000E-02
 0.12000E+03 0.48000E-02 0.39526E+00 0.10714E+01 0.36615E-01 0.40063E-01 0.10482E+01 0.10695E+01 0.00000E+00 0.00000E+00 0.52607E-01      4737710  15/0.48000E-02
 0.12000E+03 0.59000E-02 0.32157E+00 0.98536E+00 0.36326E-01 0.38459E-01 0.98551E+00 0.98872E+00 0.00000E+00 0.00000E+00 -.92589E-01      4737710  15/0.59000E-02
 0.12000E+03 0.80000E-02 0.23715E+00 0.86922E+00 0.28421E-01 0.31133E-01 0.89421E+00 0.89213E+00 0.00000E+00 0.00000E+00 -.80621E+00      4737710  15/0.80000E-02
 0.12000E+03 0.13000E-01 0.14594E+00 0.72207E+00 0.22554E-01 0.25671E-01 0.76080E+00 0.75343E+00 0.00000E+00 0.00000E+00 -.13905E+01      4737710  15/0.13000E-01
 0.15000E+03 0.28000E-02 0.84698E+00 0.13125E+01 0.13848E+00 0.14624E+00 0.11664E+01 0.12031E+01 0.00000E+00 0.00000E+00 0.79032E+00      4737710  16/0.28000E-02
 0.15000E+03 0.31000E-02 0.76501E+00 0.11836E+01 0.11413E+00 0.11909E+00 0.11603E+01 0.12067E+01 0.00000E+00 0.00000E+00 -.20228E+00      4737710  16/0.31000E-02
 0.15000E+03 0.35000E-02 0.67758E+00 0.13349E+01 0.10494E+00 0.11120E+00 0.11435E+01 0.11939E+01 0.00000E+00 0.00000E+00 0.13440E+01      4737710  16/0.35000E-02
 0.15000E+03 0.39000E-02 0.60809E+00 0.12567E+01 0.89817E-01 0.96309E-01 0.11218E+01 0.11725E+01 0.00000E+00 0.00000E+00 0.93801E+00      4737710  16/0.39000E-02
 0.15000E+03 0.45000E-02 0.52701E+00 0.10503E+01 0.74107E-01 0.79620E-01 0.10865E+01 0.11365E+01 0.00000E+00 0.00000E+00 -.11630E+01      4737710  16/0.45000E-02
 0.15000E+03 0.60000E-02 0.39526E+00 0.10250E+01 0.39753E-01 0.48943E-01 0.10034E+01 0.10504E+01 0.00000E+00 0.00000E+00 -.63828E+00      4737710  16/0.60000E-02
 0.15000E+03 0.80000E-02 0.29644E+00 0.97292E+00 0.39871E-01 0.48308E-01 0.91639E+00 0.96066E+00 0.00000E+00 0.00000E+00 0.30757E+00      4737710  16/0.80000E-02
 0.15000E+03 0.13000E-01 0.18243E+00 0.86345E+00 0.47638E-01 0.53441E-01 0.77798E+00 0.81337E+00 0.00000E+00 0.00000E+00 0.10512E+01      4737710  16/0.13000E-01
 0.15000E+03 0.20000E-01 0.11858E+00 0.79350E+00 0.59619E-01 0.63849E-01 0.67139E+00 0.70273E+00 0.00000E+00 0.00000E+00 0.15226E+01      4737710  16/0.20000E-01
 0.20000E+03 0.37000E-02 0.85461E+00 0.13183E+01 0.17230E+00 0.17949E+00 0.11128E+01 0.11451E+01 0.00000E+00 0.00000E+00 0.10051E+01      4737710  17/0.37000E-02
 0.20000E+03 0.41000E-02 0.77123E+00 0.13112E+01 0.15252E+00 0.15744E+00 0.11040E+01 0.11477E+01 0.00000E+00 0.00000E+00 0.10718E+01      4737710  17/0.41000E-02
 0.20000E+03 0.46000E-02 0.68740E+00 0.10679E+01 0.11973E+00 0.12329E+00 0.10863E+01 0.11332E+01 0.00000E+00 0.00000E+00 -.54565E+00      4737710  17/0.46000E-02
 0.20000E+03 0.52000E-02 0.60809E+00 0.11802E+01 0.10714E+00 0.11202E+00 0.10602E+01 0.11084E+01 0.00000E+00 0.00000E+00 0.67002E+00      4737710  17/0.52000E-02
 0.20000E+03 0.61000E-02 0.51837E+00 0.11162E+01 0.92378E-01 0.97415E-01 0.10192E+01 0.10655E+01 0.00000E+00 0.00000E+00 0.54889E+00      4737710  17/0.61000E-02
 0.20000E+03 0.80000E-02 0.39526E+00 0.96912E+00 0.46191E-01 0.53506E-01 0.94043E+00 0.98481E+00 0.00000E+00 0.00000E+00 -.33975E+00      4737710  17/0.80000E-02
 0.20000E+03 0.13000E-01 0.24324E+00 0.87552E+00 0.40208E-01 0.47092E-01 0.79839E+00 0.83668E+00 0.00000E+00 0.00000E+00 0.96586E+00      4737710  17/0.13000E-01
 0.20000E+03 0.20000E-01 0.15810E+00 0.76545E+00 0.38232E-01 0.43820E-01 0.68640E+00 0.71727E+00 0.00000E+00 0.00000E+00 0.12603E+01      4737710  17/0.20000E-01
 0.20000E+03 0.32000E-01 0.98814E-01 0.61888E+00 0.34345E-01 0.38418E-01 0.58401E+00 0.60963E+00 0.00000E+00 0.00000E+00 0.26919E+00      4737710  17/0.32000E-01
 0.20000E+03 0.50000E-01 0.63241E-01 0.50726E+00 0.32700E-01 0.35640E-01 0.50522E+00 0.52803E+00 0.00000E+00 0.00000E+00 -.63509E+00      4737710  17/0.50000E-01
 0.20000E+03 0.80000E-01 0.39526E-01 0.41852E+00 0.31656E-01 0.33776E-01 0.43725E+00 0.45508E+00 0.00000E+00 0.00000E+00 -.11551E+01      4737710  17/0.80000E-01
 0.20000E+03 0.13000E+00 0.24324E-01 0.38393E+00 0.28448E-01 0.30480E-01 0.37404E+00 0.38994E+00 0.00000E+00 0.00000E+00 -.21131E+00      4737710  17/0.13000E+00
 0.20000E+03 0.18000E+00 0.17567E-01 0.31120E+00 0.29699E-01 0.31124E-01 0.32737E+00 0.34611E+00 0.00000E+00 0.00000E+00 -.11754E+01      4737710  17/0.18000E+00
 0.20000E+03 0.40000E+00 0.79051E-02 0.19826E+00 0.22608E-01 0.23570E-01 0.14963E+00 0.15974E+00 0.00000E+00 0.00000E+00 0.17039E+01      4737710  17/0.40000E+00
 0.25000E+03 0.46000E-02 0.85925E+00 0.87541E+00 0.16980E+00 0.17416E+00 0.10662E+01 0.10925E+01 0.00000E+00 0.00000E+00 -.12788E+01      4737710  18/0.46000E-02
 0.25000E+03 0.52000E-02 0.76011E+00 0.10977E+01 0.15465E+00 0.15859E+00 0.10526E+01 0.10913E+01 0.00000E+00 0.00000E+00 0.41095E-01      4737710  18/0.52000E-02
 0.25000E+03 0.58000E-02 0.68148E+00 0.95633E+00 0.13234E+00 0.13495E+00 0.10335E+01 0.10789E+01 0.00000E+00 0.00000E+00 -.92623E+00      4737710  18/0.58000E-02
 0.25000E+03 0.66000E-02 0.59887E+00 0.95445E+00 0.11055E+00 0.11367E+00 0.10043E+01 0.10502E+01 0.00000E+00 0.00000E+00 -.86590E+00      4737710  18/0.66000E-02
 0.25000E+03 0.76000E-02 0.52007E+00 0.10249E+01 0.10012E+00 0.10406E+00 0.96737E+00 0.10116E+01 0.00000E+00 0.00000E+00 0.13327E+00      4737710  18/0.76000E-02
 0.25000E+03 0.10000E-01 0.39526E+00 0.95951E+00 0.50305E-01 0.56952E-01 0.88840E+00 0.92976E+00 0.00000E+00 0.00000E+00 0.59136E+00      4737710  18/0.10000E-01
 0.25000E+03 0.13000E-01 0.30404E+00 0.85384E+00 0.44422E-01 0.50384E-01 0.81233E+00 0.84983E+00 0.00000E+00 0.00000E+00 0.90199E-01      4737710  18/0.13000E-01
 0.25000E+03 0.20000E-01 0.19763E+00 0.76978E+00 0.41761E-01 0.46979E-01 0.69708E+00 0.72949E+00 0.00000E+00 0.00000E+00 0.96477E+00      4737710  18/0.20000E-01
 0.25000E+03 0.32000E-01 0.12352E+00 0.62960E+00 0.36590E-01 0.40640E-01 0.59080E+00 0.61766E+00 0.00000E+00 0.00000E+00 0.32637E+00      4737710  18/0.32000E-01
 0.25000E+03 0.50000E-01 0.79051E-01 0.54922E+00 0.32900E-01 0.36334E-01 0.50902E+00 0.53211E+00 0.00000E+00 0.00000E+00 0.51997E+00      4737710  18/0.50000E-01
 0.25000E+03 0.80000E-01 0.49407E-01 0.46487E+00 0.30252E-01 0.32949E-01 0.43849E+00 0.45678E+00 0.00000E+00 0.00000E+00 0.26732E+00      4737710  18/0.80000E-01
 0.25000E+03 0.13000E+00 0.30404E-01 0.39288E+00 0.24863E-01 0.27233E-01 0.37331E+00 0.38819E+00 0.00000E+00 0.00000E+00 0.18846E+00      4737710  18/0.13000E+00
 0.25000E+03 0.18000E+00 0.21959E-01 0.36459E+00 0.26326E-01 0.28411E-01 0.32553E+00 0.34205E+00 0.00000E+00 0.00000E+00 0.85636E+00      4737710  18/0.18000E+00
 0.25000E+03 0.40000E+00 0.98814E-02 0.16729E+00 0.17714E-01 0.18749E-01 0.14672E+00 0.15698E+00 0.00000E+00 0.00000E+00 0.58225E+00      4737710  18/0.40000E+00
 0.30000E+03 0.56000E-02 0.84698E+00 0.12260E+01 0.19347E+00 0.19905E+00 0.10239E+01 0.10546E+01 0.00000E+00 0.00000E+00 0.88613E+00      4737710  19/0.56000E-02
 0.30000E+03 0.62000E-02 0.76501E+00 0.88208E+00 0.15863E+00 0.16095E+00 0.10107E+01 0.10482E+01 0.00000E+00 0.00000E+00 -.10470E+01      4737710  19/0.62000E-02
 0.30000E+03 0.69000E-02 0.68740E+00 0.97889E+00 0.14583E+00 0.14836E+00 0.99112E+00 0.10374E+01 0.00000E+00 0.00000E+00 -.40143E+00      4737710  19/0.69000E-02
 0.30000E+03 0.79000E-02 0.60039E+00 0.10459E+01 0.13389E+00 0.13702E+00 0.96027E+00 0.10052E+01 0.00000E+00 0.00000E+00 0.30372E+00      4737710  19/0.79000E-02
 0.30000E+03 0.91000E-02 0.52122E+00 0.86827E+00 0.10489E+00 0.10764E+00 0.92317E+00 0.96599E+00 0.00000E+00 0.00000E+00 -.93162E+00      4737710  19/0.91000E-02
 0.30000E+03 0.12100E-01 0.39199E+00 0.91173E+00 0.55636E-01 0.61140E-01 0.84251E+00 0.88124E+00 0.00000E+00 0.00000E+00 0.54798E+00      4737710  19/0.12100E-01
 0.30000E+03 0.20000E-01 0.23715E+00 0.66705E+00 0.42632E-01 0.46525E-01 0.70508E+00 0.73859E+00 0.00000E+00 0.00000E+00 -.16780E+01      4737710  19/0.20000E-01
 0.30000E+03 0.32000E-01 0.14822E+00 0.62543E+00 0.41382E-01 0.44911E-01 0.59605E+00 0.62250E+00 0.00000E+00 0.00000E+00 0.70805E-01      4737710  19/0.32000E-01
 0.30000E+03 0.50000E-01 0.94862E-01 0.54525E+00 0.37320E-01 0.40339E-01 0.51185E+00 0.53483E+00 0.00000E+00 0.00000E+00 0.27911E+00      4737710  19/0.50000E-01
 0.30000E+03 0.80000E-01 0.59289E-01 0.48650E+00 0.35522E-01 0.38074E-01 0.43942E+00 0.45874E+00 0.00000E+00 0.00000E+00 0.78139E+00      4737710  19/0.80000E-01
 0.30000E+03 0.13000E+00 0.36485E-01 0.37936E+00 0.27873E-01 0.29889E-01 0.37266E+00 0.38771E+00 0.00000E+00 0.00000E+00 -.29965E+00      4737710  19/0.13000E+00
 0.30000E+03 0.18000E+00 0.26350E-01 0.33025E+00 0.27403E-01 0.29087E-01 0.32404E+00 0.34083E+00 0.00000E+00 0.00000E+00 -.38606E+00      4737710  19/0.18000E+00
 0.30000E+03 0.40000E+00 0.11858E-01 0.15995E+00 0.19932E-01 0.20950E-01 0.14443E+00 0.15523E+00 0.00000E+00 0.00000E+00 0.23660E+00      4737710  19/0.40000E+00
 0.40000E+03 0.74000E-02 0.85461E+00 0.82658E+00 0.18848E+00 0.19153E+00 0.95596E+00 0.98240E+00 0.00000E+00 0.00000E+00 -.82672E+00      4737710  20/0.74000E-02
 0.40000E+03 0.83000E-02 0.76194E+00 0.60217E+00 0.13812E+00 0.13917E+00 0.93884E+00 0.97619E+00 0.00000E+00 0.00000E+00 -.27079E+01      4737710  20/0.83000E-02
 0.40000E+03 0.93000E-02 0.68001E+00 0.10262E+01 0.16423E+00 0.16667E+00 0.91626E+00 0.95655E+00 0.00000E+00 0.00000E+00 0.42407E+00      4737710  20/0.93000E-02
 0.40000E+03 0.10500E-01 0.60230E+00 0.88735E+00 0.13766E+00 0.13985E+00 0.88793E+00 0.92833E+00 0.00000E+00 0.00000E+00 -.29766E+00      4737710  20/0.10500E-01
 0.40000E+03 0.12100E-01 0.52265E+00 0.10127E+01 0.13110E+00 0.13409E+00 0.85126E+00 0.89042E+00 0.00000E+00 0.00000E+00 0.93269E+00      4737710  20/0.12100E-01
 0.40000E+03 0.16100E-01 0.39280E+00 0.88429E+00 0.62536E-01 0.67201E-01 0.77356E+00 0.80952E+00 0.00000E+00 0.00000E+00 0.11956E+01      4737710  20/0.16100E-01
 0.40000E+03 0.32000E-01 0.19763E+00 0.65000E+00 0.47068E-01 0.50454E-01 0.60337E+00 0.63178E+00 0.00000E+00 0.00000E+00 0.38711E+00      4737710  20/0.32000E-01
 0.40000E+03 0.50000E-01 0.12648E+00 0.51898E+00 0.41013E-01 0.43533E-01 0.51588E+00 0.53938E+00 0.00000E+00 0.00000E+00 -.49745E+00      4737710  20/0.50000E-01
 0.40000E+03 0.80000E-01 0.79051E-01 0.45273E+00 0.38436E-01 0.40500E-01 0.44058E+00 0.46011E+00 0.00000E+00 0.00000E+00 -.19206E+00      4737710  20/0.80000E-01
 0.40000E+03 0.13000E+00 0.48647E-01 0.37996E+00 0.31392E-01 0.33169E-01 0.37157E+00 0.38681E+00 0.00000E+00 0.00000E+00 -.21827E+00      4737710  20/0.13000E+00
 0.40000E+03 0.18000E+00 0.35134E-01 0.35323E+00 0.30634E-01 0.32289E-01 0.32170E+00 0.33708E+00 0.00000E+00 0.00000E+00 0.52712E+00      4737710  20/0.18000E+00
 0.40000E+03 0.40000E+00 0.15810E-01 0.16276E+00 0.22171E-01 0.23133E-01 0.14101E+00 0.15118E+00 0.00000E+00 0.00000E+00 0.52241E+00      4737710  20/0.40000E+00
 0.50000E+03 0.93000E-02 0.85002E+00 0.74414E+00 0.20389E+00 0.20595E+00 0.89946E+00 0.92508E+00 0.00000E+00 0.00000E+00 -.88743E+00      4737710  21/0.93000E-02
 0.50000E+03 0.10400E-01 0.76011E+00 0.73913E+00 0.16783E+00 0.16907E+00 0.88114E+00 0.92095E+00 0.00000E+00 0.00000E+00 -.10833E+01      4737710  21/0.10400E-01
 0.50000E+03 0.11600E-01 0.68148E+00 0.11883E+01 0.19158E+00 0.19440E+00 0.85892E+00 0.89791E+00 0.00000E+00 0.00000E+00 0.15158E+01      4737710  21/0.11600E-01
 0.50000E+03 0.13100E-01 0.60345E+00 0.86231E+00 0.15211E+00 0.15397E+00 0.83060E+00 0.86771E+00 0.00000E+00 0.00000E+00 -.35496E-01      4737710  21/0.13100E-01
 0.50000E+03 0.15200E-01 0.52007E+00 0.10466E+01 0.14819E+00 0.15101E+00 0.79314E+00 0.82878E+00 0.00000E+00 0.00000E+00 0.14699E+01      4737710  21/0.15200E-01
 0.50000E+03 0.20100E-01 0.39329E+00 0.73830E+00 0.66905E-01 0.69980E-01 0.72034E+00 0.75313E+00 0.00000E+00 0.00000E+00 -.22168E+00      4737710  21/0.20100E-01
 0.50000E+03 0.32000E-01 0.24704E+00 0.69086E+00 0.57751E-01 0.60871E-01 0.60808E+00 0.63589E+00 0.00000E+00 0.00000E+00 0.95192E+00      4737710  21/0.32000E-01
 0.50000E+03 0.50000E-01 0.15810E+00 0.56712E+00 0.50128E-01 0.52557E-01 0.51849E+00 0.54106E+00 0.00000E+00 0.00000E+00 0.51982E+00      4737710  21/0.50000E-01
 0.50000E+03 0.80000E-01 0.98814E-01 0.45383E+00 0.43865E-01 0.45658E-01 0.44124E+00 0.46018E+00 0.00000E+00 0.00000E+00 -.14478E+00      4737710  21/0.80000E-01
 0.50000E+03 0.13000E+00 0.60809E-01 0.38745E+00 0.44013E-01 0.45335E-01 0.37062E+00 0.38672E+00 0.00000E+00 0.00000E+00 0.16541E-01      4737710  21/0.13000E+00
 0.50000E+03 0.18000E+00 0.43917E-01 0.35110E+00 0.39889E-01 0.41117E-01 0.31988E+00 0.33266E+00 0.00000E+00 0.00000E+00 0.46234E+00      4737710  21/0.18000E+00
 0.50000E+03 0.25000E+00 0.31621E-01 0.23686E+00 0.31854E-01 0.32571E-01 0.25728E+00 0.26933E+00 0.00000E+00 0.00000E+00 -.10193E+01      4737710  21/0.25000E+00
 0.50000E+03 0.40000E+00 0.19763E-01 0.18242E+00 0.29595E-01 0.30318E-01 0.13848E+00 0.14696E+00 0.00000E+00 0.00000E+00 0.11983E+01      4737710  21/0.40000E+00
 0.50000E+03 0.65000E+00 0.12162E-01 0.22579E-01 0.62899E-02 0.63783E-02 0.22415E-01 0.24246E-01 0.00000E+00 0.00000E+00 -.26503E+00      4737710  21/0.65000E+00
 0.65000E+03 0.12100E-01 0.84931E+00 0.50105E+00 0.19161E+00 0.19219E+00 0.83234E+00 0.86195E+00 0.00000E+00 0.00000E+00 -.18835E+01      4737710  22/0.12100E-01
 0.65000E+03 0.13500E-01 0.76124E+00 0.70451E+00 0.19831E+00 0.19927E+00 0.81321E+00 0.84797E+00 0.00000E+00 0.00000E+00 -.72342E+00      4737710  22/0.13500E-01
 0.65000E+03 0.15100E-01 0.68057E+00 0.68769E+00 0.17191E+00 0.17296E+00 0.79025E+00 0.82457E+00 0.00000E+00 0.00000E+00 -.79627E+00      4737710  22/0.15100E-01
 0.65000E+03 0.17100E-01 0.60098E+00 0.70065E+00 0.14911E+00 0.15037E+00 0.76186E+00 0.79670E+00 0.00000E+00 0.00000E+00 -.64415E+00      4737710  22/0.17100E-01
 0.65000E+03 0.19700E-01 0.52166E+00 0.48422E+00 0.10934E+00 0.11016E+00 0.72774E+00 0.76078E+00 0.00000E+00 0.00000E+00 -.25295E+01      4737710  22/0.19700E-01
 0.65000E+03 0.26100E-01 0.39374E+00 0.64016E+00 0.68849E-01 0.71111E-01 0.65927E+00 0.68972E+00 0.00000E+00 0.00000E+00 -.71986E+00      4737710  22/0.26100E-01
 0.65000E+03 0.50000E-01 0.20553E+00 0.46856E+00 0.54570E-01 0.56117E-01 0.52081E+00 0.54500E+00 0.00000E+00 0.00000E+00 -.14008E+01      4737710  22/0.50000E-01
 0.65000E+03 0.80000E-01 0.12846E+00 0.46097E+00 0.51799E-01 0.53388E-01 0.44165E+00 0.46115E+00 0.00000E+00 0.00000E+00 -.34284E-02      4737710  22/0.80000E-01
 0.65000E+03 0.13000E+00 0.79051E-01 0.40376E+00 0.53374E-01 0.54565E-01 0.36937E+00 0.38589E+00 0.00000E+00 0.00000E+00 0.33475E+00      4737710  22/0.13000E+00
 0.65000E+03 0.18000E+00 0.57093E-01 0.33215E+00 0.46085E-01 0.47021E-01 0.31771E+00 0.33015E+00 0.00000E+00 0.00000E+00 0.43490E-01      4737710  22/0.18000E+00
 0.65000E+03 0.25000E+00 0.41107E-01 0.24762E+00 0.37570E-01 0.38235E-01 0.25442E+00 0.26628E+00 0.00000E+00 0.00000E+00 -.49677E+00      4737710  22/0.25000E+00
 0.65000E+03 0.40000E+00 0.25692E-01 0.16918E+00 0.31648E-01 0.32264E-01 0.13566E+00 0.14376E+00 0.00000E+00 0.00000E+00 0.80314E+00      4737710  22/0.40000E+00
 0.65000E+03 0.65000E+00 0.15810E-01 0.25337E-01 0.81278E-02 0.82160E-02 0.21551E-01 0.23301E-01 0.00000E+00 0.00000E+00 0.25044E+00      4737710  22/0.65000E+00
 0.80000E+03 0.14900E-01 0.84887E+00 0.67167E+00 0.21355E+00 0.21436E+00 0.77874E+00 0.81228E+00 0.00000E+00 0.00000E+00 -.65845E+00      4737710  23/0.14900E-01
 0.80000E+03 0.16600E-01 0.76194E+00 0.49282E+00 0.18816E+00 0.18867E+00 0.75942E+00 0.79458E+00 0.00000E+00 0.00000E+00 -.16037E+01      4737710  23/0.16600E-01
 0.80000E+03 0.18500E-01 0.68369E+00 0.68273E+00 0.18397E+00 0.18495E+00 0.73742E+00 0.77051E+00 0.00000E+00 0.00000E+00 -.47712E+00      4737710  23/0.18500E-01
 0.80000E+03 0.21000E-01 0.60230E+00 0.66634E+00 0.16226E+00 0.16332E+00 0.70956E+00 0.74289E+00 0.00000E+00 0.00000E+00 -.47176E+00      4737710  23/0.21000E-01
 0.80000E+03 0.24200E-01 0.52265E+00 0.65095E+00 0.14179E+00 0.14295E+00 0.67699E+00 0.70896E+00 0.00000E+00 0.00000E+00 -.40915E+00      4737710  23/0.24200E-01
 0.80000E+03 0.32200E-01 0.39280E+00 0.49570E+00 0.67061E-01 0.68461E-01 0.61188E+00 0.63915E+00 0.00000E+00 0.00000E+00 -.21391E+01      4737710  23/0.32200E-01
 0.80000E+03 0.50000E-01 0.25296E+00 0.58519E+00 0.69845E-01 0.71726E-01 0.52178E+00 0.54621E+00 0.00000E+00 0.00000E+00 0.55816E+00      4737710  23/0.50000E-01
 0.80000E+03 0.80000E-01 0.15810E+00 0.56182E+00 0.66885E-01 0.68708E-01 0.44151E+00 0.46247E+00 0.00000E+00 0.00000E+00 0.14853E+01      4737710  23/0.80000E-01
 0.80000E+03 0.13000E+00 0.97294E-01 0.29744E+00 0.54008E-01 0.54644E-01 0.36821E+00 0.38339E+00 0.00000E+00 0.00000E+00 -.15914E+01      4737710  23/0.13000E+00
 0.80000E+03 0.18000E+00 0.70268E-01 0.26735E+00 0.49465E-01 0.50038E-01 0.31594E+00 0.32967E+00 0.00000E+00 0.00000E+00 -.12599E+01      4737710  23/0.18000E+00
 0.80000E+03 0.25000E+00 0.50593E-01 0.18681E+00 0.37710E-01 0.38088E-01 0.25220E+00 0.26390E+00 0.00000E+00 0.00000E+00 -.20442E+01      4737710  23/0.25000E+00
 0.80000E+03 0.40000E+00 0.31621E-01 0.17199E+00 0.36125E-01 0.36554E-01 0.13352E+00 0.14105E+00 0.00000E+00 0.00000E+00 0.85638E+00      4737710  23/0.40000E+00
 0.80000E+03 0.65000E+00 0.19459E-01 0.24235E-01 0.94152E-02 0.94921E-02 0.20914E-01 0.22479E-01 0.00000E+00 0.00000E+00 0.18650E+00      4737710  23/0.65000E+00
      720949
 HERA1+2 NCep 460                                                                
Plot1@Experiment:HERA1+2@ExtraLabel:e^{+}p #rightarrow e^{+}X (NC), E_{p} = 460 GeV @XTitle: x @YTitle: #sigma_{red}  @Title:Q^{2} = 1.5 @Xlog
Plot2@Experiment:HERA1+2@ExtraLabel:e^{+}p #rightarrow e^{+}X (NC), E_{p} = 460 GeV @XTitle: x @YTitle: #sigma_{red}  @Title:Q^{2} = 2.0 @Xlog
Plot3@Experiment:HERA1+2@ExtraLabel:e^{+}p #rightarrow e^{+}X (NC), E_{p} = 460 GeV @XTitle: x @YTitle: #sigma_{red}  @Title:Q^{2} = 2.5 @Xlog
Plot4@Experiment:HERA1+2@ExtraLabel:e^{+}p #rightarrow e^{+}X (NC), E_{p} = 460 GeV @XTitle: x @YTitle: #sigma_{red}  @Title:Q^{2} = 3.5 @Xlog
Plot5@Experiment:HERA1+2@ExtraLabel:e^{+}p #rightarrow e^{+}X (NC), E_{p} = 460 GeV @XTitle: x @YTitle: #sigma_{red}  @Title:Q^{2} = 5 @Xlog
Plot6@Experiment:HERA1+2@ExtraLabel:e^{+}p #rightarrow e^{+}X (NC), E_{p} = 460 GeV @XTitle: x @YTitle: #sigma_{red}  @Title:Q^{2} = 6.5 @Xlog
Plot7@Experiment:HERA1+2@ExtraLabel:e^{+}p #rightarrow e^{+}X (NC), E_{p} = 460 GeV @XTitle: x @YTitle: #sigma_{red}  @Title:Q^{2} = 8.5 @Xlog
Plot8@Experiment:HERA1+2@ExtraLabel:e^{+}p #rightarrow e^{+}X (NC), E_{p} = 460 GeV @XTitle: x @YTitle: #sigma_{red}  @Title:Q^{2} = 12  @Xlog
Plot9@Experiment:HERA1+2@ExtraLabel:e^{+}p #rightarrow e^{+}X (NC), E_{p} = 460 GeV @XTitle: x @YTitle: #sigma_{red}  @Title:Q^{2} = 15  @Xlog
Plot10@Experiment:HERA1+2@ExtraLabel:e^{+}p #rightarrow e^{+}X (NC), E_{p} = 460 GeV @XTitle: x @YTitle: #sigma_{red}  @Title:Q^{2} = 20  @Xlog
Plot11@Experiment:HERA1+2@ExtraLabel:e^{+}p #rightarrow e^{+}X (NC), E_{p} = 460 GeV @XTitle: x @YTitle: #sigma_{red}  @Title:Q^{2} = 25  @Xlog
Plot12@Experiment:HERA1+2@ExtraLabel:e^{+}p #rightarrow e^{+}X (NC), E_{p} = 460 GeV @XTitle: x @YTitle: #sigma_{red}  @Title:Q^{2} = 35  @Xlog
Plot13@Experiment:HERA1+2@ExtraLabel:e^{+}p #rightarrow e^{+}X (NC), E_{p} = 460 GeV @XTitle: x @YTitle: #sigma_{red}  @Title:Q^{2} = 45  @Xlog
Plot14@Experiment:HERA1+2@ExtraLabel:e^{+}p #rightarrow e^{+}X (NC), E_{p} = 460 GeV @XTitle: x @YTitle: #sigma_{red}  @Title:Q^{2} = 60  @Xlog
Plot15@Experiment:HERA1+2@ExtraLabel:e^{+}p #rightarrow e^{+}X (NC), E_{p} = 460 GeV @XTitle: x @YTitle: #sigma_{red}  @Title:Q^{2} = 90  @Xlog
Plot16@Experiment:HERA1+2@ExtraLabel:e^{+}p #rightarrow e^{+}X (NC), E_{p} = 460 GeV @XTitle: x @YTitle: #sigma_{red}  @Title:Q^{2} = 120 @Xlog
Plot17@Experiment:HERA1+2@ExtraLabel:e^{+}p #rightarrow e^{+}X (NC), E_{p} = 460 GeV @XTitle: x @YTitle: #sigma_{red}  @Title:Q^{2} = 150 @Xlog
Plot18@Experiment:HERA1+2@ExtraLabel:e^{+}p #rightarrow e^{+}X (NC), E_{p} = 460 GeV @XTitle: x @YTitle: #sigma_{red}  @Title:Q^{2} = 200 @Xlog
Plot19@Experiment:HERA1+2@ExtraLabel:e^{+}p #rightarrow e^{+}X (NC), E_{p} = 460 GeV @XTitle: x @YTitle: #sigma_{red}  @Title:Q^{2} = 250 @Xlog
Plot20@Experiment:HERA1+2@ExtraLabel:e^{+}p #rightarrow e^{+}X (NC), E_{p} = 460 GeV @XTitle: x @YTitle: #sigma_{red}  @Title:Q^{2} = 300 @Xlog
Plot21@Experiment:HERA1+2@ExtraLabel:e^{+}p #rightarrow e^{+}X (NC), E_{p} = 460 GeV @XTitle: x @YTitle: #sigma_{red}  @Title:Q^{2} = 400 @Xlog
Plot22@Experiment:HERA1+2@ExtraLabel:e^{+}p #rightarrow e^{+}X (NC), E_{p} = 460 GeV @XTitle: x @YTitle: #sigma_{red}  @Title:Q^{2} = 500 @Xlog
Plot23@Experiment:HERA1+2@ExtraLabel:e^{+}p #rightarrow e^{+}X (NC), E_{p} = 460 GeV @XTitle: x @YTitle: #sigma_{red}  @Title:Q^{2} = 650 @Xlog
Plot24@Experiment:HERA1+2@ExtraLabel:e^{+}p #rightarrow e^{+}X (NC), E_{p} = 460 GeV @XTitle: x @YTitle: #sigma_{red}  @Title:Q^{2} = 800  @Xlog
 Q2          x           y              data      +- uncor     +- tot     th orig         th mod   therr+         therr-     pull    iset       iplot
 0.25000E+01 0.58000E-04 0.85185E+00 0.81510E+00 0.47443E-01 0.81940E-01 0.74251E+00 0.70921E+00 0.00000E+00 0.00000E+00 0.22320E+01       720949   2/0.58000E-04
 0.25000E+01 0.65800E-04 0.75087E+00 0.78026E+00 0.31240E-01 0.39345E-01 0.76817E+00 0.76280E+00 0.00000E+00 0.00000E+00 0.55887E+00       720949   2/0.65800E-04
 0.25000E+01 0.75900E-04 0.65095E+00 0.72528E+00 0.39844E-01 0.44086E-01 0.78411E+00 0.78703E+00 0.00000E+00 0.00000E+00 -.15497E+01       720949   2/0.75900E-04
 0.35000E+01 0.81200E-04 0.85185E+00 0.81942E+00 0.47456E-01 0.72721E-01 0.84044E+00 0.80673E+00 0.00000E+00 0.00000E+00 0.26732E+00       720949   3/0.81200E-04
 0.35000E+01 0.92100E-04 0.75103E+00 0.83846E+00 0.30218E-01 0.41728E-01 0.85842E+00 0.85619E+00 0.00000E+00 0.00000E+00 -.58666E+00       720949   3/0.92100E-04
 0.35000E+01 0.10620E-03 0.65132E+00 0.87477E+00 0.27842E-01 0.36652E-01 0.86743E+00 0.87221E+00 0.00000E+00 0.00000E+00 0.92128E-01       720949   3/0.10620E-03
 0.35000E+01 0.14090E-03 0.49092E+00 0.80965E+00 0.28507E-01 0.34824E-01 0.86012E+00 0.85798E+00 0.00000E+00 0.00000E+00 -.16953E+01       720949   3/0.14090E-03
 0.50000E+01 0.11600E-03 0.85185E+00 0.98048E+00 0.56185E-01 0.95234E-01 0.93018E+00 0.89380E+00 0.00000E+00 0.00000E+00 0.15428E+01       720949   4/0.11600E-03
 0.50000E+01 0.13150E-03 0.75144E+00 0.93991E+00 0.32623E-01 0.42869E-01 0.94440E+00 0.94226E+00 0.00000E+00 0.00000E+00 -.71962E-01       720949   4/0.13150E-03
 0.50000E+01 0.14300E-03 0.69101E+00 0.10477E+01 0.14446E+00 0.14673E+00 0.94873E+00 0.97960E+00 0.00000E+00 0.00000E+00 0.47141E+00       720949   4/0.14300E-03
 0.50000E+01 0.15170E-03 0.65138E+00 0.98382E+00 0.27081E-01 0.33371E-01 0.94958E+00 0.95699E+00 0.00000E+00 0.00000E+00 0.99059E+00       720949   4/0.15170E-03
 0.50000E+01 0.20130E-03 0.49088E+00 0.91968E+00 0.20220E-01 0.25987E-01 0.93538E+00 0.93899E+00 0.00000E+00 0.00000E+00 -.95523E+00       720949   4/0.20130E-03
 0.65000E+01 0.15090E-03 0.85128E+00 0.10698E+01 0.62068E-01 0.10072E+00 0.10060E+01 0.96280E+00 0.00000E+00 0.00000E+00 0.17240E+01       720949   5/0.15090E-03
 0.65000E+01 0.17100E-03 0.75122E+00 0.10118E+01 0.32505E-01 0.44158E-01 0.10181E+01 0.10151E+01 0.00000E+00 0.00000E+00 -.10044E+00       720949   5/0.17100E-03
 0.65000E+01 0.18300E-03 0.70196E+00 0.10429E+01 0.10469E+00 0.11128E+00 0.10206E+01 0.10217E+01 0.00000E+00 0.00000E+00 0.20213E+00       720949   5/0.18300E-03
 0.65000E+01 0.19730E-03 0.65108E+00 0.10259E+01 0.27581E-01 0.33301E-01 0.10206E+01 0.10287E+01 0.00000E+00 0.00000E+00 -.10062E+00       720949   5/0.19730E-03
 0.65000E+01 0.22800E-03 0.56341E+00 0.10672E+01 0.10724E+00 0.10946E+00 0.10136E+01 0.10291E+01 0.00000E+00 0.00000E+00 0.35505E+00       720949   5/0.22800E-03
 0.65000E+01 0.26170E-03 0.49086E+00 0.10086E+01 0.20037E-01 0.26454E-01 0.10007E+01 0.10077E+01 0.00000E+00 0.00000E+00 0.42461E-01       720949   5/0.26170E-03
 0.65000E+01 0.33000E-03 0.38927E+00 0.99041E+00 0.11295E+00 0.11423E+00 0.97043E+00 0.99241E+00 0.00000E+00 0.00000E+00 -.17683E-01       720949   5/0.33000E-03
 0.65000E+01 0.41360E-03 0.31059E+00 0.96883E+00 0.21046E-01 0.26685E-01 0.93554E+00 0.95500E+00 0.00000E+00 0.00000E+00 0.65695E+00       720949   5/0.41360E-03
 0.85000E+01 0.19730E-03 0.85142E+00 0.10107E+01 0.61489E-01 0.10882E+00 0.10838E+01 0.10280E+01 0.00000E+00 0.00000E+00 -.28145E+00       720949   6/0.19730E-03
 0.85000E+01 0.22360E-03 0.75127E+00 0.10637E+01 0.32701E-01 0.44710E-01 0.10940E+01 0.10973E+01 0.00000E+00 0.00000E+00 -.10269E+01       720949   6/0.22360E-03
 0.85000E+01 0.24000E-03 0.69993E+00 0.11947E+01 0.62595E-01 0.72729E-01 0.10953E+01 0.11105E+01 0.00000E+00 0.00000E+00 0.13457E+01       720949   6/0.24000E-03
 0.85000E+01 0.25800E-03 0.65110E+00 0.11188E+01 0.27626E-01 0.37442E-01 0.10939E+01 0.11086E+01 0.00000E+00 0.00000E+00 0.37013E+00       720949   6/0.25800E-03
 0.85000E+01 0.29900E-03 0.56182E+00 0.11882E+01 0.66659E-01 0.70538E-01 0.10835E+01 0.11103E+01 0.00000E+00 0.00000E+00 0.11692E+01       720949   6/0.29900E-03
 0.85000E+01 0.34220E-03 0.49089E+00 0.10570E+01 0.20265E-01 0.27390E-01 0.10676E+01 0.10768E+01 0.00000E+00 0.00000E+00 -.97493E+00       720949   6/0.34220E-03
 0.85000E+01 0.43300E-03 0.38795E+00 0.11513E+01 0.86476E-01 0.88973E-01 0.10310E+01 0.10551E+01 0.00000E+00 0.00000E+00 0.11121E+01       720949   6/0.43300E-03
 0.85000E+01 0.54090E-03 0.31056E+00 0.10201E+01 0.19951E-01 0.25586E-01 0.99119E+00 0.10091E+01 0.00000E+00 0.00000E+00 0.55188E+00       720949   6/0.54090E-03
 0.85000E+01 0.83840E-03 0.20036E+00 0.94303E+00 0.19144E-01 0.24577E-01 0.90862E+00 0.92662E+00 0.00000E+00 0.00000E+00 0.85703E+00       720949   6/0.83840E-03
 0.85000E+01 0.13970E-02 0.12025E+00 0.86446E+00 0.18907E-01 0.24071E-01 0.81541E+00 0.83204E+00 0.00000E+00 0.00000E+00 0.17145E+01       720949   6/0.13970E-02
 0.12000E+02 0.27850E-03 0.85154E+00 0.11616E+01 0.64215E-01 0.95528E-01 0.11440E+01 0.11090E+01 0.00000E+00 0.00000E+00 0.81939E+00       720949   7/0.27850E-03
 0.12000E+02 0.31560E-03 0.75144E+00 0.11775E+01 0.33464E-01 0.46389E-01 0.11537E+01 0.11562E+01 0.00000E+00 0.00000E+00 0.63687E+00       720949   7/0.31560E-03
 0.12000E+02 0.34300E-03 0.69141E+00 0.11660E+01 0.49887E-01 0.58847E-01 0.11543E+01 0.11729E+01 0.00000E+00 0.00000E+00 -.13848E+00       720949   7/0.34300E-03
 0.12000E+02 0.36420E-03 0.65116E+00 0.11273E+01 0.27111E-01 0.35345E-01 0.11522E+01 0.11659E+01 0.00000E+00 0.00000E+00 -.14240E+01       720949   7/0.36420E-03
 0.12000E+02 0.42300E-03 0.56065E+00 0.12347E+01 0.40764E-01 0.50021E-01 0.11392E+01 0.11680E+01 0.00000E+00 0.00000E+00 0.16359E+01       720949   7/0.42300E-03
 0.12000E+02 0.48310E-03 0.49090E+00 0.11199E+01 0.20084E-01 0.28240E-01 0.11211E+01 0.11348E+01 0.00000E+00 0.00000E+00 -.74266E+00       720949   7/0.48310E-03
 0.12000E+02 0.59200E-03 0.40060E+00 0.11422E+01 0.49110E-01 0.53589E-01 0.10857E+01 0.11064E+01 0.00000E+00 0.00000E+00 0.72866E+00       720949   7/0.59200E-03
 0.12000E+02 0.76360E-03 0.31057E+00 0.10325E+01 0.19190E-01 0.25768E-01 0.10347E+01 0.10539E+01 0.00000E+00 0.00000E+00 -.11143E+01       720949   7/0.76360E-03
 0.12000E+02 0.11840E-02 0.20030E+00 0.97922E+00 0.18835E-01 0.24597E-01 0.94244E+00 0.96075E+00 0.00000E+00 0.00000E+00 0.98076E+00       720949   7/0.11840E-02
 0.12000E+02 0.19730E-02 0.12020E+00 0.87972E+00 0.17648E-01 0.23903E-01 0.83947E+00 0.85578E+00 0.00000E+00 0.00000E+00 0.13566E+01       720949   7/0.19730E-02
 0.15000E+02 0.34810E-03 0.85160E+00 0.12427E+01 0.69610E-01 0.88095E-01 0.11696E+01 0.11490E+01 0.00000E+00 0.00000E+00 0.13459E+01       720949   8/0.34810E-03
 0.15000E+02 0.39450E-03 0.75144E+00 0.11382E+01 0.31641E-01 0.39662E-01 0.11795E+01 0.11824E+01 0.00000E+00 0.00000E+00 -.13973E+01       720949   8/0.39450E-03
 0.15000E+02 0.42200E-03 0.70247E+00 0.11906E+01 0.40473E-01 0.47931E-01 0.11800E+01 0.11995E+01 0.00000E+00 0.00000E+00 -.22104E+00       720949   8/0.42200E-03
 0.15000E+02 0.45520E-03 0.65124E+00 0.11743E+01 0.26283E-01 0.35309E-01 0.11772E+01 0.11922E+01 0.00000E+00 0.00000E+00 -.67954E+00       720949   8/0.45520E-03
 0.15000E+02 0.52900E-03 0.56038E+00 0.12540E+01 0.29070E-01 0.38997E-01 0.11631E+01 0.11885E+01 0.00000E+00 0.00000E+00 0.22539E+01       720949   8/0.52900E-03
 0.15000E+02 0.60390E-03 0.49088E+00 0.11704E+01 0.18340E-01 0.28085E-01 0.11436E+01 0.11611E+01 0.00000E+00 0.00000E+00 0.50912E+00       720949   8/0.60390E-03
 0.15000E+02 0.76300E-03 0.38852E+00 0.11680E+01 0.30659E-01 0.38641E-01 0.10998E+01 0.11223E+01 0.00000E+00 0.00000E+00 0.14903E+01       720949   8/0.76300E-03
 0.15000E+02 0.95450E-03 0.31057E+00 0.10831E+01 0.18265E-01 0.26380E-01 0.10520E+01 0.10700E+01 0.00000E+00 0.00000E+00 0.71970E+00       720949   8/0.95450E-03
 0.15000E+02 0.14790E-02 0.20043E+00 0.94294E+00 0.17046E-01 0.23363E-01 0.95484E+00 0.97231E+00 0.00000E+00 0.00000E+00 -.17231E+01       720949   8/0.14790E-02
 0.15000E+02 0.24660E-02 0.12021E+00 0.85624E+00 0.16191E-01 0.23129E-01 0.84631E+00 0.86159E+00 0.00000E+00 0.00000E+00 -.33032E+00       720949   8/0.24660E-02
 0.20000E+02 0.46420E-03 0.85148E+00 0.10297E+01 0.69417E-01 0.86428E-01 0.11935E+01 0.11673E+01 0.00000E+00 0.00000E+00 -.19815E+01       720949   9/0.46420E-03
 0.20000E+02 0.52610E-03 0.75130E+00 0.12138E+01 0.44311E-01 0.51282E-01 0.12031E+01 0.12078E+01 0.00000E+00 0.00000E+00 0.13651E+00       720949   9/0.52610E-03
 0.20000E+02 0.60700E-03 0.65116E+00 0.11796E+01 0.36523E-01 0.41178E-01 0.11998E+01 0.12082E+01 0.00000E+00 0.00000E+00 -.78436E+00       720949   9/0.60700E-03
 0.20000E+02 0.80520E-03 0.49088E+00 0.11713E+01 0.24962E-01 0.32673E-01 0.11629E+01 0.11757E+01 0.00000E+00 0.00000E+00 -.17761E+00       720949   9/0.80520E-03
 0.20000E+02 0.12730E-02 0.31049E+00 0.10893E+01 0.22814E-01 0.29228E-01 0.10643E+01 0.10846E+01 0.00000E+00 0.00000E+00 0.20502E+00       720949   9/0.12730E-02
 0.20000E+02 0.19730E-02 0.20033E+00 0.98618E+00 0.20839E-01 0.26346E-01 0.96101E+00 0.97884E+00 0.00000E+00 0.00000E+00 0.35218E+00       720949   9/0.19730E-02
 0.20000E+02 0.32880E-02 0.12021E+00 0.87679E+00 0.19201E-01 0.24629E-01 0.84658E+00 0.86329E+00 0.00000E+00 0.00000E+00 0.70290E+00       720949   9/0.32880E-02
 0.25000E+02 0.61650E-03 0.80141E+00 0.12106E+01 0.46073E-01 0.51787E-01 0.12124E+01 0.12148E+01 0.00000E+00 0.00000E+00 -.91337E-01       720949  10/0.61650E-03
 0.25000E+02 0.65700E-03 0.75201E+00 0.12095E+01 0.48004E-01 0.54021E-01 0.12153E+01 0.12219E+01 0.00000E+00 0.00000E+00 -.25928E+00       720949  10/0.65700E-03
 0.25000E+02 0.70000E-03 0.70582E+00 0.12513E+01 0.40412E-01 0.45894E-01 0.12152E+01 0.12364E+01 0.00000E+00 0.00000E+00 0.36868E+00       720949  10/0.70000E-03
 0.25000E+02 0.75870E-03 0.65121E+00 0.12230E+01 0.25429E-01 0.32195E-01 0.12110E+01 0.12282E+01 0.00000E+00 0.00000E+00 -.20462E+00       720949  10/0.75870E-03
 0.25000E+02 0.88000E-03 0.56144E+00 0.12374E+01 0.28047E-01 0.35466E-01 0.11939E+01 0.12194E+01 0.00000E+00 0.00000E+00 0.64260E+00       720949  10/0.88000E-03
 0.25000E+02 0.10070E-02 0.49064E+00 0.11879E+01 0.17535E-01 0.27020E-01 0.11709E+01 0.11896E+01 0.00000E+00 0.00000E+00 -.96421E-01       720949  10/0.10070E-02
 0.25000E+02 0.12700E-02 0.38903E+00 0.11461E+01 0.20952E-01 0.29970E-01 0.11213E+01 0.11448E+01 0.00000E+00 0.00000E+00 0.60396E-01       720949  10/0.12700E-02
 0.25000E+02 0.15910E-02 0.31054E+00 0.10781E+01 0.15366E-01 0.24229E-01 0.10672E+01 0.10852E+01 0.00000E+00 0.00000E+00 -.46411E+00       720949  10/0.15910E-02
 0.25000E+02 0.24660E-02 0.20035E+00 0.98870E+00 0.15418E-01 0.23259E-01 0.95923E+00 0.97492E+00 0.00000E+00 0.00000E+00 0.89367E+00       720949  10/0.24660E-02
 0.25000E+02 0.41100E-02 0.12021E+00 0.85212E+00 0.13988E-01 0.20710E-01 0.84022E+00 0.84917E+00 0.00000E+00 0.00000E+00 0.21084E+00       720949  10/0.41100E-02
 0.35000E+02 0.81230E-03 0.85153E+00 0.13358E+01 0.78376E-01 0.91866E-01 0.12142E+01 0.12181E+01 0.00000E+00 0.00000E+00 0.15015E+01       720949  11/0.81230E-03
 0.35000E+02 0.92060E-03 0.75136E+00 0.12102E+01 0.38665E-01 0.45836E-01 0.12214E+01 0.12275E+01 0.00000E+00 0.00000E+00 -.44821E+00       720949  11/0.92060E-03
 0.35000E+02 0.10000E-02 0.69170E+00 0.13627E+01 0.43933E-01 0.47780E-01 0.12192E+01 0.12433E+01 0.00000E+00 0.00000E+00 0.27186E+01       720949  11/0.10000E-02
 0.35000E+02 0.10620E-02 0.65132E+00 0.12367E+01 0.27742E-01 0.33717E-01 0.12147E+01 0.12331E+01 0.00000E+00 0.00000E+00 0.12960E+00       720949  11/0.10620E-02
 0.35000E+02 0.12300E-02 0.56236E+00 0.12222E+01 0.29133E-01 0.34060E-01 0.11953E+01 0.12179E+01 0.00000E+00 0.00000E+00 0.14599E+00       720949  11/0.12300E-02
 0.35000E+02 0.14090E-02 0.49092E+00 0.12185E+01 0.18210E-01 0.26524E-01 0.11697E+01 0.11881E+01 0.00000E+00 0.00000E+00 0.16676E+01       720949  11/0.14090E-02
 0.35000E+02 0.18000E-02 0.38428E+00 0.11433E+01 0.22084E-01 0.28725E-01 0.11129E+01 0.11358E+01 0.00000E+00 0.00000E+00 0.33931E+00       720949  11/0.18000E-02
 0.35000E+02 0.22270E-02 0.31060E+00 0.10656E+01 0.13776E-01 0.21964E-01 0.10582E+01 0.10772E+01 0.00000E+00 0.00000E+00 -.84216E+00       720949  11/0.22270E-02
 0.35000E+02 0.31000E-02 0.22313E+00 0.98448E+00 0.20038E-01 0.26090E-01 0.97196E+00 0.98319E+00 0.00000E+00 0.00000E+00 0.64170E-01       720949  11/0.31000E-02
 0.35000E+02 0.34520E-02 0.20038E+00 0.97699E+00 0.22441E-01 0.28162E-01 0.94436E+00 0.96029E+00 0.00000E+00 0.00000E+00 0.74426E+00       720949  11/0.34520E-02
 0.35000E+02 0.57540E-02 0.12021E+00 0.83266E+00 0.12646E-01 0.19893E-01 0.82014E+00 0.82871E+00 0.00000E+00 0.00000E+00 0.31268E+00       720949  11/0.57540E-02
 0.45000E+02 0.10440E-02 0.85185E+00 0.11690E+01 0.67932E-01 0.77478E-01 0.12105E+01 0.12174E+01 0.00000E+00 0.00000E+00 -.71305E+00       720949  12/0.10440E-02
 0.45000E+02 0.11840E-02 0.75112E+00 0.12051E+01 0.44391E-01 0.47955E-01 0.12158E+01 0.12319E+01 0.00000E+00 0.00000E+00 -.60338E+00       720949  12/0.11840E-02
 0.45000E+02 0.12700E-02 0.70026E+00 0.12808E+01 0.49002E-01 0.51827E-01 0.12132E+01 0.12334E+01 0.00000E+00 0.00000E+00 0.96632E+00       720949  12/0.12700E-02
 0.45000E+02 0.13660E-02 0.65105E+00 0.12430E+01 0.31738E-01 0.35635E-01 0.12069E+01 0.12260E+01 0.00000E+00 0.00000E+00 0.53593E+00       720949  12/0.13660E-02
 0.45000E+02 0.15850E-02 0.56109E+00 0.12574E+01 0.31528E-01 0.35576E-01 0.11850E+01 0.12127E+01 0.00000E+00 0.00000E+00 0.14181E+01       720949  12/0.15850E-02
 0.45000E+02 0.18120E-02 0.49080E+00 0.11579E+01 0.18922E-01 0.25162E-01 0.11580E+01 0.11781E+01 0.00000E+00 0.00000E+00 -.10667E+01       720949  12/0.18120E-02
 0.45000E+02 0.22900E-02 0.38835E+00 0.10938E+01 0.21534E-01 0.26295E-01 0.11010E+01 0.11229E+01 0.00000E+00 0.00000E+00 -.13526E+01       720949  12/0.22900E-02
 0.45000E+02 0.28640E-02 0.31052E+00 0.10848E+01 0.14566E-01 0.21430E-01 0.10414E+01 0.10601E+01 0.00000E+00 0.00000E+00 0.16970E+01       720949  12/0.28640E-02
 0.45000E+02 0.44390E-02 0.20034E+00 0.92948E+00 0.14286E-01 0.19968E-01 0.92388E+00 0.93864E+00 0.00000E+00 0.00000E+00 -.64084E+00       720949  12/0.44390E-02
 0.45000E+02 0.73980E-02 0.12021E+00 0.80197E+00 0.11304E-01 0.17747E-01 0.79709E+00 0.80416E+00 0.00000E+00 0.00000E+00 -.19388E+00       720949  12/0.73980E-02
 0.60000E+02 0.13920E-02 0.85185E+00 0.11852E+01 0.69184E-01 0.75768E-01 0.11969E+01 0.12063E+01 0.00000E+00 0.00000E+00 -.30504E+00       720949  13/0.13920E-02
 0.60000E+02 0.15780E-02 0.75144E+00 0.11418E+01 0.39510E-01 0.43705E-01 0.11994E+01 0.12147E+01 0.00000E+00 0.00000E+00 -.18447E+01       720949  13/0.15780E-02
 0.60000E+02 0.17100E-02 0.69343E+00 0.12549E+01 0.56383E-01 0.58737E-01 0.11944E+01 0.12184E+01 0.00000E+00 0.00000E+00 0.64683E+00       720949  13/0.17100E-02
 0.60000E+02 0.18210E-02 0.65116E+00 0.11897E+01 0.54930E-01 0.56985E-01 0.11876E+01 0.12089E+01 0.00000E+00 0.00000E+00 -.34890E+00       720949  13/0.18210E-02
 0.60000E+02 0.21100E-02 0.56198E+00 0.12092E+01 0.36864E-01 0.39778E-01 0.11633E+01 0.11894E+01 0.00000E+00 0.00000E+00 0.53649E+00       720949  13/0.21100E-02
 0.60000E+02 0.24160E-02 0.49080E+00 0.11840E+01 0.22231E-01 0.27545E-01 0.11339E+01 0.11532E+01 0.00000E+00 0.00000E+00 0.13834E+01       720949  13/0.24160E-02
 0.60000E+02 0.30500E-02 0.38878E+00 0.10973E+01 0.25902E-01 0.29359E-01 0.10742E+01 0.10975E+01 0.00000E+00 0.00000E+00 -.86853E-02       720949  13/0.30500E-02
 0.60000E+02 0.38180E-02 0.31057E+00 0.10209E+01 0.15589E-01 0.20858E-01 0.10121E+01 0.10304E+01 0.00000E+00 0.00000E+00 -.61214E+00       720949  13/0.38180E-02
 0.60000E+02 0.59180E-02 0.20037E+00 0.89388E+00 0.14429E-01 0.18841E-01 0.89189E+00 0.90531E+00 0.00000E+00 0.00000E+00 -.79229E+00       720949  13/0.59180E-02
 0.60000E+02 0.98640E-02 0.12021E+00 0.75760E+00 0.11026E-01 0.16274E-01 0.76381E+00 0.76905E+00 0.00000E+00 0.00000E+00 -.10386E+01       720949  13/0.98640E-02
 0.90000E+02 0.20890E-02 0.85144E+00 0.12617E+01 0.76017E-01 0.81913E-01 0.11601E+01 0.11707E+01 0.00000E+00 0.00000E+00 0.11971E+01       720949  14/0.20890E-02
 0.90000E+02 0.23670E-02 0.75144E+00 0.12064E+01 0.43291E-01 0.46980E-01 0.11578E+01 0.11778E+01 0.00000E+00 0.00000E+00 0.66029E+00       720949  14/0.23670E-02
 0.90000E+02 0.25000E-02 0.71146E+00 0.10779E+01 0.59825E-01 0.61759E-01 0.11530E+01 0.11837E+01 0.00000E+00 0.00000E+00 -.17679E+01       720949  14/0.25000E-02
 0.90000E+02 0.27310E-02 0.65128E+00 0.11486E+01 0.35820E-01 0.39332E-01 0.11414E+01 0.11664E+01 0.00000E+00 0.00000E+00 -.49597E+00       720949  14/0.27310E-02
 0.90000E+02 0.31700E-02 0.56109E+00 0.10940E+01 0.40047E-01 0.42380E-01 0.11131E+01 0.11390E+01 0.00000E+00 0.00000E+00 -.11240E+01       720949  14/0.31700E-02
 0.90000E+02 0.36230E-02 0.49093E+00 0.11058E+01 0.27058E-01 0.30323E-01 0.10814E+01 0.11033E+01 0.00000E+00 0.00000E+00 0.93626E-01       720949  14/0.36230E-02
 0.90000E+02 0.46000E-02 0.38666E+00 0.10207E+01 0.26887E-01 0.29577E-01 0.10170E+01 0.10361E+01 0.00000E+00 0.00000E+00 -.57116E+00       720949  14/0.46000E-02
 0.90000E+02 0.57270E-02 0.31057E+00 0.95683E+00 0.16461E-01 0.20364E-01 0.95473E+00 0.97147E+00 0.00000E+00 0.00000E+00 -.88912E+00       720949  14/0.57270E-02
 0.90000E+02 0.80000E-02 0.22233E+00 0.90591E+00 0.20028E-01 0.23169E-01 0.86115E+00 0.87156E+00 0.00000E+00 0.00000E+00 0.17150E+01       720949  14/0.80000E-02
 0.90000E+02 0.88770E-02 0.20037E+00 0.83577E+00 0.22180E-01 0.26079E-01 0.83315E+00 0.84944E+00 0.00000E+00 0.00000E+00 -.61633E+00       720949  14/0.88770E-02
 0.90000E+02 0.13600E-01 0.13078E+00 0.71227E+00 0.13987E-01 0.17781E-01 0.72626E+00 0.72971E+00 0.00000E+00 0.00000E+00 -.12468E+01       720949  14/0.13600E-01
 0.90000E+02 0.14800E-01 0.12018E+00 0.71746E+00 0.20318E-01 0.23509E-01 0.70679E+00 0.72044E+00 0.00000E+00 0.00000E+00 -.14682E+00       720949  14/0.14800E-01
 0.12000E+03 0.28000E-02 0.84698E+00 0.12458E+01 0.82722E-01 0.87863E-01 0.11215E+01 0.11312E+01 0.00000E+00 0.00000E+00 0.13859E+01       720949  15/0.28000E-02
 0.12000E+03 0.32000E-02 0.74111E+00 0.10539E+01 0.49588E-01 0.52162E-01 0.11141E+01 0.11337E+01 0.00000E+00 0.00000E+00 -.16093E+01       720949  15/0.32000E-02
 0.12000E+03 0.34000E-02 0.69751E+00 0.11854E+01 0.73465E-01 0.75135E-01 0.11067E+01 0.11354E+01 0.00000E+00 0.00000E+00 0.68052E+00       720949  15/0.34000E-02
 0.12000E+03 0.36000E-02 0.65876E+00 0.10959E+01 0.40567E-01 0.43369E-01 0.10978E+01 0.11194E+01 0.00000E+00 0.00000E+00 -.57856E+00       720949  15/0.36000E-02
 0.12000E+03 0.42000E-02 0.56465E+00 0.10438E+01 0.42911E-01 0.44880E-01 0.10668E+01 0.10925E+01 0.00000E+00 0.00000E+00 -.11360E+01       720949  15/0.42000E-02
 0.12000E+03 0.48000E-02 0.49407E+00 0.10287E+01 0.33110E-01 0.38003E-01 0.10339E+01 0.10563E+01 0.00000E+00 0.00000E+00 -.83283E+00       720949  15/0.48000E-02
 0.12000E+03 0.50000E-02 0.47431E+00 0.10977E+01 0.38781E-01 0.41076E-01 0.10232E+01 0.10467E+01 0.00000E+00 0.00000E+00 0.13140E+01       720949  15/0.50000E-02
 0.12000E+03 0.59000E-02 0.40196E+00 0.99268E+00 0.30525E-01 0.32836E-01 0.97762E+00 0.99552E+00 0.00000E+00 0.00000E+00 -.93193E-01       720949  15/0.59000E-02
 0.12000E+03 0.76000E-02 0.31205E+00 0.89439E+00 0.23232E-01 0.25812E-01 0.90540E+00 0.91929E+00 0.00000E+00 0.00000E+00 -.10716E+01       720949  15/0.76000E-02
 0.12000E+03 0.11000E-01 0.21559E+00 0.81789E+00 0.19965E-01 0.22997E-01 0.80322E+00 0.81140E+00 0.00000E+00 0.00000E+00 0.32512E+00       720949  15/0.11000E-01
 0.12000E+03 0.18000E-01 0.13175E+00 0.67065E+00 0.15687E-01 0.19269E-01 0.68205E+00 0.68371E+00 0.00000E+00 0.00000E+00 -.83231E+00       720949  15/0.18000E-01
 0.15000E+03 0.35000E-02 0.84698E+00 0.12266E+01 0.93082E-01 0.98620E-01 0.10851E+01 0.10916E+01 0.00000E+00 0.00000E+00 0.14499E+01       720949  16/0.35000E-02
 0.15000E+03 0.39000E-02 0.76011E+00 0.10170E+01 0.61824E-01 0.64104E-01 0.10776E+01 0.10956E+01 0.00000E+00 0.00000E+00 -.12706E+01       720949  16/0.39000E-02
 0.15000E+03 0.45000E-02 0.65876E+00 0.10012E+01 0.53782E-01 0.56424E-01 0.10567E+01 0.10775E+01 0.00000E+00 0.00000E+00 -.14193E+01       720949  16/0.45000E-02
 0.15000E+03 0.60000E-02 0.49407E+00 0.10482E+01 0.32682E-01 0.37650E-01 0.99040E+00 0.10112E+01 0.00000E+00 0.00000E+00 0.11334E+01       720949  16/0.60000E-02
 0.15000E+03 0.80000E-02 0.37055E+00 0.96366E+00 0.28099E-01 0.33409E-01 0.91068E+00 0.93140E+00 0.00000E+00 0.00000E+00 0.11480E+01       720949  16/0.80000E-02
 0.15000E+03 0.13000E-01 0.22803E+00 0.82278E+00 0.30002E-01 0.33653E-01 0.77648E+00 0.79379E+00 0.00000E+00 0.00000E+00 0.96614E+00       720949  16/0.13000E-01
 0.15000E+03 0.20000E-01 0.14822E+00 0.68984E+00 0.34476E-01 0.37141E-01 0.67089E+00 0.68531E+00 0.00000E+00 0.00000E+00 0.13152E+00       720949  16/0.20000E-01
 0.20000E+03 0.46000E-02 0.85925E+00 0.11165E+01 0.10519E+00 0.11014E+00 0.10323E+01 0.10381E+01 0.00000E+00 0.00000E+00 0.74519E+00       720949  17/0.46000E-02
 0.20000E+03 0.52000E-02 0.76011E+00 0.10113E+01 0.80659E-01 0.82790E-01 0.10209E+01 0.10353E+01 0.00000E+00 0.00000E+00 -.29697E+00       720949  17/0.52000E-02
 0.20000E+03 0.61000E-02 0.64796E+00 0.98944E+00 0.67276E-01 0.69468E-01 0.99397E+00 0.10146E+01 0.00000E+00 0.00000E+00 -.37347E+00       720949  17/0.61000E-02
 0.20000E+03 0.80000E-02 0.49407E+00 0.94718E+00 0.36134E-01 0.39882E-01 0.92894E+00 0.94837E+00 0.00000E+00 0.00000E+00 -.32849E-01       720949  17/0.80000E-02
 0.20000E+03 0.13000E-01 0.30404E+00 0.83133E+00 0.27467E-01 0.31462E-01 0.79551E+00 0.81327E+00 0.00000E+00 0.00000E+00 0.65741E+00       720949  17/0.13000E-01
 0.20000E+03 0.20000E-01 0.19763E+00 0.63813E+00 0.25105E-01 0.27737E-01 0.68547E+00 0.70053E+00 0.00000E+00 0.00000E+00 -.24855E+01       720949  17/0.20000E-01
 0.20000E+03 0.32000E-01 0.12352E+00 0.52289E+00 0.21580E-01 0.23556E-01 0.58369E+00 0.59523E+00 0.00000E+00 0.00000E+00 -.33522E+01       720949  17/0.32000E-01
 0.20000E+03 0.50000E-01 0.79051E-01 0.52264E+00 0.22515E-01 0.24293E-01 0.50507E+00 0.51380E+00 0.00000E+00 0.00000E+00 0.39262E+00       720949  17/0.50000E-01
 0.20000E+03 0.80000E-01 0.49407E-01 0.45167E+00 0.22326E-01 0.23859E-01 0.43717E+00 0.44549E+00 0.00000E+00 0.00000E+00 0.27690E+00       720949  17/0.80000E-01
 0.20000E+03 0.13000E+00 0.30404E-01 0.35199E+00 0.19231E-01 0.20316E-01 0.37399E+00 0.38035E+00 0.00000E+00 0.00000E+00 -.14745E+01       720949  17/0.13000E+00
 0.20000E+03 0.18000E+00 0.21959E-01 0.31895E+00 0.19945E-01 0.21005E-01 0.32733E+00 0.33608E+00 0.00000E+00 0.00000E+00 -.85899E+00       720949  17/0.18000E+00
 0.20000E+03 0.40000E+00 0.98814E-02 0.17759E+00 0.16286E-01 0.17428E-01 0.14962E+00 0.15742E+00 0.00000E+00 0.00000E+00 0.12387E+01       720949  17/0.40000E+00
 0.25000E+03 0.58000E-02 0.85185E+00 0.10499E+01 0.11257E+00 0.11691E+00 0.98574E+00 0.98852E+00 0.00000E+00 0.00000E+00 0.54531E+00       720949  18/0.58000E-02
 0.25000E+03 0.66000E-02 0.74859E+00 0.10288E+01 0.93231E-01 0.95405E-01 0.97032E+00 0.98263E+00 0.00000E+00 0.00000E+00 0.49523E+00       720949  18/0.66000E-02
 0.25000E+03 0.76000E-02 0.65009E+00 0.93833E+00 0.75047E-01 0.76720E-01 0.94448E+00 0.96263E+00 0.00000E+00 0.00000E+00 -.32374E+00       720949  18/0.76000E-02
 0.25000E+03 0.10000E-01 0.49407E+00 0.87409E+00 0.37722E-01 0.40781E-01 0.87810E+00 0.89631E+00 0.00000E+00 0.00000E+00 -.58915E+00       720949  18/0.10000E-01
 0.25000E+03 0.13000E-01 0.38005E+00 0.81769E+00 0.32229E-01 0.35342E-01 0.80748E+00 0.82436E+00 0.00000E+00 0.00000E+00 -.20690E+00       720949  18/0.13000E-01
 0.25000E+03 0.20000E-01 0.24704E+00 0.67007E+00 0.26651E-01 0.29348E-01 0.69557E+00 0.71096E+00 0.00000E+00 0.00000E+00 -.15343E+01       720949  18/0.20000E-01
 0.25000E+03 0.32000E-01 0.15440E+00 0.57910E+00 0.24743E-01 0.27024E-01 0.59029E+00 0.60298E+00 0.00000E+00 0.00000E+00 -.96521E+00       720949  18/0.32000E-01
 0.25000E+03 0.50000E-01 0.98814E-01 0.49947E+00 0.21679E-01 0.23564E-01 0.50879E+00 0.51895E+00 0.00000E+00 0.00000E+00 -.89858E+00       720949  18/0.50000E-01
 0.25000E+03 0.80000E-01 0.61759E-01 0.44149E+00 0.20327E-01 0.21953E-01 0.43837E+00 0.44642E+00 0.00000E+00 0.00000E+00 -.24275E+00       720949  18/0.80000E-01
 0.25000E+03 0.13000E+00 0.38005E-01 0.37144E+00 0.17146E-01 0.18455E-01 0.37323E+00 0.37895E+00 0.00000E+00 0.00000E+00 -.43790E+00       720949  18/0.13000E+00
 0.25000E+03 0.18000E+00 0.27448E-01 0.36092E+00 0.17777E-01 0.19181E-01 0.32548E+00 0.33293E+00 0.00000E+00 0.00000E+00 0.15744E+01       720949  18/0.18000E+00
 0.25000E+03 0.40000E+00 0.12352E-01 0.17969E+00 0.14450E-01 0.15964E-01 0.14670E+00 0.15427E+00 0.00000E+00 0.00000E+00 0.17595E+01       720949  18/0.40000E+00
 0.30000E+03 0.69000E-02 0.85925E+00 0.87240E+00 0.11777E+00 0.12161E+00 0.94653E+00 0.94659E+00 0.00000E+00 0.00000E+00 -.62994E+00       720949  19/0.69000E-02
 0.30000E+03 0.79000E-02 0.75049E+00 0.82271E+00 0.91325E-01 0.92500E-01 0.92900E+00 0.94064E+00 0.00000E+00 0.00000E+00 -.12914E+01       720949  19/0.79000E-02
 0.30000E+03 0.91000E-02 0.65152E+00 0.83525E+00 0.81575E-01 0.82853E-01 0.90217E+00 0.92028E+00 0.00000E+00 0.00000E+00 -.10424E+01       720949  19/0.91000E-02
 0.30000E+03 0.12100E-01 0.48999E+00 0.89474E+00 0.43104E-01 0.45843E-01 0.83333E+00 0.85002E+00 0.00000E+00 0.00000E+00 0.10375E+01       720949  19/0.12100E-01
 0.30000E+03 0.20000E-01 0.29644E+00 0.71886E+00 0.31330E-01 0.33864E-01 0.70280E+00 0.71760E+00 0.00000E+00 0.00000E+00 0.40269E-01       720949  19/0.20000E-01
 0.30000E+03 0.32000E-01 0.18528E+00 0.61968E+00 0.28690E-01 0.30722E-01 0.59530E+00 0.60721E+00 0.00000E+00 0.00000E+00 0.43448E+00       720949  19/0.32000E-01
 0.30000E+03 0.50000E-01 0.11858E+00 0.51861E+00 0.25222E-01 0.26976E-01 0.51152E+00 0.52211E+00 0.00000E+00 0.00000E+00 -.13859E+00       720949  19/0.50000E-01
 0.30000E+03 0.80000E-01 0.74111E-01 0.45827E+00 0.23469E-01 0.25058E-01 0.43924E+00 0.44795E+00 0.00000E+00 0.00000E+00 0.43992E+00       720949  19/0.80000E-01
 0.30000E+03 0.13000E+00 0.45607E-01 0.36671E+00 0.19502E-01 0.20730E-01 0.37256E+00 0.37907E+00 0.00000E+00 0.00000E+00 -.63391E+00       720949  19/0.13000E+00
 0.30000E+03 0.18000E+00 0.32938E-01 0.33547E+00 0.19035E-01 0.20252E-01 0.32397E+00 0.33098E+00 0.00000E+00 0.00000E+00 0.23589E+00       720949  19/0.18000E+00
 0.30000E+03 0.40000E+00 0.14822E-01 0.16839E+00 0.15171E-01 0.16534E-01 0.14442E+00 0.15209E+00 0.00000E+00 0.00000E+00 0.10746E+01       720949  19/0.40000E+00
 0.40000E+03 0.93000E-02 0.85002E+00 0.10255E+01 0.13862E+00 0.14293E+00 0.87914E+00 0.88068E+00 0.00000E+00 0.00000E+00 0.10448E+01       720949  20/0.93000E-02
 0.40000E+03 0.10500E-01 0.75287E+00 0.10707E+01 0.11110E+00 0.11250E+00 0.86097E+00 0.87535E+00 0.00000E+00 0.00000E+00 0.17583E+01       720949  20/0.10500E-01
 0.40000E+03 0.12100E-01 0.65332E+00 0.91756E+00 0.91725E-01 0.93023E-01 0.83314E+00 0.84883E+00 0.00000E+00 0.00000E+00 0.74933E+00       720949  20/0.12100E-01
 0.40000E+03 0.16100E-01 0.49100E+00 0.80594E+00 0.46044E-01 0.48225E-01 0.76556E+00 0.78151E+00 0.00000E+00 0.00000E+00 0.53066E+00       720949  20/0.16100E-01
 0.40000E+03 0.32000E-01 0.24704E+00 0.62115E+00 0.32179E-01 0.34059E-01 0.60197E+00 0.61482E+00 0.00000E+00 0.00000E+00 0.19677E+00       720949  20/0.32000E-01
 0.40000E+03 0.50000E-01 0.15810E+00 0.56798E+00 0.30186E-01 0.31976E-01 0.51527E+00 0.52549E+00 0.00000E+00 0.00000E+00 0.14078E+01       720949  20/0.50000E-01
 0.40000E+03 0.80000E-01 0.98814E-01 0.44788E+00 0.25735E-01 0.26963E-01 0.44026E+00 0.44924E+00 0.00000E+00 0.00000E+00 -.52815E-01       720949  20/0.80000E-01
 0.40000E+03 0.13000E+00 0.60809E-01 0.42742E+00 0.23502E-01 0.24732E-01 0.37138E+00 0.37725E+00 0.00000E+00 0.00000E+00 0.21347E+01       720949  20/0.13000E+00
 0.40000E+03 0.18000E+00 0.43917E-01 0.33931E+00 0.20614E-01 0.21626E-01 0.32157E+00 0.32809E+00 0.00000E+00 0.00000E+00 0.54444E+00       720949  20/0.18000E+00
 0.40000E+03 0.40000E+00 0.19763E-01 0.16009E+00 0.15418E-01 0.16451E-01 0.14098E+00 0.14750E+00 0.00000E+00 0.00000E+00 0.81635E+00       720949  20/0.40000E+00
 0.50000E+03 0.11600E-01 0.85185E+00 0.10060E+01 0.14853E+00 0.15146E+00 0.82618E+00 0.83029E+00 0.00000E+00 0.00000E+00 0.11830E+01       720949  21/0.11600E-01
 0.50000E+03 0.13100E-01 0.75431E+00 0.74999E+00 0.10399E+00 0.10475E+00 0.80676E+00 0.82184E+00 0.00000E+00 0.00000E+00 -.69090E+00       720949  21/0.13100E-01
 0.50000E+03 0.15200E-01 0.65009E+00 0.68643E+00 0.85261E-01 0.86102E-01 0.77733E+00 0.79318E+00 0.00000E+00 0.00000E+00 -.12520E+01       720949  21/0.15200E-01
 0.50000E+03 0.20100E-01 0.49161E+00 0.73304E+00 0.49403E-01 0.51050E-01 0.71309E+00 0.72745E+00 0.00000E+00 0.00000E+00 0.11321E+00       720949  21/0.20100E-01
 0.50000E+03 0.32000E-01 0.30879E+00 0.64854E+00 0.39708E-01 0.41352E-01 0.60581E+00 0.61856E+00 0.00000E+00 0.00000E+00 0.75499E+00       720949  21/0.32000E-01
 0.50000E+03 0.50000E-01 0.19763E+00 0.59870E+00 0.36273E-01 0.37830E-01 0.51752E+00 0.52830E+00 0.00000E+00 0.00000E+00 0.19407E+01       720949  21/0.50000E-01
 0.50000E+03 0.80000E-01 0.12352E+00 0.47085E+00 0.30259E-01 0.31449E-01 0.44073E+00 0.44931E+00 0.00000E+00 0.00000E+00 0.71197E+00       720949  21/0.80000E-01
 0.50000E+03 0.13000E+00 0.76011E-01 0.40988E+00 0.31289E-01 0.32214E-01 0.37033E+00 0.37710E+00 0.00000E+00 0.00000E+00 0.10478E+01       720949  21/0.13000E+00
 0.50000E+03 0.18000E+00 0.54897E-01 0.30352E+00 0.26027E-01 0.26630E-01 0.31968E+00 0.32502E+00 0.00000E+00 0.00000E+00 -.82607E+00       720949  21/0.18000E+00
 0.50000E+03 0.25000E+00 0.39526E-01 0.27834E+00 0.23456E-01 0.24097E-01 0.25716E+00 0.26266E+00 0.00000E+00 0.00000E+00 0.66854E+00       720949  21/0.25000E+00
 0.50000E+03 0.40000E+00 0.24704E-01 0.13829E+00 0.16823E-01 0.17306E-01 0.13844E+00 0.14310E+00 0.00000E+00 0.00000E+00 -.28596E+00       720949  21/0.40000E+00
 0.50000E+03 0.65000E+00 0.15202E-01 0.19075E-01 0.43392E-02 0.44644E-02 0.22411E-01 0.23894E-01 0.00000E+00 0.00000E+00 -.11106E+01       720949  21/0.65000E+00
 0.65000E+03 0.15100E-01 0.85072E+00 0.80412E+00 0.15769E+00 0.15833E+00 0.76245E+00 0.76923E+00 0.00000E+00 0.00000E+00 0.22128E+00       720949  22/0.15100E-01
 0.65000E+03 0.17100E-01 0.75122E+00 0.91393E+00 0.12842E+00 0.12935E+00 0.74161E+00 0.75577E+00 0.00000E+00 0.00000E+00 0.12316E+01       720949  22/0.17100E-01
 0.65000E+03 0.19700E-01 0.65207E+00 0.90458E+00 0.11012E+00 0.11121E+00 0.71386E+00 0.72787E+00 0.00000E+00 0.00000E+00 0.16047E+01       720949  22/0.19700E-01
 0.65000E+03 0.26100E-01 0.49218E+00 0.60233E+00 0.48259E-01 0.49402E-01 0.65265E+00 0.66589E+00 0.00000E+00 0.00000E+00 -.13171E+01       720949  22/0.26100E-01
 0.65000E+03 0.50000E-01 0.25692E+00 0.48789E+00 0.38785E-01 0.39774E-01 0.51912E+00 0.53032E+00 0.00000E+00 0.00000E+00 -.10939E+01       720949  22/0.50000E-01
 0.65000E+03 0.80000E-01 0.16057E+00 0.45057E+00 0.35363E-01 0.36297E-01 0.44078E+00 0.44978E+00 0.00000E+00 0.00000E+00 0.22415E-01       720949  22/0.80000E-01
 0.65000E+03 0.13000E+00 0.98814E-01 0.37402E+00 0.35296E-01 0.35963E-01 0.36887E+00 0.37559E+00 0.00000E+00 0.00000E+00 -.44457E-01       720949  22/0.13000E+00
 0.65000E+03 0.18000E+00 0.71366E-01 0.33851E+00 0.32607E-01 0.33198E-01 0.31738E+00 0.32312E+00 0.00000E+00 0.00000E+00 0.47189E+00       720949  22/0.18000E+00
 0.65000E+03 0.25000E+00 0.51383E-01 0.25211E+00 0.25869E-01 0.26271E-01 0.25422E+00 0.25936E+00 0.00000E+00 0.00000E+00 -.28041E+00       720949  22/0.25000E+00
 0.65000E+03 0.40000E+00 0.32115E-01 0.20084E+00 0.23308E-01 0.23982E-01 0.13558E+00 0.13970E+00 0.00000E+00 0.00000E+00 0.26231E+01       720949  22/0.40000E+00
 0.65000E+03 0.65000E+00 0.19763E-01 0.27076E-01 0.60625E-02 0.62512E-02 0.21544E-01 0.22848E-01 0.00000E+00 0.00000E+00 0.69743E+00       720949  22/0.65000E+00
 0.80000E+03 0.18500E-01 0.85461E+00 0.28611E+00 0.10637E+00 0.10648E+00 0.71270E+00 0.72584E+00 0.00000E+00 0.00000E+00 -.41339E+01       720949  23/0.18500E-01
 0.80000E+03 0.21000E-01 0.75287E+00 0.65795E+00 0.12673E+00 0.12722E+00 0.69141E+00 0.70443E+00 0.00000E+00 0.00000E+00 -.36675E+00       720949  23/0.21000E-01
 0.80000E+03 0.24200E-01 0.65332E+00 0.65562E+00 0.10540E+00 0.10598E+00 0.66430E+00 0.67659E+00 0.00000E+00 0.00000E+00 -.19898E+00       720949  23/0.24200E-01
 0.80000E+03 0.32200E-01 0.49100E+00 0.61029E+00 0.53810E-01 0.54826E-01 0.60556E+00 0.61724E+00 0.00000E+00 0.00000E+00 -.12915E+00       720949  23/0.32200E-01
 0.80000E+03 0.50000E-01 0.31621E+00 0.47882E+00 0.43573E-01 0.44353E-01 0.51916E+00 0.52939E+00 0.00000E+00 0.00000E+00 -.11606E+01       720949  23/0.50000E-01
 0.80000E+03 0.80000E-01 0.19763E+00 0.44652E+00 0.41562E-01 0.42329E-01 0.44019E+00 0.44959E+00 0.00000E+00 0.00000E+00 -.73837E-01       720949  23/0.80000E-01
 0.80000E+03 0.13000E+00 0.12162E+00 0.38790E+00 0.41475E-01 0.42099E-01 0.36746E+00 0.37414E+00 0.00000E+00 0.00000E+00 0.33184E+00       720949  23/0.13000E+00
 0.80000E+03 0.18000E+00 0.87835E-01 0.36312E+00 0.40035E-01 0.40549E-01 0.31544E+00 0.32138E+00 0.00000E+00 0.00000E+00 0.10427E+01       720949  23/0.18000E+00
 0.80000E+03 0.25000E+00 0.63241E-01 0.27571E+00 0.32160E-01 0.32569E-01 0.25189E+00 0.25620E+00 0.00000E+00 0.00000E+00 0.60678E+00       720949  23/0.25000E+00
 0.80000E+03 0.40000E+00 0.39526E-01 0.13119E+00 0.20887E-01 0.21128E-01 0.13342E+00 0.13683E+00 0.00000E+00 0.00000E+00 -.26998E+00       720949  23/0.40000E+00
 0.80000E+03 0.65000E+00 0.24324E-01 0.21659E-01 0.61297E-02 0.62076E-02 0.20904E-01 0.21964E-01 0.00000E+00 0.00000E+00 -.49736E-01       720949  23/0.65000E+00
     4347215
 HERA1+2 NCem                                                                    
Plot1@Experiment:HERA1+2@ExtraLabel:e^{-}p #rightarrow e^{-}X (NC) @XTitle: x @YTitle: #sigma_{red}  @Title:Q^{2} = 60  @Xlog
Plot2@Experiment:HERA1+2@ExtraLabel:e^{-}p #rightarrow e^{-}X (NC) @XTitle: x @YTitle: #sigma_{red}  @Title:Q^{2} = 90  @Xlog
Plot3@Experiment:HERA1+2@ExtraLabel:e^{-}p #rightarrow e^{-}X (NC) @XTitle: x @YTitle: #sigma_{red}  @Title:Q^{2} = 120 @Xlog
Plot4@Experiment:HERA1+2@ExtraLabel:e^{-}p #rightarrow e^{-}X (NC) @XTitle: x @YTitle: #sigma_{red}  @Title:Q^{2} = 150 @Xlog
Plot5@Experiment:HERA1+2@ExtraLabel:e^{-}p #rightarrow e^{-}X (NC) @XTitle: x @YTitle: #sigma_{red}  @Title:Q^{2} = 200 @Xlog
Plot6@Experiment:HERA1+2@ExtraLabel:e^{-}p #rightarrow e^{-}X (NC) @XTitle: x @YTitle: #sigma_{red}  @Title:Q^{2} = 250 @Xlog
Plot7@Experiment:HERA1+2@ExtraLabel:e^{-}p #rightarrow e^{-}X (NC) @XTitle: x @YTitle: #sigma_{red}  @Title:Q^{2} = 300 @Xlog
Plot8@Experiment:HERA1+2@ExtraLabel:e^{-}p #rightarrow e^{-}X (NC) @XTitle: x @YTitle: #sigma_{red}  @Title:Q^{2} = 400 @Xlog
Plot9@Experiment:HERA1+2@ExtraLabel:e^{-}p #rightarrow e^{-}X (NC) @XTitle: x @YTitle: #sigma_{red}  @Title:Q^{2} = 500 @Xlog
Plot10@Experiment:HERA1+2@ExtraLabel:e^{-}p #rightarrow e^{-}X (NC) @XTitle: x @YTitle: #sigma_{red}  @Title:Q^{2} = 650 @Xlog
Plot11@Experiment:HERA1+2@ExtraLabel:e^{-}p #rightarrow e^{-}X (NC) @XTitle: x @YTitle: #sigma_{red}  @Title:Q^{2} = 800  @Xlog
Plot12@Experiment:HERA1+2@ExtraLabel:e^{-}p #rightarrow e^{-}X (NC) @XTitle: x @YTitle: #sigma_{red}  @Title:Q^{2} = 1000 @Xlog
Plot13@Experiment:HERA1+2@ExtraLabel:e^{-}p #rightarrow e^{-}X (NC) @XTitle: x @YTitle: #sigma_{red}  @Title:Q^{2} = 1200 @Xlog
Plot14@Experiment:HERA1+2@ExtraLabel:e^{-}p #rightarrow e^{-}X (NC) @XTitle: x @YTitle: #sigma_{red}  @Title:Q^{2} = 1500 @Xlog
Plot15@Experiment:HERA1+2@ExtraLabel:e^{-}p #rightarrow e^{-}X (NC) @XTitle: x @YTitle: #sigma_{red}  @Title:Q^{2} = 2000 @Xlog
Plot16@Experiment:HERA1+2@ExtraLabel:e^{-}p #rightarrow e^{-}X (NC) @XTitle: x @YTitle: #sigma_{red}  @Title:Q^{2} = 3000 @Xlog
Plot17@Experiment:HERA1+2@ExtraLabel:e^{-}p #rightarrow e^{-}X (NC) @XTitle: x @YTitle: #sigma_{red}  @Title:Q^{2} = 5000 @Xlog
Plot18@Experiment:HERA1+2@ExtraLabel:e^{-}p #rightarrow e^{-}X (NC) @XTitle: x @YTitle: #sigma_{red}  @Title:Q^{2} = 8000 @Xlog
Plot19@Experiment:HERA1+2@ExtraLabel:e^{-}p #rightarrow e^{-}X (NC) @XTitle: x @YTitle: #sigma_{red}  @Title:Q^{2} = 12000@Xlog
Plot20@Experiment:HERA1+2@ExtraLabel:e^{-}p #rightarrow e^{-}X (NC) @XTitle: x @YTitle: #sigma_{red}  @Title:Q^{2} = 20000@Xlog
Plot21@Experiment:HERA1+2@ExtraLabel:e^{-}p #rightarrow e^{-}X (NC) @XTitle: x @YTitle: #sigma_{red}  @Title:Q^{2} = 30000@Xlog
Plot22@Experiment:HERA1+2@ExtraLabel:e^{-}p #rightarrow e^{-}X (NC) @XTitle: x @YTitle: #sigma_{red}  @Title:Q^{2} = 50000@Xlog
 Q2          x           y              data      +- uncor     +- tot     th orig         th mod   therr+         therr-     pull    iset       iplot
 0.60000E+02 0.80000E-03 0.74111E+00 0.14831E+01 0.31141E-01 0.35885E-01 0.14581E+01 0.14646E+01 0.00000E+00 0.00000E+00 0.59346E+00      4347215   1/0.80000E-03
 0.90000E+02 0.13000E-02 0.68410E+00 0.14660E+01 0.26790E-01 0.31445E-01 0.14175E+01 0.14216E+01 0.00000E+00 0.00000E+00 0.16563E+01      4347215   2/0.13000E-02
 0.90000E+02 0.15000E-02 0.59289E+00 0.14219E+01 0.23120E-01 0.37416E-01 0.13916E+01 0.14043E+01 0.00000E+00 0.00000E+00 0.76097E+00      4347215   2/0.15000E-02
 0.90000E+02 0.20000E-02 0.44466E+00 0.12700E+01 0.60268E-01 0.65166E-01 0.13120E+01 0.13136E+01 0.00000E+00 0.00000E+00 -.72348E+00      4347215   2/0.20000E-02
 0.12000E+03 0.16000E-02 0.74111E+00 0.14388E+01 0.27936E-01 0.32153E-01 0.13866E+01 0.13899E+01 0.00000E+00 0.00000E+00 0.17500E+01      4347215   3/0.16000E-02
 0.12000E+03 0.20000E-02 0.59289E+00 0.13558E+01 0.15596E-01 0.26046E-01 0.13474E+01 0.13571E+01 0.00000E+00 0.00000E+00 -.81619E-01      4347215   3/0.20000E-02
 0.12000E+03 0.32000E-02 0.37055E+00 0.12184E+01 0.17628E-01 0.22016E-01 0.12023E+01 0.12083E+01 0.00000E+00 0.00000E+00 0.57178E+00      4347215   3/0.32000E-02
 0.15000E+03 0.20000E-02 0.74111E+00 0.13552E+01 0.27753E-01 0.31361E-01 0.13482E+01 0.13510E+01 0.00000E+00 0.00000E+00 0.15013E+00      4347215   4/0.20000E-02
 0.15000E+03 0.32000E-02 0.46319E+00 0.12286E+01 0.12686E-01 0.19494E-01 0.12323E+01 0.12392E+01 0.00000E+00 0.00000E+00 -.83229E+00      4347215   4/0.32000E-02
 0.15000E+03 0.50000E-02 0.29644E+00 0.11088E+01 0.14803E-01 0.18856E-01 0.10791E+01 0.10852E+01 0.00000E+00 0.00000E+00 0.15945E+01      4347215   4/0.50000E-02
 0.15000E+03 0.80000E-02 0.18528E+00 0.95164E+00 0.18803E-01 0.21718E-01 0.92270E+00 0.92694E+00 0.00000E+00 0.00000E+00 0.13135E+01      4347215   4/0.80000E-02
 0.15000E+03 0.13000E-01 0.11402E+00 0.80578E+00 0.26450E-01 0.28319E-01 0.78008E+00 0.78293E+00 0.00000E+00 0.00000E+00 0.86392E+00      4347215   4/0.13000E-01
 0.20000E+03 0.26000E-02 0.76011E+00 0.12836E+01 0.29087E-01 0.32118E-01 0.12939E+01 0.12969E+01 0.00000E+00 0.00000E+00 -.45814E+00      4347215   5/0.26000E-02
 0.20000E+03 0.32000E-02 0.61759E+00 0.12495E+01 0.17061E-01 0.23110E-01 0.12534E+01 0.12606E+01 0.00000E+00 0.00000E+00 -.65079E+00      4347215   5/0.32000E-02
 0.20000E+03 0.50000E-02 0.39526E+00 0.11112E+01 0.88333E-02 0.14430E-01 0.11134E+01 0.11174E+01 0.00000E+00 0.00000E+00 -.70458E+00      4347215   5/0.50000E-02
 0.20000E+03 0.80000E-02 0.24704E+00 0.94415E+00 0.83951E-02 0.12829E-01 0.95277E+00 0.95554E+00 0.00000E+00 0.00000E+00 -.13570E+01      4347215   5/0.80000E-02
 0.20000E+03 0.13000E-01 0.15202E+00 0.79922E+00 0.64322E-02 0.10390E-01 0.80231E+00 0.80382E+00 0.00000E+00 0.00000E+00 -.71557E+00      4347215   5/0.13000E-01
 0.20000E+03 0.20000E-01 0.98814E-01 0.69621E+00 0.63558E-02 0.95437E-02 0.68818E+00 0.68962E+00 0.00000E+00 0.00000E+00 0.10370E+01      4347215   5/0.20000E-01
 0.20000E+03 0.32000E-01 0.61759E-01 0.57972E+00 0.58132E-02 0.87535E-02 0.58498E+00 0.58441E+00 0.00000E+00 0.00000E+00 -.80737E+00      4347215   5/0.32000E-01
 0.20000E+03 0.50000E-01 0.39526E-01 0.51327E+00 0.55970E-02 0.77787E-02 0.50585E+00 0.50485E+00 0.00000E+00 0.00000E+00 0.15040E+01      4347215   5/0.50000E-01
 0.20000E+03 0.80000E-01 0.24704E-01 0.43830E+00 0.46542E-02 0.70563E-02 0.43768E+00 0.43488E+00 0.00000E+00 0.00000E+00 0.73568E+00      4347215   5/0.80000E-01
 0.20000E+03 0.13000E+00 0.15202E-01 0.36412E+00 0.99085E-02 0.10887E-01 0.37432E+00 0.37716E+00 0.00000E+00 0.00000E+00 -.13163E+01      4347215   5/0.13000E+00
 0.20000E+03 0.18000E+00 0.10979E-01 0.32897E+00 0.43563E-02 0.60223E-02 0.32757E+00 0.32577E+00 0.00000E+00 0.00000E+00 0.73516E+00      4347215   5/0.18000E+00
 0.25000E+03 0.33000E-02 0.74859E+00 0.12701E+01 0.30094E-01 0.32977E-01 0.12411E+01 0.12434E+01 0.00000E+00 0.00000E+00 0.88559E+00      4347215   6/0.33000E-02
 0.25000E+03 0.50000E-02 0.49407E+00 0.11238E+01 0.13248E-01 0.17940E-01 0.11331E+01 0.11375E+01 0.00000E+00 0.00000E+00 -.10376E+01      4347215   6/0.50000E-02
 0.25000E+03 0.80000E-02 0.30879E+00 0.96093E+00 0.83117E-02 0.12800E-01 0.97405E+00 0.97756E+00 0.00000E+00 0.00000E+00 -.20003E+01      4347215   6/0.80000E-02
 0.25000E+03 0.13000E-01 0.19003E+00 0.81748E+00 0.71412E-02 0.11169E-01 0.81875E+00 0.82172E+00 0.00000E+00 0.00000E+00 -.59337E+00      4347215   6/0.13000E-01
 0.25000E+03 0.20000E-01 0.12352E+00 0.69030E+00 0.68070E-02 0.98827E-02 0.69993E+00 0.70116E+00 0.00000E+00 0.00000E+00 -.15955E+01      4347215   6/0.20000E-01
 0.25000E+03 0.32000E-01 0.77199E-01 0.58859E+00 0.60449E-02 0.88736E-02 0.59232E+00 0.59212E+00 0.00000E+00 0.00000E+00 -.58334E+00      4347215   6/0.32000E-01
 0.25000E+03 0.50000E-01 0.49407E-01 0.50803E+00 0.51938E-02 0.75028E-02 0.51001E+00 0.51023E+00 0.00000E+00 0.00000E+00 -.42318E+00      4347215   6/0.50000E-01
 0.25000E+03 0.80000E-01 0.30879E-01 0.43120E+00 0.41511E-02 0.64680E-02 0.43917E+00 0.43644E+00 0.00000E+00 0.00000E+00 -.12626E+01      4347215   6/0.80000E-01
 0.25000E+03 0.13000E+00 0.19003E-01 0.37135E+00 0.76770E-02 0.88121E-02 0.37375E+00 0.37539E+00 0.00000E+00 0.00000E+00 -.52681E+00      4347215   6/0.13000E+00
 0.25000E+03 0.18000E+00 0.13724E-01 0.32754E+00 0.44026E-02 0.60076E-02 0.32585E+00 0.32364E+00 0.00000E+00 0.00000E+00 0.88524E+00      4347215   6/0.18000E+00
 0.25000E+03 0.25000E+00 0.98814E-02 0.23527E+00 0.26587E-01 0.27019E-01 0.26543E+00 0.26740E+00 0.00000E+00 0.00000E+00 -.12086E+01      4347215   6/0.25000E+00
 0.25000E+03 0.40000E+00 0.61759E-02 0.14096E+00 0.16128E-01 0.16233E-01 0.14679E+00 0.14768E+00 0.00000E+00 0.00000E+00 -.41660E+00      4347215   6/0.40000E+00
 0.30000E+03 0.39000E-02 0.76011E+00 0.12157E+01 0.30415E-01 0.33006E-01 0.11994E+01 0.12015E+01 0.00000E+00 0.00000E+00 0.46583E+00      4347215   7/0.39000E-02
 0.30000E+03 0.50000E-02 0.59289E+00 0.11566E+01 0.20067E-01 0.24079E-01 0.11416E+01 0.11474E+01 0.00000E+00 0.00000E+00 0.45994E+00      4347215   7/0.50000E-02
 0.30000E+03 0.80000E-02 0.37055E+00 0.98719E+00 0.94532E-02 0.14148E-01 0.98956E+00 0.99585E+00 0.00000E+00 0.00000E+00 -.91559E+00      4347215   7/0.80000E-02
 0.30000E+03 0.13000E-01 0.22803E+00 0.82711E+00 0.77048E-02 0.11546E-01 0.83166E+00 0.83530E+00 0.00000E+00 0.00000E+00 -.10628E+01      4347215   7/0.13000E-01
 0.30000E+03 0.20000E-01 0.14822E+00 0.71235E+00 0.69621E-02 0.10065E-01 0.70927E+00 0.71053E+00 0.00000E+00 0.00000E+00 0.26070E+00      4347215   7/0.20000E-01
 0.30000E+03 0.32000E-01 0.92638E-01 0.60799E+00 0.63258E-02 0.88863E-02 0.59826E+00 0.60000E+00 0.00000E+00 0.00000E+00 0.12630E+01      4347215   7/0.32000E-01
 0.30000E+03 0.50000E-01 0.59289E-01 0.51723E+00 0.54956E-02 0.77146E-02 0.51328E+00 0.51410E+00 0.00000E+00 0.00000E+00 0.56998E+00      4347215   7/0.50000E-01
 0.30000E+03 0.80000E-01 0.37055E-01 0.43642E+00 0.46411E-02 0.64762E-02 0.44039E+00 0.43903E+00 0.00000E+00 0.00000E+00 -.56172E+00      4347215   7/0.80000E-01
 0.30000E+03 0.13000E+00 0.22803E-01 0.36568E+00 0.82081E-02 0.92437E-02 0.37330E+00 0.37413E+00 0.00000E+00 0.00000E+00 -.10300E+01      4347215   7/0.13000E+00
 0.30000E+03 0.18000E+00 0.16469E-01 0.31448E+00 0.41297E-02 0.60371E-02 0.32449E+00 0.32191E+00 0.00000E+00 0.00000E+00 -.17993E+01      4347215   7/0.18000E+00
 0.30000E+03 0.25000E+00 0.11858E-01 0.29312E+00 0.33833E-01 0.34650E-01 0.26336E+00 0.26526E+00 0.00000E+00 0.00000E+00 0.82351E+00      4347215   7/0.25000E+00
 0.30000E+03 0.40000E+00 0.74111E-02 0.15709E+00 0.61859E-02 0.69598E-02 0.14454E+00 0.14733E+00 0.00000E+00 0.00000E+00 0.15784E+01      4347215   7/0.40000E+00
 0.40000E+03 0.53000E-02 0.74577E+00 0.11528E+01 0.30062E-01 0.32343E-01 0.11215E+01 0.11248E+01 0.00000E+00 0.00000E+00 0.93209E+00      4347215   8/0.53000E-02
 0.40000E+03 0.80000E-02 0.49407E+00 0.10323E+01 0.10756E-01 0.17405E-01 0.10081E+01 0.10169E+01 0.00000E+00 0.00000E+00 0.14324E+01      4347215   8/0.80000E-02
 0.40000E+03 0.13000E-01 0.30404E+00 0.86568E+00 0.93594E-02 0.12980E-01 0.85054E+00 0.85505E+00 0.00000E+00 0.00000E+00 0.11355E+01      4347215   8/0.13000E-01
 0.40000E+03 0.20000E-01 0.19763E+00 0.71222E+00 0.88287E-02 0.11547E-01 0.72357E+00 0.72624E+00 0.00000E+00 0.00000E+00 -.15880E+01      4347215   8/0.20000E-01
 0.40000E+03 0.32000E-01 0.12352E+00 0.60799E+00 0.71456E-02 0.95393E-02 0.60737E+00 0.60831E+00 0.00000E+00 0.00000E+00 -.45331E-01      4347215   8/0.32000E-01
 0.40000E+03 0.50000E-01 0.79051E-01 0.51927E+00 0.59577E-02 0.80179E-02 0.51844E+00 0.51905E+00 0.00000E+00 0.00000E+00 0.36855E-01      4347215   8/0.50000E-01
 0.40000E+03 0.80000E-01 0.49407E-01 0.43146E+00 0.52163E-02 0.68438E-02 0.44230E+00 0.44096E+00 0.00000E+00 0.00000E+00 -.18216E+01      4347215   8/0.80000E-01
 0.40000E+03 0.13000E+00 0.30404E-01 0.36709E+00 0.47572E-02 0.62792E-02 0.37268E+00 0.37114E+00 0.00000E+00 0.00000E+00 -.85140E+00      4347215   8/0.13000E+00
 0.40000E+03 0.18000E+00 0.21959E-01 0.32088E+00 0.99965E-02 0.11119E-01 0.32248E+00 0.32517E+00 0.00000E+00 0.00000E+00 -.42948E+00      4347215   8/0.18000E+00
 0.40000E+03 0.25000E+00 0.15810E-01 0.26418E+00 0.52553E-02 0.65129E-02 0.26027E+00 0.25851E+00 0.00000E+00 0.00000E+00 0.10793E+01      4347215   8/0.25000E+00
 0.40000E+03 0.40000E+00 0.98814E-02 0.15657E+00 0.61277E-02 0.69393E-02 0.14119E+00 0.14409E+00 0.00000E+00 0.00000E+00 0.20365E+01      4347215   8/0.40000E+00
 0.50000E+03 0.66000E-02 0.74859E+00 0.10587E+01 0.28764E-01 0.30793E-01 0.10623E+01 0.10645E+01 0.00000E+00 0.00000E+00 -.20264E+00      4347215   9/0.66000E-02
 0.50000E+03 0.80000E-02 0.61759E+00 0.10065E+01 0.22744E-01 0.25104E-01 0.10142E+01 0.10181E+01 0.00000E+00 0.00000E+00 -.51082E+00      4347215   9/0.80000E-02
 0.50000E+03 0.13000E-01 0.38005E+00 0.89862E+00 0.15351E-01 0.17937E-01 0.86359E+00 0.86702E+00 0.00000E+00 0.00000E+00 0.20582E+01      4347215   9/0.13000E-01
 0.50000E+03 0.20000E-01 0.24704E+00 0.73144E+00 0.13249E-01 0.15290E-01 0.73428E+00 0.73678E+00 0.00000E+00 0.00000E+00 -.40317E+00      4347215   9/0.20000E-01
 0.50000E+03 0.32000E-01 0.15440E+00 0.62977E+00 0.11275E-01 0.13064E-01 0.61444E+00 0.61605E+00 0.00000E+00 0.00000E+00 0.12166E+01      4347215   9/0.32000E-01
 0.50000E+03 0.50000E-01 0.98814E-01 0.55070E+00 0.10424E-01 0.11999E-01 0.52251E+00 0.52309E+00 0.00000E+00 0.00000E+00 0.26485E+01      4347215   9/0.50000E-01
 0.50000E+03 0.80000E-01 0.61759E-01 0.43243E+00 0.89553E-02 0.10135E-01 0.44391E+00 0.44411E+00 0.00000E+00 0.00000E+00 -.13039E+01      4347215   9/0.80000E-01
 0.50000E+03 0.13000E+00 0.38005E-01 0.37705E+00 0.91041E-02 0.10020E-01 0.37235E+00 0.37204E+00 0.00000E+00 0.00000E+00 0.55057E+00      4347215   9/0.13000E+00
 0.50000E+03 0.18000E+00 0.27448E-01 0.33842E+00 0.95681E-02 0.10499E-01 0.32109E+00 0.32176E+00 0.00000E+00 0.00000E+00 0.17410E+01      4347215   9/0.18000E+00
 0.50000E+03 0.25000E+00 0.19763E-01 0.26715E+00 0.94905E-02 0.10443E-01 0.25805E+00 0.26086E+00 0.00000E+00 0.00000E+00 0.66290E+00      4347215   9/0.25000E+00
 0.50000E+03 0.40000E+00 0.12352E-01 0.14869E+00 0.28407E-01 0.29099E-01 0.13876E+00 0.13939E+00 0.00000E+00 0.00000E+00 0.32733E+00      4347215   9/0.40000E+00
 0.50000E+03 0.65000E+00 0.76011E-02 0.27157E-01 0.59380E-02 0.59797E-02 0.22442E-01 0.22688E-01 0.00000E+00 0.00000E+00 0.75264E+00      4347215   9/0.65000E+00
 0.65000E+03 0.85000E-02 0.75564E+00 0.98713E+00 0.26461E-01 0.28345E-01 0.99305E+00 0.99566E+00 0.00000E+00 0.00000E+00 -.32221E+00      4347215  10/0.85000E-02
 0.65000E+03 0.13000E-01 0.49407E+00 0.90475E+00 0.10151E-01 0.14028E-01 0.87583E+00 0.88143E+00 0.00000E+00 0.00000E+00 0.22976E+01      4347215  10/0.13000E-01
 0.65000E+03 0.20000E-01 0.32115E+00 0.77797E+00 0.99171E-02 0.12669E-01 0.74658E+00 0.74934E+00 0.00000E+00 0.00000E+00 0.28867E+01      4347215  10/0.20000E-01
 0.65000E+03 0.32000E-01 0.20072E+00 0.62508E+00 0.89492E-02 0.11073E-01 0.62309E+00 0.62363E+00 0.00000E+00 0.00000E+00 0.16151E+00      4347215  10/0.32000E-01
 0.65000E+03 0.50000E-01 0.12846E+00 0.53435E+00 0.75504E-02 0.93203E-02 0.52765E+00 0.52806E+00 0.00000E+00 0.00000E+00 0.83295E+00      4347215  10/0.50000E-01
 0.65000E+03 0.80000E-01 0.80287E-01 0.43531E+00 0.70297E-02 0.83395E-02 0.44616E+00 0.44628E+00 0.00000E+00 0.00000E+00 -.15604E+01      4347215  10/0.80000E-01
 0.65000E+03 0.13000E+00 0.49407E-01 0.36181E+00 0.64109E-02 0.74410E-02 0.37226E+00 0.37141E+00 0.00000E+00 0.00000E+00 -.14976E+01      4347215  10/0.13000E+00
 0.65000E+03 0.18000E+00 0.35683E-01 0.33341E+00 0.98536E-02 0.10551E-01 0.31973E+00 0.32037E+00 0.00000E+00 0.00000E+00 0.13237E+01      4347215  10/0.18000E+00
 0.65000E+03 0.25000E+00 0.25692E-01 0.25646E+00 0.54138E-02 0.64449E-02 0.25569E+00 0.25504E+00 0.00000E+00 0.00000E+00 0.26294E+00      4347215  10/0.25000E+00
 0.65000E+03 0.40000E+00 0.16057E-01 0.12565E+00 0.72910E-02 0.76463E-02 0.13610E+00 0.13787E+00 0.00000E+00 0.00000E+00 -.16766E+01      4347215  10/0.40000E+00
 0.80000E+03 0.10500E-01 0.75287E+00 0.96275E+00 0.31627E-01 0.33142E-01 0.93627E+00 0.93833E+00 0.00000E+00 0.00000E+00 0.77210E+00      4347215  11/0.10500E-01
 0.80000E+03 0.13000E-01 0.60809E+00 0.88824E+00 0.13308E-01 0.17083E-01 0.88126E+00 0.88959E+00 0.00000E+00 0.00000E+00 -.10162E+00      4347215  11/0.13000E-01
 0.80000E+03 0.20000E-01 0.39526E+00 0.75247E+00 0.11389E-01 0.13737E-01 0.75593E+00 0.75695E+00 0.00000E+00 0.00000E+00 -.39307E+00      4347215  11/0.20000E-01
 0.80000E+03 0.32000E-01 0.24704E+00 0.64142E+00 0.99513E-02 0.11876E-01 0.63027E+00 0.63248E+00 0.00000E+00 0.00000E+00 0.89849E+00      4347215  11/0.32000E-01
 0.80000E+03 0.50000E-01 0.15810E+00 0.54669E+00 0.80965E-02 0.99186E-02 0.53222E+00 0.53221E+00 0.00000E+00 0.00000E+00 0.17890E+01      4347215  11/0.50000E-01
 0.80000E+03 0.80000E-01 0.98814E-01 0.45181E+00 0.73850E-02 0.88129E-02 0.44834E+00 0.44869E+00 0.00000E+00 0.00000E+00 0.42281E+00      4347215  11/0.80000E-01
 0.80000E+03 0.13000E+00 0.60809E-01 0.37330E+00 0.69667E-02 0.79543E-02 0.37255E+00 0.37185E+00 0.00000E+00 0.00000E+00 0.20868E+00      4347215  11/0.13000E+00
 0.80000E+03 0.18000E+00 0.43917E-01 0.32606E+00 0.11420E-01 0.12031E-01 0.31896E+00 0.31924E+00 0.00000E+00 0.00000E+00 0.59732E+00      4347215  11/0.18000E+00
 0.80000E+03 0.25000E+00 0.31621E-01 0.25374E+00 0.57198E-02 0.64837E-02 0.25408E+00 0.25294E+00 0.00000E+00 0.00000E+00 0.13903E+00      4347215  11/0.25000E+00
 0.80000E+03 0.40000E+00 0.19763E-01 0.14051E+00 0.85533E-02 0.91468E-02 0.13418E+00 0.13597E+00 0.00000E+00 0.00000E+00 0.53092E+00      4347215  11/0.40000E+00
 0.80000E+03 0.65000E+00 0.12162E-01 0.15845E-01 0.38985E-02 0.39446E-02 0.20977E-01 0.21024E-01 0.00000E+00 0.00000E+00 -.13285E+01      4347215  11/0.65000E+00
 0.10000E+04 0.13000E-01 0.76011E+00 0.86202E+00 0.27007E-01 0.31555E-01 0.88005E+00 0.88542E+00 0.00000E+00 0.00000E+00 -.86650E+00      4347215  12/0.13000E-01
 0.10000E+04 0.20000E-01 0.49407E+00 0.76995E+00 0.19178E-01 0.20771E-01 0.76523E+00 0.76779E+00 0.00000E+00 0.00000E+00 0.11238E+00      4347215  12/0.20000E-01
 0.10000E+04 0.32000E-01 0.30879E+00 0.65796E+00 0.16746E-01 0.18039E-01 0.63886E+00 0.64128E+00 0.00000E+00 0.00000E+00 0.99633E+00      4347215  12/0.32000E-01
 0.10000E+04 0.50000E-01 0.19763E+00 0.51651E+00 0.14732E-01 0.15690E-01 0.53796E+00 0.54070E+00 0.00000E+00 0.00000E+00 -.16422E+01      4347215  12/0.50000E-01
 0.10000E+04 0.80000E-01 0.12352E+00 0.44019E+00 0.12760E-01 0.13548E-01 0.45141E+00 0.45218E+00 0.00000E+00 0.00000E+00 -.93929E+00      4347215  12/0.80000E-01
 0.10000E+04 0.13000E+00 0.76011E-01 0.36865E+00 0.12755E-01 0.13375E-01 0.37338E+00 0.37257E+00 0.00000E+00 0.00000E+00 -.30709E+00      4347215  12/0.13000E+00
 0.10000E+04 0.18000E+00 0.54897E-01 0.34453E+00 0.12422E-01 0.13006E-01 0.31857E+00 0.31865E+00 0.00000E+00 0.00000E+00 0.20831E+01      4347215  12/0.18000E+00
 0.10000E+04 0.25000E+00 0.39526E-01 0.28083E+00 0.11460E-01 0.12002E-01 0.25269E+00 0.25355E+00 0.00000E+00 0.00000E+00 0.23801E+01      4347215  12/0.25000E+00
 0.10000E+04 0.40000E+00 0.24704E-01 0.13688E+00 0.89201E-02 0.93793E-02 0.13231E+00 0.13425E+00 0.00000E+00 0.00000E+00 0.29523E+00      4347215  12/0.40000E+00
 0.12000E+04 0.14000E-01 0.84698E+00 0.91602E+00 0.18195E-01 0.23543E-01 0.85768E+00 0.87628E+00 0.00000E+00 0.00000E+00 0.21841E+01      4347215  13/0.14000E-01
 0.12000E+04 0.20000E-01 0.59289E+00 0.80103E+00 0.13357E-01 0.15912E-01 0.77172E+00 0.77387E+00 0.00000E+00 0.00000E+00 0.20335E+01      4347215  13/0.20000E-01
 0.12000E+04 0.32000E-01 0.37055E+00 0.63869E+00 0.10521E-01 0.12364E-01 0.64659E+00 0.64888E+00 0.00000E+00 0.00000E+00 -.96857E+00      4347215  13/0.32000E-01
 0.12000E+04 0.50000E-01 0.23715E+00 0.55735E+00 0.84561E-02 0.10185E-01 0.54362E+00 0.54456E+00 0.00000E+00 0.00000E+00 0.15126E+01      4347215  13/0.50000E-01
 0.12000E+04 0.80000E-01 0.14822E+00 0.46241E+00 0.72838E-02 0.86977E-02 0.45469E+00 0.45400E+00 0.00000E+00 0.00000E+00 0.11544E+01      4347215  13/0.80000E-01
 0.12000E+04 0.13000E+00 0.91213E-01 0.37632E+00 0.68254E-02 0.78191E-02 0.37465E+00 0.37421E+00 0.00000E+00 0.00000E+00 0.30955E+00      4347215  13/0.13000E+00
 0.12000E+04 0.18000E+00 0.65876E-01 0.31918E+00 0.13038E-01 0.13499E-01 0.31869E+00 0.31876E+00 0.00000E+00 0.00000E+00 0.32459E-01      4347215  13/0.18000E+00
 0.12000E+04 0.25000E+00 0.47431E-01 0.24677E+00 0.51097E-02 0.57428E-02 0.25189E+00 0.25147E+00 0.00000E+00 0.00000E+00 -.92038E+00      4347215  13/0.25000E+00
 0.12000E+04 0.40000E+00 0.29644E-01 0.12513E+00 0.43173E-02 0.55699E-02 0.13097E+00 0.13003E+00 0.00000E+00 0.00000E+00 -.11357E+01      4347215  13/0.40000E+00
 0.15000E+04 0.20000E-01 0.74111E+00 0.80501E+00 0.18278E-01 0.22065E-01 0.77677E+00 0.79163E+00 0.00000E+00 0.00000E+00 0.73226E+00      4347215  14/0.20000E-01
 0.15000E+04 0.32000E-01 0.46319E+00 0.66054E+00 0.13536E-01 0.15045E-01 0.65753E+00 0.65981E+00 0.00000E+00 0.00000E+00 0.54125E-01      4347215  14/0.32000E-01
 0.15000E+04 0.50000E-01 0.29644E+00 0.54454E+00 0.10371E-01 0.11756E-01 0.55221E+00 0.55353E+00 0.00000E+00 0.00000E+00 -.86703E+00      4347215  14/0.50000E-01
 0.15000E+04 0.80000E-01 0.18528E+00 0.48967E+00 0.91823E-02 0.10402E-01 0.46011E+00 0.46116E+00 0.00000E+00 0.00000E+00 0.31049E+01      4347215  14/0.80000E-01
 0.15000E+04 0.13000E+00 0.11402E+00 0.37787E+00 0.90776E-02 0.99046E-02 0.37721E+00 0.37741E+00 0.00000E+00 0.00000E+00 0.50420E-01      4347215  14/0.13000E+00
 0.15000E+04 0.18000E+00 0.82345E-01 0.31308E+00 0.79680E-02 0.85746E-02 0.31963E+00 0.32001E+00 0.00000E+00 0.00000E+00 -.86981E+00      4347215  14/0.18000E+00
 0.15000E+04 0.25000E+00 0.59289E-01 0.25961E+00 0.76441E-02 0.81134E-02 0.25146E+00 0.25129E+00 0.00000E+00 0.00000E+00 0.10887E+01      4347215  14/0.25000E+00
 0.15000E+04 0.40000E+00 0.37055E-01 0.12966E+00 0.59100E-02 0.71582E-02 0.12960E+00 0.12941E+00 0.00000E+00 0.00000E+00 0.41532E-01      4347215  14/0.40000E+00
 0.15000E+04 0.65000E+00 0.22803E-01 0.15968E-01 0.20397E-02 0.21281E-02 0.19400E-01 0.19910E-01 0.00000E+00 0.00000E+00 -.19324E+01      4347215  14/0.65000E+00
 0.20000E+04 0.21900E-01 0.90241E+00 0.87821E+00 0.52105E-01 0.56022E-01 0.75850E+00 0.76365E+00 0.00000E+00 0.00000E+00 0.21985E+01      4347215  15/0.21900E-01
 0.20000E+04 0.32000E-01 0.61759E+00 0.65822E+00 0.16262E-01 0.18051E-01 0.67410E+00 0.67867E+00 0.00000E+00 0.00000E+00 -.12572E+01      4347215  15/0.32000E-01
 0.20000E+04 0.50000E-01 0.39526E+00 0.56966E+00 0.12966E-01 0.14163E-01 0.56751E+00 0.56845E+00 0.00000E+00 0.00000E+00 0.93409E-01      4347215  15/0.50000E-01
 0.20000E+04 0.80000E-01 0.24704E+00 0.46439E+00 0.10578E-01 0.11604E-01 0.47047E+00 0.47052E+00 0.00000E+00 0.00000E+00 -.57939E+00      4347215  15/0.80000E-01
 0.20000E+04 0.13000E+00 0.15202E+00 0.37034E+00 0.10170E-01 0.10843E-01 0.38287E+00 0.38279E+00 0.00000E+00 0.00000E+00 -.12245E+01      4347215  15/0.13000E+00
 0.20000E+04 0.18000E+00 0.10979E+00 0.31010E+00 0.93639E-02 0.99576E-02 0.32260E+00 0.32371E+00 0.00000E+00 0.00000E+00 -.14535E+01      4347215  15/0.18000E+00
 0.20000E+04 0.25000E+00 0.79051E-01 0.25130E+00 0.86476E-02 0.90426E-02 0.25213E+00 0.25156E+00 0.00000E+00 0.00000E+00 -.30152E-01      4347215  15/0.25000E+00
 0.20000E+04 0.40000E+00 0.49407E-01 0.12339E+00 0.60061E-02 0.62099E-02 0.12837E+00 0.12797E+00 0.00000E+00 0.00000E+00 -.76315E+00      4347215  15/0.40000E+00
 0.20000E+04 0.65000E+00 0.30404E-01 0.11157E-01 0.19769E-02 0.20230E-02 0.18837E-01 0.19319E-01 0.00000E+00 0.00000E+00 -.41287E+01      4347215  15/0.65000E+00
 0.30000E+04 0.32000E-01 0.92638E+00 0.73112E+00 0.30294E-01 0.31843E-01 0.69633E+00 0.69962E+00 0.00000E+00 0.00000E+00 0.10397E+01      4347215  16/0.32000E-01
 0.30000E+04 0.50000E-01 0.59289E+00 0.59879E+00 0.14594E-01 0.15973E-01 0.60074E+00 0.60255E+00 0.00000E+00 0.00000E+00 -.25794E+00      4347215  16/0.50000E-01
 0.30000E+04 0.80000E-01 0.37055E+00 0.50755E+00 0.12233E-01 0.13248E-01 0.49563E+00 0.49628E+00 0.00000E+00 0.00000E+00 0.92114E+00      4347215  16/0.80000E-01
 0.30000E+04 0.13000E+00 0.22803E+00 0.39384E+00 0.11439E-01 0.12085E-01 0.39814E+00 0.39891E+00 0.00000E+00 0.00000E+00 -.44365E+00      4347215  16/0.13000E+00
 0.30000E+04 0.18000E+00 0.16469E+00 0.31678E+00 0.10201E-01 0.10689E-01 0.33205E+00 0.33261E+00 0.00000E+00 0.00000E+00 -.15513E+01      4347215  16/0.18000E+00
 0.30000E+04 0.25000E+00 0.11858E+00 0.26471E+00 0.93897E-02 0.99729E-02 0.25656E+00 0.25482E+00 0.00000E+00 0.00000E+00 0.10538E+01      4347215  16/0.25000E+00
 0.30000E+04 0.40000E+00 0.74111E-01 0.13087E+00 0.65078E-02 0.67027E-02 0.12808E+00 0.12839E+00 0.00000E+00 0.00000E+00 0.38147E+00      4347215  16/0.40000E+00
 0.30000E+04 0.65000E+00 0.45607E-01 0.15162E-01 0.14548E-02 0.15057E-02 0.18249E-01 0.18496E-01 0.00000E+00 0.00000E+00 -.22916E+01      4347215  16/0.65000E+00
 0.50000E+04 0.54700E-01 0.90324E+00 0.64239E+00 0.34442E-01 0.35425E-01 0.63952E+00 0.64292E+00 0.00000E+00 0.00000E+00 -.15530E-01      4347215  17/0.54700E-01
 0.50000E+04 0.80000E-01 0.61759E+00 0.54571E+00 0.13141E-01 0.14414E-01 0.55629E+00 0.55940E+00 0.00000E+00 0.00000E+00 -.10420E+01      4347215  17/0.80000E-01
 0.50000E+04 0.13000E+00 0.38005E+00 0.47130E+00 0.13850E-01 0.14633E-01 0.43870E+00 0.43951E+00 0.00000E+00 0.00000E+00 0.22953E+01      4347215  17/0.13000E+00
 0.50000E+04 0.18000E+00 0.27448E+00 0.36470E+00 0.11859E-01 0.12403E-01 0.35900E+00 0.35985E+00 0.00000E+00 0.00000E+00 0.40861E+00      4347215  17/0.18000E+00
 0.50000E+04 0.25000E+00 0.19763E+00 0.24890E+00 0.10736E-01 0.11073E-01 0.27168E+00 0.27121E+00 0.00000E+00 0.00000E+00 -.20777E+01      4347215  17/0.25000E+00
 0.50000E+04 0.40000E+00 0.12352E+00 0.13002E+00 0.70648E-02 0.72738E-02 0.13128E+00 0.13045E+00 0.00000E+00 0.00000E+00 -.60896E-01      4347215  17/0.40000E+00
 0.50000E+04 0.65000E+00 0.76011E-01 0.14706E-01 0.20724E-02 0.21050E-02 0.17930E-01 0.17965E-01 0.00000E+00 0.00000E+00 -.15725E+01      4347215  17/0.65000E+00
 0.80000E+04 0.87500E-01 0.90344E+00 0.64366E+00 0.50209E-01 0.51385E-01 0.61393E+00 0.61789E+00 0.00000E+00 0.00000E+00 0.51315E+00      4347215  18/0.87500E-01
 0.80000E+04 0.13000E+00 0.60809E+00 0.55872E+00 0.18575E-01 0.19648E-01 0.51040E+00 0.51416E+00 0.00000E+00 0.00000E+00 0.23988E+01      4347215  18/0.13000E+00
 0.80000E+04 0.18000E+00 0.43917E+00 0.41651E+00 0.16964E-01 0.17488E-01 0.40932E+00 0.41020E+00 0.00000E+00 0.00000E+00 0.37193E+00      4347215  18/0.18000E+00
 0.80000E+04 0.25000E+00 0.31621E+00 0.29676E+00 0.14177E-01 0.14541E-01 0.30130E+00 0.30295E+00 0.00000E+00 0.00000E+00 -.43636E+00      4347215  18/0.25000E+00
 0.80000E+04 0.40000E+00 0.19763E+00 0.12136E+00 0.91403E-02 0.92680E-02 0.13954E+00 0.13898E+00 0.00000E+00 0.00000E+00 -.19274E+01      4347215  18/0.40000E+00
 0.80000E+04 0.65000E+00 0.12162E+00 0.15898E-01 0.19649E-02 0.19889E-02 0.18162E-01 0.18210E-01 0.00000E+00 0.00000E+00 -.11766E+01      4347215  18/0.65000E+00
 0.12000E+05 0.13000E+00 0.91213E+00 0.73310E+00 0.97002E-01 0.98172E-01 0.58908E+00 0.59338E+00 0.00000E+00 0.00000E+00 0.14404E+01      4347215  19/0.13000E+00
 0.12000E+05 0.18000E+00 0.65876E+00 0.48247E+00 0.22670E-01 0.23823E-01 0.48004E+00 0.48263E+00 0.00000E+00 0.00000E+00 -.72215E-02      4347215  19/0.18000E+00
 0.12000E+05 0.25000E+00 0.47431E+00 0.33417E+00 0.19999E-01 0.20408E-01 0.34572E+00 0.34522E+00 0.00000E+00 0.00000E+00 -.55245E+00      4347215  19/0.25000E+00
 0.12000E+05 0.40000E+00 0.29644E+00 0.17141E+00 0.14167E-01 0.14338E-01 0.15273E+00 0.15306E+00 0.00000E+00 0.00000E+00 0.12951E+01      4347215  19/0.40000E+00
 0.12000E+05 0.65000E+00 0.18243E+00 0.14910E-01 0.35106E-02 0.35251E-02 0.18872E-01 0.18730E-01 0.00000E+00 0.00000E+00 -.10880E+01      4347215  19/0.65000E+00
 0.20000E+05 0.25000E+00 0.79051E+00 0.47861E+00 0.33812E-01 0.35345E-01 0.42695E+00 0.43723E+00 0.00000E+00 0.00000E+00 0.12238E+01      4347215  20/0.25000E+00
 0.20000E+05 0.40000E+00 0.49407E+00 0.20599E+00 0.20449E-01 0.20625E-01 0.18104E+00 0.18139E+00 0.00000E+00 0.00000E+00 0.12028E+01      4347215  20/0.40000E+00
 0.20000E+05 0.65000E+00 0.30404E+00 0.17364E-01 0.58637E-02 0.58822E-02 0.20663E-01 0.20419E-01 0.00000E+00 0.00000E+00 -.52098E+00      4347215  20/0.65000E+00
 0.30000E+05 0.40000E+00 0.74111E+00 0.23073E+00 0.31460E-01 0.32085E-01 0.21266E+00 0.20906E+00 0.00000E+00 0.00000E+00 0.68892E+00      4347215  21/0.40000E+00
 0.30000E+05 0.65000E+00 0.45607E+00 0.44179E-01 0.14307E-01 0.14342E-01 0.23086E-01 0.22837E-01 0.00000E+00 0.00000E+00 0.14916E+01      4347215  21/0.65000E+00
 0.50000E+05 0.65000E+00 0.76011E+00 0.82210E-01 0.46643E-01 0.46667E-01 0.27323E-01 0.27167E-01 0.00000E+00 0.00000E+00 0.11801E+01      4347215  22/0.65000E+00
     2045511
 HERA1+2 CCep                                                                    
Plot1@Experiment:HERA1+2@ExtraLabel:e^{+}p #rightarrow #bar{#nu}X (CC) @XTitle: x @YTitle: d^{2}#sigma/dxdQ^{2} @Title:Q^{2} = 300  @Ymin:0.01@Xlog@Ylog
Plot2@Experiment:HERA1+2@ExtraLabel:e^{+}p #rightarrow #bar{#nu}X (CC) @XTitle: x @YTitle: d^{2}#sigma/dxdQ^{2} @Title:Q^{2} = 500  @Ymin:0.01@Xlog@Ylog
Plot3@Experiment:HERA1+2@ExtraLabel:e^{+}p #rightarrow #bar{#nu}X (CC) @XTitle: x @YTitle: d^{2}#sigma/dxdQ^{2} @Title:Q^{2} = 1000 @Ymin:0.001@Xlog@Ylog
Plot4@Experiment:HERA1+2@ExtraLabel:e^{+}p #rightarrow #bar{#nu}X (CC) @XTitle: x @YTitle: d^{2}#sigma/dxdQ^{2} @Title:Q^{2} = 1500 @Ymin:0.001@Xlog@Ylog
Plot5@Experiment:HERA1+2@ExtraLabel:e^{+}p #rightarrow #bar{#nu}X (CC) @XTitle: x @YTitle: d^{2}#sigma/dxdQ^{2} @Title:Q^{2} = 2000 @Ymin:0.001@Xlog@Ylog
Plot6@Experiment:HERA1+2@ExtraLabel:e^{+}p #rightarrow #bar{#nu}X (CC) @XTitle: x @YTitle: d^{2}#sigma/dxdQ^{2} @Title:Q^{2} = 3000 @Ymin:0.0005@Xlog@Ylog
Plot7@Experiment:HERA1+2@ExtraLabel:e^{+}p #rightarrow #bar{#nu}X (CC) @XTitle: x @YTitle: d^{2}#sigma/dxdQ^{2} @Title:Q^{2} = 5000 @Ymin:0.0001@Xlog@Ylog
Plot8@Experiment:HERA1+2@ExtraLabel:e^{+}p #rightarrow #bar{#nu}X (CC) @XTitle: x @YTitle: d^{2}#sigma/dxdQ^{2} @Title:Q^{2} = 8000 @Ymin:0.0001@Xlog@Ylog
Plot9@Experiment:HERA1+2@ExtraLabel:e^{+}p #rightarrow #bar{#nu}X (CC) @XTitle: x @YTitle: d^{2}#sigma/dxdQ^{2} @Title:Q^{2} = 15000@Ymin:0.00001@Xlog@Ylog
Plot10@Experiment:HERA1+2@ExtraLabel:e^{+}p #rightarrow #bar{#nu}X (CC) @XTitle: x @YTitle: d^{2}#sigma/dxdQ^{2} @Title:Q^{2} = 30000@Ymin:0.00001@Xlog@Ylog
 Q2          x           y              data      +- uncor     +- tot     th orig         th mod   therr+         therr-     pull    iset       iplot
 0.30000E+03 0.80000E-02 0.37055E+00 0.11422E+01 0.13816E+00 0.14321E+00 0.11015E+01 0.11155E+01 0.00000E+00 0.00000E+00 0.19290E+00      2045511   1/0.80000E-02
 0.30000E+03 0.13000E-01 0.22803E+00 0.72565E+00 0.45233E-01 0.50373E-01 0.65093E+00 0.66170E+00 0.00000E+00 0.00000E+00 0.14138E+01      2045511   1/0.13000E-01
 0.30000E+03 0.32000E-01 0.92638E-01 0.20678E+00 0.11581E-01 0.12367E-01 0.20861E+00 0.20963E+00 0.00000E+00 0.00000E+00 -.24618E+00      2045511   1/0.32000E-01
 0.30000E+03 0.80000E-01 0.37055E-01 0.46781E-01 0.34271E-02 0.35421E-02 0.57305E-01 0.57731E-01 0.00000E+00 0.00000E+00 -.31950E+01      2045511   1/0.80000E-01
 0.30000E+03 0.13000E+00 0.22803E-01 0.33700E-01 0.92544E-02 0.92797E-02 0.26957E-01 0.27138E-01 0.00000E+00 0.00000E+00 0.70905E+00      2045511   1/0.13000E+00
 0.50000E+03 0.80000E-02 0.61759E+00 0.66582E+00 0.16919E+00 0.17336E+00 0.82898E+00 0.84913E+00 0.00000E+00 0.00000E+00 -.10835E+01      2045511   2/0.80000E-02
 0.50000E+03 0.13000E-01 0.38005E+00 0.52424E+00 0.29495E-01 0.32238E-01 0.52846E+00 0.53574E+00 0.00000E+00 0.00000E+00 -.38993E+00      2045511   2/0.13000E-01
 0.50000E+03 0.32000E-01 0.15440E+00 0.19580E+00 0.84720E-02 0.90224E-02 0.18446E+00 0.18571E+00 0.00000E+00 0.00000E+00 0.11914E+01      2045511   2/0.32000E-01
 0.50000E+03 0.80000E-01 0.61759E-01 0.52823E-01 0.25517E-02 0.26115E-02 0.52055E-01 0.52165E-01 0.00000E+00 0.00000E+00 0.25771E+00      2045511   2/0.80000E-01
 0.50000E+03 0.13000E+00 0.38005E-01 0.23908E-01 0.20609E-02 0.21473E-02 0.24527E-01 0.24659E-01 0.00000E+00 0.00000E+00 -.36456E+00      2045511   2/0.13000E+00
 0.10000E+04 0.13000E-01 0.76011E+00 0.31717E+00 0.20960E-01 0.22497E-01 0.32165E+00 0.32597E+00 0.00000E+00 0.00000E+00 -.41989E+00      2045511   3/0.13000E-01
 0.10000E+04 0.32000E-01 0.30879E+00 0.14431E+00 0.51516E-02 0.54755E-02 0.13283E+00 0.13399E+00 0.00000E+00 0.00000E+00 0.20030E+01      2045511   3/0.32000E-01
 0.10000E+04 0.80000E-01 0.12352E+00 0.40671E-01 0.16268E-02 0.16772E-02 0.41080E-01 0.41257E-01 0.00000E+00 0.00000E+00 -.36046E+00      2045511   3/0.80000E-01
 0.10000E+04 0.13000E+00 0.76011E-01 0.20941E-01 0.11949E-02 0.12147E-02 0.19718E-01 0.19818E-01 0.00000E+00 0.00000E+00 0.94022E+00      2045511   3/0.13000E+00
 0.10000E+04 0.25000E+00 0.39526E-01 0.58808E-02 0.70246E-03 0.70716E-03 0.55426E-02 0.55612E-02 0.00000E+00 0.00000E+00 0.45492E+00      2045511   3/0.25000E+00
 0.15000E+04 0.32000E-01 0.46319E+00 0.98212E-01 0.54433E-02 0.57531E-02 0.95566E-01 0.96577E-01 0.00000E+00 0.00000E+00 0.30030E+00      2045511   4/0.32000E-01
 0.15000E+04 0.80000E-01 0.18528E+00 0.32999E-01 0.17119E-02 0.17670E-02 0.32617E-01 0.32978E-01 0.00000E+00 0.00000E+00 0.12325E-01      2045511   4/0.80000E-01
 0.15000E+04 0.13000E+00 0.11402E+00 0.14766E-01 0.10900E-02 0.11024E-02 0.16068E-01 0.16144E-01 0.00000E+00 0.00000E+00 -.12642E+01      2045511   4/0.13000E+00
 0.15000E+04 0.25000E+00 0.59289E-01 0.50457E-02 0.46768E-03 0.47067E-03 0.45858E-02 0.46117E-02 0.00000E+00 0.00000E+00 0.92792E+00      2045511   4/0.25000E+00
 0.15000E+04 0.40000E+00 0.37055E-01 0.10004E-02 0.42054E-03 0.42080E-03 0.10554E-02 0.10607E-02 0.00000E+00 0.00000E+00 -.14338E+00      2045511   4/0.40000E+00
 0.20000E+04 0.32000E-01 0.61759E+00 0.79423E-01 0.42036E-02 0.43664E-02 0.69959E-01 0.69970E-01 0.00000E+00 0.00000E+00 0.22489E+01      2045511   5/0.32000E-01
 0.20000E+04 0.80000E-01 0.24704E+00 0.26220E-01 0.13073E-02 0.13355E-02 0.26037E-01 0.26043E-01 0.00000E+00 0.00000E+00 0.13577E+00      2045511   5/0.80000E-01
 0.20000E+04 0.13000E+00 0.15202E+00 0.13023E-01 0.89855E-03 0.91036E-03 0.13209E-01 0.13246E-01 0.00000E+00 0.00000E+00 -.24833E+00      2045511   5/0.13000E+00
 0.20000E+04 0.25000E+00 0.79051E-01 0.42520E-02 0.45931E-03 0.49167E-03 0.38478E-02 0.39023E-02 0.00000E+00 0.00000E+00 0.76131E+00      2045511   5/0.25000E+00
 0.30000E+04 0.32000E-01 0.92638E+00 0.47224E-01 0.60115E-02 0.62284E-02 0.43178E-01 0.44006E-01 0.00000E+00 0.00000E+00 0.53531E+00      2045511   6/0.32000E-01
 0.30000E+04 0.80000E-01 0.37055E+00 0.18553E-01 0.68362E-03 0.73650E-03 0.16821E-01 0.16888E-01 0.00000E+00 0.00000E+00 0.24358E+01      2045511   6/0.80000E-01
 0.30000E+04 0.13000E+00 0.22803E+00 0.94418E-02 0.42682E-03 0.44006E-03 0.90955E-02 0.91247E-02 0.00000E+00 0.00000E+00 0.74300E+00      2045511   6/0.13000E+00
 0.30000E+04 0.25000E+00 0.11858E+00 0.26184E-02 0.17031E-03 0.17276E-03 0.27850E-02 0.28049E-02 0.00000E+00 0.00000E+00 -.10952E+01      2045511   6/0.25000E+00
 0.30000E+04 0.40000E+00 0.74111E-01 0.61961E-03 0.10009E-03 0.10303E-03 0.65265E-03 0.65891E-03 0.00000E+00 0.00000E+00 -.39266E+00      2045511   6/0.40000E+00
 0.50000E+04 0.80000E-01 0.61759E+00 0.75414E-02 0.45183E-03 0.48372E-03 0.74412E-02 0.74561E-02 0.00000E+00 0.00000E+00 0.18888E+00      2045511   7/0.80000E-01
 0.50000E+04 0.13000E+00 0.38005E+00 0.45257E-02 0.23767E-03 0.24967E-03 0.45307E-02 0.45263E-02 0.00000E+00 0.00000E+00 -.24089E-02      2045511   7/0.13000E+00
 0.50000E+04 0.25000E+00 0.19763E+00 0.15381E-02 0.97631E-04 0.10011E-03 0.15660E-02 0.15721E-02 0.00000E+00 0.00000E+00 -.34837E+00      2045511   7/0.25000E+00
 0.50000E+04 0.40000E+00 0.12352E+00 0.56331E-03 0.62015E-04 0.63177E-04 0.38394E-03 0.38848E-03 0.00000E+00 0.00000E+00 0.28191E+01      2045511   7/0.40000E+00
 0.80000E+04 0.13000E+00 0.60809E+00 0.15093E-02 0.12910E-03 0.13777E-03 0.17235E-02 0.17135E-02 0.00000E+00 0.00000E+00 -.15813E+01      2045511   8/0.13000E+00
 0.80000E+04 0.25000E+00 0.31621E+00 0.74339E-03 0.57045E-04 0.59627E-04 0.73038E-03 0.73031E-03 0.00000E+00 0.00000E+00 0.22936E+00      2045511   8/0.25000E+00
 0.80000E+04 0.40000E+00 0.19763E+00 0.20493E-03 0.29514E-04 0.30062E-04 0.19636E-03 0.19910E-03 0.00000E+00 0.00000E+00 0.19759E+00      2045511   8/0.40000E+00
 0.15000E+05 0.25000E+00 0.59289E+00 0.13735E-03 0.19547E-04 0.20530E-04 0.14673E-03 0.14488E-03 0.00000E+00 0.00000E+00 -.38527E+00      2045511   9/0.25000E+00
 0.15000E+05 0.40000E+00 0.37055E+00 0.59554E-04 0.95476E-05 0.98190E-05 0.53905E-04 0.54159E-04 0.00000E+00 0.00000E+00 0.56502E+00      2045511   9/0.40000E+00
 0.30000E+05 0.40000E+00 0.74111E+00 0.54400E-05 0.37741E-05 0.39421E-05 0.40623E-05 0.39014E-05 0.00000E+00 0.00000E+00 0.40768E+00      2045511  10/0.40000E+00
     4493380
 HERA1+2 CCem                                                                    
Plot1@Experiment:HERA1+2@ExtraLabel:e^{-}p #rightarrow #nuX (CC) @XTitle: x @YTitle: d^{2}#sigma/dxdQ^{2} @Title:Q^{2} = 300  @Ymin:0.01@Xlog@Ylog
Plot2@Experiment:HERA1+2@ExtraLabel:e^{-}p #rightarrow #nuX (CC) @XTitle: x @YTitle: d^{2}#sigma/dxdQ^{2} @Title:Q^{2} = 500  @Ymin:0.01@Xlog@Ylog
Plot3@Experiment:HERA1+2@ExtraLabel:e^{-}p #rightarrow #nuX (CC) @XTitle: x @YTitle: d^{2}#sigma/dxdQ^{2} @Title:Q^{2} = 1000 @Ymin:0.001@Xlog@Ylog
Plot4@Experiment:HERA1+2@ExtraLabel:e^{-}p #rightarrow #nuX (CC) @XTitle: x @YTitle: d^{2}#sigma/dxdQ^{2} @Title:Q^{2} = 1500 @Ymin:0.001@Xlog@Ylog
Plot5@Experiment:HERA1+2@ExtraLabel:e^{-}p #rightarrow #nuX (CC) @XTitle: x @YTitle: d^{2}#sigma/dxdQ^{2} @Title:Q^{2} = 2000 @Ymin:0.001@Xlog@Ylog
Plot6@Experiment:HERA1+2@ExtraLabel:e^{-}p #rightarrow #nuX (CC) @XTitle: x @YTitle: d^{2}#sigma/dxdQ^{2} @Title:Q^{2} = 3000 @Ymin:0.0005@Xlog@Ylog
Plot7@Experiment:HERA1+2@ExtraLabel:e^{-}p #rightarrow #nuX (CC) @XTitle: x @YTitle: d^{2}#sigma/dxdQ^{2} @Title:Q^{2} = 5000 @Ymin:0.0001@Xlog@Ylog
Plot8@Experiment:HERA1+2@ExtraLabel:e^{-}p #rightarrow #nuX (CC) @XTitle: x @YTitle: d^{2}#sigma/dxdQ^{2} @Title:Q^{2} = 8000 @Ymin:0.0001@Xlog@Ylog
Plot9@Experiment:HERA1+2@ExtraLabel:e^{-}p #rightarrow #nuX (CC) @XTitle: x @YTitle: d^{2}#sigma/dxdQ^{2} @Title:Q^{2} = 15000@Ymin:0.00001@Xlog@Ylog
Plot10@Experiment:HERA1+2@ExtraLabel:e^{-}p #rightarrow #nuX (CC) @XTitle: x @YTitle: d^{2}#sigma/dxdQ^{2} @Title:Q^{2} = 30000@Ymin:0.00001@Xlog@Ylog
 Q2          x           y              data      +- uncor     +- tot     th orig         th mod   therr+         therr-     pull    iset       iplot
 0.30000E+03 0.80000E-02 0.37055E+00 0.18618E+01 0.74183E+00 0.76722E+00 0.12403E+01 0.12718E+01 0.00000E+00 0.00000E+00 0.79531E+00      4493380   1/0.80000E-02
 0.30000E+03 0.13000E-01 0.22803E+00 0.70388E+00 0.60427E-01 0.63197E-01 0.74739E+00 0.73345E+00 0.00000E+00 0.00000E+00 -.48942E+00      4493380   1/0.13000E-01
 0.30000E+03 0.32000E-01 0.92638E-01 0.26247E+00 0.20461E-01 0.21503E-01 0.25997E+00 0.25736E+00 0.00000E+00 0.00000E+00 0.24967E+00      4493380   1/0.32000E-01
 0.30000E+03 0.80000E-01 0.37055E-01 0.91028E-01 0.71264E-02 0.80511E-02 0.83693E-01 0.82751E-01 0.00000E+00 0.00000E+00 0.11614E+01      4493380   1/0.80000E-01
 0.30000E+03 0.13000E+00 0.22803E-01 0.38063E-01 0.10090E-01 0.10125E-01 0.44595E-01 0.43501E-01 0.00000E+00 0.00000E+00 -.53892E+00      4493380   1/0.13000E+00
 0.50000E+03 0.13000E-01 0.38005E+00 0.61064E+00 0.38567E-01 0.41412E-01 0.63413E+00 0.62461E+00 0.00000E+00 0.00000E+00 -.36210E+00      4493380   2/0.13000E-01
 0.50000E+03 0.32000E-01 0.15440E+00 0.21978E+00 0.12589E-01 0.13186E-01 0.23735E+00 0.23489E+00 0.00000E+00 0.00000E+00 -.12005E+01      4493380   2/0.32000E-01
 0.50000E+03 0.80000E-01 0.61759E-01 0.63485E-01 0.38344E-02 0.39577E-02 0.77951E-01 0.76951E-01 0.00000E+00 0.00000E+00 -.35119E+01      4493380   2/0.80000E-01
 0.50000E+03 0.13000E+00 0.38005E-01 0.46285E-01 0.39570E-02 0.45989E-02 0.41506E-01 0.41271E-01 0.00000E+00 0.00000E+00 0.12672E+01      4493380   2/0.13000E+00
 0.10000E+04 0.13000E-01 0.76011E+00 0.43228E+00 0.28193E-01 0.30069E-01 0.43332E+00 0.42646E+00 0.00000E+00 0.00000E+00 0.20630E+00      4493380   3/0.13000E-01
 0.10000E+04 0.32000E-01 0.30879E+00 0.18144E+00 0.85901E-02 0.89278E-02 0.18705E+00 0.18539E+00 0.00000E+00 0.00000E+00 -.46019E+00      4493380   3/0.32000E-01
 0.10000E+04 0.80000E-01 0.12352E+00 0.58715E-01 0.26767E-02 0.27668E-02 0.65624E-01 0.64955E-01 0.00000E+00 0.00000E+00 -.23313E+01      4493380   3/0.80000E-01
 0.10000E+04 0.13000E+00 0.76011E-01 0.33102E-01 0.18245E-02 0.19271E-02 0.35240E-01 0.35006E-01 0.00000E+00 0.00000E+00 -.10434E+01      4493380   3/0.13000E+00
 0.10000E+04 0.25000E+00 0.39526E-01 0.13116E-01 0.14834E-02 0.14917E-02 0.12893E-01 0.12783E-01 0.00000E+00 0.00000E+00 0.22424E+00      4493380   3/0.25000E+00
 0.15000E+04 0.32000E-01 0.46319E+00 0.14347E+00 0.10575E-01 0.10743E-01 0.14886E+00 0.14726E+00 0.00000E+00 0.00000E+00 -.35815E+00      4493380   4/0.32000E-01
 0.15000E+04 0.80000E-01 0.18528E+00 0.52158E-01 0.30617E-02 0.31241E-02 0.55789E-01 0.55312E-01 0.00000E+00 0.00000E+00 -.10300E+01      4493380   4/0.80000E-01
 0.15000E+04 0.13000E+00 0.11402E+00 0.27866E-01 0.17229E-02 0.17720E-02 0.30338E-01 0.29921E-01 0.00000E+00 0.00000E+00 -.11929E+01      4493380   4/0.13000E+00
 0.15000E+04 0.25000E+00 0.59289E-01 0.11505E-01 0.84345E-03 0.85273E-03 0.11101E-01 0.11130E-01 0.00000E+00 0.00000E+00 0.44492E+00      4493380   4/0.25000E+00
 0.15000E+04 0.40000E+00 0.37055E-01 0.48258E-02 0.81697E-03 0.82105E-03 0.36964E-02 0.37469E-02 0.00000E+00 0.00000E+00 0.13206E+01      4493380   4/0.40000E+00
 0.20000E+04 0.32000E-01 0.61759E+00 0.12372E+00 0.67613E-02 0.70199E-02 0.12089E+00 0.12069E+00 0.00000E+00 0.00000E+00 0.44788E+00      4493380   5/0.32000E-01
 0.20000E+04 0.80000E-01 0.24704E+00 0.46340E-01 0.22571E-02 0.23187E-02 0.47868E-01 0.47778E-01 0.00000E+00 0.00000E+00 -.63721E+00      4493380   5/0.80000E-01
 0.20000E+04 0.13000E+00 0.15202E+00 0.23176E-01 0.16075E-02 0.16359E-02 0.26385E-01 0.26294E-01 0.00000E+00 0.00000E+00 -.19399E+01      4493380   5/0.13000E+00
 0.20000E+04 0.25000E+00 0.79051E-01 0.10108E-01 0.11302E-02 0.13568E-02 0.96850E-02 0.98566E-02 0.00000E+00 0.00000E+00 0.22248E+00      4493380   5/0.25000E+00
 0.30000E+04 0.32000E-01 0.92638E+00 0.86065E-01 0.10267E-01 0.10349E-01 0.86892E-01 0.85634E-01 0.00000E+00 0.00000E+00 0.42007E-01      4493380   6/0.32000E-01
 0.30000E+04 0.80000E-01 0.37055E+00 0.32522E-01 0.12105E-02 0.12631E-02 0.36127E-01 0.36131E-01 0.00000E+00 0.00000E+00 -.29816E+01      4493380   6/0.80000E-01
 0.30000E+04 0.13000E+00 0.22803E+00 0.18460E-01 0.83114E-03 0.85372E-03 0.20447E-01 0.20391E-01 0.00000E+00 0.00000E+00 -.23234E+01      4493380   6/0.13000E+00
 0.30000E+04 0.25000E+00 0.11858E+00 0.75154E-02 0.38209E-03 0.39179E-03 0.75793E-02 0.76173E-02 0.00000E+00 0.00000E+00 -.26681E+00      4493380   6/0.25000E+00
 0.30000E+04 0.40000E+00 0.74111E-01 0.26072E-02 0.23459E-03 0.24189E-03 0.24870E-02 0.25426E-02 0.00000E+00 0.00000E+00 0.27547E+00      4493380   6/0.40000E+00
 0.50000E+04 0.80000E-01 0.61759E+00 0.21095E-01 0.97579E-03 0.10125E-02 0.22420E-01 0.22492E-01 0.00000E+00 0.00000E+00 -.14315E+01      4493380   7/0.80000E-01
 0.50000E+04 0.13000E+00 0.38005E+00 0.11992E-01 0.53316E-03 0.55035E-03 0.13215E-01 0.13235E-01 0.00000E+00 0.00000E+00 -.23306E+01      4493380   7/0.13000E+00
 0.50000E+04 0.25000E+00 0.19763E+00 0.46471E-02 0.22704E-03 0.23416E-03 0.50117E-02 0.50562E-02 0.00000E+00 0.00000E+00 -.18018E+01      4493380   7/0.25000E+00
 0.50000E+04 0.40000E+00 0.12352E+00 0.19005E-02 0.14709E-03 0.15312E-03 0.16337E-02 0.16799E-02 0.00000E+00 0.00000E+00 0.14998E+01      4493380   7/0.40000E+00
 0.50000E+04 0.65000E+00 0.76011E-01 0.32341E-03 0.97021E-04 0.99958E-04 0.14664E-03 0.15886E-03 0.00000E+00 0.00000E+00 0.16961E+01      4493380   7/0.65000E+00
 0.80000E+04 0.13000E+00 0.60809E+00 0.82050E-02 0.44274E-03 0.47261E-03 0.78189E-02 0.79252E-02 0.00000E+00 0.00000E+00 0.63208E+00      4493380   8/0.13000E+00
 0.80000E+04 0.25000E+00 0.31621E+00 0.28236E-02 0.15417E-03 0.16185E-03 0.30506E-02 0.30851E-02 0.00000E+00 0.00000E+00 -.16959E+01      4493380   8/0.25000E+00
 0.80000E+04 0.40000E+00 0.19763E+00 0.10278E-02 0.82749E-04 0.86718E-04 0.99237E-03 0.10234E-02 0.00000E+00 0.00000E+00 0.52878E-01      4493380   8/0.40000E+00
 0.80000E+04 0.65000E+00 0.12162E+00 0.91788E-04 0.49520E-04 0.50413E-04 0.87156E-04 0.97281E-04 0.00000E+00 0.00000E+00 -.11092E+00      4493380   8/0.65000E+00
 0.15000E+05 0.25000E+00 0.59289E+00 0.13893E-02 0.91267E-04 0.10237E-03 0.13209E-02 0.13627E-02 0.00000E+00 0.00000E+00 0.29189E+00      4493380   9/0.25000E+00
 0.15000E+05 0.40000E+00 0.37055E+00 0.39046E-03 0.32524E-04 0.35413E-04 0.43067E-03 0.44707E-03 0.00000E+00 0.00000E+00 -.17404E+01      4493380   9/0.40000E+00
 0.15000E+05 0.65000E+00 0.22803E+00 0.42399E-04 0.22183E-04 0.22762E-04 0.36875E-04 0.41886E-04 0.00000E+00 0.00000E+00 0.23121E-01      4493380   9/0.65000E+00
 0.30000E+05 0.40000E+00 0.74111E+00 0.15339E-03 0.22215E-04 0.24377E-04 0.14189E-03 0.15124E-03 0.00000E+00 0.00000E+00 0.96855E-01      4493380  10/0.40000E+00
 0.30000E+05 0.65000E+00 0.45607E+00 0.16313E-04 0.85605E-05 0.91931E-05 0.11862E-04 0.14573E-04 0.00000E+00 0.00000E+00 0.20329E+00      4493380  10/0.65000E+00
     3448910
 Charm cross section H1-ZEUS combined                                            
Plot1@ExtraLabel: H1 ZEUS Charm@Title:Q2 = 2.5 @XTitle: x @YTitle: #sigma^{cc}_{red} @Xmin:0.00001@Xmax:0.1@Ymin:0.001@Ymax:.15@YminR:0.7@YmaxR:1.3@Xlog
Plot2@ExtraLabel: H1 ZEUS Charm@Title:Q2 = 5   @XTitle: x @YTitle: #sigma^{cc}_{red} @Xmin:0.00001@Xmax:0.1@Ymin:0.001@Ymax:.25@YminR:0.7@YmaxR:1.3@Xlog
Plot3@ExtraLabel: H1 ZEUS Charm@Title:Q2 = 7   @XTitle: x @YTitle: #sigma^{cc}_{red} @Xmin:0.00001@Xmax:0.1@Ymin:0.001@Ymax:.35@YminR:0.7@YmaxR:1.3@Xlog
Plot4@ExtraLabel: H1 ZEUS Charm@Title:Q2 = 12  @XTitle: x @YTitle: #sigma^{cc}_{red} @Xmin:0.00001@Xmax:0.1@Ymin:0.001@Ymax:.5@YminR:0.7@YmaxR:1.3@Xlog
Plot5@ExtraLabel: H1 ZEUS Charm@Title:Q2 = 18  @XTitle: x @YTitle: #sigma^{cc}_{red} @Xmin:0.00001@Xmax:0.1@Ymin:0.001@Ymax:.5@YminR:0.7@YmaxR:1.3@Xlog
Plot6@ExtraLabel: H1 ZEUS Charm@Title:Q2 = 32  @XTitle: x @YTitle: #sigma^{cc}_{red} @Xmin:0.00001@Xmax:0.1@Ymin:0.001@Ymax:.5@YminR:0.7@YmaxR:1.3@Xlog
Plot7@ExtraLabel: H1 ZEUS Charm@Title:Q2 = 60  @XTitle: x @YTitle: #sigma^{cc}_{red} @Xmin:0.00001@Xmax:0.1@Ymin:0.001@Ymax:.5@YminR:0.7@YmaxR:1.3@Xlog
Plot8@ExtraLabel: H1 ZEUS Charm@Title:Q2 = 120 @XTitle: x @YTitle: #sigma^{cc}_{red} @Xmin:0.00001@Xmax:0.1@Ymin:0.001@Ymax:.5@YminR:0.7@YmaxR:1.3@Xlog
Plot9@ExtraLabel: H1 ZEUS Charm@Title:Q2 = 200 @XTitle: x @YTitle: #sigma^{cc}_{red} @Xmin:0.00001@Xmax:0.1@Ymin:0.001@Ymax:.5@YminR:0.7@YmaxR:1.3@Xlog
Plot10@ExtraLabel: H1 ZEUS Charm@Title:Q2 = 350 @XTitle: x @YTitle: #sigma^{cc}_{red} @Xmin:0.00001@Xmax:0.1@Ymin:0.001@Ymax:.5@YminR:0.7@YmaxR:1.3@Xlog
Plot11@ExtraLabel: H1 ZEUS Charm@Title:Q2 = 650 @XTitle: x @YTitle: #sigma^{cc}_{red} @Xmin:0.00001@Xmax:0.1@Ymin:0.001@Ymax:.5@YminR:0.7@YmaxR:1.3@Xlog
Plot12@ExtraLabel: H1 ZEUS Charm@Title:Q2 = 2000@XTitle: x @YTitle: #sigma^{cc}_{red} @Xmin:0.00001@Xmax:0.1@Ymin:0.001@Ymax:.5@YminR:0.7@YmaxR:1.3@Xlog
 x           Q2          y              data      +- uncor     +- tot     th orig         th mod   therr+         therr-     pull    iset       iplot
 0.18000E-03 0.50000E+01 0.27448E+00 0.14949E+00 0.12494E-01 0.16189E-01 0.11454E+00 0.12960E+00 0.00000E+00 0.00000E+00 0.15920E+01      3448910   2/0.18000E-03
 0.50000E-03 0.70000E+01 0.13834E+00 0.15531E+00 0.67075E-02 0.11326E-01 0.13950E+00 0.14380E+00 0.00000E+00 0.00000E+00 0.17151E+01      3448910   3/0.50000E-03
 0.30000E-03 0.70000E+01 0.23057E+00 0.16886E+00 0.77272E-02 0.13147E-01 0.15820E+00 0.16913E+00 0.00000E+00 0.00000E+00 -.35366E-01      3448910   3/0.30000E-03
 0.15000E-02 0.12000E+02 0.79051E-01 0.14129E+00 0.77142E-02 0.12309E-01 0.15869E+00 0.14725E+00 0.00000E+00 0.00000E+00 -.77214E+00      3448910   4/0.15000E-02
 0.80000E-03 0.12000E+02 0.14822E+00 0.17714E+00 0.66666E-02 0.12156E-01 0.19272E+00 0.18721E+00 0.00000E+00 0.00000E+00 -.15092E+01      3448910   4/0.80000E-03
 0.50000E-03 0.12000E+02 0.23715E+00 0.23416E+00 0.10045E-01 0.15567E-01 0.22010E+00 0.23162E+00 0.00000E+00 0.00000E+00 0.25239E+00      3448910   4/0.50000E-03
 0.32000E-03 0.12000E+02 0.37055E+00 0.28523E+00 0.13440E-01 0.23022E-01 0.24685E+00 0.27074E+00 0.00000E+00 0.00000E+00 0.10785E+01      3448910   4/0.32000E-03
 0.25000E-02 0.18000E+02 0.71146E-01 0.15760E+00 0.55574E-02 0.10599E-01 0.16781E+00 0.15792E+00 0.00000E+00 0.00000E+00 -.57823E-01      3448910   5/0.25000E-02
 0.13500E-02 0.18000E+02 0.13175E+00 0.20087E+00 0.65335E-02 0.12404E-01 0.20632E+00 0.20490E+00 0.00000E+00 0.00000E+00 -.61708E+00      3448910   5/0.13500E-02
 0.80000E-03 0.18000E+02 0.22233E+00 0.26374E+00 0.10135E-01 0.15956E-01 0.24136E+00 0.25048E+00 0.00000E+00 0.00000E+00 0.13082E+01      3448910   5/0.80000E-03
 0.50000E-03 0.18000E+02 0.35573E+00 0.27655E+00 0.12886E-01 0.23197E-01 0.27370E+00 0.29417E+00 0.00000E+00 0.00000E+00 -.13675E+01      3448910   5/0.50000E-03
 0.32000E-02 0.32000E+02 0.98814E-01 0.19420E+00 0.13741E-01 0.17556E-01 0.20147E+00 0.18979E+00 0.00000E+00 0.00000E+00 0.32099E+00      3448910   6/0.32000E-02
 0.24000E-02 0.32000E+02 0.13175E+00 0.20353E+00 0.97816E-02 0.14045E-01 0.22433E+00 0.21979E+00 0.00000E+00 0.00000E+00 -.16623E+01      3448910   6/0.24000E-02
 0.14000E-02 0.32000E+02 0.22586E+00 0.27666E+00 0.10720E-01 0.15959E-01 0.26916E+00 0.27082E+00 0.00000E+00 0.00000E+00 0.54469E+00      3448910   6/0.14000E-02
 0.80000E-03 0.32000E+02 0.39526E+00 0.35273E+00 0.15185E-01 0.24225E-01 0.31595E+00 0.33452E+00 0.00000E+00 0.00000E+00 0.11991E+01      3448910   6/0.80000E-03
 0.50000E-02 0.60000E+02 0.11858E+00 0.19753E+00 0.93173E-02 0.13409E-01 0.21050E+00 0.20301E+00 0.00000E+00 0.00000E+00 -.58910E+00      3448910   7/0.50000E-02
 0.32000E-02 0.60000E+02 0.18528E+00 0.27206E+00 0.12873E-01 0.16660E-01 0.25429E+00 0.25812E+00 0.00000E+00 0.00000E+00 0.10829E+01      3448910   7/0.32000E-02
 0.20000E-02 0.60000E+02 0.29644E+00 0.33871E+00 0.14681E-01 0.19321E-01 0.30251E+00 0.30173E+00 0.00000E+00 0.00000E+00 0.25185E+01      3448910   7/0.20000E-02
 0.14000E-02 0.60000E+02 0.42349E+00 0.32181E+00 0.19730E-01 0.26884E-01 0.33761E+00 0.33647E+00 0.00000E+00 0.00000E+00 -.74292E+00      3448910   7/0.14000E-02
 0.10000E-01 0.12000E+03 0.11858E+00 0.15901E+00 0.10477E-01 0.13658E-01 0.17717E+00 0.16546E+00 0.00000E+00 0.00000E+00 -.61496E+00      3448910   8/0.10000E-01
 0.55000E-02 0.12000E+03 0.21559E+00 0.22599E+00 0.11746E-01 0.15645E-01 0.24282E+00 0.23277E+00 0.00000E+00 0.00000E+00 -.57680E+00      3448910   8/0.55000E-02
 0.20000E-02 0.12000E+03 0.59289E+00 0.34498E+00 0.24498E-01 0.30481E-01 0.35370E+00 0.35755E+00 0.00000E+00 0.00000E+00 -.51297E+00      3448910   8/0.20000E-02
 0.13000E-01 0.20000E+03 0.15202E+00 0.16594E+00 0.11093E-01 0.13710E-01 0.16646E+00 0.16235E+00 0.00000E+00 0.00000E+00 0.32351E+00      3448910   9/0.13000E-01
 0.50000E-02 0.20000E+03 0.39526E+00 0.24389E+00 0.19701E-01 0.24198E-01 0.28023E+00 0.26617E+00 0.00000E+00 0.00000E+00 -.11307E+01      3448910   9/0.50000E-02
 0.25000E-01 0.35000E+03 0.13834E+00 0.10163E+00 0.11370E-01 0.14009E-01 0.11078E+00 0.10291E+00 0.00000E+00 0.00000E+00 -.11255E+00      3448910  10/0.25000E-01
 0.10000E-01 0.35000E+03 0.34585E+00 0.22009E+00 0.19184E-01 0.25113E-01 0.21283E+00 0.21190E+00 0.00000E+00 0.00000E+00 0.42677E+00      3448910  10/0.10000E-01
 0.32000E-01 0.65000E+03 0.20072E+00 0.93895E-01 0.11633E-01 0.15376E-01 0.94579E-01 0.85310E-01 0.00000E+00 0.00000E+00 0.73800E+00      3448910  11/0.32000E-01
 0.13000E-01 0.65000E+03 0.49407E+00 0.20037E+00 0.22302E-01 0.26706E-01 0.19215E+00 0.18864E+00 0.00000E+00 0.00000E+00 0.52637E+00      3448910  11/0.13000E-01
 0.50000E-01 0.20000E+04 0.39526E+00 0.62148E-01 0.17185E-01 0.19430E-01 0.62781E-01 0.61214E-01 0.00000E+00 0.00000E+00 0.54326E-01      3448910  12/0.50000E-01
 0.16000E-02 0.70000E+01 0.43231E-01 0.92482E-01 0.58761E-02 0.91569E-02 0.10083E+00 0.94592E-01 0.00000E+00 0.00000E+00 -.35903E+00      3448910   3/0.16000E-02
 0.80000E-03 0.70000E+01 0.86462E-01 0.11561E+00 0.82650E-02 0.10848E-01 0.12329E+00 0.12131E+00 0.00000E+00 0.00000E+00 -.68952E+00      3448910   3/0.80000E-03
 0.13000E-03 0.70000E+01 0.53208E+00 0.21417E+00 0.17368E-01 0.24365E-01 0.18983E+00 0.22097E+00 0.00000E+00 0.00000E+00 -.39146E+00      3448910   3/0.13000E-03
 0.30000E-02 0.12000E+02 0.39526E-01 0.10278E+00 0.63153E-02 0.10407E-01 0.12470E+00 0.11005E+00 0.00000E+00 0.00000E+00 -.11519E+01      3448910   4/0.30000E-02
 0.22000E-03 0.12000E+02 0.53899E+00 0.29831E+00 0.25172E-01 0.33126E-01 0.26751E+00 0.30756E+00 0.00000E+00 0.00000E+00 -.36726E+00      3448910   4/0.22000E-03
 0.45000E-02 0.18000E+02 0.39526E-01 0.13490E+00 0.77761E-02 0.13499E-01 0.13355E+00 0.11865E+00 0.00000E+00 0.00000E+00 0.20887E+01      3448910   5/0.45000E-02
 0.35000E-03 0.18000E+02 0.50819E+00 0.30928E+00 0.28365E-01 0.34840E-01 0.29580E+00 0.32922E+00 0.00000E+00 0.00000E+00 -.70303E+00      3448910   5/0.35000E-03
 0.80000E-02 0.32000E+02 0.39526E-01 0.10273E+00 0.10954E-01 0.13857E-01 0.13406E+00 0.11508E+00 0.00000E+00 0.00000E+00 -.11279E+01      3448910   6/0.80000E-02
 0.55000E-02 0.32000E+02 0.57492E-01 0.14873E+00 0.10240E-01 0.13592E-01 0.16056E+00 0.14882E+00 0.00000E+00 0.00000E+00 -.84452E-02      3448910   6/0.55000E-02
 0.15000E-01 0.60000E+02 0.39526E-01 0.10079E+00 0.10658E-01 0.12492E-01 0.11582E+00 0.10297E+00 0.00000E+00 0.00000E+00 -.20452E+00      3448910   7/0.15000E-01
 0.80000E-02 0.60000E+02 0.74111E-01 0.14560E+00 0.17488E-01 0.19083E-01 0.16752E+00 0.15507E+00 0.00000E+00 0.00000E+00 -.54110E+00      3448910   7/0.80000E-02
 0.30000E-04 0.25000E+01 0.82345E+00 0.11263E+00 0.15807E-01 0.20003E-01 0.88365E-01 0.11208E+00 0.00000E+00 0.00000E+00 0.34982E-01      3448910   1/0.30000E-04
 0.70000E-04 0.25000E+01 0.35291E+00 0.10674E+00 0.95942E-02 0.14283E-01 0.75396E-01 0.92771E-01 0.00000E+00 0.00000E+00 0.14565E+01      3448910   1/0.70000E-04
 0.13000E-03 0.25000E+01 0.19003E+00 0.88876E-01 0.88817E-02 0.12176E-01 0.66580E-01 0.78993E-01 0.00000E+00 0.00000E+00 0.11128E+01      3448910   1/0.13000E-03
 0.18000E-03 0.25000E+01 0.13724E+00 0.90667E-01 0.85787E-02 0.11498E-01 0.62356E-01 0.71497E-01 0.00000E+00 0.00000E+00 0.22346E+01      3448910   1/0.18000E-03
 0.35000E-03 0.25000E+01 0.70582E-01 0.55989E-01 0.48764E-02 0.66768E-02 0.54353E-01 0.57984E-01 0.00000E+00 0.00000E+00 -.40899E+00      3448910   1/0.35000E-03
 0.18000E-03 0.70000E+01 0.38428E+00 0.19090E+00 0.19413E-01 0.25718E-01 0.17780E+00 0.20779E+00 0.00000E+00 0.00000E+00 -.87022E+00      3448910   3/0.18000E-03
 0.70000E-04 0.50000E+01 0.70582E+00 0.14661E+00 0.22897E-01 0.27181E-01 0.13356E+00 0.16719E+00 0.00000E+00 0.00000E+00 -.89853E+00      3448910   2/0.70000E-04
 0.35000E-03 0.50000E+01 0.14116E+00 0.11511E+00 0.81749E-02 0.11230E-01 0.10048E+00 0.10821E+00 0.00000E+00 0.00000E+00 0.84390E+00      3448910   2/0.35000E-03
 0.10000E-02 0.50000E+01 0.49407E-01 0.80289E-01 0.74222E-02 0.99535E-02 0.79883E-01 0.74947E-01 0.00000E+00 0.00000E+00 0.71962E+00      3448910   2/0.10000E-02
 0.60000E-03 0.32000E+02 0.52701E+00 0.41185E+00 0.62266E-01 0.66598E-01 0.33596E+00 0.37276E+00 0.00000E+00 0.00000E+00 0.62789E+00      3448910   6/0.60000E-03
 0.32000E-02 0.12000E+03 0.37055E+00 0.24324E+00 0.38665E-01 0.40233E-01 0.30625E+00 0.30906E+00 0.00000E+00 0.00000E+00 -.17022E+01      3448910   8/0.32000E-02
 0.25000E-01 0.12000E+03 0.47431E-01 0.86573E-01 0.11841E-01 0.13306E-01 0.93854E-01 0.84460E-01 0.00000E+00 0.00000E+00 0.17837E+00      3448910   8/0.25000E-01
     8898920
 Beauty cross section ZEUS Vertex                                                
Plot1@Experiment:ZEUS Beauty vertex@ExtraLabel:ep #rightarrow b#bar{b} @XTitle: x @YTitle: #sigma^{b#bar{b}}_{red} @Title:Q^{2} = 6.5@Xlog
Plot2@Experiment:ZEUS Beauty vertex@ExtraLabel:ep #rightarrow b#bar{b} @XTitle: x @YTitle: #sigma^{b#bar{b}}_{red} @Title:Q^{2} = 12@Xlog
Plot3@Experiment:ZEUS Beauty vertex@ExtraLabel:ep #rightarrow b#bar{b} @XTitle: x @YTitle: #sigma^{b#bar{b}}_{red} @Title:Q^{2} = 25@Xlog
Plot4@Experiment:ZEUS Beauty vertex@ExtraLabel:ep #rightarrow b#bar{b} @XTitle: x @YTitle: #sigma^{b#bar{b}}_{red} @Title:Q^{2} = 30@Xlog
Plot5@Experiment:ZEUS Beauty vertex@ExtraLabel:ep #rightarrow b#bar{b} @XTitle: x @YTitle: #sigma^{b#bar{b}}_{red} @Title:Q^{2} = 80@Xlog
Plot6@Experiment:ZEUS Beauty vertex@ExtraLabel:ep #rightarrow b#bar{b} @XTitle: x @YTitle: #sigma^{b#bar{b}}_{red} @Title:Q^{2} = 160@Xlog
Plot7@Experiment:ZEUS Beauty vertex@ExtraLabel:ep #rightarrow b#bar{b} @XTitle: x @YTitle: #sigma^{b#bar{b}}_{red} @Title:Q^{2} = 600@Xlog
 Q2          x           y              data      +- uncor     +- tot     th orig         th mod   therr+         therr-     pull    iset       iplot
 0.65000E+01 0.15000E-03 0.42850E+00 0.42900E-02 0.86827E-03 0.94222E-03 0.47144E-02 0.43477E-02 0.00000E+00 0.00000E+00 -.66471E-01      8898920   1/0.15000E-03
 0.65000E+01 0.28000E-03 0.22950E+00 0.35700E-02 0.63215E-03 0.70730E-03 0.36119E-02 0.30937E-02 0.00000E+00 0.00000E+00 0.75352E+00      8898920   1/0.28000E-03
 0.12000E+02 0.43000E-03 0.27590E+00 0.63100E-02 0.91820E-03 0.10427E-02 0.66184E-02 0.59220E-02 0.00000E+00 0.00000E+00 0.42252E+00      8898920   2/0.43000E-03
 0.12000E+02 0.65000E-03 0.18250E+00 0.43600E-02 0.64552E-03 0.74690E-03 0.54641E-02 0.48491E-02 0.00000E+00 0.00000E+00 -.75767E+00      8898920   2/0.65000E-03
 0.25000E+02 0.43000E-03 0.57490E+00 0.11600E-01 0.37706E-02 0.39582E-02 0.15316E-01 0.13117E-01 0.00000E+00 0.00000E+00 -.40235E+00      8898920   3/0.43000E-03
 0.25000E+02 0.80000E-03 0.30900E+00 0.10400E-01 0.12862E-02 0.15112E-02 0.11955E-01 0.10691E-01 0.00000E+00 0.00000E+00 -.22595E+00      8898920   3/0.80000E-03
 0.30000E+02 0.16000E-02 0.18540E+00 0.99400E-02 0.14700E-02 0.16359E-02 0.10529E-01 0.96654E-02 0.00000E+00 0.00000E+00 0.18680E+00      8898920   4/0.16000E-02
 0.30000E+02 0.25000E-02 0.11860E+00 0.67200E-02 0.13347E-02 0.15475E-02 0.82732E-02 0.71772E-02 0.00000E+00 0.00000E+00 -.34255E+00      8898920   4/0.25000E-02
 0.30000E+02 0.45000E-02 0.65900E-01 0.41300E-02 0.25293E-02 0.26117E-02 0.56968E-02 0.43945E-02 0.00000E+00 0.00000E+00 -.10456E+00      8898920   4/0.45000E-02
 0.80000E+02 0.16000E-02 0.49440E+00 0.35400E-01 0.54305E-02 0.60485E-02 0.27448E-01 0.24883E-01 0.00000E+00 0.00000E+00 0.19367E+01      8898920   5/0.16000E-02
 0.80000E+02 0.25000E-02 0.31640E+00 0.19400E-01 0.27644E-02 0.31820E-02 0.22392E-01 0.20051E-01 0.00000E+00 0.00000E+00 -.23553E+00      8898920   5/0.25000E-02
 0.80000E+02 0.45000E-02 0.17580E+00 0.10900E-01 0.20959E-02 0.24280E-02 0.16236E-01 0.13664E-01 0.00000E+00 0.00000E+00 -.13185E+01      8898920   5/0.45000E-02
 0.16000E+03 0.35000E-02 0.45200E+00 0.22300E-01 0.32680E-02 0.36108E-02 0.29741E-01 0.26888E-01 0.00000E+00 0.00000E+00 -.14038E+01      8898920   6/0.35000E-02
 0.16000E+03 0.80000E-02 0.19770E+00 0.17600E-01 0.16938E-02 0.19306E-02 0.18551E-01 0.17068E-01 0.00000E+00 0.00000E+00 0.31420E+00      8898920   6/0.80000E-02
 0.16000E+03 0.20000E-01 0.79100E-01 0.78400E-02 0.43140E-02 0.45028E-02 0.89976E-02 0.70608E-02 0.00000E+00 0.00000E+00 0.18062E+00      8898920   6/0.20000E-01
 0.60000E+03 0.13000E-01 0.45640E+00 0.14900E-01 0.33924E-02 0.38648E-02 0.23057E-01 0.19347E-01 0.00000E+00 0.00000E+00 -.13109E+01      8898920   7/0.13000E-01
 0.60000E+03 0.35000E-01 0.16950E+00 0.87600E-02 0.30955E-02 0.33234E-02 0.96218E-02 0.78729E-02 0.00000E+00 0.00000E+00 0.28658E+00      8898920   7/0.35000E-01
      495249
 H1 F2 Beauty Vertex                                                             
Plot1@Experiment:H1 Beauty @ExtraLabel:ep #rightarrow b#bar{b} @XTitle: x @YTitle: #sigma^{b#bar{b}}_{red} @Title:Q^{2} = 5@Xlog
Plot2@Experiment:H1 Beauty @ExtraLabel:ep #rightarrow b#bar{b} @XTitle: x @YTitle: #sigma^{b#bar{b}}_{red} @Title:Q^{2} = 12@Xlog
Plot3@Experiment:H1 Beauty @ExtraLabel:ep #rightarrow b#bar{b} @XTitle: x @YTitle: #sigma^{b#bar{b}}_{red} @Title:Q^{2} = 25@Xlog
Plot4@Experiment:H1 Beauty @ExtraLabel:ep #rightarrow b#bar{b} @XTitle: x @YTitle: #sigma^{b#bar{b}}_{red} @Title:Q^{2} = 60@Xlog
Plot5@Experiment:H1 Beauty @ExtraLabel:ep #rightarrow b#bar{b} @XTitle: x @YTitle: #sigma^{b#bar{b}}_{red} @Title:Q^{2} = 200@Xlog
Plot6@Experiment:H1 Beauty @ExtraLabel:ep #rightarrow b#bar{b} @XTitle: x @YTitle: #sigma^{b#bar{b}}_{red} @Title:Q^{2} = 650@Xlog
Plot7@Experiment:H1 Beauty @ExtraLabel:ep #rightarrow b#bar{b} @XTitle: x @YTitle: #sigma^{b#bar{b}}_{red} @Title:Q^{2} = 2000@Xlog
 Q2          x           y              data      +- uncor     +- tot     th orig         th mod   therr+         therr-     pull    iset       iplot
 0.50000E+01 0.20000E-03 0.24600E+00 0.24400E-02 0.84807E-03 0.11271E-02 0.29504E-02 0.23293E-02 0.00000E+00 0.00000E+00 0.13054E+00       495249   1/0.20000E-03
 0.12000E+02 0.32000E-03 0.36900E+00 0.48700E-02 0.88006E-03 0.15472E-02 0.75079E-02 0.54247E-02 0.00000E+00 0.00000E+00 -.63035E+00       495249   2/0.32000E-03
 0.12000E+02 0.80000E-03 0.14800E+00 0.24700E-02 0.47579E-03 0.10800E-02 0.49261E-02 0.24975E-02 0.00000E+00 0.00000E+00 -.57708E-01       495249   2/0.80000E-03
 0.25000E+02 0.50000E-03 0.49200E+00 0.11890E-01 0.13400E-02 0.29879E-02 0.14496E-01 0.11355E-01 0.00000E+00 0.00000E+00 0.39890E+00       495249   3/0.50000E-03
 0.25000E+02 0.13000E-02 0.18900E+00 0.58600E-02 0.84362E-03 0.20146E-02 0.95314E-02 0.61689E-02 0.00000E+00 0.00000E+00 -.36613E+00       495249   3/0.13000E-02
 0.60000E+02 0.13000E-02 0.45400E+00 0.19280E-01 0.27877E-02 0.48316E-02 0.23175E-01 0.17950E-01 0.00000E+00 0.00000E+00 0.47694E+00       495249   4/0.13000E-02
 0.60000E+02 0.50000E-02 0.11800E+00 0.96400E-02 0.14672E-02 0.31535E-02 0.11514E-01 0.90822E-02 0.00000E+00 0.00000E+00 0.38018E+00       495249   4/0.50000E-02
 0.20000E+03 0.50000E-02 0.39400E+00 0.23650E-01 0.29039E-02 0.54864E-02 0.27808E-01 0.22667E-01 0.00000E+00 0.00000E+00 0.33843E+00       495249   5/0.50000E-02
 0.20000E+03 0.13000E-01 0.15100E+00 0.11390E-01 0.22820E-02 0.39319E-02 0.14902E-01 0.11749E-01 0.00000E+00 0.00000E+00 -.15715E+00       495249   5/0.13000E-01
 0.65000E+03 0.13000E-01 0.49200E+00 0.13310E-01 0.36122E-02 0.46154E-02 0.23478E-01 0.17361E-01 0.00000E+00 0.00000E+00 -.11214E+01       495249   6/0.13000E-01
 0.65000E+03 0.32000E-01 0.20000E+00 0.10180E-01 0.19651E-02 0.30657E-02 0.10861E-01 0.93552E-02 0.00000E+00 0.00000E+00 0.41974E+00       495249   6/0.32000E-01
 0.20000E+04 0.50000E-01 0.39400E+00 0.49900E-02 0.28785E-02 0.30571E-02 0.82874E-02 0.65413E-02 0.00000E+00 0.00000E+00 -.53893E+00       495249   7/0.50000E-01
     8013004
 BCDMS F2p 100GeV                                                                
Plot1@Experiment:BCDMS muon DIS@ExtraLabel:#mu beam energy E = 100 GeV @XTitle: x @YTitle: F_{2}(x, Q^{2}) @Title:Q^{2} = 7.5  @Ymin:0.1@Ymax:1.@Xlog@Ylog
Plot2@Experiment:BCDMS muon DIS@ExtraLabel:#mu beam energy E = 100 GeV @XTitle: x @YTitle: F_{2}(x, Q^{2}) @Title:Q^{2} = 8.75  @Ymin:0.1@Ymax:1.@Xlog@Ylog
Plot3@Experiment:BCDMS muon DIS@ExtraLabel:#mu beam energy E = 100 GeV @XTitle: x @YTitle: F_{2}(x, Q^{2}) @Title:Q^{2} = 10.25  @Ymin:0.1@Ymax:1.@Xlog@Ylog
Plot4@Experiment:BCDMS muon DIS@ExtraLabel:#mu beam energy E = 100 GeV @XTitle: x @YTitle: F_{2}(x, Q^{2}) @Title:Q^{2} = 11.75  @Ymin:0.1@Ymax:1.@Xlog@Ylog
Plot5@Experiment:BCDMS muon DIS@ExtraLabel:#mu beam energy E = 100 GeV @XTitle: x @YTitle: F_{2}(x, Q^{2}) @Title:Q^{2} = 13.25 @Ymin:0.05@Ymax:1.@Xlog@Ylog
Plot6@Experiment:BCDMS muon DIS@ExtraLabel:#mu beam energy E = 100 GeV @XTitle: x @YTitle: F_{2}(x, Q^{2}) @Title:Q^{2} = 15 @Ymin:0.05@Ymax:1.@Xlog@Ylog
Plot7@Experiment:BCDMS muon DIS@ExtraLabel:#mu beam energy E = 100 GeV @XTitle: x @YTitle: F_{2}(x, Q^{2}) @Title:Q^{2} = 17  @Ymin:0.05@Ymax:1.@Xlog@Ylog
Plot8@Experiment:BCDMS muon DIS@ExtraLabel:#mu beam energy E = 100 GeV @XTitle: x @YTitle: F_{2}(x, Q^{2}) @Title:Q^{2} = 19  @Ymin:0.05@Ymax:1.@Xlog@Ylog
Plot9@Experiment:BCDMS muon DIS@ExtraLabel:#mu beam energy E = 100 GeV @XTitle: x @YTitle: F_{2}(x, Q^{2}) @Title:Q^{2} = 21.5 @Ymin:0.01@Ymax:1.@Xlog@Ylog
Plot10@Experiment:BCDMS muon DIS@ExtraLabel:#mu beam energy E = 100 GeV @XTitle: x @YTitle: F_{2}(x, Q^{2}) @Title:Q^{2} = 24.5 @Ymin:0.01@Ymax:1.@Xlog@Ylog
Plot11@Experiment:BCDMS muon DIS@ExtraLabel:#mu beam energy E = 100 GeV @XTitle: x @YTitle: F_{2}(x, Q^{2}) @Title:Q^{2} = 28 @Ymin:0.01@Ymax:1.@Xlog@Ylog
Plot12@Experiment:BCDMS muon DIS@ExtraLabel:#mu beam energy E = 100 GeV @XTitle: x @YTitle: F_{2}(x, Q^{2}) @Title:Q^{2} = 32 @Ymin:0.01@Ymax:1.@Xlog@Ylog
Plot13@Experiment:BCDMS muon DIS@ExtraLabel:#mu beam energy E = 100 GeV @XTitle: x @YTitle: F_{2}(x, Q^{2}) @Title:Q^{2} = 37 @Ymin:0.01@Ymax:1.@Xlog@Ylog
Plot14@Experiment:BCDMS muon DIS@ExtraLabel:#mu beam energy E = 100 GeV @XTitle: x @YTitle: F_{2}(x, Q^{2}) @Title:Q^{2} = 43 @Ymin:0.001@Ymax:1.@Xlog@Ylog
Plot15@Experiment:BCDMS muon DIS@ExtraLabel:#mu beam energy E = 100 GeV @XTitle: x @YTitle: F_{2}(x, Q^{2}) @Title:Q^{2} = 49 @Ymin:0.001@Ymax:1.@Xlog@Ylog
Plot16@Experiment:BCDMS muon DIS@ExtraLabel:#mu beam energy E = 100 GeV @XTitle: x @YTitle: F_{2}(x, Q^{2}) @Title:Q^{2} = 57 @Ymin:0.001@Ymax:1.@Xlog@Ylog
Plot17@Experiment:BCDMS muon DIS@ExtraLabel:#mu beam energy E = 100 GeV @XTitle: x @YTitle: F_{2}(x, Q^{2}) @Title:Q^{2} = 65 @Ymin:0.001@Ymax:.5@Xlog@Ylog
Plot18@Experiment:BCDMS muon DIS@ExtraLabel:#mu beam energy E = 100 GeV @XTitle: x @YTitle: F_{2}(x, Q^{2}) @Title:Q^{2} = 75 @Ymin:0.001@Ymax:.5@Xlog@Ylog
 x           Q2          y              data      +- uncor     +- tot     th orig         th mod   therr+         therr-     pull    iset       iplot
 0.70000E-01 0.75000E+01 0.57106E+00 0.38934E+00 0.59958E-02 0.24098E-01 0.37784E+00 0.37833E+00 0.00000E+00 0.00000E+00 0.18364E+01      8013004   1/0.70000E-01
 0.70000E-01 0.87500E+01 0.66624E+00 0.37624E+00 0.51921E-02 0.24488E-01 0.37467E+00 0.37667E+00 0.00000E+00 0.00000E+00 -.82725E-01      8013004   2/0.70000E-01
 0.10000E+00 0.75000E+01 0.39974E+00 0.38055E+00 0.42241E-02 0.21664E-01 0.37690E+00 0.38603E+00 0.00000E+00 0.00000E+00 -.12979E+01      8013004   1/0.10000E+00
 0.10000E+00 0.87500E+01 0.46637E+00 0.38347E+00 0.35279E-02 0.21954E-01 0.37682E+00 0.38481E+00 0.00000E+00 0.00000E+00 -.38015E+00      8013004   2/0.10000E+00
 0.10000E+00 0.10250E+02 0.54632E+00 0.37960E+00 0.36062E-02 0.21724E-01 0.37535E+00 0.38251E+00 0.00000E+00 0.00000E+00 -.80803E+00      8013004   3/0.10000E+00
 0.14000E+00 0.87500E+01 0.33312E+00 0.37560E+00 0.39062E-02 0.21064E-01 0.36478E+00 0.37688E+00 0.00000E+00 0.00000E+00 -.32716E+00      8013004   2/0.14000E+00
 0.14000E+00 0.10250E+02 0.39023E+00 0.37676E+00 0.39560E-02 0.21245E-01 0.36425E+00 0.37650E+00 0.00000E+00 0.00000E+00 0.64962E-01      8013004   3/0.14000E+00
 0.14000E+00 0.11750E+02 0.44733E+00 0.37259E+00 0.42848E-02 0.21153E-01 0.36335E+00 0.37426E+00 0.00000E+00 0.00000E+00 -.38979E+00      8013004   4/0.14000E+00
 0.14000E+00 0.13250E+02 0.50444E+00 0.36575E+00 0.46816E-02 0.20588E-01 0.36201E+00 0.37249E+00 0.00000E+00 0.00000E+00 -.14391E+01      8013004   5/0.14000E+00
 0.14000E+00 0.15000E+02 0.57106E+00 0.37196E+00 0.47983E-02 0.21105E-01 0.36021E+00 0.37015E+00 0.00000E+00 0.00000E+00 0.37650E+00      8013004   6/0.14000E+00
 0.18000E+00 0.87500E+01 0.25909E+00 0.36786E+00 0.48925E-02 0.21175E-01 0.34788E+00 0.36066E+00 0.00000E+00 0.00000E+00 0.14717E+01      8013004   2/0.18000E+00
 0.18000E+00 0.10250E+02 0.30351E+00 0.36457E+00 0.47394E-02 0.20617E-01 0.34674E+00 0.35818E+00 0.00000E+00 0.00000E+00 0.13486E+01      8013004   3/0.18000E+00
 0.18000E+00 0.11750E+02 0.34792E+00 0.36492E+00 0.49994E-02 0.20723E-01 0.34555E+00 0.35701E+00 0.00000E+00 0.00000E+00 0.15812E+01      8013004   4/0.18000E+00
 0.18000E+00 0.13250E+02 0.39234E+00 0.36270E+00 0.53317E-02 0.20823E-01 0.34431E+00 0.35526E+00 0.00000E+00 0.00000E+00 0.13950E+01      8013004   5/0.18000E+00
 0.18000E+00 0.15000E+02 0.44416E+00 0.36228E+00 0.52168E-02 0.20575E-01 0.34281E+00 0.35281E+00 0.00000E+00 0.00000E+00 0.18161E+01      8013004   6/0.18000E+00
 0.18000E+00 0.17000E+02 0.50338E+00 0.35350E+00 0.57267E-02 0.20181E-01 0.34099E+00 0.34994E+00 0.00000E+00 0.00000E+00 0.62164E+00      8013004   7/0.18000E+00
 0.22500E+00 0.10250E+02 0.24281E+00 0.34051E+00 0.48012E-02 0.19418E-01 0.32311E+00 0.33435E+00 0.00000E+00 0.00000E+00 0.12825E+01      8013004   3/0.22500E+00
 0.22500E+00 0.11750E+02 0.27834E+00 0.34545E+00 0.50090E-02 0.19653E-01 0.32127E+00 0.33181E+00 0.00000E+00 0.00000E+00 0.27223E+01      8013004   4/0.22500E+00
 0.22500E+00 0.13250E+02 0.31387E+00 0.33693E+00 0.51887E-02 0.19216E-01 0.31957E+00 0.32943E+00 0.00000E+00 0.00000E+00 0.14455E+01      8013004   5/0.22500E+00
 0.22500E+00 0.15000E+02 0.35533E+00 0.33517E+00 0.48935E-02 0.19045E-01 0.31773E+00 0.32743E+00 0.00000E+00 0.00000E+00 0.15815E+01      8013004   6/0.22500E+00
 0.22500E+00 0.17000E+02 0.40270E+00 0.31962E+00 0.52098E-02 0.18256E-01 0.31574E+00 0.32422E+00 0.00000E+00 0.00000E+00 -.88232E+00      8013004   7/0.22500E+00
 0.22500E+00 0.19000E+02 0.45008E+00 0.32172E+00 0.57910E-02 0.18629E-01 0.31385E+00 0.32243E+00 0.00000E+00 0.00000E+00 -.12217E+00      8013004   8/0.22500E+00
 0.22500E+00 0.21500E+02 0.50930E+00 0.31154E+00 0.55143E-02 0.17960E-01 0.31158E+00 0.32001E+00 0.00000E+00 0.00000E+00 -.15357E+01      8013004   9/0.22500E+00
 0.22500E+00 0.24500E+02 0.58037E+00 0.32112E+00 0.52343E-02 0.18311E-01 0.30890E+00 0.31640E+00 0.00000E+00 0.00000E+00 0.90130E+00      8013004  10/0.22500E+00
 0.22500E+00 0.28000E+02 0.66328E+00 0.31410E+00 0.52769E-02 0.18015E-01 0.30581E+00 0.31345E+00 0.00000E+00 0.00000E+00 0.12262E+00      8013004  11/0.22500E+00
 0.27500E+00 0.10250E+02 0.19866E+00 0.30440E+00 0.53574E-02 0.18708E-01 0.29284E+00 0.29956E+00 0.00000E+00 0.00000E+00 0.90347E+00      8013004   3/0.27500E+00
 0.27500E+00 0.11750E+02 0.22773E+00 0.29925E+00 0.54464E-02 0.17554E-01 0.29031E+00 0.29672E+00 0.00000E+00 0.00000E+00 0.46366E+00      8013004   4/0.27500E+00
 0.27500E+00 0.13250E+02 0.25681E+00 0.30155E+00 0.57294E-02 0.17557E-01 0.28808E+00 0.29503E+00 0.00000E+00 0.00000E+00 0.11371E+01      8013004   5/0.27500E+00
 0.27500E+00 0.15000E+02 0.29072E+00 0.30341E+00 0.52793E-02 0.17428E-01 0.28575E+00 0.29208E+00 0.00000E+00 0.00000E+00 0.21467E+01      8013004   6/0.27500E+00
 0.27500E+00 0.17000E+02 0.32949E+00 0.30373E+00 0.56494E-02 0.17560E-01 0.28338E+00 0.28965E+00 0.00000E+00 0.00000E+00 0.24923E+01      8013004   7/0.27500E+00
 0.27500E+00 0.19000E+02 0.36825E+00 0.28923E+00 0.59292E-02 0.16933E-01 0.28124E+00 0.28802E+00 0.00000E+00 0.00000E+00 0.20486E+00      8013004   8/0.27500E+00
 0.27500E+00 0.21500E+02 0.41670E+00 0.29763E+00 0.55954E-02 0.17199E-01 0.27880E+00 0.28557E+00 0.00000E+00 0.00000E+00 0.21550E+01      8013004   9/0.27500E+00
 0.27500E+00 0.24500E+02 0.47485E+00 0.27886E+00 0.49916E-02 0.15362E-01 0.27615E+00 0.28370E+00 0.00000E+00 0.00000E+00 -.96868E+00      8013004  10/0.27500E+00
 0.27500E+00 0.28000E+02 0.54268E+00 0.28971E+00 0.50699E-02 0.16035E-01 0.27330E+00 0.28100E+00 0.00000E+00 0.00000E+00 0.17179E+01      8013004  11/0.27500E+00
 0.27500E+00 0.32500E+02 0.62990E+00 0.28090E+00 0.47191E-02 0.15411E-01 0.26990E+00 0.27632E+00 0.00000E+00 0.00000E+00 0.96961E+00      8013004  12/0.27500E+00
 0.27500E+00 0.37500E+02 0.72681E+00 0.26784E+00 0.58389E-02 0.15126E-01 0.26633E+00 0.27261E+00 0.00000E+00 0.00000E+00 -.81745E+00      8013004  13/0.27500E+00
 0.35000E+00 0.11750E+02 0.17893E+00 0.24001E+00 0.42722E-02 0.14569E-01 0.23793E+00 0.24236E+00 0.00000E+00 0.00000E+00 -.54973E+00      8013004   4/0.35000E+00
 0.35000E+00 0.13250E+02 0.20178E+00 0.23349E+00 0.43429E-02 0.13901E-01 0.23516E+00 0.23943E+00 0.00000E+00 0.00000E+00 -.13687E+01      8013004   5/0.35000E+00
 0.35000E+00 0.15000E+02 0.22842E+00 0.23093E+00 0.38334E-02 0.13441E-01 0.23235E+00 0.23653E+00 0.00000E+00 0.00000E+00 -.14613E+01      8013004   6/0.35000E+00
 0.35000E+00 0.17000E+02 0.25888E+00 0.23689E+00 0.40982E-02 0.13705E-01 0.22956E+00 0.23368E+00 0.00000E+00 0.00000E+00 0.78447E+00      8013004   7/0.35000E+00
 0.35000E+00 0.19000E+02 0.28934E+00 0.22257E+00 0.41621E-02 0.12927E-01 0.22711E+00 0.23119E+00 0.00000E+00 0.00000E+00 -.20703E+01      8013004   8/0.35000E+00
 0.35000E+00 0.21500E+02 0.32741E+00 0.23218E+00 0.38774E-02 0.13277E-01 0.22443E+00 0.22848E+00 0.00000E+00 0.00000E+00 0.95490E+00      8013004   9/0.35000E+00
 0.35000E+00 0.24500E+02 0.37310E+00 0.22318E+00 0.28344E-02 0.12101E-01 0.22162E+00 0.22591E+00 0.00000E+00 0.00000E+00 -.96363E+00      8013004  10/0.35000E+00
 0.35000E+00 0.28000E+02 0.42639E+00 0.22454E+00 0.35253E-02 0.12301E-01 0.21877E+00 0.22333E+00 0.00000E+00 0.00000E+00 0.34224E+00      8013004  11/0.35000E+00
 0.35000E+00 0.32500E+02 0.49492E+00 0.21917E+00 0.31999E-02 0.11875E-01 0.21559E+00 0.22024E+00 0.00000E+00 0.00000E+00 -.33354E+00      8013004  12/0.35000E+00
 0.35000E+00 0.37500E+02 0.57106E+00 0.21761E+00 0.34382E-02 0.11847E-01 0.21250E+00 0.21698E+00 0.00000E+00 0.00000E+00 0.18214E+00      8013004  13/0.35000E+00
 0.35000E+00 0.43000E+02 0.65482E+00 0.21422E+00 0.36632E-02 0.11741E-01 0.20949E+00 0.21394E+00 0.00000E+00 0.00000E+00 0.77408E-01      8013004  14/0.35000E+00
 0.45000E+00 0.11750E+02 0.13917E+00 0.16020E+00 0.40851E-02 0.10196E-01 0.16496E+00 0.16304E+00 0.00000E+00 0.00000E+00 -.69434E+00      8013004   4/0.45000E+00
 0.45000E+00 0.13250E+02 0.15694E+00 0.15598E+00 0.43050E-02 0.10033E-01 0.16203E+00 0.16061E+00 0.00000E+00 0.00000E+00 -.10765E+01      8013004   5/0.45000E+00
 0.45000E+00 0.15000E+02 0.17766E+00 0.15493E+00 0.37803E-02 0.97303E-02 0.15911E+00 0.15800E+00 0.00000E+00 0.00000E+00 -.81166E+00      8013004   6/0.45000E+00
 0.45000E+00 0.17000E+02 0.20135E+00 0.15323E+00 0.40299E-02 0.95471E-02 0.15626E+00 0.15578E+00 0.00000E+00 0.00000E+00 -.63238E+00      8013004   7/0.45000E+00
 0.45000E+00 0.19000E+02 0.22504E+00 0.15558E+00 0.42940E-02 0.97640E-02 0.15380E+00 0.15405E+00 0.00000E+00 0.00000E+00 0.35570E+00      8013004   8/0.45000E+00
 0.45000E+00 0.21500E+02 0.25465E+00 0.14470E+00 0.36175E-02 0.89221E-02 0.15115E+00 0.15122E+00 0.00000E+00 0.00000E+00 -.18027E+01      8013004   9/0.45000E+00
 0.45000E+00 0.24500E+02 0.29019E+00 0.14443E+00 0.25564E-02 0.86242E-02 0.14845E+00 0.14940E+00 0.00000E+00 0.00000E+00 -.19435E+01      8013004  10/0.45000E+00
 0.45000E+00 0.28000E+02 0.33164E+00 0.13996E+00 0.31351E-02 0.80557E-02 0.14577E+00 0.14711E+00 0.00000E+00 0.00000E+00 -.22793E+01      8013004  11/0.45000E+00
 0.45000E+00 0.32500E+02 0.38494E+00 0.14332E+00 0.28234E-02 0.81335E-02 0.14289E+00 0.14448E+00 0.00000E+00 0.00000E+00 -.41124E+00      8013004  12/0.45000E+00
 0.45000E+00 0.37500E+02 0.44416E+00 0.14506E+00 0.31043E-02 0.82425E-02 0.14023E+00 0.14206E+00 0.00000E+00 0.00000E+00 0.96516E+00      8013004  13/0.45000E+00
 0.45000E+00 0.43000E+02 0.50930E+00 0.14063E+00 0.31079E-02 0.80680E-02 0.13775E+00 0.13954E+00 0.00000E+00 0.00000E+00 0.34981E+00      8013004  14/0.45000E+00
 0.45000E+00 0.49500E+02 0.58629E+00 0.13379E+00 0.36123E-02 0.79148E-02 0.13527E+00 0.13705E+00 0.00000E+00 0.00000E+00 -.90158E+00      8013004  15/0.45000E+00
 0.45000E+00 0.57000E+02 0.67512E+00 0.13603E+00 0.35368E-02 0.79674E-02 0.13284E+00 0.13510E+00 0.00000E+00 0.00000E+00 0.26165E+00      8013004  16/0.45000E+00
 0.55000E+00 0.11750E+02 0.11387E+00 0.92860E-01 0.31572E-02 0.85990E-02 0.10107E+00 0.95541E-01 0.00000E+00 0.00000E+00 -.84907E+00      8013004   4/0.55000E+00
 0.55000E+00 0.13250E+02 0.12840E+00 0.87840E-01 0.32940E-02 0.76611E-02 0.98346E-01 0.93433E-01 0.00000E+00 0.00000E+00 -.16980E+01      8013004   5/0.55000E+00
 0.55000E+00 0.15000E+02 0.14536E+00 0.89980E-01 0.30593E-02 0.72939E-02 0.95680E-01 0.91525E-01 0.00000E+00 0.00000E+00 -.50514E+00      8013004   6/0.55000E+00
 0.55000E+00 0.17000E+02 0.16474E+00 0.84690E-01 0.30827E-02 0.66405E-02 0.93128E-01 0.89545E-01 0.00000E+00 0.00000E+00 -.15750E+01      8013004   7/0.55000E+00
 0.55000E+00 0.19000E+02 0.18413E+00 0.82860E-01 0.31901E-02 0.63627E-02 0.90970E-01 0.88010E-01 0.00000E+00 0.00000E+00 -.16145E+01      8013004   8/0.55000E+00
 0.55000E+00 0.21500E+02 0.20835E+00 0.82790E-01 0.28894E-02 0.59727E-02 0.88685E-01 0.86305E-01 0.00000E+00 0.00000E+00 -.12166E+01      8013004   9/0.55000E+00
 0.55000E+00 0.24500E+02 0.23742E+00 0.85130E-01 0.20601E-02 0.55564E-02 0.86395E-01 0.84733E-01 0.00000E+00 0.00000E+00 0.19258E+00      8013004  10/0.55000E+00
 0.55000E+00 0.28000E+02 0.27134E+00 0.80990E-01 0.19924E-02 0.52228E-02 0.84175E-01 0.83043E-01 0.00000E+00 0.00000E+00 -.10306E+01      8013004  11/0.55000E+00
 0.55000E+00 0.32500E+02 0.31495E+00 0.85160E-01 0.23589E-02 0.53883E-02 0.81835E-01 0.81208E-01 0.00000E+00 0.00000E+00 0.16755E+01      8013004  12/0.55000E+00
 0.55000E+00 0.37500E+02 0.36340E+00 0.81000E-01 0.24705E-02 0.51415E-02 0.79715E-01 0.79331E-01 0.00000E+00 0.00000E+00 0.67544E+00      8013004  13/0.55000E+00
 0.55000E+00 0.43000E+02 0.41670E+00 0.80050E-01 0.25136E-02 0.50296E-02 0.77797E-01 0.77814E-01 0.00000E+00 0.00000E+00 0.88943E+00      8013004  14/0.55000E+00
 0.55000E+00 0.49500E+02 0.47969E+00 0.76900E-01 0.24993E-02 0.48696E-02 0.75927E-01 0.76100E-01 0.00000E+00 0.00000E+00 0.31999E+00      8013004  15/0.55000E+00
 0.55000E+00 0.57000E+02 0.55237E+00 0.73870E-01 0.26667E-02 0.47952E-02 0.74151E-01 0.74435E-01 0.00000E+00 0.00000E+00 -.21183E+00      8013004  16/0.55000E+00
 0.55000E+00 0.65500E+02 0.63475E+00 0.71960E-01 0.28712E-02 0.48098E-02 0.72488E-01 0.73033E-01 0.00000E+00 0.00000E+00 -.37372E+00      8013004  17/0.55000E+00
 0.65000E+00 0.13250E+02 0.10865E+00 0.43890E-01 0.18697E-02 0.83907E-02 0.51962E-01 0.47848E-01 0.00000E+00 0.00000E+00 -.21169E+01      8013004   5/0.65000E+00
 0.65000E+00 0.15000E+02 0.12300E+00 0.42640E-01 0.16587E-02 0.71728E-02 0.49775E-01 0.46054E-01 0.00000E+00 0.00000E+00 -.20583E+01      8013004   6/0.65000E+00
 0.65000E+00 0.17000E+02 0.13940E+00 0.41660E-01 0.18414E-02 0.64007E-02 0.47733E-01 0.44593E-01 0.00000E+00 0.00000E+00 -.15926E+01      8013004   7/0.65000E+00
 0.65000E+00 0.19000E+02 0.15580E+00 0.41500E-01 0.19795E-02 0.57231E-02 0.46046E-01 0.43183E-01 0.00000E+00 0.00000E+00 -.85008E+00      8013004   8/0.65000E+00
 0.65000E+00 0.21500E+02 0.17630E+00 0.40100E-01 0.17804E-02 0.49278E-02 0.44297E-01 0.41895E-01 0.00000E+00 0.00000E+00 -.10083E+01      8013004   9/0.65000E+00
 0.65000E+00 0.24500E+02 0.20090E+00 0.41150E-01 0.12098E-02 0.40293E-02 0.42584E-01 0.40357E-01 0.00000E+00 0.00000E+00 0.65571E+00      8013004  10/0.65000E+00
 0.65000E+00 0.28000E+02 0.22960E+00 0.38690E-01 0.12110E-02 0.35779E-02 0.40960E-01 0.39146E-01 0.00000E+00 0.00000E+00 -.37638E+00      8013004  11/0.65000E+00
 0.65000E+00 0.32500E+02 0.26650E+00 0.38260E-01 0.14309E-02 0.33145E-02 0.39288E-01 0.37914E-01 0.00000E+00 0.00000E+00 0.24155E+00      8013004  12/0.65000E+00
 0.65000E+00 0.37500E+02 0.30750E+00 0.36620E-01 0.16076E-02 0.30516E-02 0.37807E-01 0.36665E-01 0.00000E+00 0.00000E+00 -.28116E-01      8013004  13/0.65000E+00
 0.65000E+00 0.43000E+02 0.35259E+00 0.35240E-01 0.16598E-02 0.28449E-02 0.36494E-01 0.35622E-01 0.00000E+00 0.00000E+00 -.23042E+00      8013004  14/0.65000E+00
 0.65000E+00 0.49500E+02 0.40589E+00 0.33030E-01 0.16614E-02 0.26437E-02 0.35239E-01 0.34595E-01 0.00000E+00 0.00000E+00 -.94222E+00      8013004  15/0.65000E+00
 0.65000E+00 0.57000E+02 0.46739E+00 0.33630E-01 0.18396E-02 0.27281E-02 0.34071E-01 0.33597E-01 0.00000E+00 0.00000E+00 0.18105E-01      8013004  16/0.65000E+00
 0.65000E+00 0.65500E+02 0.53709E+00 0.29800E-01 0.18595E-02 0.25869E-02 0.32998E-01 0.32597E-01 0.00000E+00 0.00000E+00 -.15042E+01      8013004  17/0.65000E+00
 0.65000E+00 0.75000E+02 0.61499E+00 0.31940E-01 0.21687E-02 0.28307E-02 0.32022E-01 0.31829E-01 0.00000E+00 0.00000E+00 0.51032E-01      8013004  18/0.65000E+00
 0.75000E+00 0.24500E+02 0.17411E+00 0.13570E-01 0.64050E-03 0.28975E-02 0.16602E-01 0.14850E-01 0.00000E+00 0.00000E+00 -.19980E+01      8013004  10/0.75000E+00
 0.75000E+00 0.28000E+02 0.19898E+00 0.13650E-01 0.67977E-03 0.25214E-02 0.15649E-01 0.14176E-01 0.00000E+00 0.00000E+00 -.77322E+00      8013004  11/0.75000E+00
 0.75000E+00 0.32500E+02 0.23096E+00 0.13070E-01 0.64958E-03 0.21675E-02 0.14693E-01 0.13531E-01 0.00000E+00 0.00000E+00 -.71044E+00      8013004  12/0.75000E+00
 0.75000E+00 0.37500E+02 0.26650E+00 0.11690E-01 0.73998E-03 0.17445E-02 0.13868E-01 0.12886E-01 0.00000E+00 0.00000E+00 -.16162E+01      8013004  13/0.75000E+00
 0.75000E+00 0.43000E+02 0.30558E+00 0.11050E-01 0.79008E-03 0.15650E-02 0.13154E-01 0.12376E-01 0.00000E+00 0.00000E+00 -.16779E+01      8013004  14/0.75000E+00
 0.75000E+00 0.49500E+02 0.35178E+00 0.10820E-01 0.83963E-03 0.14201E-02 0.12487E-01 0.11859E-01 0.00000E+00 0.00000E+00 -.12374E+01      8013004  15/0.75000E+00
 0.75000E+00 0.57000E+02 0.40507E+00 0.11480E-01 0.99991E-03 0.14416E-02 0.11879E-01 0.11316E-01 0.00000E+00 0.00000E+00 0.16362E+00      8013004  16/0.75000E+00
 0.75000E+00 0.65500E+02 0.46548E+00 0.96600E-02 0.10201E-02 0.12944E-02 0.11331E-01 0.10894E-01 0.00000E+00 0.00000E+00 -.12093E+01      8013004  17/0.75000E+00
 0.75000E+00 0.75000E+02 0.53299E+00 0.10310E-01 0.11898E-02 0.14208E-02 0.10842E-01 0.10501E-01 0.00000E+00 0.00000E+00 -.16087E+00      8013004  18/0.75000E+00
     3109322
 BCDMS F2p 120GeV                                                                
Plot1@Experiment:BCDMS muon DIS@ExtraLabel:#mu beam energy E = 120 GeV @XTitle: x @YTitle: F_{2}(x, Q^{2}) @Title:Q^{2} = 8.75  @Ymin:0.1@Ymax:1.@Xlog@Ylog
Plot2@Experiment:BCDMS muon DIS@ExtraLabel:#mu beam energy E = 120 GeV @XTitle: x @YTitle: F_{2}(x, Q^{2}) @Title:Q^{2} = 10.25  @Ymin:0.1@Ymax:1.@Xlog@Ylog
Plot3@Experiment:BCDMS muon DIS@ExtraLabel:#mu beam energy E = 120 GeV @XTitle: x @YTitle: F_{2}(x, Q^{2}) @Title:Q^{2} = 11.75  @Ymin:0.1@Ymax:1.@Xlog@Ylog
Plot4@Experiment:BCDMS muon DIS@ExtraLabel:#mu beam energy E = 120 GeV @XTitle: x @YTitle: F_{2}(x, Q^{2}) @Title:Q^{2} = 13.25 @Ymin:0.05@Ymax:1.@Xlog@Ylog
Plot5@Experiment:BCDMS muon DIS@ExtraLabel:#mu beam energy E = 120 GeV @XTitle: x @YTitle: F_{2}(x, Q^{2}) @Title:Q^{2} = 15 @Ymin:0.05@Ymax:1.@Xlog@Ylog
Plot6@Experiment:BCDMS muon DIS@ExtraLabel:#mu beam energy E = 120 GeV @XTitle: x @YTitle: F_{2}(x, Q^{2}) @Title:Q^{2} = 17  @Ymin:0.05@Ymax:1.@Xlog@Ylog
Plot7@Experiment:BCDMS muon DIS@ExtraLabel:#mu beam energy E = 120 GeV @XTitle: x @YTitle: F_{2}(x, Q^{2}) @Title:Q^{2} = 19  @Ymin:0.05@Ymax:1.@Xlog@Ylog
Plot8@Experiment:BCDMS muon DIS@ExtraLabel:#mu beam energy E = 120 GeV @XTitle: x @YTitle: F_{2}(x, Q^{2}) @Title:Q^{2} = 21.5 @Ymin:0.01@Ymax:1.@Xlog@Ylog
Plot9@Experiment:BCDMS muon DIS@ExtraLabel:#mu beam energy E = 120 GeV @XTitle: x @YTitle: F_{2}(x, Q^{2}) @Title:Q^{2} = 24.5 @Ymin:0.01@Ymax:1.@Xlog@Ylog
Plot10@Experiment:BCDMS muon DIS@ExtraLabel:#mu beam energy E = 120 GeV @XTitle: x @YTitle: F_{2}(x, Q^{2}) @Title:Q^{2} = 28 @Ymin:0.01@Ymax:1.@Xlog@Ylog
Plot11@Experiment:BCDMS muon DIS@ExtraLabel:#mu beam energy E = 120 GeV @XTitle: x @YTitle: F_{2}(x, Q^{2}) @Title:Q^{2} = 32 @Ymin:0.005@Ymax:1.@Xlog@Ylog
Plot12@Experiment:BCDMS muon DIS@ExtraLabel:#mu beam energy E = 120 GeV @XTitle: x @YTitle: F_{2}(x, Q^{2}) @Title:Q^{2} = 37 @Ymin:0.005@Ymax:1.@Xlog@Ylog
Plot13@Experiment:BCDMS muon DIS@ExtraLabel:#mu beam energy E = 120 GeV @XTitle: x @YTitle: F_{2}(x, Q^{2}) @Title:Q^{2} = 43 @Ymin:0.001@Ymax:1.@Xlog@Ylog
Plot14@Experiment:BCDMS muon DIS@ExtraLabel:#mu beam energy E = 120 GeV @XTitle: x @YTitle: F_{2}(x, Q^{2}) @Title:Q^{2} = 49 @Ymin:0.001@Ymax:1.@Xlog@Ylog
Plot15@Experiment:BCDMS muon DIS@ExtraLabel:#mu beam energy E = 120 GeV @XTitle: x @YTitle: F_{2}(x, Q^{2}) @Title:Q^{2} = 57 @Ymin:0.001@Ymax:1.@Xlog@Ylog
Plot16@Experiment:BCDMS muon DIS@ExtraLabel:#mu beam energy E = 120 GeV @XTitle: x @YTitle: F_{2}(x, Q^{2}) @Title:Q^{2} = 65 @Ymin:0.001@Ymax:1.@Xlog@Ylog
Plot17@Experiment:BCDMS muon DIS@ExtraLabel:#mu beam energy E = 120 GeV @XTitle: x @YTitle: F_{2}(x, Q^{2}) @Title:Q^{2} = 75 @Ymin:0.001@Ymax:1.@Xlog@Ylog
Plot18@Experiment:BCDMS muon DIS@ExtraLabel:#mu beam energy E = 120 GeV @XTitle: x @YTitle: F_{2}(x, Q^{2}) @Title:Q^{2} = 86 @Ymin:0.001@Ymax:.5@Xlog@Ylog
Plot19@Experiment:BCDMS muon DIS@ExtraLabel:#mu beam energy E = 120 GeV @XTitle: x @YTitle: F_{2}(x, Q^{2}) @Title:Q^{2} = 99 @Ymin:0.001@Ymax:.1@Xlog@Ylog
 x           Q2          y              data      +- uncor     +- tot     th orig         th mod   therr+         therr-     pull    iset       iplot
 0.70000E-01 0.87500E+01 0.55526E+00 0.37824E+00 0.58249E-02 0.23477E-01 0.38454E+00 0.38499E+00 0.00000E+00 0.00000E+00 -.11596E+01      3109322   1/0.70000E-01
 0.70000E-01 0.10250E+02 0.65045E+00 0.37381E+00 0.59436E-02 0.23689E-01 0.38194E+00 0.38296E+00 0.00000E+00 0.00000E+00 -.15398E+01      3109322   2/0.70000E-01
 0.10000E+00 0.10250E+02 0.45531E+00 0.38707E+00 0.45674E-02 0.22126E-01 0.37986E+00 0.38746E+00 0.00000E+00 0.00000E+00 -.86154E-01      3109322   2/0.10000E+00
 0.10000E+00 0.11750E+02 0.52194E+00 0.38341E+00 0.47543E-02 0.22065E-01 0.37915E+00 0.38686E+00 0.00000E+00 0.00000E+00 -.72654E+00      3109322   3/0.10000E+00
 0.10000E+00 0.13250E+02 0.58857E+00 0.38291E+00 0.51693E-02 0.21925E-01 0.37774E+00 0.38441E+00 0.00000E+00 0.00000E+00 -.28949E+00      3109322   4/0.10000E+00
 0.14000E+00 0.11750E+02 0.37282E+00 0.38246E+00 0.56987E-02 0.21834E-01 0.36533E+00 0.37725E+00 0.00000E+00 0.00000E+00 0.91340E+00      3109322   3/0.14000E+00
 0.14000E+00 0.13250E+02 0.42041E+00 0.37607E+00 0.58291E-02 0.21591E-01 0.36458E+00 0.37588E+00 0.00000E+00 0.00000E+00 0.32081E-01      3109322   4/0.14000E+00
 0.14000E+00 0.15000E+02 0.47594E+00 0.37557E+00 0.56336E-02 0.21450E-01 0.36354E+00 0.37405E+00 0.00000E+00 0.00000E+00 0.26993E+00      3109322   5/0.14000E+00
 0.14000E+00 0.17000E+02 0.53939E+00 0.37197E+00 0.62863E-02 0.21311E-01 0.36203E+00 0.37156E+00 0.00000E+00 0.00000E+00 0.65942E-01      3109322   6/0.14000E+00
 0.14000E+00 0.19000E+02 0.60285E+00 0.36233E+00 0.68480E-02 0.20950E-01 0.36020E+00 0.36955E+00 0.00000E+00 0.00000E+00 -.10547E+01      3109322   7/0.14000E+00
 0.18000E+00 0.11750E+02 0.28997E+00 0.36009E+00 0.68777E-02 0.21077E-01 0.34641E+00 0.35825E+00 0.00000E+00 0.00000E+00 0.26715E+00      3109322   3/0.18000E+00
 0.18000E+00 0.13250E+02 0.32699E+00 0.35608E+00 0.68723E-02 0.20759E-01 0.34541E+00 0.35656E+00 0.00000E+00 0.00000E+00 -.70090E-01      3109322   4/0.18000E+00
 0.18000E+00 0.15000E+02 0.37017E+00 0.34792E+00 0.64365E-02 0.20185E-01 0.34421E+00 0.35471E+00 0.00000E+00 0.00000E+00 -.10553E+01      3109322   5/0.18000E+00
 0.18000E+00 0.17000E+02 0.41953E+00 0.35021E+00 0.69342E-02 0.20451E-01 0.34281E+00 0.35263E+00 0.00000E+00 0.00000E+00 -.34875E+00      3109322   6/0.18000E+00
 0.18000E+00 0.19000E+02 0.46889E+00 0.34539E+00 0.74604E-02 0.20365E-01 0.34145E+00 0.35052E+00 0.00000E+00 0.00000E+00 -.68741E+00      3109322   7/0.18000E+00
 0.18000E+00 0.21500E+02 0.53058E+00 0.35670E+00 0.69557E-02 0.20728E-01 0.33950E+00 0.34844E+00 0.00000E+00 0.00000E+00 0.11877E+01      3109322   8/0.18000E+00
 0.18000E+00 0.24500E+02 0.60462E+00 0.33272E+00 0.79853E-02 0.19857E-01 0.33703E+00 0.34578E+00 0.00000E+00 0.00000E+00 -.16352E+01      3109322   9/0.18000E+00
 0.22500E+00 0.11750E+02 0.23197E+00 0.32274E+00 0.66162E-02 0.19043E-01 0.32169E+00 0.33287E+00 0.00000E+00 0.00000E+00 -.15314E+01      3109322   3/0.22500E+00
 0.22500E+00 0.13250E+02 0.26159E+00 0.34040E+00 0.70463E-02 0.20039E-01 0.32009E+00 0.33055E+00 0.00000E+00 0.00000E+00 0.13985E+01      3109322   4/0.22500E+00
 0.22500E+00 0.15000E+02 0.29614E+00 0.32526E+00 0.63100E-02 0.18943E-01 0.31839E+00 0.32804E+00 0.00000E+00 0.00000E+00 -.44040E+00      3109322   5/0.22500E+00
 0.22500E+00 0.17000E+02 0.33562E+00 0.33403E+00 0.67808E-02 0.19548E-01 0.31659E+00 0.32613E+00 0.00000E+00 0.00000E+00 0.11647E+01      3109322   6/0.22500E+00
 0.22500E+00 0.19000E+02 0.37511E+00 0.31631E+00 0.70537E-02 0.18697E-01 0.31491E+00 0.32320E+00 0.00000E+00 0.00000E+00 -.97633E+00      3109322   7/0.22500E+00
 0.22500E+00 0.21500E+02 0.42446E+00 0.32392E+00 0.64784E-02 0.18916E-01 0.31294E+00 0.32124E+00 0.00000E+00 0.00000E+00 0.41344E+00      3109322   8/0.22500E+00
 0.22500E+00 0.24500E+02 0.48369E+00 0.31374E+00 0.70905E-02 0.18559E-01 0.31069E+00 0.31880E+00 0.00000E+00 0.00000E+00 -.71418E+00      3109322   9/0.22500E+00
 0.22500E+00 0.28000E+02 0.55279E+00 0.31301E+00 0.59159E-02 0.17415E-01 0.30816E+00 0.31661E+00 0.00000E+00 0.00000E+00 -.60791E+00      3109322  10/0.22500E+00
 0.22500E+00 0.32500E+02 0.64163E+00 0.31897E+00 0.58053E-02 0.17634E-01 0.30501E+00 0.31330E+00 0.00000E+00 0.00000E+00 0.97744E+00      3109322  11/0.22500E+00
 0.27500E+00 0.13250E+02 0.21403E+00 0.30041E+00 0.78407E-02 0.18318E-01 0.28834E+00 0.29721E+00 0.00000E+00 0.00000E+00 0.40859E+00      3109322   4/0.27500E+00
 0.27500E+00 0.15000E+02 0.24230E+00 0.31094E+00 0.73071E-02 0.18795E-01 0.28608E+00 0.29452E+00 0.00000E+00 0.00000E+00 0.22477E+01      3109322   5/0.27500E+00
 0.27500E+00 0.17000E+02 0.27460E+00 0.29574E+00 0.72161E-02 0.17725E-01 0.28379E+00 0.29126E+00 0.00000E+00 0.00000E+00 0.62052E+00      3109322   6/0.27500E+00
 0.27500E+00 0.19000E+02 0.30691E+00 0.29560E+00 0.75378E-02 0.17989E-01 0.28175E+00 0.28938E+00 0.00000E+00 0.00000E+00 0.82559E+00      3109322   7/0.27500E+00
 0.27500E+00 0.21500E+02 0.34729E+00 0.29235E+00 0.67533E-02 0.17337E-01 0.27945E+00 0.28613E+00 0.00000E+00 0.00000E+00 0.92152E+00      3109322   8/0.27500E+00
 0.27500E+00 0.24500E+02 0.39575E+00 0.28614E+00 0.48358E-02 0.15847E-01 0.27699E+00 0.28415E+00 0.00000E+00 0.00000E+00 0.41129E+00      3109322   9/0.27500E+00
 0.27500E+00 0.28000E+02 0.45228E+00 0.28387E+00 0.46271E-02 0.15635E-01 0.27440E+00 0.28128E+00 0.00000E+00 0.00000E+00 0.56076E+00      3109322  10/0.27500E+00
 0.27500E+00 0.32500E+02 0.52497E+00 0.28255E+00 0.47186E-02 0.15493E-01 0.27140E+00 0.27850E+00 0.00000E+00 0.00000E+00 0.85921E+00      3109322  11/0.27500E+00
 0.27500E+00 0.37500E+02 0.60574E+00 0.28359E+00 0.60972E-02 0.16064E-01 0.26834E+00 0.27466E+00 0.00000E+00 0.00000E+00 0.14645E+01      3109322  12/0.27500E+00
 0.27500E+00 0.43000E+02 0.69458E+00 0.26798E+00 0.61367E-02 0.15452E-01 0.26519E+00 0.27159E+00 0.00000E+00 0.00000E+00 -.58906E+00      3109322  13/0.27500E+00
 0.35000E+00 0.13250E+02 0.16816E+00 0.23697E+00 0.60427E-02 0.14468E-01 0.23526E+00 0.23977E+00 0.00000E+00 0.00000E+00 -.46391E+00      3109322   4/0.35000E+00
 0.35000E+00 0.15000E+02 0.19037E+00 0.23426E+00 0.54583E-02 0.14095E-01 0.23247E+00 0.23693E+00 0.00000E+00 0.00000E+00 -.48926E+00      3109322   5/0.35000E+00
 0.35000E+00 0.17000E+02 0.21576E+00 0.23448E+00 0.53461E-02 0.13878E-01 0.22970E+00 0.23382E+00 0.00000E+00 0.00000E+00 0.12320E+00      3109322   6/0.35000E+00
 0.35000E+00 0.19000E+02 0.24114E+00 0.22909E+00 0.54982E-02 0.13745E-01 0.22729E+00 0.23151E+00 0.00000E+00 0.00000E+00 -.44089E+00      3109322   7/0.35000E+00
 0.35000E+00 0.21500E+02 0.27287E+00 0.22136E+00 0.46486E-02 0.12994E-01 0.22464E+00 0.22857E+00 0.00000E+00 0.00000E+00 -.15500E+01      3109322   8/0.35000E+00
 0.35000E+00 0.24500E+02 0.31095E+00 0.23127E+00 0.35153E-02 0.12727E-01 0.22190E+00 0.22633E+00 0.00000E+00 0.00000E+00 0.14043E+01      3109322   9/0.35000E+00
 0.35000E+00 0.28000E+02 0.35537E+00 0.22575E+00 0.33185E-02 0.12354E-01 0.21913E+00 0.22345E+00 0.00000E+00 0.00000E+00 0.69204E+00      3109322  10/0.35000E+00
 0.35000E+00 0.32500E+02 0.41248E+00 0.22033E+00 0.31948E-02 0.11959E-01 0.21607E+00 0.22029E+00 0.00000E+00 0.00000E+00 0.13703E-01      3109322  11/0.35000E+00
 0.35000E+00 0.37500E+02 0.47594E+00 0.22098E+00 0.41323E-02 0.12226E-01 0.21316E+00 0.21757E+00 0.00000E+00 0.00000E+00 0.82455E+00      3109322  12/0.35000E+00
 0.35000E+00 0.43000E+02 0.54574E+00 0.21710E+00 0.41900E-02 0.12140E-01 0.21037E+00 0.21490E+00 0.00000E+00 0.00000E+00 0.52478E+00      3109322  13/0.35000E+00
 0.35000E+00 0.49500E+02 0.62824E+00 0.20737E+00 0.42096E-02 0.11595E-01 0.20746E+00 0.21179E+00 0.00000E+00 0.00000E+00 -.10494E+01      3109322  14/0.35000E+00
 0.35000E+00 0.57000E+02 0.72342E+00 0.21152E+00 0.49707E-02 0.12163E-01 0.20446E+00 0.20887E+00 0.00000E+00 0.00000E+00 0.53344E+00      3109322  15/0.35000E+00
 0.45000E+00 0.13250E+02 0.13079E+00 0.15958E+00 0.59364E-02 0.11158E-01 0.16204E+00 0.15953E+00 0.00000E+00 0.00000E+00 0.84471E-02      3109322   4/0.45000E+00
 0.45000E+00 0.15000E+02 0.14807E+00 0.16145E+00 0.54893E-02 0.10914E-01 0.15912E+00 0.15708E+00 0.00000E+00 0.00000E+00 0.79604E+00      3109322   5/0.45000E+00
 0.45000E+00 0.17000E+02 0.16781E+00 0.15240E+00 0.52730E-02 0.10279E-01 0.15627E+00 0.15482E+00 0.00000E+00 0.00000E+00 -.45965E+00      3109322   6/0.45000E+00
 0.45000E+00 0.19000E+02 0.18755E+00 0.15374E+00 0.55346E-02 0.10502E-01 0.15382E+00 0.15328E+00 0.00000E+00 0.00000E+00 0.83021E-01      3109322   7/0.45000E+00
 0.45000E+00 0.21500E+02 0.21223E+00 0.15342E+00 0.48020E-02 0.99168E-02 0.15117E+00 0.15071E+00 0.00000E+00 0.00000E+00 0.56487E+00      3109322   8/0.45000E+00
 0.45000E+00 0.24500E+02 0.24185E+00 0.14968E+00 0.31882E-02 0.86783E-02 0.14848E+00 0.14873E+00 0.00000E+00 0.00000E+00 0.29679E+00      3109322   9/0.45000E+00
 0.45000E+00 0.28000E+02 0.27640E+00 0.14585E+00 0.30337E-02 0.84059E-02 0.14582E+00 0.14671E+00 0.00000E+00 0.00000E+00 -.28240E+00      3109322  10/0.45000E+00
 0.45000E+00 0.32500E+02 0.32082E+00 0.14579E+00 0.29158E-02 0.82648E-02 0.14296E+00 0.14404E+00 0.00000E+00 0.00000E+00 0.59980E+00      3109322  11/0.45000E+00
 0.45000E+00 0.37500E+02 0.37017E+00 0.14296E+00 0.31594E-02 0.82017E-02 0.14031E+00 0.14171E+00 0.00000E+00 0.00000E+00 0.39547E+00      3109322  12/0.45000E+00
 0.45000E+00 0.43000E+02 0.42446E+00 0.14187E+00 0.36461E-02 0.83492E-02 0.13787E+00 0.13976E+00 0.00000E+00 0.00000E+00 0.57935E+00      3109322  13/0.45000E+00
 0.45000E+00 0.49500E+02 0.48863E+00 0.13688E+00 0.36684E-02 0.81007E-02 0.13545E+00 0.13726E+00 0.00000E+00 0.00000E+00 -.10466E+00      3109322  14/0.45000E+00
 0.45000E+00 0.57000E+02 0.56266E+00 0.13681E+00 0.38580E-02 0.83072E-02 0.13309E+00 0.13504E+00 0.00000E+00 0.00000E+00 0.45954E+00      3109322  15/0.45000E+00
 0.45000E+00 0.65500E+02 0.64657E+00 0.13381E+00 0.42150E-02 0.81907E-02 0.13083E+00 0.13307E+00 0.00000E+00 0.00000E+00 0.17610E+00      3109322  16/0.45000E+00
 0.45000E+00 0.75000E+02 0.74035E+00 0.12253E+00 0.47909E-02 0.80092E-02 0.12866E+00 0.13081E+00 0.00000E+00 0.00000E+00 -.17288E+01      3109322  17/0.45000E+00
 0.55000E+00 0.15000E+02 0.12115E+00 0.84940E-01 0.38478E-02 0.80172E-02 0.95673E-01 0.90541E-01 0.00000E+00 0.00000E+00 -.14557E+01      3109322   5/0.55000E+00
 0.55000E+00 0.17000E+02 0.13730E+00 0.79990E-01 0.36235E-02 0.71688E-02 0.93120E-01 0.88715E-01 0.00000E+00 0.00000E+00 -.24080E+01      3109322   6/0.55000E+00
 0.55000E+00 0.19000E+02 0.15345E+00 0.90730E-01 0.45093E-02 0.78053E-02 0.90961E-01 0.87063E-01 0.00000E+00 0.00000E+00 0.81331E+00      3109322   7/0.55000E+00
 0.55000E+00 0.21500E+02 0.17364E+00 0.85370E-01 0.37136E-02 0.68843E-02 0.88676E-01 0.85479E-01 0.00000E+00 0.00000E+00 -.29347E-01      3109322   8/0.55000E+00
 0.55000E+00 0.24500E+02 0.19787E+00 0.91560E-01 0.43308E-02 0.73225E-02 0.86384E-01 0.83952E-01 0.00000E+00 0.00000E+00 0.17567E+01      3109322   9/0.55000E+00
 0.55000E+00 0.28000E+02 0.22614E+00 0.81540E-01 0.22913E-02 0.54661E-02 0.84163E-01 0.82346E-01 0.00000E+00 0.00000E+00 -.35198E+00      3109322  10/0.55000E+00
 0.55000E+00 0.32500E+02 0.26249E+00 0.79230E-01 0.22026E-02 0.51099E-02 0.81821E-01 0.80583E-01 0.00000E+00 0.00000E+00 -.61444E+00      3109322  11/0.55000E+00
 0.55000E+00 0.37500E+02 0.30287E+00 0.78600E-01 0.24680E-02 0.51429E-02 0.79700E-01 0.78825E-01 0.00000E+00 0.00000E+00 -.91347E-01      3109322  12/0.55000E+00
 0.55000E+00 0.43000E+02 0.34729E+00 0.76170E-01 0.28488E-02 0.51266E-02 0.77781E-01 0.77403E-01 0.00000E+00 0.00000E+00 -.43276E+00      3109322  13/0.55000E+00
 0.55000E+00 0.49500E+02 0.39979E+00 0.78880E-01 0.29974E-02 0.52834E-02 0.75912E-01 0.75801E-01 0.00000E+00 0.00000E+00 0.10271E+01      3109322  14/0.55000E+00
 0.55000E+00 0.57000E+02 0.46036E+00 0.74640E-01 0.30901E-02 0.51053E-02 0.74140E-01 0.74130E-01 0.00000E+00 0.00000E+00 0.16494E+00      3109322  15/0.55000E+00
 0.55000E+00 0.65500E+02 0.52901E+00 0.66710E-01 0.32021E-02 0.48160E-02 0.72487E-01 0.72736E-01 0.00000E+00 0.00000E+00 -.18820E+01      3109322  16/0.55000E+00
 0.55000E+00 0.75000E+02 0.60574E+00 0.70390E-01 0.35688E-02 0.51908E-02 0.70958E-01 0.71462E-01 0.00000E+00 0.00000E+00 -.30046E+00      3109322  17/0.55000E+00
 0.55000E+00 0.86000E+02 0.69458E+00 0.70200E-01 0.37908E-02 0.53238E-02 0.69486E-01 0.70141E-01 0.00000E+00 0.00000E+00 0.15588E-01      3109322  18/0.55000E+00
 0.65000E+00 0.17000E+02 0.11618E+00 0.41110E-01 0.21418E-02 0.71175E-02 0.47733E-01 0.43683E-01 0.00000E+00 0.00000E+00 -.12014E+01      3109322   6/0.65000E+00
 0.65000E+00 0.19000E+02 0.12984E+00 0.42820E-01 0.23808E-02 0.67429E-02 0.46044E-01 0.42406E-01 0.00000E+00 0.00000E+00 0.17372E+00      3109322   7/0.65000E+00
 0.65000E+00 0.21500E+02 0.14693E+00 0.41060E-01 0.21803E-02 0.59724E-02 0.44296E-01 0.41345E-01 0.00000E+00 0.00000E+00 -.13058E+00      3109322   8/0.65000E+00
 0.65000E+00 0.24500E+02 0.16743E+00 0.36540E-01 0.22984E-02 0.49302E-02 0.42582E-01 0.40045E-01 0.00000E+00 0.00000E+00 -.15248E+01      3109322   9/0.65000E+00
 0.65000E+00 0.28000E+02 0.19135E+00 0.36920E-01 0.22484E-02 0.45236E-02 0.40959E-01 0.38722E-01 0.00000E+00 0.00000E+00 -.80149E+00      3109322  10/0.65000E+00
 0.65000E+00 0.32500E+02 0.22210E+00 0.36790E-01 0.13612E-02 0.35672E-02 0.39286E-01 0.37519E-01 0.00000E+00 0.00000E+00 -.53561E+00      3109322  11/0.65000E+00
 0.65000E+00 0.37500E+02 0.25627E+00 0.40650E-01 0.16992E-02 0.36775E-02 0.37805E-01 0.36331E-01 0.00000E+00 0.00000E+00 0.25417E+01      3109322  12/0.65000E+00
 0.65000E+00 0.43000E+02 0.29386E+00 0.36120E-01 0.18385E-02 0.32411E-02 0.36492E-01 0.35309E-01 0.00000E+00 0.00000E+00 0.44132E+00      3109322  13/0.65000E+00
 0.65000E+00 0.49500E+02 0.33828E+00 0.35890E-01 0.19811E-02 0.31649E-02 0.35238E-01 0.34326E-01 0.00000E+00 0.00000E+00 0.78967E+00      3109322  14/0.65000E+00
 0.65000E+00 0.57000E+02 0.38954E+00 0.30420E-01 0.19286E-02 0.27510E-02 0.34070E-01 0.33354E-01 0.00000E+00 0.00000E+00 -.15210E+01      3109322  15/0.65000E+00
 0.65000E+00 0.65500E+02 0.44762E+00 0.35600E-01 0.23104E-02 0.31974E-02 0.32999E-01 0.32519E-01 0.00000E+00 0.00000E+00 0.13336E+01      3109322  16/0.65000E+00
 0.65000E+00 0.75000E+02 0.51255E+00 0.31680E-01 0.24299E-02 0.30787E-02 0.32027E-01 0.31699E-01 0.00000E+00 0.00000E+00 -.77867E-02      3109322  17/0.65000E+00
 0.65000E+00 0.86000E+02 0.58772E+00 0.30410E-01 0.25088E-02 0.30779E-02 0.31109E-01 0.30965E-01 0.00000E+00 0.00000E+00 -.22116E+00      3109322  18/0.65000E+00
 0.65000E+00 0.99000E+02 0.67656E+00 0.34360E-01 0.29515E-02 0.35410E-02 0.30226E-01 0.30163E-01 0.00000E+00 0.00000E+00 0.14219E+01      3109322  19/0.65000E+00
 0.75000E+00 0.32500E+02 0.19249E+00 0.13350E-01 0.75027E-03 0.25837E-02 0.14697E-01 0.13230E-01 0.00000E+00 0.00000E+00 0.16053E+00      3109322  11/0.75000E+00
 0.75000E+00 0.37500E+02 0.22210E+00 0.11940E-01 0.84058E-03 0.21478E-02 0.13873E-01 0.12728E-01 0.00000E+00 0.00000E+00 -.93783E+00      3109322  12/0.75000E+00
 0.75000E+00 0.43000E+02 0.25468E+00 0.12380E-01 0.90993E-03 0.20528E-02 0.13161E-01 0.12244E-01 0.00000E+00 0.00000E+00 0.14893E+00      3109322  13/0.75000E+00
 0.75000E+00 0.49500E+02 0.29318E+00 0.11550E-01 0.97020E-03 0.18174E-02 0.12495E-01 0.11771E-01 0.00000E+00 0.00000E+00 -.22777E+00      3109322  14/0.75000E+00
 0.75000E+00 0.57000E+02 0.33760E+00 0.11690E-01 0.10498E-02 0.17259E-02 0.11889E-01 0.11311E-01 0.00000E+00 0.00000E+00 0.36093E+00      3109322  15/0.75000E+00
 0.75000E+00 0.65500E+02 0.38794E+00 0.10560E-01 0.11700E-02 0.16208E-02 0.11344E-01 0.10892E-01 0.00000E+00 0.00000E+00 -.28406E+00      3109322  16/0.75000E+00
 0.75000E+00 0.75000E+02 0.44421E+00 0.99200E-02 0.12400E-02 0.15331E-02 0.10858E-01 0.10460E-01 0.00000E+00 0.00000E+00 -.43519E+00      3109322  17/0.75000E+00
 0.75000E+00 0.86000E+02 0.50936E+00 0.96100E-02 0.13396E-02 0.15585E-02 0.10407E-01 0.10115E-01 0.00000E+00 0.00000E+00 -.37714E+00      3109322  18/0.75000E+00
 0.75000E+00 0.99000E+02 0.58635E+00 0.81500E-02 0.13097E-02 0.14454E-02 0.99800E-02 0.97444E-02 0.00000E+00 0.00000E+00 -.12174E+01      3109322  19/0.75000E+00
     5495627
 BCDMS F2p 200GeV                                                                
Plot1@Experiment:BCDMS muon DIS@ExtraLabel:#mu beam energy E = 200 GeV @XTitle: x @YTitle: F_{2}(x, Q^{2}) @Title:Q^{2} = 17  @Ymin:0.1@Ymax:1.@Xlog@Ylog
Plot2@Experiment:BCDMS muon DIS@ExtraLabel:#mu beam energy E = 200 GeV @XTitle: x @YTitle: F_{2}(x, Q^{2}) @Title:Q^{2} = 19  @Ymin:0.1@Ymax:1.@Xlog@Ylog
Plot3@Experiment:BCDMS muon DIS@ExtraLabel:#mu beam energy E = 200 GeV @XTitle: x @YTitle: F_{2}(x, Q^{2}) @Title:Q^{2} = 21.5 @Ymin:0.1@Ymax:1.@Xlog@Ylog
Plot4@Experiment:BCDMS muon DIS@ExtraLabel:#mu beam energy E = 200 GeV @XTitle: x @YTitle: F_{2}(x, Q^{2}) @Title:Q^{2} = 24.5 @Ymin:0.1@Ymax:1.@Xlog@Ylog
Plot5@Experiment:BCDMS muon DIS@ExtraLabel:#mu beam energy E = 200 GeV @XTitle: x @YTitle: F_{2}(x, Q^{2}) @Title:Q^{2} = 28 @Ymin:0.1@Ymax:1.@Xlog@Ylog
Plot6@Experiment:BCDMS muon DIS@ExtraLabel:#mu beam energy E = 200 GeV @XTitle: x @YTitle: F_{2}(x, Q^{2}) @Title:Q^{2} = 32 @Ymin:0.005@Ymax:1.@Xlog@Ylog
Plot7@Experiment:BCDMS muon DIS@ExtraLabel:#mu beam energy E = 200 GeV @XTitle: x @YTitle: F_{2}(x, Q^{2}) @Title:Q^{2} = 37 @Ymin:0.005@Ymax:1.@Xlog@Ylog
Plot8@Experiment:BCDMS muon DIS@ExtraLabel:#mu beam energy E = 200 GeV @XTitle: x @YTitle: F_{2}(x, Q^{2}) @Title:Q^{2} = 43 @Ymin:0.001@Ymax:1.@Xlog@Ylog
Plot9@Experiment:BCDMS muon DIS@ExtraLabel:#mu beam energy E = 200 GeV @XTitle: x @YTitle: F_{2}(x, Q^{2}) @Title:Q^{2} = 49 @Ymin:0.001@Ymax:1.@Xlog@Ylog
Plot10@Experiment:BCDMS muon DIS@ExtraLabel:#mu beam energy E = 200 GeV @XTitle: x @YTitle: F_{2}(x, Q^{2}) @Title:Q^{2} = 57 @Ymin:0.001@Ymax:1.@Xlog@Ylog
Plot11@Experiment:BCDMS muon DIS@ExtraLabel:#mu beam energy E = 200 GeV @XTitle: x @YTitle: F_{2}(x, Q^{2}) @Title:Q^{2} = 65 @Ymin:0.001@Ymax:1.@Xlog@Ylog
Plot12@Experiment:BCDMS muon DIS@ExtraLabel:#mu beam energy E = 200 GeV @XTitle: x @YTitle: F_{2}(x, Q^{2}) @Title:Q^{2} = 75 @Ymin:0.001@Ymax:1.@Xlog@Ylog
Plot13@Experiment:BCDMS muon DIS@ExtraLabel:#mu beam energy E = 200 GeV @XTitle: x @YTitle: F_{2}(x, Q^{2}) @Title:Q^{2} = 86 @Ymin:0.001@Ymax:1.@Xlog@Ylog
Plot14@Experiment:BCDMS muon DIS@ExtraLabel:#mu beam energy E = 200 GeV @XTitle: x @YTitle: F_{2}(x, Q^{2}) @Title:Q^{2} = 99 @Ymin:0.001@Ymax:1.@Xlog@Ylog
Plot15@Experiment:BCDMS muon DIS@ExtraLabel:#mu beam energy E = 200 GeV @XTitle: x @YTitle: F_{2}(x, Q^{2}) @Title:Q^{2} = 115 @Ymin:0.001@Ymax:1.@Xlog@Ylog
Plot16@Experiment:BCDMS muon DIS@ExtraLabel:#mu beam energy E = 200 GeV @XTitle: x @YTitle: F_{2}(x, Q^{2}) @Title:Q^{2} = 137 @Ymin:0.001@Ymax:1.@Xlog@Ylog
 x           Q2          y              data      +- uncor     +- tot     th orig         th mod   therr+         therr-     pull    iset       iplot
 0.70000E-01 0.17000E+02 0.64727E+00 0.39928E+00 0.51906E-02 0.23049E-01 0.39828E+00 0.39993E+00 0.00000E+00 0.00000E+00 -.12591E+00      5495627   1/0.70000E-01
 0.70000E-01 0.19000E+02 0.72342E+00 0.39989E+00 0.52785E-02 0.23131E-01 0.39543E+00 0.39602E+00 0.00000E+00 0.00000E+00 0.73301E+00      5495627   2/0.70000E-01
 0.10000E+00 0.19000E+02 0.50640E+00 0.39548E+00 0.40734E-02 0.20669E-01 0.38728E+00 0.39554E+00 0.00000E+00 0.00000E+00 -.15434E-01      5495627   2/0.10000E+00
 0.10000E+00 0.21500E+02 0.57303E+00 0.39338E+00 0.31864E-02 0.20610E-01 0.38612E+00 0.39460E+00 0.00000E+00 0.00000E+00 -.38172E+00      5495627   3/0.10000E+00
 0.10000E+00 0.24500E+02 0.65299E+00 0.39402E+00 0.33886E-02 0.20400E-01 0.38399E+00 0.39208E+00 0.00000E+00 0.00000E+00 0.57127E+00      5495627   4/0.10000E+00
 0.14000E+00 0.21500E+02 0.40931E+00 0.37841E+00 0.35949E-02 0.19661E-01 0.36635E+00 0.37915E+00 0.00000E+00 0.00000E+00 -.20699E+00      5495627   3/0.14000E+00
 0.14000E+00 0.24500E+02 0.46642E+00 0.37991E+00 0.37611E-02 0.19934E-01 0.36532E+00 0.37758E+00 0.00000E+00 0.00000E+00 0.62061E+00      5495627   4/0.14000E+00
 0.14000E+00 0.28000E+02 0.53305E+00 0.37499E+00 0.36374E-02 0.19243E-01 0.36385E+00 0.37483E+00 0.00000E+00 0.00000E+00 0.42639E-01      5495627   5/0.14000E+00
 0.14000E+00 0.32500E+02 0.61872E+00 0.36709E+00 0.35608E-02 0.18905E-01 0.36155E+00 0.37256E+00 0.00000E+00 0.00000E+00 -.15360E+01      5495627   6/0.14000E+00
 0.18000E+00 0.21500E+02 0.31835E+00 0.35061E+00 0.42073E-02 0.18442E-01 0.34331E+00 0.35604E+00 0.00000E+00 0.00000E+00 -.12916E+01      5495627   3/0.18000E+00
 0.18000E+00 0.24500E+02 0.36277E+00 0.36077E+00 0.43292E-02 0.18735E-01 0.34203E+00 0.35371E+00 0.00000E+00 0.00000E+00 0.16302E+01      5495627   4/0.18000E+00
 0.18000E+00 0.28000E+02 0.41459E+00 0.36004E+00 0.41405E-02 0.18638E-01 0.34055E+00 0.35155E+00 0.00000E+00 0.00000E+00 0.20498E+01      5495627   5/0.18000E+00
 0.18000E+00 0.32500E+02 0.48123E+00 0.34712E+00 0.28811E-02 0.17645E-01 0.33864E+00 0.34917E+00 0.00000E+00 0.00000E+00 -.71244E+00      5495627   6/0.18000E+00
 0.18000E+00 0.37500E+02 0.55526E+00 0.34052E+00 0.30306E-02 0.17191E-01 0.33647E+00 0.34669E+00 0.00000E+00 0.00000E+00 -.20364E+01      5495627   7/0.18000E+00
 0.18000E+00 0.43000E+02 0.63670E+00 0.34255E+00 0.30144E-02 0.17251E-01 0.33398E+00 0.34356E+00 0.00000E+00 0.00000E+00 -.33558E+00      5495627   8/0.18000E+00
 0.22500E+00 0.28000E+02 0.33167E+00 0.32246E+00 0.38373E-02 0.16780E-01 0.31103E+00 0.32145E+00 0.00000E+00 0.00000E+00 0.26323E+00      5495627   5/0.22500E+00
 0.22500E+00 0.32500E+02 0.38498E+00 0.32715E+00 0.36641E-02 0.16845E-01 0.30917E+00 0.31843E+00 0.00000E+00 0.00000E+00 0.23793E+01      5495627   6/0.22500E+00
 0.22500E+00 0.37500E+02 0.44421E+00 0.31302E+00 0.27546E-02 0.15772E-01 0.30694E+00 0.31629E+00 0.00000E+00 0.00000E+00 -.11881E+01      5495627   7/0.22500E+00
 0.22500E+00 0.43000E+02 0.50936E+00 0.31337E+00 0.26950E-02 0.15837E-01 0.30467E+00 0.31354E+00 0.00000E+00 0.00000E+00 -.62623E-01      5495627   8/0.22500E+00
 0.22500E+00 0.49500E+02 0.58635E+00 0.30607E+00 0.26322E-02 0.15598E-01 0.30212E+00 0.31109E+00 0.00000E+00 0.00000E+00 -.19067E+01      5495627   9/0.22500E+00
 0.22500E+00 0.57000E+02 0.67519E+00 0.31349E+00 0.36365E-02 0.15956E-01 0.29928E+00 0.30762E+00 0.00000E+00 0.00000E+00 0.16130E+01      5495627  10/0.22500E+00
 0.27500E+00 0.28000E+02 0.27137E+00 0.28822E+00 0.40927E-02 0.15090E-01 0.27572E+00 0.28405E+00 0.00000E+00 0.00000E+00 0.10194E+01      5495627   5/0.27500E+00
 0.27500E+00 0.32500E+02 0.31498E+00 0.28252E+00 0.37293E-02 0.14761E-01 0.27319E+00 0.28061E+00 0.00000E+00 0.00000E+00 0.51101E+00      5495627   6/0.27500E+00
 0.27500E+00 0.37500E+02 0.36344E+00 0.27908E+00 0.29024E-02 0.14169E-01 0.27075E+00 0.27837E+00 0.00000E+00 0.00000E+00 0.24491E+00      5495627   7/0.27500E+00
 0.27500E+00 0.43000E+02 0.41675E+00 0.27264E+00 0.27264E-02 0.13813E-01 0.26840E+00 0.27599E+00 0.00000E+00 0.00000E+00 -.12284E+01      5495627   8/0.27500E+00
 0.27500E+00 0.49500E+02 0.47974E+00 0.27001E+00 0.27271E-02 0.13771E-01 0.26616E+00 0.27398E+00 0.00000E+00 0.00000E+00 -.14558E+01      5495627   9/0.27500E+00
 0.27500E+00 0.57000E+02 0.55243E+00 0.27276E+00 0.29185E-02 0.13843E-01 0.26354E+00 0.27056E+00 0.00000E+00 0.00000E+00 0.75522E+00      5495627  10/0.27500E+00
 0.27500E+00 0.65500E+02 0.63481E+00 0.26985E+00 0.36160E-02 0.13910E-01 0.26083E+00 0.26764E+00 0.00000E+00 0.00000E+00 0.61157E+00      5495627  11/0.27500E+00
 0.27500E+00 0.75000E+02 0.72689E+00 0.26068E+00 0.38581E-02 0.13758E-01 0.25803E+00 0.26501E+00 0.00000E+00 0.00000E+00 -.11234E+01      5495627  12/0.27500E+00
 0.35000E+00 0.32500E+02 0.24749E+00 0.22221E+00 0.27554E-02 0.11491E-01 0.21663E+00 0.22121E+00 0.00000E+00 0.00000E+00 0.36119E+00      5495627   6/0.35000E+00
 0.35000E+00 0.37500E+02 0.28556E+00 0.21985E+00 0.20886E-02 0.11140E-01 0.21390E+00 0.21869E+00 0.00000E+00 0.00000E+00 0.55583E+00      5495627   7/0.35000E+00
 0.35000E+00 0.43000E+02 0.32744E+00 0.21666E+00 0.20149E-02 0.11011E-01 0.21135E+00 0.21626E+00 0.00000E+00 0.00000E+00 0.19656E+00      5495627   8/0.35000E+00
 0.35000E+00 0.49500E+02 0.37694E+00 0.21473E+00 0.19540E-02 0.10865E-01 0.20878E+00 0.21358E+00 0.00000E+00 0.00000E+00 0.58693E+00      5495627   9/0.35000E+00
 0.35000E+00 0.57000E+02 0.43405E+00 0.21410E+00 0.20340E-02 0.10940E-01 0.20626E+00 0.21112E+00 0.00000E+00 0.00000E+00 0.14647E+01      5495627  10/0.35000E+00
 0.35000E+00 0.65500E+02 0.49878E+00 0.20758E+00 0.20966E-02 0.10499E-01 0.20382E+00 0.20842E+00 0.00000E+00 0.00000E+00 -.40022E+00      5495627  11/0.35000E+00
 0.35000E+00 0.75000E+02 0.57112E+00 0.20193E+00 0.25847E-02 0.10314E-01 0.20146E+00 0.20617E+00 0.00000E+00 0.00000E+00 -.16421E+01      5495627  12/0.35000E+00
 0.35000E+00 0.86000E+02 0.65489E+00 0.20554E+00 0.27337E-02 0.10712E-01 0.19908E+00 0.20400E+00 0.00000E+00 0.00000E+00 0.56431E+00      5495627  13/0.35000E+00
 0.35000E+00 0.99000E+02 0.75388E+00 0.20033E+00 0.29649E-02 0.10382E-01 0.19658E+00 0.20127E+00 0.00000E+00 0.00000E+00 -.31613E+00      5495627  14/0.35000E+00
 0.45000E+00 0.32500E+02 0.19249E+00 0.14298E+00 0.26594E-02 0.81018E-02 0.14300E+00 0.14300E+00 0.00000E+00 0.00000E+00 -.78395E-02      5495627   6/0.45000E+00
 0.45000E+00 0.37500E+02 0.22210E+00 0.13689E+00 0.27652E-02 0.76819E-02 0.14038E+00 0.14050E+00 0.00000E+00 0.00000E+00 -.13068E+01      5495627   7/0.45000E+00
 0.45000E+00 0.43000E+02 0.25468E+00 0.13873E+00 0.18312E-02 0.73721E-02 0.13797E+00 0.13878E+00 0.00000E+00 0.00000E+00 -.26844E-01      5495627   8/0.45000E+00
 0.45000E+00 0.49500E+02 0.29318E+00 0.13676E+00 0.17916E-02 0.71559E-02 0.13559E+00 0.13680E+00 0.00000E+00 0.00000E+00 -.22944E-01      5495627   9/0.45000E+00
 0.45000E+00 0.57000E+02 0.33760E+00 0.13594E+00 0.18488E-02 0.71129E-02 0.13329E+00 0.13467E+00 0.00000E+00 0.00000E+00 0.68556E+00      5495627  10/0.45000E+00
 0.45000E+00 0.65500E+02 0.38794E+00 0.13030E+00 0.18242E-02 0.68349E-02 0.13113E+00 0.13286E+00 0.00000E+00 0.00000E+00 -.14044E+01      5495627  11/0.45000E+00
 0.45000E+00 0.75000E+02 0.44421E+00 0.12735E+00 0.22541E-02 0.67567E-02 0.12910E+00 0.13113E+00 0.00000E+00 0.00000E+00 -.16772E+01      5495627  12/0.45000E+00
 0.45000E+00 0.86000E+02 0.50936E+00 0.13085E+00 0.23553E-02 0.70248E-02 0.12714E+00 0.12924E+00 0.00000E+00 0.00000E+00 0.68440E+00      5495627  13/0.45000E+00
 0.45000E+00 0.99000E+02 0.58635E+00 0.12724E+00 0.24303E-02 0.67996E-02 0.12520E+00 0.12713E+00 0.00000E+00 0.00000E+00 0.46717E-01      5495627  14/0.45000E+00
 0.45000E+00 0.11550E+03 0.68408E+00 0.12334E+00 0.23928E-02 0.66138E-02 0.12317E+00 0.12562E+00 0.00000E+00 0.00000E+00 -.95158E+00      5495627  15/0.45000E+00
 0.55000E+00 0.32500E+02 0.15749E+00 0.77330E-01 0.20183E-02 0.61682E-02 0.81790E-01 0.79080E-01 0.00000E+00 0.00000E+00 -.86717E+00      5495627   6/0.55000E+00
 0.55000E+00 0.37500E+02 0.18172E+00 0.80190E-01 0.22694E-02 0.59936E-02 0.79663E-01 0.77481E-01 0.00000E+00 0.00000E+00 0.11937E+01      5495627   7/0.55000E+00
 0.55000E+00 0.43000E+02 0.20837E+00 0.75910E-01 0.13512E-02 0.49422E-02 0.77736E-01 0.76130E-01 0.00000E+00 0.00000E+00 -.16318E+00      5495627   8/0.55000E+00
 0.55000E+00 0.49500E+02 0.23987E+00 0.75580E-01 0.13604E-02 0.47534E-02 0.75859E-01 0.74634E-01 0.00000E+00 0.00000E+00 0.69548E+00      5495627   9/0.55000E+00
 0.55000E+00 0.57000E+02 0.27622E+00 0.75890E-01 0.14495E-02 0.45164E-02 0.74079E-01 0.73249E-01 0.00000E+00 0.00000E+00 0.18221E+01      5495627  10/0.55000E+00
 0.55000E+00 0.65500E+02 0.31741E+00 0.70900E-01 0.14180E-02 0.40811E-02 0.72419E-01 0.71933E-01 0.00000E+00 0.00000E+00 -.72831E+00      5495627  11/0.55000E+00
 0.55000E+00 0.75000E+02 0.36344E+00 0.70220E-01 0.15519E-02 0.40466E-02 0.70888E-01 0.70666E-01 0.00000E+00 0.00000E+00 -.28753E+00      5495627  12/0.55000E+00
 0.55000E+00 0.86000E+02 0.41675E+00 0.72990E-01 0.19123E-02 0.43464E-02 0.69426E-01 0.69397E-01 0.00000E+00 0.00000E+00 0.18791E+01      5495627  13/0.55000E+00
 0.55000E+00 0.99000E+02 0.47974E+00 0.66830E-01 0.18779E-02 0.39437E-02 0.68010E-01 0.68312E-01 0.00000E+00 0.00000E+00 -.78896E+00      5495627  14/0.55000E+00
 0.55000E+00 0.11550E+03 0.55970E+00 0.65130E-01 0.18497E-02 0.38230E-02 0.66558E-01 0.66959E-01 0.00000E+00 0.00000E+00 -.98889E+00      5495627  15/0.55000E+00
 0.55000E+00 0.13750E+03 0.66631E+00 0.66210E-01 0.19598E-02 0.39149E-02 0.65033E-01 0.65710E-01 0.00000E+00 0.00000E+00 0.25520E+00      5495627  16/0.55000E+00
 0.65000E+00 0.32500E+02 0.13326E+00 0.37210E-01 0.12205E-02 0.53281E-02 0.39280E-01 0.36114E-01 0.00000E+00 0.00000E+00 0.89827E+00      5495627   6/0.65000E+00
 0.65000E+00 0.37500E+02 0.15376E+00 0.34070E-01 0.13015E-02 0.45260E-02 0.37796E-01 0.35296E-01 0.00000E+00 0.00000E+00 -.94214E+00      5495627   7/0.65000E+00
 0.65000E+00 0.43000E+02 0.17632E+00 0.35380E-01 0.77836E-03 0.40219E-02 0.36481E-01 0.34475E-01 0.00000E+00 0.00000E+00 0.11623E+01      5495627   8/0.65000E+00
 0.65000E+00 0.49500E+02 0.20297E+00 0.35120E-01 0.82883E-03 0.36229E-02 0.35224E-01 0.33593E-01 0.00000E+00 0.00000E+00 0.18425E+01      5495627   9/0.65000E+00
 0.65000E+00 0.57000E+02 0.23372E+00 0.33270E-01 0.85837E-03 0.30236E-02 0.34052E-01 0.32635E-01 0.00000E+00 0.00000E+00 0.73937E+00      5495627  10/0.65000E+00
 0.65000E+00 0.65500E+02 0.26858E+00 0.32480E-01 0.91918E-03 0.26447E-02 0.32978E-01 0.31750E-01 0.00000E+00 0.00000E+00 0.79397E+00      5495627  11/0.65000E+00
 0.65000E+00 0.75000E+02 0.30753E+00 0.32130E-01 0.99924E-03 0.24112E-02 0.32001E-01 0.31006E-01 0.00000E+00 0.00000E+00 0.11244E+01      5495627  12/0.65000E+00
 0.65000E+00 0.86000E+02 0.35263E+00 0.33590E-01 0.12596E-02 0.24784E-02 0.31080E-01 0.30339E-01 0.00000E+00 0.00000E+00 0.25812E+01      5495627  13/0.65000E+00
 0.65000E+00 0.99000E+02 0.40594E+00 0.30800E-01 0.12813E-02 0.22974E-02 0.30197E-01 0.29636E-01 0.00000E+00 0.00000E+00 0.90851E+00      5495627  14/0.65000E+00
 0.65000E+00 0.11550E+03 0.47359E+00 0.28390E-01 0.12492E-02 0.20650E-02 0.29303E-01 0.28971E-01 0.00000E+00 0.00000E+00 -.46473E+00      5495627  15/0.65000E+00
 0.65000E+00 0.13750E+03 0.56380E+00 0.27800E-01 0.13010E-02 0.20166E-02 0.28377E-01 0.28229E-01 0.00000E+00 0.00000E+00 -.32951E+00      5495627  16/0.65000E+00
 0.75000E+00 0.43000E+02 0.15281E+00 0.12520E-01 0.41942E-03 0.31693E-02 0.13167E-01 0.11625E-01 0.00000E+00 0.00000E+00 0.21327E+01      5495627   8/0.75000E+00
 0.75000E+00 0.49500E+02 0.17591E+00 0.11890E-01 0.43993E-03 0.26974E-02 0.12503E-01 0.11267E-01 0.00000E+00 0.00000E+00 0.14157E+01      5495627   9/0.75000E+00
 0.75000E+00 0.57000E+02 0.20256E+00 0.10760E-01 0.46053E-03 0.22393E-02 0.11898E-01 0.10948E-01 0.00000E+00 0.00000E+00 -.40839E+00      5495627  10/0.75000E+00
 0.75000E+00 0.65500E+02 0.23276E+00 0.10680E-01 0.52012E-03 0.20233E-02 0.11355E-01 0.10637E-01 0.00000E+00 0.00000E+00 0.82921E-01      5495627  11/0.75000E+00
 0.75000E+00 0.75000E+02 0.26653E+00 0.11170E-01 0.57972E-03 0.19627E-02 0.10871E-01 0.10315E-01 0.00000E+00 0.00000E+00 0.14748E+01      5495627  12/0.75000E+00
 0.75000E+00 0.86000E+02 0.30562E+00 0.99900E-02 0.58042E-03 0.15663E-02 0.10422E-01 0.99811E-02 0.00000E+00 0.00000E+00 0.15406E-01      5495627  13/0.75000E+00
 0.75000E+00 0.99000E+02 0.35181E+00 0.90500E-02 0.60002E-03 0.13279E-02 0.99989E-02 0.96580E-02 0.00000E+00 0.00000E+00 -.10133E+01      5495627  14/0.75000E+00
 0.75000E+00 0.11550E+03 0.41045E+00 0.81300E-02 0.60975E-03 0.10984E-02 0.95759E-02 0.92994E-02 0.00000E+00 0.00000E+00 -.19178E+01      5495627  15/0.75000E+00
 0.75000E+00 0.13750E+03 0.48863E+00 0.90300E-02 0.67996E-03 0.10933E-02 0.91438E-02 0.89329E-02 0.00000E+00 0.00000E+00 0.14287E+00      5495627  16/0.75000E+00
     5880899
 BCDMS F2p 280GeV                                                                
Plot1@Experiment:BCDMS muon DIS@ExtraLabel:#mu beam energy E = 280 GeV @XTitle: x @YTitle: F_{2}(x, Q^{2}) @Title:Q^{2} = 32.5  @Ymin:0.1@Ymax:1.@Xlog@Ylog
Plot2@Experiment:BCDMS muon DIS@ExtraLabel:#mu beam energy E = 280 GeV @XTitle: x @YTitle: F_{2}(x, Q^{2}) @Title:Q^{2} = 37.5  @Ymin:0.1@Ymax:1.@Xlog@Ylog
Plot3@Experiment:BCDMS muon DIS@ExtraLabel:#mu beam energy E = 280 GeV @XTitle: x @YTitle: F_{2}(x, Q^{2}) @Title:Q^{2} = 43 @Ymin:0.01@Ymax:1.@Xlog@Ylog
Plot4@Experiment:BCDMS muon DIS@ExtraLabel:#mu beam energy E = 280 GeV @XTitle: x @YTitle: F_{2}(x, Q^{2}) @Title:Q^{2} = 49 @Ymin:0.01@Ymax:1.@Xlog@Ylog
Plot5@Experiment:BCDMS muon DIS@ExtraLabel:#mu beam energy E = 280 GeV @XTitle: x @YTitle: F_{2}(x, Q^{2}) @Title:Q^{2} = 57 @Ymin:0.001@Ymax:1.@Xlog@Ylog
Plot6@Experiment:BCDMS muon DIS@ExtraLabel:#mu beam energy E = 280 GeV @XTitle: x @YTitle: F_{2}(x, Q^{2}) @Title:Q^{2} = 65.5 @Ymin:0.001@Ymax:1.@Xlog@Ylog
Plot7@Experiment:BCDMS muon DIS@ExtraLabel:#mu beam energy E = 280 GeV @XTitle: x @YTitle: F_{2}(x, Q^{2}) @Title:Q^{2} = 75 @Ymin:0.001@Ymax:1.@Xlog@Ylog
Plot8@Experiment:BCDMS muon DIS@ExtraLabel:#mu beam energy E = 280 GeV @XTitle: x @YTitle: F_{2}(x, Q^{2}) @Title:Q^{2} = 86 @Ymin:0.001@Ymax:1.@Xlog@Ylog
Plot9@Experiment:BCDMS muon DIS@ExtraLabel:#mu beam energy E = 280 GeV @XTitle: x @YTitle: F_{2}(x, Q^{2}) @Title:Q^{2} = 99@Ymin:0.001@Ymax:1.@Xlog@Ylog
Plot10@Experiment:BCDMS muon DIS@ExtraLabel:#mu beam energy E = 280 GeV @XTitle: x @YTitle: F_{2}(x, Q^{2}) @Title:Q^{2} = 115.5@Ymin:0.001@Ymax:1.@Xlog@Ylog
Plot11@Experiment:BCDMS muon DIS@ExtraLabel:#mu beam energy E = 280 GeV @XTitle: x @YTitle: F_{2}(x, Q^{2}) @Title:Q^{2} = 137.5@Ymin:0.001@Ymax:1.@Xlog@Ylog
Plot12@Experiment:BCDMS muon DIS@ExtraLabel:#mu beam energy E = 280 GeV @XTitle: x @YTitle: F_{2}(x, Q^{2}) @Title:Q^{2} = 175@Ymin:0.001@Ymax:1.@Xlog@Ylog
Plot13@Experiment:BCDMS muon DIS@ExtraLabel:#mu beam energy E = 280 GeV @XTitle: x @YTitle: F_{2}(x, Q^{2}) @Title:Q^{2} = 230@Ymin:0.001@Ymax:1.@Xlog@Ylog
 x           Q2          y              data      +- uncor     +- tot     th orig         th mod   therr+         therr-     pull    iset       iplot
 0.10000E+00 0.32500E+02 0.61872E+00 0.39629E+00 0.55877E-02 0.22496E-01 0.38929E+00 0.39737E+00 0.00000E+00 0.00000E+00 -.19300E+00      5880899   1/0.10000E+00
 0.10000E+00 0.37500E+02 0.71391E+00 0.39408E+00 0.63053E-02 0.22062E-01 0.38636E+00 0.39227E+00 0.00000E+00 0.00000E+00 0.28695E+00      5880899   2/0.10000E+00
 0.14000E+00 0.37500E+02 0.50993E+00 0.37285E+00 0.65249E-02 0.20952E-01 0.36488E+00 0.37541E+00 0.00000E+00 0.00000E+00 -.39236E+00      5880899   2/0.14000E+00
 0.14000E+00 0.43000E+02 0.58472E+00 0.37063E+00 0.64490E-02 0.20735E-01 0.36310E+00 0.37347E+00 0.00000E+00 0.00000E+00 -.44096E+00      5880899   3/0.14000E+00
 0.14000E+00 0.49500E+02 0.67311E+00 0.35668E+00 0.65986E-02 0.20072E-01 0.36063E+00 0.37019E+00 0.00000E+00 0.00000E+00 -.20471E+01      5880899   4/0.14000E+00
 0.14000E+00 0.57000E+02 0.77510E+00 0.37001E+00 0.80292E-02 0.21197E-01 0.35735E+00 0.36608E+00 0.00000E+00 0.00000E+00 0.48944E+00      5880899   5/0.14000E+00
 0.18000E+00 0.37500E+02 0.39661E+00 0.34630E+00 0.69606E-02 0.19669E-01 0.33910E+00 0.34985E+00 0.00000E+00 0.00000E+00 -.50978E+00      5880899   2/0.18000E+00
 0.18000E+00 0.43000E+02 0.45478E+00 0.35894E+00 0.69275E-02 0.20175E-01 0.33752E+00 0.34683E+00 0.00000E+00 0.00000E+00 0.17475E+01      5880899   3/0.18000E+00
 0.18000E+00 0.49500E+02 0.52353E+00 0.33701E+00 0.70435E-02 0.19158E-01 0.33566E+00 0.34508E+00 0.00000E+00 0.00000E+00 -.11460E+01      5880899   4/0.18000E+00
 0.18000E+00 0.57000E+02 0.60285E+00 0.34082E+00 0.47374E-02 0.18445E-01 0.33347E+00 0.34248E+00 0.00000E+00 0.00000E+00 -.35023E+00      5880899   5/0.18000E+00
 0.18000E+00 0.65500E+02 0.69275E+00 0.33512E+00 0.50268E-02 0.18441E-01 0.33089E+00 0.33620E+00 0.00000E+00 0.00000E+00 -.21522E+00      5880899   6/0.18000E+00
 0.22500E+00 0.37500E+02 0.31729E+00 0.31199E+00 0.65830E-02 0.17921E-01 0.30809E+00 0.31782E+00 0.00000E+00 0.00000E+00 -.88576E+00      5880899   2/0.22500E+00
 0.22500E+00 0.43000E+02 0.36383E+00 0.30882E+00 0.62999E-02 0.17587E-01 0.30620E+00 0.31495E+00 0.00000E+00 0.00000E+00 -.97289E+00      5880899   3/0.22500E+00
 0.22500E+00 0.49500E+02 0.41882E+00 0.31671E+00 0.65876E-02 0.17970E-01 0.30420E+00 0.31268E+00 0.00000E+00 0.00000E+00 0.61141E+00      5880899   4/0.22500E+00
 0.22500E+00 0.57000E+02 0.48228E+00 0.30994E+00 0.43392E-02 0.16759E-01 0.30210E+00 0.31021E+00 0.00000E+00 0.00000E+00 -.61174E-01      5880899   5/0.22500E+00
 0.22500E+00 0.65500E+02 0.55420E+00 0.31282E+00 0.46923E-02 0.17021E-01 0.29991E+00 0.30783E+00 0.00000E+00 0.00000E+00 0.10631E+01      5880899   6/0.22500E+00
 0.22500E+00 0.75000E+02 0.63458E+00 0.30247E+00 0.49908E-02 0.16559E-01 0.29758E+00 0.30552E+00 0.00000E+00 0.00000E+00 -.61073E+00      5880899   7/0.22500E+00
 0.22500E+00 0.86000E+02 0.72765E+00 0.30229E+00 0.53203E-02 0.16667E-01 0.29498E+00 0.30192E+00 0.00000E+00 0.00000E+00 0.68762E-01      5880899   8/0.22500E+00
 0.27500E+00 0.37500E+02 0.25960E+00 0.27396E+00 0.70408E-02 0.16135E-01 0.27121E+00 0.27865E+00 0.00000E+00 0.00000E+00 -.66617E+00      5880899   2/0.27500E+00
 0.27500E+00 0.43000E+02 0.29768E+00 0.27856E+00 0.66019E-02 0.16106E-01 0.26901E+00 0.27591E+00 0.00000E+00 0.00000E+00 0.40127E+00      5880899   3/0.27500E+00
 0.27500E+00 0.49500E+02 0.34267E+00 0.26652E+00 0.65830E-02 0.15577E-01 0.26708E+00 0.27385E+00 0.00000E+00 0.00000E+00 -.11127E+01      5880899   4/0.27500E+00
 0.27500E+00 0.57000E+02 0.39459E+00 0.27485E+00 0.45900E-02 0.15232E-01 0.26477E+00 0.27173E+00 0.00000E+00 0.00000E+00 0.67877E+00      5880899   5/0.27500E+00
 0.27500E+00 0.65500E+02 0.45344E+00 0.26066E+00 0.47179E-02 0.14503E-01 0.26250E+00 0.26972E+00 0.00000E+00 0.00000E+00 -.19195E+01      5880899   6/0.27500E+00
 0.27500E+00 0.75000E+02 0.51920E+00 0.27476E+00 0.51930E-02 0.15367E-01 0.26027E+00 0.26689E+00 0.00000E+00 0.00000E+00 0.15151E+01      5880899   7/0.27500E+00
 0.27500E+00 0.86000E+02 0.59535E+00 0.25960E+00 0.50882E-02 0.14450E-01 0.25797E+00 0.26379E+00 0.00000E+00 0.00000E+00 -.82284E+00      5880899   8/0.27500E+00
 0.27500E+00 0.99000E+02 0.68535E+00 0.25794E+00 0.62937E-02 0.14989E-01 0.25551E+00 0.26095E+00 0.00000E+00 0.00000E+00 -.47891E+00      5880899   9/0.27500E+00
 0.27500E+00 0.11550E+03 0.79957E+00 0.25851E+00 0.69281E-02 0.15145E-01 0.25262E+00 0.25847E+00 0.00000E+00 0.00000E+00 0.51585E-02      5880899  10/0.27500E+00
 0.35000E+00 0.43000E+02 0.23389E+00 0.20759E+00 0.47123E-02 0.12035E-01 0.21151E+00 0.21557E+00 0.00000E+00 0.00000E+00 -.16927E+01      5880899   3/0.35000E+00
 0.35000E+00 0.49500E+02 0.26924E+00 0.21481E+00 0.47903E-02 0.12340E-01 0.20900E+00 0.21301E+00 0.00000E+00 0.00000E+00 0.37518E+00      5880899   4/0.35000E+00
 0.35000E+00 0.57000E+02 0.31004E+00 0.21242E+00 0.32925E-02 0.11692E-01 0.20655E+00 0.21072E+00 0.00000E+00 0.00000E+00 0.51714E+00      5880899   5/0.35000E+00
 0.35000E+00 0.65500E+02 0.35627E+00 0.20092E+00 0.33353E-02 0.11080E-01 0.20420E+00 0.20833E+00 0.00000E+00 0.00000E+00 -.22213E+01      5880899   6/0.35000E+00
 0.35000E+00 0.75000E+02 0.40795E+00 0.20936E+00 0.36010E-02 0.11548E-01 0.20199E+00 0.20607E+00 0.00000E+00 0.00000E+00 0.91234E+00      5880899   7/0.35000E+00
 0.35000E+00 0.86000E+02 0.46778E+00 0.20583E+00 0.35814E-02 0.11446E-01 0.19981E+00 0.20385E+00 0.00000E+00 0.00000E+00 0.55403E+00      5880899   8/0.35000E+00
 0.35000E+00 0.99000E+02 0.53849E+00 0.20313E+00 0.37579E-02 0.11324E-01 0.19763E+00 0.20163E+00 0.00000E+00 0.00000E+00 0.40027E+00      5880899   9/0.35000E+00
 0.35000E+00 0.11550E+03 0.62824E+00 0.20358E+00 0.44177E-02 0.11504E-01 0.19530E+00 0.19943E+00 0.00000E+00 0.00000E+00 0.93900E+00      5880899  10/0.35000E+00
 0.35000E+00 0.13750E+03 0.74790E+00 0.20044E+00 0.47304E-02 0.11478E-01 0.19261E+00 0.19668E+00 0.00000E+00 0.00000E+00 0.79481E+00      5880899  11/0.35000E+00
 0.45000E+00 0.43000E+02 0.18191E+00 0.12927E+00 0.44081E-02 0.87630E-02 0.13796E+00 0.13700E+00 0.00000E+00 0.00000E+00 -.17544E+01      5880899   3/0.45000E+00
 0.45000E+00 0.49500E+02 0.20941E+00 0.13776E+00 0.45323E-02 0.91845E-02 0.13558E+00 0.13513E+00 0.00000E+00 0.00000E+00 0.57965E+00      5880899   4/0.45000E+00
 0.45000E+00 0.57000E+02 0.24114E+00 0.13211E+00 0.29593E-02 0.78380E-02 0.13328E+00 0.13341E+00 0.00000E+00 0.00000E+00 -.44044E+00      5880899   5/0.45000E+00
 0.45000E+00 0.65500E+02 0.27710E+00 0.12867E+00 0.30752E-02 0.76012E-02 0.13112E+00 0.13148E+00 0.00000E+00 0.00000E+00 -.91376E+00      5880899   6/0.45000E+00
 0.45000E+00 0.75000E+02 0.31729E+00 0.13325E+00 0.32646E-02 0.78194E-02 0.12909E+00 0.12996E+00 0.00000E+00 0.00000E+00 0.10087E+01      5880899   7/0.45000E+00
 0.45000E+00 0.86000E+02 0.36383E+00 0.12660E+00 0.31650E-02 0.74529E-02 0.12714E+00 0.12821E+00 0.00000E+00 0.00000E+00 -.50977E+00      5880899   8/0.45000E+00
 0.45000E+00 0.99000E+02 0.41882E+00 0.13142E+00 0.33644E-02 0.77375E-02 0.12523E+00 0.12655E+00 0.00000E+00 0.00000E+00 0.14478E+01      5880899   9/0.45000E+00
 0.45000E+00 0.11550E+03 0.48863E+00 0.11975E+00 0.32931E-02 0.71469E-02 0.12325E+00 0.12482E+00 0.00000E+00 0.00000E+00 -.15393E+01      5880899  10/0.45000E+00
 0.45000E+00 0.13750E+03 0.58170E+00 0.11797E+00 0.38812E-02 0.73151E-02 0.12116E+00 0.12278E+00 0.00000E+00 0.00000E+00 -.12390E+01      5880899  11/0.45000E+00
 0.45000E+00 0.17500E+03 0.74035E+00 0.11841E+00 0.36470E-02 0.72057E-02 0.11849E+00 0.12053E+00 0.00000E+00 0.00000E+00 -.58161E+00      5880899  12/0.45000E+00
 0.55000E+00 0.43000E+02 0.14884E+00 0.75030E-01 0.34889E-02 0.64260E-02 0.77714E-01 0.73930E-01 0.00000E+00 0.00000E+00 0.31541E+00      5880899   3/0.55000E+00
 0.55000E+00 0.49500E+02 0.17134E+00 0.76800E-01 0.34790E-02 0.62979E-02 0.75830E-01 0.72730E-01 0.00000E+00 0.00000E+00 0.11698E+01      5880899   4/0.55000E+00
 0.55000E+00 0.57000E+02 0.19730E+00 0.73920E-01 0.22102E-02 0.52250E-02 0.74042E-01 0.71692E-01 0.00000E+00 0.00000E+00 0.10080E+01      5880899   5/0.55000E+00
 0.55000E+00 0.65500E+02 0.22672E+00 0.69950E-01 0.23433E-02 0.48636E-02 0.72373E-01 0.70671E-01 0.00000E+00 0.00000E+00 -.30771E+00      5880899   6/0.55000E+00
 0.55000E+00 0.75000E+02 0.25960E+00 0.72650E-01 0.25573E-02 0.49798E-02 0.70830E-01 0.69537E-01 0.00000E+00 0.00000E+00 0.12173E+01      5880899   7/0.55000E+00
 0.55000E+00 0.86000E+02 0.29768E+00 0.67500E-01 0.24705E-02 0.46220E-02 0.69354E-01 0.68338E-01 0.00000E+00 0.00000E+00 -.33928E+00      5880899   8/0.55000E+00
 0.55000E+00 0.99000E+02 0.34267E+00 0.69490E-01 0.26198E-02 0.47149E-02 0.67921E-01 0.67290E-01 0.00000E+00 0.00000E+00 0.83992E+00      5880899   9/0.55000E+00
 0.55000E+00 0.11550E+03 0.39979E+00 0.67750E-01 0.26287E-02 0.45945E-02 0.66450E-01 0.66079E-01 0.00000E+00 0.00000E+00 0.63572E+00      5880899  10/0.55000E+00
 0.55000E+00 0.13750E+03 0.47594E+00 0.70420E-01 0.32393E-02 0.50564E-02 0.64913E-01 0.64801E-01 0.00000E+00 0.00000E+00 0.17346E+01      5880899  11/0.55000E+00
 0.55000E+00 0.17500E+03 0.60574E+00 0.59900E-01 0.27314E-02 0.42495E-02 0.63011E-01 0.63374E-01 0.00000E+00 0.00000E+00 -.12720E+01      5880899  12/0.55000E+00
 0.55000E+00 0.23000E+03 0.79611E+00 0.60910E-01 0.36607E-02 0.49030E-02 0.61139E-01 0.61714E-01 0.00000E+00 0.00000E+00 -.21954E+00      5880899  13/0.55000E+00
 0.65000E+00 0.49500E+02 0.14498E+00 0.33710E-01 0.21204E-02 0.45759E-02 0.35214E-01 0.31951E-01 0.00000E+00 0.00000E+00 0.82967E+00      5880899   4/0.65000E+00
 0.65000E+00 0.57000E+02 0.16694E+00 0.33590E-01 0.13604E-02 0.37960E-02 0.34040E-01 0.31345E-01 0.00000E+00 0.00000E+00 0.16505E+01      5880899   5/0.65000E+00
 0.65000E+00 0.65500E+02 0.19184E+00 0.30770E-01 0.13785E-02 0.31318E-02 0.32962E-01 0.30691E-01 0.00000E+00 0.00000E+00 0.57383E-01      5880899   6/0.65000E+00
 0.65000E+00 0.75000E+02 0.21966E+00 0.32360E-01 0.15598E-02 0.31227E-02 0.31981E-01 0.30059E-01 0.00000E+00 0.00000E+00 0.14753E+01      5880899   7/0.65000E+00
 0.65000E+00 0.86000E+02 0.25188E+00 0.30910E-01 0.16011E-02 0.28608E-02 0.31054E-01 0.29497E-01 0.00000E+00 0.00000E+00 0.88263E+00      5880899   8/0.65000E+00
 0.65000E+00 0.99000E+02 0.28996E+00 0.31820E-01 0.17310E-02 0.28485E-02 0.30164E-01 0.28907E-01 0.00000E+00 0.00000E+00 0.16830E+01      5880899   9/0.65000E+00
 0.65000E+00 0.11550E+03 0.33828E+00 0.29000E-01 0.16704E-02 0.25651E-02 0.29259E-01 0.28323E-01 0.00000E+00 0.00000E+00 0.40512E+00      5880899  10/0.65000E+00
 0.65000E+00 0.13750E+03 0.40272E+00 0.31600E-01 0.22088E-02 0.29856E-02 0.28320E-01 0.27648E-01 0.00000E+00 0.00000E+00 0.17890E+01      5880899  11/0.65000E+00
 0.65000E+00 0.17500E+03 0.51255E+00 0.27240E-01 0.18905E-02 0.25065E-02 0.27166E-01 0.26862E-01 0.00000E+00 0.00000E+00 0.19976E+00      5880899  12/0.65000E+00
 0.65000E+00 0.23000E+03 0.67363E+00 0.29650E-01 0.24787E-02 0.30147E-02 0.26053E-01 0.25982E-01 0.00000E+00 0.00000E+00 0.14800E+01      5880899  13/0.65000E+00
 0.75000E+00 0.57000E+02 0.14469E+00 0.11650E-01 0.77007E-03 0.33381E-02 0.11898E-01 0.10354E-01 0.00000E+00 0.00000E+00 0.16825E+01      5880899   5/0.75000E+00
 0.75000E+00 0.65500E+02 0.16626E+00 0.12250E-01 0.86975E-03 0.31298E-02 0.11355E-01 0.10084E-01 0.00000E+00 0.00000E+00 0.24903E+01      5880899   6/0.75000E+00
 0.75000E+00 0.75000E+02 0.19037E+00 0.11110E-01 0.90991E-03 0.25234E-02 0.10870E-01 0.97982E-02 0.00000E+00 0.00000E+00 0.14417E+01      5880899   7/0.75000E+00
 0.75000E+00 0.86000E+02 0.21830E+00 0.98500E-02 0.87960E-03 0.20052E-02 0.10420E-01 0.95020E-02 0.00000E+00 0.00000E+00 0.39565E+00      5880899   8/0.75000E+00
 0.75000E+00 0.99000E+02 0.25129E+00 0.10100E-01 0.97970E-03 0.17860E-02 0.99962E-02 0.91293E-02 0.00000E+00 0.00000E+00 0.99081E+00      5880899   9/0.75000E+00
 0.75000E+00 0.11550E+03 0.29318E+00 0.83300E-02 0.92963E-03 0.14441E-02 0.95718E-02 0.89183E-02 0.00000E+00 0.00000E+00 -.63281E+00      5880899  10/0.75000E+00
 0.75000E+00 0.13750E+03 0.34902E+00 0.92500E-02 0.10601E-02 0.14984E-02 0.91375E-02 0.86218E-02 0.00000E+00 0.00000E+00 0.59259E+00      5880899  11/0.75000E+00
 0.75000E+00 0.17500E+03 0.44421E+00 0.83200E-02 0.98010E-03 0.12786E-02 0.86094E-02 0.82956E-02 0.00000E+00 0.00000E+00 0.24871E-01      5880899  12/0.75000E+00
 0.75000E+00 0.23000E+03 0.58382E+00 0.79800E-02 0.12999E-02 0.14381E-02 0.81035E-02 0.78786E-02 0.00000E+00 0.00000E+00 0.78038E-01      5880899  13/0.75000E+00
     6742278
 NMC F2p 90 GeV                                                                  
Plot1@Experiment:NMC muon DIS@ExtraLabel:#mu beam energy E = 90 GeV @XTitle: Q^{2} @YTitle: d^{2}#sigma/dxdQ^{2} @Title:0.007<x<0.015
Plot2@Experiment:NMC muon DIS@ExtraLabel:#mu beam energy E = 90 GeV @XTitle: Q^{2} @YTitle: d^{2}#sigma/dxdQ^{2} @Title:0.015<x<0.021
Plot3@Experiment:NMC muon DIS@ExtraLabel:#mu beam energy E = 90 GeV @XTitle: Q^{2} @YTitle: d^{2}#sigma/dxdQ^{2} @Title:0.021<x<0.03
Plot4@Experiment:NMC muon DIS@ExtraLabel:#mu beam energy E = 90 GeV @XTitle: Q^{2} @YTitle: d^{2}#sigma/dxdQ^{2} @Title:0.03<x<0.04
Plot5@Experiment:NMC muon DIS@ExtraLabel:#mu beam energy E = 90 GeV @XTitle: Q^{2} @YTitle: d^{2}#sigma/dxdQ^{2} @Title:0.04<x<0.06
Plot6@Experiment:NMC muon DIS@ExtraLabel:#mu beam energy E = 90 GeV @XTitle: Q^{2} @YTitle: d^{2}#sigma/dxdQ^{2} @Title:0.06<x<0.08
Plot7@Experiment:NMC muon DIS@ExtraLabel:#mu beam energy E = 90 GeV @XTitle: Q^{2} @YTitle: d^{2}#sigma/dxdQ^{2} @Title:0.08<x<0.1
Plot8@Experiment:NMC muon DIS@ExtraLabel:#mu beam energy E = 90 GeV @XTitle: Q^{2} @YTitle: d^{2}#sigma/dxdQ^{2} @Title:0.1<x<0.12
Plot9@Experiment:NMC muon DIS@ExtraLabel:#mu beam energy E = 90 GeV @XTitle: Q^{2} @YTitle: d^{2}#sigma/dxdQ^{2} @Title:0.12<x<0.16
Plot10@Experiment:NMC muon DIS@ExtraLabel:#mu beam energy E = 90 GeV @XTitle: Q^{2} @YTitle: d^{2}#sigma/dxdQ^{2} @Title:0.16<x<0.2
Plot11@Experiment:NMC muon DIS@ExtraLabel:#mu beam energy E = 90 GeV @XTitle: Q^{2} @YTitle: d^{2}#sigma/dxdQ^{2} @Title:0.2<x<0.25
Plot12@Experiment:NMC muon DIS@ExtraLabel:#mu beam energy E = 90 GeV @XTitle: Q^{2} @YTitle: d^{2}#sigma/dxdQ^{2} @Title:0.25<x<0.31
Plot13@Experiment:NMC muon DIS@ExtraLabel:#mu beam energy E = 90 GeV @XTitle: Q^{2} @YTitle: d^{2}#sigma/dxdQ^{2} @Title:0.31<x<0.4
Plot14@Experiment:NMC muon DIS@ExtraLabel:#mu beam energy E = 90 GeV @XTitle: Q^{2} @YTitle: d^{2}#sigma/dxdQ^{2} @Title:0.4<x<0.5
 x           Q2          y              data      +- uncor     +- tot     th orig         th mod   therr+         therr-     pull    iset       iplot
 0.27600E-01 0.32400E+01 0.70700E+00 0.32641E+00 0.18638E-01 0.19856E-01 0.31853E+00 0.32779E+00 0.00000E+00 0.00000E+00 -.74118E-01      6742278   3/0.32400E+01
 0.35500E-01 0.33400E+01 0.57000E+00 0.36266E+00 0.89578E-02 0.10335E-01 0.34571E+00 0.35254E+00 0.00000E+00 0.00000E+00 0.11296E+01      6742278   4/0.33400E+01
 0.36400E-01 0.42600E+01 0.70500E+00 0.36976E+00 0.30209E-01 0.31715E-01 0.33954E+00 0.35397E+00 0.00000E+00 0.00000E+00 0.52258E+00      6742278   4/0.42600E+01
 0.50100E-01 0.34100E+01 0.41500E+00 0.36687E+00 0.56131E-02 0.68250E-02 0.36439E+00 0.36831E+00 0.00000E+00 0.00000E+00 -.25728E+00      6742278   5/0.34100E+01
 0.50900E-01 0.43900E+01 0.52600E+00 0.37976E+00 0.11886E-01 0.12910E-01 0.36552E+00 0.37228E+00 0.00000E+00 0.00000E+00 0.62959E+00      6742278   5/0.43900E+01
 0.52600E-01 0.53100E+01 0.60800E+00 0.37605E+00 0.27602E-01 0.28479E-01 0.36508E+00 0.37599E+00 0.00000E+00 0.00000E+00 0.19495E-02      6742278   5/0.53100E+01
 0.69600E-01 0.34500E+01 0.30300E+00 0.38160E+00 0.64490E-02 0.78261E-02 0.36968E+00 0.37204E+00 0.00000E+00 0.00000E+00 0.14829E+01      6742278   6/0.34500E+01
 0.70300E-01 0.44200E+01 0.38200E+00 0.37897E+00 0.97017E-02 0.10512E-01 0.37366E+00 0.37823E+00 0.00000E+00 0.00000E+00 0.76252E-01      6742278   6/0.44200E+01
 0.70300E-01 0.53800E+01 0.46300E+00 0.36409E+00 0.17112E-01 0.17661E-01 0.37495E+00 0.38117E+00 0.00000E+00 0.00000E+00 -.99831E+00      6742278   6/0.53800E+01
 0.71200E-01 0.63800E+01 0.53600E+00 0.36923E+00 0.36960E-01 0.37256E-01 0.37493E+00 0.38151E+00 0.00000E+00 0.00000E+00 -.33220E+00      6742278   6/0.63800E+01
 0.89800E-01 0.34600E+01 0.23600E+00 0.36743E+00 0.71649E-02 0.88049E-02 0.36874E+00 0.37025E+00 0.00000E+00 0.00000E+00 -.39275E+00      6742278   7/0.34600E+01
 0.90000E-01 0.44300E+01 0.29900E+00 0.37189E+00 0.99295E-02 0.10874E-01 0.37283E+00 0.37528E+00 0.00000E+00 0.00000E+00 -.34085E+00      6742278   7/0.44300E+01
 0.90300E-01 0.54400E+01 0.36600E+00 0.35535E+00 0.15351E-01 0.15797E-01 0.37493E+00 0.37891E+00 0.00000E+00 0.00000E+00 -.15353E+01      6742278   7/0.54400E+01
 0.89700E-01 0.65000E+01 0.43600E+00 0.39684E+00 0.26549E-01 0.26926E-01 0.37596E+00 0.38100E+00 0.00000E+00 0.00000E+00 0.59691E+00      6742278   7/0.65000E+01
 0.10990E+00 0.34800E+01 0.19300E+00 0.36705E+00 0.82954E-02 0.10263E-01 0.36599E+00 0.36666E+00 0.00000E+00 0.00000E+00 0.47886E-01      6742278   8/0.34800E+01
 0.11000E+00 0.44500E+01 0.24600E+00 0.36701E+00 0.10386E-01 0.11418E-01 0.36946E+00 0.37113E+00 0.00000E+00 0.00000E+00 -.39689E+00      6742278   8/0.44500E+01
 0.11050E+00 0.54400E+01 0.29800E+00 0.35662E+00 0.14764E-01 0.15343E-01 0.37133E+00 0.37310E+00 0.00000E+00 0.00000E+00 -.11164E+01      6742278   8/0.54400E+01
 0.10960E+00 0.66000E+01 0.36300E+00 0.37254E+00 0.21607E-01 0.21971E-01 0.37264E+00 0.37541E+00 0.00000E+00 0.00000E+00 -.13264E+00      6742278   8/0.66000E+01
 0.13980E+00 0.34800E+01 0.15400E+00 0.36954E+00 0.70951E-02 0.10023E-01 0.36019E+00 0.36068E+00 0.00000E+00 0.00000E+00 0.12486E+01      6742278   9/0.34800E+01
 0.13960E+00 0.44500E+01 0.19500E+00 0.36390E+00 0.82605E-02 0.98943E-02 0.36250E+00 0.36318E+00 0.00000E+00 0.00000E+00 0.87237E-01      6742278   9/0.44500E+01
 0.13990E+00 0.54600E+01 0.23800E+00 0.35818E+00 0.11426E-01 0.12276E-01 0.36355E+00 0.36447E+00 0.00000E+00 0.00000E+00 -.55045E+00      6742278   9/0.54600E+01
 0.14090E+00 0.66900E+01 0.28900E+00 0.37403E+00 0.14288E-01 0.14953E-01 0.36372E+00 0.36577E+00 0.00000E+00 0.00000E+00 0.57832E+00      6742278   9/0.66900E+01
 0.17410E+00 0.26700E+01 0.95000E-01 0.36265E+00 0.10880E-01 0.15849E-01 0.34955E+00 0.34959E+00 0.00000E+00 0.00000E+00 0.12003E+01      6742278  10/0.26700E+01
 0.18070E+00 0.34700E+01 0.11900E+00 0.33815E+00 0.80817E-02 0.11348E-01 0.34939E+00 0.34950E+00 0.00000E+00 0.00000E+00 -.14052E+01      6742278  10/0.34700E+01
 0.18020E+00 0.44600E+01 0.15200E+00 0.37196E+00 0.10192E-01 0.12149E-01 0.34992E+00 0.34984E+00 0.00000E+00 0.00000E+00 0.21703E+01      6742278  10/0.44600E+01
 0.18080E+00 0.54600E+01 0.18500E+00 0.33281E+00 0.11881E-01 0.12814E-01 0.34939E+00 0.35020E+00 0.00000E+00 0.00000E+00 -.14638E+01      6742278  10/0.54600E+01
 0.18040E+00 0.67700E+01 0.22900E+00 0.36023E+00 0.14049E-01 0.14747E-01 0.34874E+00 0.34993E+00 0.00000E+00 0.00000E+00 0.73318E+00      6742278  10/0.67700E+01
 0.17710E+00 0.85000E+01 0.28900E+00 0.38986E+00 0.37778E-01 0.38096E-01 0.34892E+00 0.35095E+00 0.00000E+00 0.00000E+00 0.10302E+01      6742278  10/0.85000E+01
 0.20510E+00 0.29000E+01 0.87000E-01 0.33436E+00 0.31564E-01 0.33151E-01 0.34141E+00 0.34117E+00 0.00000E+00 0.00000E+00 -.21581E+00      6742278  11/0.29000E+01
 0.22100E+00 0.35100E+01 0.99000E-01 0.33073E+00 0.87974E-02 0.12046E-01 0.33539E+00 0.33541E+00 0.00000E+00 0.00000E+00 -.53205E+00      6742278  11/0.35100E+01
 0.22620E+00 0.44700E+01 0.12200E+00 0.32365E+00 0.91917E-02 0.10992E-01 0.33157E+00 0.33164E+00 0.00000E+00 0.00000E+00 -.86929E+00      6742278  11/0.44700E+01
 0.22630E+00 0.54700E+01 0.14900E+00 0.34929E+00 0.12574E-01 0.13734E-01 0.32962E+00 0.32979E+00 0.00000E+00 0.00000E+00 0.15507E+01      6742278  11/0.54700E+01
 0.22800E+00 0.68100E+01 0.18400E+00 0.31985E+00 0.12474E-01 0.13165E-01 0.32635E+00 0.32731E+00 0.00000E+00 0.00000E+00 -.59816E+00      6742278  11/0.68100E+01
 0.22150E+00 0.86400E+01 0.23600E+00 0.30525E+00 0.26404E-01 0.26711E-01 0.32693E+00 0.32838E+00 0.00000E+00 0.00000E+00 -.87608E+00      6742278  11/0.86400E+01
 0.26570E+00 0.37500E+01 0.88000E-01 0.30274E+00 0.14683E-01 0.16577E-01 0.31489E+00 0.31571E+00 0.00000E+00 0.00000E+00 -.88349E+00      6742278  12/0.37500E+01
 0.27360E+00 0.44700E+01 0.10200E+00 0.30430E+00 0.10194E-01 0.11915E-01 0.30815E+00 0.30879E+00 0.00000E+00 0.00000E+00 -.44035E+00      6742278  12/0.44700E+01
 0.27580E+00 0.54400E+01 0.12200E+00 0.30555E+00 0.12802E-01 0.13714E-01 0.30364E+00 0.30443E+00 0.00000E+00 0.00000E+00 0.86926E-01      6742278  12/0.54400E+01
 0.28030E+00 0.68500E+01 0.15100E+00 0.31964E+00 0.13872E-01 0.14632E-01 0.29683E+00 0.29781E+00 0.00000E+00 0.00000E+00 0.15737E+01      6742278  12/0.68500E+01
 0.27370E+00 0.87000E+01 0.19300E+00 0.32315E+00 0.26951E-01 0.27351E-01 0.29652E+00 0.29808E+00 0.00000E+00 0.00000E+00 0.93020E+00      6742278  12/0.87000E+01
 0.31660E+00 0.46200E+01 0.91000E-01 0.28827E+00 0.12280E-01 0.18188E-01 0.28229E+00 0.28541E+00 0.00000E+00 0.00000E+00 0.23341E+00      6742278  13/0.46200E+01
 0.33970E+00 0.54600E+01 0.10000E+00 0.25828E+00 0.95048E-02 0.13392E-01 0.26337E+00 0.26580E+00 0.00000E+00 0.00000E+00 -.79104E+00      6742278  13/0.54600E+01
 0.35110E+00 0.68700E+01 0.12200E+00 0.27574E+00 0.10285E-01 0.12212E-01 0.24992E+00 0.25174E+00 0.00000E+00 0.00000E+00 0.23340E+01      6742278  13/0.68700E+01
 0.34500E+00 0.87300E+01 0.15600E+00 0.23959E+00 0.16292E-01 0.17110E-01 0.24844E+00 0.25021E+00 0.00000E+00 0.00000E+00 -.65180E+00      6742278  13/0.87300E+01
 0.39730E+00 0.57300E+01 0.90000E-01 0.20854E+00 0.21104E-01 0.32268E-01 0.22175E+00 0.22883E+00 0.00000E+00 0.00000E+00 -.96153E+00      6742278  13/0.57300E+01
 0.44250E+00 0.69700E+01 0.99000E-01 0.20235E+00 0.93889E-02 0.21865E-01 0.18401E+00 0.18913E+00 0.00000E+00 0.00000E+00 0.14080E+01      6742278  14/0.69700E+01
 0.46530E+00 0.87500E+01 0.11700E+00 0.18165E+00 0.11789E-01 0.18033E-01 0.16184E+00 0.16558E+00 0.00000E+00 0.00000E+00 0.13625E+01      6742278  14/0.87500E+01
     4325392
 NMC F2p 120 GeV                                                                 
Plot1@Experiment:NMC muon DIS@ExtraLabel:#mu beam energy E = 90 GeV @XTitle: Q^{2} @YTitle: d^{2}#sigma/dxdQ^{2} @Title:0.007<x<0.015
Plot2@Experiment:NMC muon DIS@ExtraLabel:#mu beam energy E = 90 GeV @XTitle: Q^{2} @YTitle: d^{2}#sigma/dxdQ^{2} @Title:0.015<x<0.021
Plot3@Experiment:NMC muon DIS@ExtraLabel:#mu beam energy E = 90 GeV @XTitle: Q^{2} @YTitle: d^{2}#sigma/dxdQ^{2} @Title:0.021<x<0.03
Plot4@Experiment:NMC muon DIS@ExtraLabel:#mu beam energy E = 90 GeV @XTitle: Q^{2} @YTitle: d^{2}#sigma/dxdQ^{2} @Title:0.03<x<0.04
Plot5@Experiment:NMC muon DIS@ExtraLabel:#mu beam energy E = 90 GeV @XTitle: Q^{2} @YTitle: d^{2}#sigma/dxdQ^{2} @Title:0.04<x<0.06
Plot6@Experiment:NMC muon DIS@ExtraLabel:#mu beam energy E = 90 GeV @XTitle: Q^{2} @YTitle: d^{2}#sigma/dxdQ^{2} @Title:0.06<x<0.08
Plot7@Experiment:NMC muon DIS@ExtraLabel:#mu beam energy E = 90 GeV @XTitle: Q^{2} @YTitle: d^{2}#sigma/dxdQ^{2} @Title:0.08<x<0.1
Plot8@Experiment:NMC muon DIS@ExtraLabel:#mu beam energy E = 90 GeV @XTitle: Q^{2} @YTitle: d^{2}#sigma/dxdQ^{2} @Title:0.1<x<0.12
Plot9@Experiment:NMC muon DIS@ExtraLabel:#mu beam energy E = 90 GeV @XTitle: Q^{2} @YTitle: d^{2}#sigma/dxdQ^{2} @Title:0.12<x<0.16
Plot10@Experiment:NMC muon DIS@ExtraLabel:#mu beam energy E = 90 GeV @XTitle: Q^{2} @YTitle: d^{2}#sigma/dxdQ^{2} @Title:0.16<x<0.2
Plot11@Experiment:NMC muon DIS@ExtraLabel:#mu beam energy E = 90 GeV @XTitle: Q^{2} @YTitle: d^{2}#sigma/dxdQ^{2} @Title:0.2<x<0.25
Plot12@Experiment:NMC muon DIS@ExtraLabel:#mu beam energy E = 90 GeV @XTitle: Q^{2} @YTitle: d^{2}#sigma/dxdQ^{2} @Title:0.25<x<0.31
Plot13@Experiment:NMC muon DIS@ExtraLabel:#mu beam energy E = 90 GeV @XTitle: Q^{2} @YTitle: d^{2}#sigma/dxdQ^{2} @Title:0.31<x<0.4
Plot14@Experiment:NMC muon DIS@ExtraLabel:#mu beam energy E = 90 GeV @XTitle: Q^{2} @YTitle: d^{2}#sigma/dxdQ^{2} @Title:0.4<x<0.5
 x           Q2          y              data      +- uncor     +- tot     th orig         th mod   therr+         therr-     pull    iset       iplot
 0.24500E-01 0.25000E+01 0.47100E+00 0.33816E+00 0.53092E-02 0.68011E-02 0.34320E+00 0.34101E+00 0.00000E+00 0.00000E+00 -.53526E+00      4325392   3/0.25000E+01
 0.26000E-01 0.33600E+01 0.59000E+00 0.36254E+00 0.74683E-02 0.97910E-02 0.34735E+00 0.35017E+00 0.00000E+00 0.00000E+00 0.16571E+01      4325392   3/0.33600E+01
 0.34800E-01 0.25100E+01 0.33200E+00 0.37032E+00 0.93320E-02 0.10216E-01 0.35669E+00 0.35110E+00 0.00000E+00 0.00000E+00 0.20591E+01      4325392   4/0.25100E+01
 0.34800E-01 0.34800E+01 0.45800E+00 0.37613E+00 0.74849E-02 0.88210E-02 0.36471E+00 0.36354E+00 0.00000E+00 0.00000E+00 0.16814E+01      4325392   4/0.34800E+01
 0.35400E-01 0.44100E+01 0.56800E+00 0.37193E+00 0.10005E-01 0.12187E-01 0.36583E+00 0.37062E+00 0.00000E+00 0.00000E+00 0.13125E+00      4325392   4/0.44100E+01
 0.37400E-01 0.53200E+01 0.64500E+00 0.38807E+00 0.26777E-01 0.28311E-01 0.36601E+00 0.37433E+00 0.00000E+00 0.00000E+00 0.51312E+00      4325392   4/0.53200E+01
 0.49700E-01 0.25400E+01 0.23700E+00 0.33806E+00 0.86543E-02 0.98233E-02 0.36292E+00 0.35477E+00 0.00000E+00 0.00000E+00 -.19304E+01      4325392   5/0.25400E+01
 0.49400E-01 0.34900E+01 0.32700E+00 0.37545E+00 0.69458E-02 0.80634E-02 0.37267E+00 0.36735E+00 0.00000E+00 0.00000E+00 0.11661E+01      4325392   5/0.34900E+01
 0.49500E-01 0.44700E+01 0.41600E+00 0.36295E+00 0.71864E-02 0.83323E-02 0.37768E+00 0.37614E+00 0.00000E+00 0.00000E+00 -.18354E+01      4325392   5/0.44700E+01
 0.50400E-01 0.54300E+01 0.49300E+00 0.36278E+00 0.96862E-02 0.10907E-01 0.37942E+00 0.38041E+00 0.00000E+00 0.00000E+00 -.18198E+01      4325392   5/0.54300E+01
 0.52400E-01 0.66100E+01 0.57600E+00 0.39628E+00 0.15693E-01 0.16916E-01 0.37975E+00 0.38260E+00 0.00000E+00 0.00000E+00 0.87179E+00      4325392   5/0.66100E+01
 0.70700E-01 0.25600E+01 0.16800E+00 0.34199E+00 0.12893E-01 0.14271E-01 0.36424E+00 0.35377E+00 0.00000E+00 0.00000E+00 -.91337E+00      4325392   6/0.25600E+01
 0.70200E-01 0.35000E+01 0.22900E+00 0.35716E+00 0.88575E-02 0.10178E-01 0.37326E+00 0.36562E+00 0.00000E+00 0.00000E+00 -.95512E+00      4325392   6/0.35000E+01
 0.69800E-01 0.44800E+01 0.29500E+00 0.36368E+00 0.88374E-02 0.98158E-02 0.37880E+00 0.37337E+00 0.00000E+00 0.00000E+00 -.10972E+01      4325392   6/0.44800E+01
 0.70000E-01 0.54700E+01 0.35700E+00 0.38307E+00 0.10496E-01 0.11330E-01 0.38220E+00 0.37775E+00 0.00000E+00 0.00000E+00 0.50702E+00      4325392   6/0.54700E+01
 0.70000E-01 0.68600E+01 0.44800E+00 0.38399E+00 0.12787E-01 0.13521E-01 0.38393E+00 0.38279E+00 0.00000E+00 0.00000E+00 0.94126E-01      4325392   6/0.68600E+01
 0.71800E-01 0.86200E+01 0.54400E+00 0.44400E+00 0.30015E-01 0.30722E-01 0.38401E+00 0.38613E+00 0.00000E+00 0.00000E+00 0.19283E+01      4325392   6/0.86200E+01
 0.91500E-01 0.26100E+01 0.13200E+00 0.39444E+00 0.20196E-01 0.21953E-01 0.36310E+00 0.34958E+00 0.00000E+00 0.00000E+00 0.22216E+01      4325392   7/0.26100E+01
 0.90900E-01 0.35000E+01 0.17700E+00 0.34242E+00 0.10889E-01 0.12276E-01 0.37038E+00 0.36053E+00 0.00000E+00 0.00000E+00 -.16630E+01      4325392   7/0.35000E+01
 0.90600E-01 0.44700E+01 0.22600E+00 0.36346E+00 0.10758E-01 0.11945E-01 0.37520E+00 0.36759E+00 0.00000E+00 0.00000E+00 -.38452E+00      4325392   7/0.44700E+01
 0.90400E-01 0.54800E+01 0.27800E+00 0.37898E+00 0.11938E-01 0.12752E-01 0.37837E+00 0.37235E+00 0.00000E+00 0.00000E+00 0.55538E+00      4325392   7/0.54800E+01
 0.90400E-01 0.68100E+01 0.34300E+00 0.37861E+00 0.11131E-01 0.11999E-01 0.38093E+00 0.37665E+00 0.00000E+00 0.00000E+00 0.17681E+00      4325392   7/0.68100E+01
 0.90500E-01 0.87700E+01 0.44000E+00 0.41037E+00 0.21832E-01 0.22455E-01 0.38193E+00 0.38103E+00 0.00000E+00 0.00000E+00 0.13442E+01      4325392   7/0.87700E+01
 0.11260E+00 0.26200E+01 0.10900E+00 0.31731E+00 0.19610E-01 0.21371E-01 0.36056E+00 0.34425E+00 0.00000E+00 0.00000E+00 -.13734E+01      4325392   8/0.26200E+01
 0.11200E+00 0.34800E+01 0.14300E+00 0.37192E+00 0.16476E-01 0.18169E-01 0.36646E+00 0.35434E+00 0.00000E+00 0.00000E+00 0.10671E+01      4325392   8/0.34800E+01
 0.11110E+00 0.44800E+01 0.18500E+00 0.36509E+00 0.13180E-01 0.14531E-01 0.37058E+00 0.36080E+00 0.00000E+00 0.00000E+00 0.32500E+00      4325392   8/0.44800E+01
 0.11090E+00 0.54900E+01 0.22700E+00 0.37130E+00 0.13367E-01 0.14366E-01 0.37309E+00 0.36487E+00 0.00000E+00 0.00000E+00 0.48156E+00      4325392   8/0.54900E+01
 0.11090E+00 0.68300E+01 0.28100E+00 0.36381E+00 0.11678E-01 0.12552E-01 0.37510E+00 0.36928E+00 0.00000E+00 0.00000E+00 -.46776E+00      4325392   8/0.68300E+01
 0.11060E+00 0.88700E+01 0.36500E+00 0.41287E+00 0.20809E-01 0.21442E-01 0.37653E+00 0.37334E+00 0.00000E+00 0.00000E+00 0.18996E+01      4325392   8/0.88700E+01
 0.11120E+00 0.10760E+02 0.43700E+00 0.34412E+00 0.35479E-01 0.35849E-01 0.37614E+00 0.37488E+00 0.00000E+00 0.00000E+00 -.86687E+00      4325392   8/0.10760E+02
 0.14350E+00 0.34800E+01 0.11300E+00 0.36052E+00 0.13375E-01 0.16064E-01 0.35976E+00 0.34488E+00 0.00000E+00 0.00000E+00 0.11691E+01      4325392   9/0.34800E+01
 0.14210E+00 0.44900E+01 0.14700E+00 0.33571E+00 0.10172E-01 0.12020E-01 0.36249E+00 0.35056E+00 0.00000E+00 0.00000E+00 -.14598E+01      4325392   9/0.44900E+01
 0.14110E+00 0.54800E+01 0.17900E+00 0.32488E+00 0.10071E-01 0.11417E-01 0.36407E+00 0.35439E+00 0.00000E+00 0.00000E+00 -.29302E+01      4325392   9/0.54800E+01
 0.14130E+00 0.68700E+01 0.22400E+00 0.34449E+00 0.86811E-02 0.99488E-02 0.36488E+00 0.35714E+00 0.00000E+00 0.00000E+00 -.14571E+01      4325392   9/0.68700E+01
 0.14070E+00 0.89000E+01 0.29100E+00 0.36583E+00 0.14597E-01 0.15404E-01 0.36542E+00 0.36012E+00 0.00000E+00 0.00000E+00 0.39088E+00      4325392   9/0.89000E+01
 0.14230E+00 0.11010E+02 0.35200E+00 0.38899E+00 0.21317E-01 0.22039E-01 0.36440E+00 0.36089E+00 0.00000E+00 0.00000E+00 0.13185E+01      4325392   9/0.11010E+02
 0.18210E+00 0.36200E+01 0.92000E-01 0.31136E+00 0.17997E-01 0.20128E-01 0.34930E+00 0.33309E+00 0.00000E+00 0.00000E+00 -.12072E+01      4325392  10/0.36200E+01
 0.18660E+00 0.45000E+01 0.11300E+00 0.33995E+00 0.12578E-01 0.14767E-01 0.34788E+00 0.33447E+00 0.00000E+00 0.00000E+00 0.43585E+00      4325392  10/0.45000E+01
 0.18450E+00 0.54900E+01 0.13700E+00 0.31936E+00 0.11880E-01 0.13267E-01 0.34832E+00 0.33701E+00 0.00000E+00 0.00000E+00 -.14854E+01      4325392  10/0.54900E+01
 0.18370E+00 0.68700E+01 0.17200E+00 0.34541E+00 0.10086E-01 0.11412E-01 0.34784E+00 0.33942E+00 0.00000E+00 0.00000E+00 0.59478E+00      4325392  10/0.68700E+01
 0.18130E+00 0.89400E+01 0.22700E+00 0.33503E+00 0.15847E-01 0.16560E-01 0.34755E+00 0.34114E+00 0.00000E+00 0.00000E+00 -.38567E+00      4325392  10/0.89400E+01
 0.18160E+00 0.11150E+02 0.28000E+00 0.36753E+00 0.19516E-01 0.20260E-01 0.34591E+00 0.34164E+00 0.00000E+00 0.00000E+00 0.13267E+01      4325392  10/0.11150E+02
 0.22920E+00 0.45600E+01 0.93000E-01 0.31101E+00 0.14898E-01 0.16567E-01 0.33020E+00 0.31726E+00 0.00000E+00 0.00000E+00 -.41911E+00      4325392  11/0.45600E+01
 0.23120E+00 0.54700E+01 0.11000E+00 0.31016E+00 0.12593E-01 0.14027E-01 0.32746E+00 0.31619E+00 0.00000E+00 0.00000E+00 -.47821E+00      4325392  11/0.54700E+01
 0.23110E+00 0.69200E+01 0.13900E+00 0.31845E+00 0.99039E-02 0.11219E-01 0.32485E+00 0.31597E+00 0.00000E+00 0.00000E+00 0.25060E+00      4325392  11/0.69200E+01
 0.22760E+00 0.88400E+01 0.17800E+00 0.30770E+00 0.12893E-01 0.13659E-01 0.32378E+00 0.31760E+00 0.00000E+00 0.00000E+00 -.76777E+00      4325392  11/0.88400E+01
 0.22760E+00 0.11240E+02 0.22600E+00 0.36552E+00 0.18349E-01 0.19186E-01 0.32070E+00 0.31567E+00 0.00000E+00 0.00000E+00 0.27169E+01      4325392  11/0.11240E+02
 0.28010E+00 0.55400E+01 0.93000E-01 0.29586E+00 0.16095E-01 0.17038E-01 0.30095E+00 0.29225E+00 0.00000E+00 0.00000E+00 0.22425E+00      4325392  12/0.55400E+01
 0.28530E+00 0.69300E+01 0.11300E+00 0.28643E+00 0.10598E-01 0.11539E-01 0.29371E+00 0.28718E+00 0.00000E+00 0.00000E+00 -.71195E-01      4325392  12/0.69300E+01
 0.28080E+00 0.88600E+01 0.14600E+00 0.29434E+00 0.13981E-01 0.14688E-01 0.29193E+00 0.28683E+00 0.00000E+00 0.00000E+00 0.53701E+00      4325392  12/0.88600E+01
 0.27900E+00 0.11270E+02 0.18600E+00 0.28103E+00 0.16384E-01 0.16997E-01 0.28862E+00 0.28484E+00 0.00000E+00 0.00000E+00 -.23273E+00      4325392  12/0.11270E+02
 0.27920E+00 0.14190E+02 0.23100E+00 0.29653E+00 0.29446E-01 0.29882E-01 0.28422E+00 0.28141E+00 0.00000E+00 0.00000E+00 0.51380E+00      4325392  12/0.14190E+02
 0.34110E+00 0.70800E+01 0.97000E-01 0.26740E+00 0.10402E-01 0.12181E-01 0.25627E+00 0.25518E+00 0.00000E+00 0.00000E+00 0.11750E+01      4325392  13/0.70800E+01
 0.35270E+00 0.88600E+01 0.11700E+00 0.25309E+00 0.10402E-01 0.11785E-01 0.24268E+00 0.24170E+00 0.00000E+00 0.00000E+00 0.10943E+01      4325392  13/0.88600E+01
 0.35280E+00 0.11330E+02 0.14900E+00 0.23385E+00 0.11692E-01 0.12693E-01 0.23679E+00 0.23637E+00 0.00000E+00 0.00000E+00 -.21541E+00      4325392  13/0.11330E+02
 0.35210E+00 0.14320E+02 0.18600E+00 0.26286E+00 0.19688E-01 0.20390E-01 0.23194E+00 0.23148E+00 0.00000E+00 0.00000E+00 0.15936E+01      4325392  13/0.14320E+02
 0.43340E+00 0.90200E+01 0.97000E-01 0.16096E+00 0.10302E-01 0.16498E-01 0.18355E+00 0.19659E+00 0.00000E+00 0.00000E+00 -.34577E+01      4325392  14/0.90200E+01
 0.46260E+00 0.11360E+02 0.11500E+00 0.16916E+00 0.94898E-02 0.13805E-01 0.15699E+00 0.16587E+00 0.00000E+00 0.00000E+00 0.34636E+00      4325392  14/0.11360E+02
 0.47220E+00 0.14390E+02 0.14100E+00 0.15345E+00 0.11493E-01 0.13060E-01 0.14473E+00 0.15086E+00 0.00000E+00 0.00000E+00 0.22531E+00      4325392  14/0.14390E+02
     1480335
 NMC F2p 200 GeV                                                                 
Plot1@Experiment:NMC muon DIS@ExtraLabel:#mu beam energy E = 90 GeV @XTitle: Q^{2} @YTitle: d^{2}#sigma/dxdQ^{2} @Title:0.007<x<0.015
Plot2@Experiment:NMC muon DIS@ExtraLabel:#mu beam energy E = 90 GeV @XTitle: Q^{2} @YTitle: d^{2}#sigma/dxdQ^{2} @Title:0.015<x<0.021
Plot3@Experiment:NMC muon DIS@ExtraLabel:#mu beam energy E = 90 GeV @XTitle: Q^{2} @YTitle: d^{2}#sigma/dxdQ^{2} @Title:0.021<x<0.03
Plot4@Experiment:NMC muon DIS@ExtraLabel:#mu beam energy E = 90 GeV @XTitle: Q^{2} @YTitle: d^{2}#sigma/dxdQ^{2} @Title:0.03<x<0.04
Plot5@Experiment:NMC muon DIS@ExtraLabel:#mu beam energy E = 90 GeV @XTitle: Q^{2} @YTitle: d^{2}#sigma/dxdQ^{2} @Title:0.04<x<0.06
Plot6@Experiment:NMC muon DIS@ExtraLabel:#mu beam energy E = 90 GeV @XTitle: Q^{2} @YTitle: d^{2}#sigma/dxdQ^{2} @Title:0.06<x<0.08
Plot7@Experiment:NMC muon DIS@ExtraLabel:#mu beam energy E = 90 GeV @XTitle: Q^{2} @YTitle: d^{2}#sigma/dxdQ^{2} @Title:0.08<x<0.1
Plot8@Experiment:NMC muon DIS@ExtraLabel:#mu beam energy E = 90 GeV @XTitle: Q^{2} @YTitle: d^{2}#sigma/dxdQ^{2} @Title:0.1<x<0.12
Plot9@Experiment:NMC muon DIS@ExtraLabel:#mu beam energy E = 90 GeV @XTitle: Q^{2} @YTitle: d^{2}#sigma/dxdQ^{2} @Title:0.12<x<0.16
Plot10@Experiment:NMC muon DIS@ExtraLabel:#mu beam energy E = 90 GeV @XTitle: Q^{2} @YTitle: d^{2}#sigma/dxdQ^{2} @Title:0.16<x<0.2
Plot11@Experiment:NMC muon DIS@ExtraLabel:#mu beam energy E = 90 GeV @XTitle: Q^{2} @YTitle: d^{2}#sigma/dxdQ^{2} @Title:0.2<x<0.25
Plot12@Experiment:NMC muon DIS@ExtraLabel:#mu beam energy E = 90 GeV @XTitle: Q^{2} @YTitle: d^{2}#sigma/dxdQ^{2} @Title:0.25<x<0.31
Plot13@Experiment:NMC muon DIS@ExtraLabel:#mu beam energy E = 90 GeV @XTitle: Q^{2} @YTitle: d^{2}#sigma/dxdQ^{2} @Title:0.31<x<0.4
Plot14@Experiment:NMC muon DIS@ExtraLabel:#mu beam energy E = 90 GeV @XTitle: Q^{2} @YTitle: d^{2}#sigma/dxdQ^{2} @Title:0.4<x<0.5
 x           Q2          y              data      +- uncor     +- tot     th orig         th mod   therr+         therr-     pull    iset       iplot
 0.13800E-01 0.32500E+01 0.64000E+00 0.34130E+00 0.16963E-01 0.18994E-01 0.35302E+00 0.35389E+00 0.00000E+00 0.00000E+00 -.74235E+00      1480335   1/0.32500E+01
 0.16900E-01 0.36200E+01 0.58500E+00 0.36772E+00 0.12760E-01 0.15299E-01 0.36770E+00 0.36905E+00 0.00000E+00 0.00000E+00 -.10442E+00      1480335   2/0.36200E+01
 0.18500E-01 0.43400E+01 0.63800E+00 0.38356E+00 0.15342E-01 0.18550E-01 0.37238E+00 0.37657E+00 0.00000E+00 0.00000E+00 0.45559E+00      1480335   2/0.43400E+01
 0.24600E-01 0.25000E+01 0.27900E+00 0.34765E+00 0.80655E-02 0.12944E-01 0.36439E+00 0.35178E+00 0.00000E+00 0.00000E+00 -.51189E+00      1480335   3/0.25000E+01
 0.24800E-01 0.34500E+01 0.38000E+00 0.38096E+00 0.94859E-02 0.13836E-01 0.37959E+00 0.36866E+00 0.00000E+00 0.00000E+00 0.12965E+01      1480335   3/0.34500E+01
 0.24000E-01 0.45400E+01 0.52000E+00 0.38642E+00 0.11051E-01 0.13830E-01 0.38574E+00 0.38700E+00 0.00000E+00 0.00000E+00 -.53116E-01      1480335   3/0.45400E+01
 0.25200E-01 0.54500E+01 0.59000E+00 0.38466E+00 0.11001E-01 0.14677E-01 0.38872E+00 0.39281E+00 0.00000E+00 0.00000E+00 -.74059E+00      1480335   3/0.54500E+01
 0.27700E-01 0.65100E+01 0.63600E+00 0.40382E+00 0.15386E-01 0.19042E-01 0.39220E+00 0.39668E+00 0.00000E+00 0.00000E+00 0.46386E+00      1480335   3/0.65100E+01
 0.34700E-01 0.25300E+01 0.19900E+00 0.34732E+00 0.12781E-01 0.16384E-01 0.36586E+00 0.35246E+00 0.00000E+00 0.00000E+00 -.40250E+00      1480335   4/0.25300E+01
 0.34900E-01 0.34600E+01 0.27100E+00 0.36847E+00 0.11460E-01 0.14918E-01 0.38037E+00 0.36785E+00 0.00000E+00 0.00000E+00 0.54460E-01      1480335   4/0.34600E+01
 0.35000E-01 0.44300E+01 0.34300E+00 0.39339E+00 0.15578E-01 0.18364E-01 0.39008E+00 0.37927E+00 0.00000E+00 0.00000E+00 0.90593E+00      1480335   4/0.44300E+01
 0.34600E-01 0.55000E+01 0.43400E+00 0.38291E+00 0.13287E-01 0.14840E-01 0.39616E+00 0.39443E+00 0.00000E+00 0.00000E+00 -.86657E+00      1480335   4/0.55000E+01
 0.34700E-01 0.69600E+01 0.54700E+00 0.41395E+00 0.99348E-02 0.13084E-01 0.39948E+00 0.39999E+00 0.00000E+00 0.00000E+00 0.14053E+01      1480335   4/0.69600E+01
 0.36800E-01 0.86500E+01 0.63500E+00 0.37763E+00 0.15521E-01 0.18361E-01 0.40027E+00 0.40397E+00 0.00000E+00 0.00000E+00 -.16972E+01      1480335   4/0.86500E+01
 0.48400E-01 0.35200E+01 0.19900E+00 0.32893E+00 0.11480E-01 0.14349E-01 0.37964E+00 0.36694E+00 0.00000E+00 0.00000E+00 -.33109E+01      1480335   5/0.35200E+01
 0.49300E-01 0.44600E+01 0.24800E+00 0.37480E+00 0.12143E-01 0.14854E-01 0.38771E+00 0.37630E+00 0.00000E+00 0.00000E+00 -.12418E+00      1480335   5/0.44600E+01
 0.49000E-01 0.54700E+01 0.30600E+00 0.39648E+00 0.13005E-01 0.14760E-01 0.39366E+00 0.38533E+00 0.00000E+00 0.00000E+00 0.85785E+00      1480335   5/0.54700E+01
 0.48900E-01 0.69900E+01 0.39300E+00 0.38044E+00 0.87883E-02 0.10465E-01 0.39987E+00 0.39582E+00 0.00000E+00 0.00000E+00 -.17495E+01      1480335   5/0.69900E+01
 0.49400E-01 0.89600E+01 0.49800E+00 0.38558E+00 0.92154E-02 0.11459E-01 0.40332E+00 0.40215E+00 0.00000E+00 0.00000E+00 -.17977E+01      1480335   5/0.89600E+01
 0.51600E-01 0.11120E+02 0.58600E+00 0.41487E+00 0.11450E-01 0.14696E-01 0.40349E+00 0.40481E+00 0.00000E+00 0.00000E+00 0.87832E+00      1480335   5/0.11120E+02
 0.69500E-01 0.45000E+01 0.17700E+00 0.34073E+00 0.18366E-01 0.20121E-01 0.38281E+00 0.37018E+00 0.00000E+00 0.00000E+00 -.16035E+01      1480335   6/0.45000E+01
 0.69000E-01 0.54800E+01 0.21600E+00 0.36330E+00 0.19146E-01 0.20610E-01 0.38793E+00 0.37600E+00 0.00000E+00 0.00000E+00 -.66320E+00      1480335   6/0.54800E+01
 0.69800E-01 0.69400E+01 0.27100E+00 0.41055E+00 0.13425E-01 0.14793E-01 0.39254E+00 0.38493E+00 0.00000E+00 0.00000E+00 0.19088E+01      1480335   6/0.69400E+01
 0.69500E-01 0.89900E+01 0.35300E+00 0.39063E+00 0.11875E-01 0.13132E-01 0.39738E+00 0.39270E+00 0.00000E+00 0.00000E+00 -.17365E+00      1480335   6/0.89900E+01
 0.69600E-01 0.11390E+02 0.44500E+00 0.41790E+00 0.11033E-01 0.12819E-01 0.39993E+00 0.39776E+00 0.00000E+00 0.00000E+00 0.18258E+01      1480335   6/0.11390E+02
 0.70700E-01 0.14460E+02 0.55300E+00 0.38177E+00 0.13744E-01 0.15938E-01 0.39973E+00 0.40146E+00 0.00000E+00 0.00000E+00 -.14327E+01      1480335   6/0.14460E+02
 0.89300E-01 0.55000E+01 0.16800E+00 0.35837E+00 0.28275E-01 0.29632E-01 0.38135E+00 0.36826E+00 0.00000E+00 0.00000E+00 -.35004E+00      1480335   7/0.55000E+01
 0.89700E-01 0.69600E+01 0.21100E+00 0.40381E+00 0.16839E-01 0.18509E-01 0.38526E+00 0.37687E+00 0.00000E+00 0.00000E+00 0.16003E+01      1480335   7/0.69600E+01
 0.89900E-01 0.89600E+01 0.27100E+00 0.35986E+00 0.13855E-01 0.15488E-01 0.38849E+00 0.38222E+00 0.00000E+00 0.00000E+00 -.16139E+01      1480335   7/0.89600E+01
 0.89900E-01 0.11450E+02 0.34600E+00 0.37758E+00 0.12007E-01 0.13489E-01 0.39110E+00 0.38667E+00 0.00000E+00 0.00000E+00 -.75722E+00      1480335   7/0.11450E+02
 0.90100E-01 0.14660E+02 0.44100E+00 0.41352E+00 0.13812E-01 0.15690E-01 0.39221E+00 0.39040E+00 0.00000E+00 0.00000E+00 0.16746E+01      1480335   7/0.14660E+02
 0.90700E-01 0.19020E+02 0.56600E+00 0.37645E+00 0.23641E-01 0.25314E-01 0.39086E+00 0.39356E+00 0.00000E+00 0.00000E+00 -.72397E+00      1480335   7/0.19020E+02
 0.11020E+00 0.69700E+01 0.17300E+00 0.34764E+00 0.18077E-01 0.19325E-01 0.37758E+00 0.36836E+00 0.00000E+00 0.00000E+00 -.11460E+01      1480335   8/0.69700E+01
 0.11010E+00 0.89900E+01 0.22200E+00 0.35175E+00 0.16075E-01 0.17469E-01 0.38014E+00 0.37291E+00 0.00000E+00 0.00000E+00 -.13163E+01      1480335   8/0.89900E+01
 0.11030E+00 0.11450E+02 0.28200E+00 0.37229E+00 0.13663E-01 0.15131E-01 0.38159E+00 0.37576E+00 0.00000E+00 0.00000E+00 -.25393E+00      1480335   8/0.11450E+02
 0.11000E+00 0.14760E+02 0.36400E+00 0.37194E+00 0.13539E-01 0.15072E-01 0.38272E+00 0.37910E+00 0.00000E+00 0.00000E+00 -.52828E+00      1480335   8/0.14760E+02
 0.11020E+00 0.19380E+02 0.47600E+00 0.45334E+00 0.24617E-01 0.26576E-01 0.38217E+00 0.38031E+00 0.00000E+00 0.00000E+00 0.29670E+01      1480335   8/0.19380E+02
 0.13950E+00 0.71500E+01 0.14100E+00 0.34969E+00 0.19478E-01 0.20860E-01 0.36674E+00 0.35746E+00 0.00000E+00 0.00000E+00 -.39892E+00      1480335   9/0.71500E+01
 0.14020E+00 0.90100E+01 0.17600E+00 0.38958E+00 0.17765E-01 0.19237E-01 0.36726E+00 0.35977E+00 0.00000E+00 0.00000E+00 0.16779E+01      1480335   9/0.90100E+01
 0.13980E+00 0.11430E+02 0.22300E+00 0.37013E+00 0.11474E-01 0.13232E-01 0.36785E+00 0.36169E+00 0.00000E+00 0.00000E+00 0.73506E+00      1480335   9/0.11430E+02
 0.13980E+00 0.14830E+02 0.28900E+00 0.35191E+00 0.10346E-01 0.12283E-01 0.36774E+00 0.36268E+00 0.00000E+00 0.00000E+00 -.10407E+01      1480335   9/0.14830E+02
 0.14000E+00 0.19320E+02 0.37400E+00 0.35862E+00 0.12695E-01 0.14730E-01 0.36683E+00 0.36353E+00 0.00000E+00 0.00000E+00 -.38716E+00      1480335   9/0.19320E+02
 0.14180E+00 0.25370E+02 0.48300E+00 0.37425E+00 0.27433E-01 0.29023E-01 0.36385E+00 0.36335E+00 0.00000E+00 0.00000E+00 0.39754E+00      1480335   9/0.25370E+02
 0.17890E+00 0.73800E+01 0.11400E+00 0.29137E+00 0.24271E-01 0.25186E-01 0.35018E+00 0.34098E+00 0.00000E+00 0.00000E+00 -.20444E+01      1480335  10/0.73800E+01
 0.18030E+00 0.89700E+01 0.13600E+00 0.35003E+00 0.20162E-01 0.21486E-01 0.34875E+00 0.34039E+00 0.00000E+00 0.00000E+00 0.47834E+00      1480335  10/0.89700E+01
 0.18180E+00 0.11440E+02 0.17200E+00 0.34318E+00 0.13281E-01 0.14855E-01 0.34669E+00 0.34016E+00 0.00000E+00 0.00000E+00 0.22745E+00      1480335  10/0.11440E+02
 0.18040E+00 0.14860E+02 0.22400E+00 0.34965E+00 0.12273E-01 0.14051E-01 0.34578E+00 0.34009E+00 0.00000E+00 0.00000E+00 0.77910E+00      1480335  10/0.14860E+02
 0.18040E+00 0.19420E+02 0.29200E+00 0.35382E+00 0.13056E-01 0.15172E-01 0.34393E+00 0.33936E+00 0.00000E+00 0.00000E+00 0.11077E+01      1480335  10/0.19420E+02
 0.18050E+00 0.25900E+02 0.38800E+00 0.37247E+00 0.23540E-01 0.25238E-01 0.34105E+00 0.33886E+00 0.00000E+00 0.00000E+00 0.14275E+01      1480335  10/0.25900E+02
 0.22260E+00 0.91500E+01 0.11300E+00 0.32610E+00 0.23284E-01 0.24290E-01 0.32658E+00 0.31875E+00 0.00000E+00 0.00000E+00 0.31577E+00      1480335  11/0.91500E+01
 0.22640E+00 0.11470E+02 0.13900E+00 0.33582E+00 0.14105E-01 0.15532E-01 0.32167E+00 0.31503E+00 0.00000E+00 0.00000E+00 0.14742E+01      1480335  11/0.11470E+02
 0.22630E+00 0.14900E+02 0.18000E+00 0.30791E+00 0.11393E-01 0.12888E-01 0.31847E+00 0.31323E+00 0.00000E+00 0.00000E+00 -.46727E+00      1480335  11/0.14900E+02
 0.22540E+00 0.19530E+02 0.23600E+00 0.31994E+00 0.11870E-01 0.13576E-01 0.31557E+00 0.31114E+00 0.00000E+00 0.00000E+00 0.74169E+00      1480335  11/0.19530E+02
 0.22580E+00 0.26320E+02 0.31600E+00 0.32976E+00 0.19522E-01 0.20964E-01 0.31130E+00 0.30803E+00 0.00000E+00 0.00000E+00 0.11130E+01      1480335  11/0.26320E+02
 0.27760E+00 0.11620E+02 0.11500E+00 0.27287E+00 0.15281E-01 0.16123E-01 0.28927E+00 0.28394E+00 0.00000E+00 0.00000E+00 -.72407E+00      1480335  12/0.11620E+02
 0.27550E+00 0.14820E+02 0.14700E+00 0.28830E+00 0.13291E-01 0.14424E-01 0.28636E+00 0.28136E+00 0.00000E+00 0.00000E+00 0.52230E+00      1480335  12/0.14820E+02
 0.27600E+00 0.19590E+02 0.19300E+00 0.28009E+00 0.12184E-01 0.13422E-01 0.28113E+00 0.27744E+00 0.00000E+00 0.00000E+00 0.21752E+00      1480335  12/0.19590E+02
 0.27640E+00 0.26490E+02 0.26000E+00 0.26999E+00 0.18360E-01 0.19287E-01 0.27563E+00 0.27244E+00 0.00000E+00 0.00000E+00 -.13303E+00      1480335  12/0.26490E+02
 0.27630E+00 0.33920E+02 0.33000E+00 0.33264E+00 0.37589E-01 0.38401E-01 0.27148E+00 0.26975E+00 0.00000E+00 0.00000E+00 0.16731E+01      1480335  12/0.33920E+02
 0.34210E+00 0.15020E+02 0.12100E+00 0.21512E+00 0.90996E-02 0.10146E-01 0.23843E+00 0.23605E+00 0.00000E+00 0.00000E+00 -.23002E+01      1480335  13/0.15020E+02
 0.34670E+00 0.19650E+02 0.15500E+00 0.22128E+00 0.85856E-02 0.96971E-02 0.22926E+00 0.22698E+00 0.00000E+00 0.00000E+00 -.66363E+00      1480335  13/0.19650E+02
 0.34730E+00 0.26200E+02 0.20500E+00 0.20682E+00 0.11189E-01 0.12091E-01 0.22291E+00 0.22078E+00 0.00000E+00 0.00000E+00 -.12478E+01      1480335  13/0.26200E+02
 0.34940E+00 0.34490E+02 0.26700E+00 0.24066E+00 0.20576E-01 0.21455E-01 0.21594E+00 0.21412E+00 0.00000E+00 0.00000E+00 0.12897E+01      1480335  13/0.34490E+02
 0.45540E+00 0.20050E+02 0.12100E+00 0.14617E+00 0.71915E-02 0.94757E-02 0.14891E+00 0.15053E+00 0.00000E+00 0.00000E+00 -.60662E+00      1480335  14/0.20050E+02
 0.47450E+00 0.26220E+02 0.15200E+00 0.12676E+00 0.74916E-02 0.88013E-02 0.13049E+00 0.13132E+00 0.00000E+00 0.00000E+00 -.60782E+00      1480335  14/0.26220E+02
 0.47690E+00 0.34800E+02 0.20000E+00 0.10765E+00 0.10291E-01 0.11121E-01 0.12370E+00 0.12422E+00 0.00000E+00 0.00000E+00 -.16104E+01      1480335  14/0.34800E+02
     4765079
 NMC F2p 280 GeV                                                                 
Plot1@Experiment:NMC muon DIS@ExtraLabel:#mu beam energy E = 90 GeV @XTitle: Q^{2} @YTitle: d^{2}#sigma/dxdQ^{2} @Title:0.007<x<0.015
Plot2@Experiment:NMC muon DIS@ExtraLabel:#mu beam energy E = 90 GeV @XTitle: Q^{2} @YTitle: d^{2}#sigma/dxdQ^{2} @Title:0.015<x<0.021
Plot3@Experiment:NMC muon DIS@ExtraLabel:#mu beam energy E = 90 GeV @XTitle: Q^{2} @YTitle: d^{2}#sigma/dxdQ^{2} @Title:0.021<x<0.03
Plot4@Experiment:NMC muon DIS@ExtraLabel:#mu beam energy E = 90 GeV @XTitle: Q^{2} @YTitle: d^{2}#sigma/dxdQ^{2} @Title:0.03<x<0.04
Plot5@Experiment:NMC muon DIS@ExtraLabel:#mu beam energy E = 90 GeV @XTitle: Q^{2} @YTitle: d^{2}#sigma/dxdQ^{2} @Title:0.04<x<0.06
Plot6@Experiment:NMC muon DIS@ExtraLabel:#mu beam energy E = 90 GeV @XTitle: Q^{2} @YTitle: d^{2}#sigma/dxdQ^{2} @Title:0.06<x<0.08
Plot7@Experiment:NMC muon DIS@ExtraLabel:#mu beam energy E = 90 GeV @XTitle: Q^{2} @YTitle: d^{2}#sigma/dxdQ^{2} @Title:0.08<x<0.1
Plot8@Experiment:NMC muon DIS@ExtraLabel:#mu beam energy E = 90 GeV @XTitle: Q^{2} @YTitle: d^{2}#sigma/dxdQ^{2} @Title:0.1<x<0.12
Plot9@Experiment:NMC muon DIS@ExtraLabel:#mu beam energy E = 90 GeV @XTitle: Q^{2} @YTitle: d^{2}#sigma/dxdQ^{2} @Title:0.12<x<0.16
Plot10@Experiment:NMC muon DIS@ExtraLabel:#mu beam energy E = 90 GeV @XTitle: Q^{2} @YTitle: d^{2}#sigma/dxdQ^{2} @Title:0.16<x<0.2
Plot11@Experiment:NMC muon DIS@ExtraLabel:#mu beam energy E = 90 GeV @XTitle: Q^{2} @YTitle: d^{2}#sigma/dxdQ^{2} @Title:0.2<x<0.25
Plot12@Experiment:NMC muon DIS@ExtraLabel:#mu beam energy E = 90 GeV @XTitle: Q^{2} @YTitle: d^{2}#sigma/dxdQ^{2} @Title:0.25<x<0.31
Plot13@Experiment:NMC muon DIS@ExtraLabel:#mu beam energy E = 90 GeV @XTitle: Q^{2} @YTitle: d^{2}#sigma/dxdQ^{2} @Title:0.31<x<0.4
Plot14@Experiment:NMC muon DIS@ExtraLabel:#mu beam energy E = 90 GeV @XTitle: Q^{2} @YTitle: d^{2}#sigma/dxdQ^{2} @Title:0.4<x<0.5
 x           Q2          y              data      +- uncor     +- tot     th orig         th mod   therr+         therr-     pull    iset       iplot
 0.90000E-02 0.33700E+01 0.73300E+00 0.35829E+00 0.69866E-02 0.13799E-01 0.35641E+00 0.35583E+00 0.00000E+00 0.00000E+00 0.35194E+00      4765079   1/0.33700E+01
 0.12100E-01 0.25500E+01 0.41300E+00 0.35934E+00 0.68992E-02 0.13439E-01 0.37011E+00 0.35787E+00 0.00000E+00 0.00000E+00 0.21166E+00      4765079   1/0.25500E+01
 0.12300E-01 0.34700E+01 0.55200E+00 0.38058E+00 0.58990E-02 0.13135E-01 0.38262E+00 0.37452E+00 0.00000E+00 0.00000E+00 0.10266E+01      4765079   1/0.34700E+01
 0.12500E-01 0.44500E+01 0.69500E+00 0.37843E+00 0.57521E-02 0.13971E-01 0.38238E+00 0.38693E+00 0.00000E+00 0.00000E+00 -.14793E+01      4765079   1/0.44500E+01
 0.13900E-01 0.53800E+01 0.75400E+00 0.39881E+00 0.10010E-01 0.18350E-01 0.38547E+00 0.39478E+00 0.00000E+00 0.00000E+00 0.40306E+00      4765079   1/0.53800E+01
 0.17300E-01 0.25900E+01 0.29400E+00 0.34891E+00 0.10781E-01 0.15434E-01 0.37303E+00 0.35961E+00 0.00000E+00 0.00000E+00 -.99241E+00      4765079   2/0.25900E+01
 0.17300E-01 0.34900E+01 0.39300E+00 0.37332E+00 0.77650E-02 0.13260E-01 0.39065E+00 0.37905E+00 0.00000E+00 0.00000E+00 -.73860E+00      4765079   2/0.34900E+01
 0.17400E-01 0.44600E+01 0.50100E+00 0.39892E+00 0.82178E-02 0.14313E-01 0.40008E+00 0.39362E+00 0.00000E+00 0.00000E+00 0.64545E+00      4765079   2/0.44600E+01
 0.16800E-01 0.56000E+01 0.65800E+00 0.39741E+00 0.98556E-02 0.16434E-01 0.39905E+00 0.40785E+00 0.00000E+00 0.00000E+00 -.10599E+01      4765079   2/0.56000E+01
 0.18000E-01 0.67300E+01 0.72700E+00 0.39013E+00 0.66322E-02 0.15478E-01 0.40096E+00 0.40994E+00 0.00000E+00 0.00000E+00 -.29867E+01      4765079   2/0.67300E+01
 0.24500E-01 0.34900E+01 0.28000E+00 0.36977E+00 0.83567E-02 0.13670E-01 0.38861E+00 0.37518E+00 0.00000E+00 0.00000E+00 -.64808E+00      4765079   3/0.34900E+01
 0.24500E-01 0.44800E+01 0.35900E+00 0.38763E+00 0.75200E-02 0.12876E-01 0.40113E+00 0.39059E+00 0.00000E+00 0.00000E+00 -.39456E+00      4765079   3/0.44800E+01
 0.24600E-01 0.54700E+01 0.43500E+00 0.40518E+00 0.81037E-02 0.13542E-01 0.40917E+00 0.40084E+00 0.00000E+00 0.00000E+00 0.53592E+00      4765079   3/0.54700E+01
 0.23600E-01 0.72200E+01 0.60500E+00 0.40863E+00 0.66198E-02 0.12611E-01 0.41316E+00 0.41701E+00 0.00000E+00 0.00000E+00 -.12658E+01      4765079   3/0.72200E+01
 0.25300E-01 0.88800E+01 0.68400E+00 0.42667E+00 0.61440E-02 0.14452E-01 0.41437E+00 0.42015E+00 0.00000E+00 0.00000E+00 0.10617E+01      4765079   3/0.88800E+01
 0.27900E-01 0.10790E+02 0.74500E+00 0.44874E+00 0.11129E-01 0.19431E-01 0.41406E+00 0.42101E+00 0.00000E+00 0.00000E+00 0.24918E+01      4765079   3/0.10790E+02
 0.34700E-01 0.44800E+01 0.25300E+00 0.41217E+00 0.10840E-01 0.15282E-01 0.39609E+00 0.38373E+00 0.00000E+00 0.00000E+00 0.26233E+01      4765079   4/0.44800E+01
 0.34800E-01 0.54900E+01 0.30800E+00 0.39433E+00 0.10134E-01 0.14188E-01 0.40479E+00 0.39318E+00 0.00000E+00 0.00000E+00 0.11381E+00      4765079   4/0.54900E+01
 0.34800E-01 0.68600E+01 0.38300E+00 0.39842E+00 0.90042E-02 0.13236E-01 0.41322E+00 0.40371E+00 0.00000E+00 0.00000E+00 -.58765E+00      4765079   4/0.68600E+01
 0.34500E-01 0.90300E+01 0.51200E+00 0.41321E+00 0.77270E-02 0.11729E-01 0.41967E+00 0.41920E+00 0.00000E+00 0.00000E+00 -.77623E+00      4765079   4/0.90300E+01
 0.34800E-01 0.11440E+02 0.64100E+00 0.42471E+00 0.60734E-02 0.13231E-01 0.41965E+00 0.42474E+00 0.00000E+00 0.00000E+00 -.57077E-02      4765079   4/0.11440E+02
 0.36900E-01 0.14100E+02 0.73500E+00 0.43384E+00 0.10369E-01 0.18253E-01 0.41680E+00 0.42530E+00 0.00000E+00 0.00000E+00 0.82314E+00      4765079   4/0.14100E+02
 0.46900E-01 0.55300E+01 0.23200E+00 0.38579E+00 0.10956E-01 0.14724E-01 0.39844E+00 0.38590E+00 0.00000E+00 0.00000E+00 -.99862E-02      4765079   5/0.55300E+01
 0.49300E-01 0.69300E+01 0.27600E+00 0.39189E+00 0.71716E-02 0.11565E-01 0.40492E+00 0.39352E+00 0.00000E+00 0.00000E+00 -.22704E+00      4765079   5/0.69300E+01
 0.49000E-01 0.89900E+01 0.36100E+00 0.39685E+00 0.75401E-02 0.10707E-01 0.41252E+00 0.40560E+00 0.00000E+00 0.00000E+00 -.11616E+01      4765079   5/0.89900E+01
 0.48700E-01 0.11570E+02 0.46900E+00 0.41794E+00 0.58930E-02 0.98622E-02 0.41725E+00 0.41732E+00 0.00000E+00 0.00000E+00 0.10585E+00      4765079   5/0.11570E+02
 0.49400E-01 0.14870E+02 0.58900E+00 0.41814E+00 0.51431E-02 0.11438E-01 0.41792E+00 0.42156E+00 0.00000E+00 0.00000E+00 -.66552E+00      4765079   5/0.14870E+02
 0.52900E-01 0.18900E+02 0.69000E+00 0.43575E+00 0.77128E-02 0.15863E-01 0.41438E+00 0.42235E+00 0.00000E+00 0.00000E+00 0.17372E+01      4765079   5/0.18900E+02
 0.66300E-01 0.73200E+01 0.21700E+00 0.37417E+00 0.13657E-01 0.16375E-01 0.39747E+00 0.38497E+00 0.00000E+00 0.00000E+00 -.79082E+00      4765079   6/0.73200E+01
 0.69900E-01 0.89300E+01 0.24900E+00 0.38841E+00 0.10953E-01 0.14171E-01 0.40024E+00 0.38910E+00 0.00000E+00 0.00000E+00 -.63480E-01      4765079   6/0.89300E+01
 0.69600E-01 0.11470E+02 0.32300E+00 0.40560E+00 0.84364E-02 0.10797E-01 0.40511E+00 0.40043E+00 0.00000E+00 0.00000E+00 0.61202E+00      4765079   6/0.11470E+02
 0.69400E-01 0.15010E+02 0.42400E+00 0.40778E+00 0.65245E-02 0.96240E-02 0.40859E+00 0.40836E+00 0.00000E+00 0.00000E+00 -.88139E-01      4765079   6/0.15010E+02
 0.69900E-01 0.19650E+02 0.54700E+00 0.41607E+00 0.59498E-02 0.11391E-01 0.40894E+00 0.41228E+00 0.00000E+00 0.00000E+00 0.63667E+00      4765079   6/0.19650E+02
 0.71600E-01 0.25560E+02 0.68900E+00 0.45364E+00 0.13292E-01 0.19682E-01 0.40479E+00 0.41381E+00 0.00000E+00 0.00000E+00 0.29962E+01      4765079   6/0.25560E+02
 0.86300E-01 0.93500E+01 0.21300E+00 0.34963E+00 0.18740E-01 0.20578E-01 0.39231E+00 0.38040E+00 0.00000E+00 0.00000E+00 -.16420E+01      4765079   7/0.93500E+01
 0.89700E-01 0.11490E+02 0.25000E+00 0.40736E+00 0.10265E-01 0.12888E-01 0.39358E+00 0.38665E+00 0.00000E+00 0.00000E+00 0.20166E+01      4765079   7/0.11490E+02
 0.89700E-01 0.14970E+02 0.32600E+00 0.39385E+00 0.83495E-02 0.10775E-01 0.39641E+00 0.39423E+00 0.00000E+00 0.00000E+00 -.46405E-01      4765079   7/0.14970E+02
 0.89500E-01 0.19880E+02 0.43300E+00 0.39698E+00 0.66295E-02 0.10382E-01 0.39802E+00 0.39812E+00 0.00000E+00 0.00000E+00 -.17137E+00      4765079   7/0.19880E+02
 0.90300E-01 0.26070E+02 0.55800E+00 0.39748E+00 0.81882E-02 0.13546E-01 0.39670E+00 0.40105E+00 0.00000E+00 0.00000E+00 -.43584E+00      4765079   7/0.26070E+02
 0.10950E+00 0.11800E+02 0.21200E+00 0.36598E+00 0.13175E-01 0.15081E-01 0.38344E+00 0.37645E+00 0.00000E+00 0.00000E+00 -.79443E+00      4765079   8/0.11800E+02
 0.10970E+00 0.14930E+02 0.26500E+00 0.39006E+00 0.10298E-01 0.12639E-01 0.38499E+00 0.38065E+00 0.00000E+00 0.00000E+00 0.91420E+00      4765079   8/0.14930E+02
 0.10970E+00 0.19860E+02 0.35300E+00 0.38181E+00 0.73689E-02 0.10762E-01 0.38604E+00 0.38475E+00 0.00000E+00 0.00000E+00 -.39858E+00      4765079   8/0.19860E+02
 0.11000E+00 0.26380E+02 0.46500E+00 0.37339E+00 0.77292E-02 0.11969E-01 0.38549E+00 0.38549E+00 0.00000E+00 0.00000E+00 -.15649E+01      4765079   8/0.26380E+02
 0.11060E+00 0.34500E+02 0.60100E+00 0.42605E+00 0.16786E-01 0.21231E-01 0.38268E+00 0.38695E+00 0.00000E+00 0.00000E+00 0.23290E+01      4765079   8/0.34500E+02
 0.13910E+00 0.11770E+02 0.16700E+00 0.36140E+00 0.21865E-01 0.23319E-01 0.36882E+00 0.36079E+00 0.00000E+00 0.00000E+00 0.27851E-01      4765079   9/0.11770E+02
 0.13740E+00 0.15030E+02 0.21500E+00 0.38240E+00 0.88717E-02 0.11806E-01 0.36998E+00 0.36509E+00 0.00000E+00 0.00000E+00 0.19509E+01      4765079   9/0.15030E+02
 0.13890E+00 0.19890E+02 0.28000E+00 0.36486E+00 0.59837E-02 0.95699E-02 0.36900E+00 0.36648E+00 0.00000E+00 0.00000E+00 -.27093E+00      4765079   9/0.19890E+02
 0.13940E+00 0.26630E+02 0.37300E+00 0.37184E+00 0.59495E-02 0.10790E-01 0.36772E+00 0.36656E+00 0.00000E+00 0.00000E+00 0.88767E+00      4765079   9/0.26630E+02
 0.14010E+00 0.35240E+02 0.48900E+00 0.35922E+00 0.98786E-02 0.14139E-01 0.36524E+00 0.36726E+00 0.00000E+00 0.00000E+00 -.81322E+00      4765079   9/0.35240E+02
 0.17900E+00 0.15070E+02 0.16500E+00 0.32899E+00 0.10692E-01 0.12671E-01 0.34689E+00 0.34278E+00 0.00000E+00 0.00000E+00 -.12896E+01      4765079  10/0.15070E+02
 0.17960E+00 0.19990E+02 0.21800E+00 0.33422E+00 0.69853E-02 0.10159E-01 0.34489E+00 0.34186E+00 0.00000E+00 0.00000E+00 -.10928E+01      4765079  10/0.19990E+02
 0.17930E+00 0.26740E+02 0.29100E+00 0.33804E+00 0.64903E-02 0.10334E-01 0.34275E+00 0.34091E+00 0.00000E+00 0.00000E+00 -.44264E+00      4765079  10/0.26740E+02
 0.18000E+00 0.35130E+02 0.37800E+00 0.35276E+00 0.82546E-02 0.12535E-01 0.33972E+00 0.33962E+00 0.00000E+00 0.00000E+00 0.15915E+01      4765079  10/0.35130E+02
 0.18070E+00 0.45790E+02 0.48800E+00 0.36720E+00 0.15459E-01 0.19149E-01 0.33617E+00 0.33844E+00 0.00000E+00 0.00000E+00 0.18601E+01      4765079  10/0.45790E+02
 0.22450E+00 0.15140E+02 0.13300E+00 0.32079E+00 0.11388E-01 0.13173E-01 0.31960E+00 0.31524E+00 0.00000E+00 0.00000E+00 0.48763E+00      4765079  11/0.15140E+02
 0.22450E+00 0.19970E+02 0.17500E+00 0.30388E+00 0.68981E-02 0.94511E-02 0.31619E+00 0.31335E+00 0.00000E+00 0.00000E+00 -.13728E+01      4765079  11/0.19970E+02
 0.22440E+00 0.26770E+02 0.23300E+00 0.31485E+00 0.63915E-02 0.95815E-02 0.31258E+00 0.31123E+00 0.00000E+00 0.00000E+00 0.56639E+00      4765079  11/0.26770E+02
 0.22420E+00 0.35280E+02 0.30600E+00 0.30292E+00 0.70883E-02 0.10430E-01 0.30944E+00 0.30901E+00 0.00000E+00 0.00000E+00 -.85967E+00      4765079  11/0.35280E+02
 0.22500E+00 0.46620E+02 0.40100E+00 0.31513E+00 0.12038E-01 0.14896E-01 0.30501E+00 0.30592E+00 0.00000E+00 0.00000E+00 0.76500E+00      4765079  11/0.46620E+02
 0.26540E+00 0.16070E+02 0.11900E+00 0.31526E+00 0.28783E-01 0.29391E-01 0.29198E+00 0.29037E+00 0.00000E+00 0.00000E+00 0.86475E+00      4765079  12/0.16070E+02
 0.27440E+00 0.19990E+02 0.14300E+00 0.28384E+00 0.78907E-02 0.97206E-02 0.28206E+00 0.28017E+00 0.00000E+00 0.00000E+00 0.46501E+00      4765079  12/0.19990E+02
 0.27420E+00 0.26760E+02 0.19100E+00 0.26415E+00 0.64981E-02 0.85845E-02 0.27731E+00 0.27606E+00 0.00000E+00 0.00000E+00 -.18323E+01      4765079  12/0.26760E+02
 0.27490E+00 0.35440E+02 0.25100E+00 0.27957E+00 0.73805E-02 0.97526E-02 0.27219E+00 0.27186E+00 0.00000E+00 0.00000E+00 0.10444E+01      4765079  12/0.35440E+02
 0.27450E+00 0.47030E+02 0.33300E+00 0.27617E+00 0.11268E-01 0.13203E-01 0.26793E+00 0.26864E+00 0.00000E+00 0.00000E+00 0.66767E+00      4765079  12/0.47030E+02
 0.27720E+00 0.59810E+02 0.41300E+00 0.18714E+00 0.28688E-01 0.29193E-01 0.26229E+00 0.26214E+00 0.00000E+00 0.00000E+00 -.26146E+01      4765079  12/0.59810E+02
 0.32930E+00 0.20740E+02 0.12400E+00 0.24641E+00 0.85013E-02 0.97458E-02 0.24125E+00 0.24134E+00 0.00000E+00 0.00000E+00 0.59678E+00      4765079  13/0.20740E+02
 0.34470E+00 0.26740E+02 0.15300E+00 0.22150E+00 0.48951E-02 0.68213E-02 0.22455E+00 0.22485E+00 0.00000E+00 0.00000E+00 -.68512E+00      4765079  13/0.26740E+02
 0.34530E+00 0.35490E+02 0.20100E+00 0.21853E+00 0.50918E-02 0.73523E-02 0.21865E+00 0.21907E+00 0.00000E+00 0.00000E+00 -.10533E+00      4765079  13/0.35490E+02
 0.34610E+00 0.46630E+02 0.26200E+00 0.22393E+00 0.65835E-02 0.89861E-02 0.21305E+00 0.21387E+00 0.00000E+00 0.00000E+00 0.15285E+01      4765079  13/0.46630E+02
 0.35010E+00 0.61210E+02 0.33700E+00 0.23353E+00 0.19267E-01 0.20614E-01 0.20525E+00 0.20506E+00 0.00000E+00 0.00000E+00 0.14781E+01      4765079  13/0.61210E+02
 0.43310E+00 0.27700E+02 0.12500E+00 0.16526E+00 0.57016E-02 0.95514E-02 0.15797E+00 0.16296E+00 0.00000E+00 0.00000E+00 0.40340E+00      4765079  14/0.27700E+02
 0.46520E+00 0.35550E+02 0.15000E+00 0.13466E+00 0.35013E-02 0.70387E-02 0.13103E+00 0.13477E+00 0.00000E+00 0.00000E+00 -.30576E-01      4765079  14/0.35550E+02
 0.47010E+00 0.46570E+02 0.19400E+00 0.12195E+00 0.39999E-02 0.70412E-02 0.12318E+00 0.12638E+00 0.00000E+00 0.00000E+00 -.11082E+01      4765079  14/0.46570E+02
 0.47900E+00 0.62340E+02 0.25400E+00 0.12262E+00 0.98950E-02 0.11741E-01 0.11297E+00 0.11484E+00 0.00000E+00 0.00000E+00 0.78599E+00      4765079  14/0.62340E+02
     5621410
 SLAC 49a                                                                        
Plot1@Experiment:SLAC-49a ep DIS@ExtraLabel:SLAC-49a @XTitle: Q^{2} @YTitle: d^{2}#sigma/dxdQ^{2} @Title:0.085<x<0.12
Plot2@Experiment:SLAC-49a ep DIS@ExtraLabel:SLAC-49a @XTitle: Q^{2} @YTitle: d^{2}#sigma/dxdQ^{2} @Title:0.12<x<0.16
Plot3@Experiment:SLAC-49a ep DIS@ExtraLabel:SLAC-49a @XTitle: Q^{2} @YTitle: d^{2}#sigma/dxdQ^{2} @Title:0.16<x<0.2
Plot4@Experiment:SLAC-49a ep DIS@ExtraLabel:SLAC-49a @XTitle: Q^{2} @YTitle: d^{2}#sigma/dxdQ^{2} @Title:0.2<x<0.25
Plot5@Experiment:SLAC-49a ep DIS@ExtraLabel:SLAC-49a @XTitle: Q^{2} @YTitle: d^{2}#sigma/dxdQ^{2} @Title:0.25<x<0.3
Plot6@Experiment:SLAC-49a ep DIS@ExtraLabel:SLAC-49a @XTitle: Q^{2} @YTitle: d^{2}#sigma/dxdQ^{2} @Title:0.3<x<0.4
Plot7@Experiment:SLAC-49a ep DIS@ExtraLabel:SLAC-49a @XTitle: Q^{2} @YTitle: d^{2}#sigma/dxdQ^{2} @Title:0.4<x<0.5
Plot8@Experiment:SLAC-49a ep DIS@ExtraLabel:SLAC-49a @XTitle: Q^{2} @YTitle: d^{2}#sigma/dxdQ^{2} @Title:0.5<x<0.6
Plot9@Experiment:SLAC-49a ep DIS@ExtraLabel:SLAC-49a @XTitle: Q^{2} @YTitle: d^{2}#sigma/dxdQ^{2} @Title:0.6<x<0.7
Plot10@Experiment:SLAC-49a ep DIS@ExtraLabel:SLAC-49a @XTitle: Q^{2} @YTitle: d^{2}#sigma/dxdQ^{2} @Title:0.7<x<0.8
Plot11@Experiment:SLAC-49a ep DIS@ExtraLabel:SLAC-49a @XTitle: Q^{2} @YTitle: d^{2}#sigma/dxdQ^{2} @Title:0.8<x<0.9
 x           Q2          y              data      +- uncor     +- tot     th orig         th mod   therr+         therr-     pull    iset       iplot
 0.59600E+00 0.35010E+01 0.16000E+00 0.11610E+00 0.30187E-02 0.36512E-02 0.11447E+00 0.11524E+00 0.00000E+00 0.00000E+00 0.28563E+00      5621410   8/0.35010E+01
 0.54230E+00 0.34460E+01 0.17300E+00 0.14299E+00 0.32887E-02 0.39909E-02 0.14274E+00 0.14372E+00 0.00000E+00 0.00000E+00 -.22123E+00      5621410   8/0.34460E+01
 0.48990E+00 0.33830E+01 0.18800E+00 0.17833E+00 0.39232E-02 0.45951E-02 0.17438E+00 0.17551E+00 0.00000E+00 0.00000E+00 0.71805E+00      5621410   7/0.33830E+01
 0.44110E+00 0.33140E+01 0.20500E+00 0.21458E+00 0.45062E-02 0.52605E-02 0.20689E+00 0.20826E+00 0.00000E+00 0.00000E+00 0.14038E+01      5621410   7/0.33140E+01
 0.37160E+00 0.31920E+01 0.23400E+00 0.25275E+00 0.68243E-02 0.74380E-02 0.25439E+00 0.25592E+00 0.00000E+00 0.00000E+00 -.46468E+00      5621410   6/0.31920E+01
 0.30890E+00 0.30470E+01 0.26900E+00 0.29064E+00 0.81379E-02 0.86707E-02 0.29322E+00 0.29463E+00 0.00000E+00 0.00000E+00 -.49054E+00      5621410   6/0.30470E+01
 0.23930E+00 0.28260E+01 0.32200E+00 0.32129E+00 0.80322E-02 0.84944E-02 0.32528E+00 0.32648E+00 0.00000E+00 0.00000E+00 -.64612E+00      5621410   4/0.28260E+01
 0.18260E+00 0.25690E+01 0.38400E+00 0.34049E+00 0.10215E-01 0.10495E-01 0.33963E+00 0.34050E+00 0.00000E+00 0.00000E+00 -.86232E-03      5621410   3/0.25690E+01
 0.53930E+00 0.27630E+01 0.24800E+00 0.15250E+00 0.30500E-02 0.32170E-02 0.15328E+00 0.15296E+00 0.00000E+00 0.00000E+00 -.15122E+00      5621410   8/0.27630E+01
 0.48900E+00 0.26940E+01 0.26700E+00 0.18117E+00 0.36235E-02 0.37743E-02 0.18302E+00 0.18266E+00 0.00000E+00 0.00000E+00 -.40949E+00      5621410   7/0.26940E+01
 0.44010E+00 0.26170E+01 0.28800E+00 0.21071E+00 0.44250E-02 0.45827E-02 0.21459E+00 0.21405E+00 0.00000E+00 0.00000E+00 -.75426E+00      5621410   7/0.26170E+01
 0.63830E+00 0.41490E+01 0.25600E+00 0.91008E-01 0.23662E-02 0.25709E-02 0.88569E-01 0.88562E-01 0.00000E+00 0.00000E+00 0.10337E+01      5621410   9/0.41490E+01
 0.58010E+00 0.40450E+01 0.27400E+00 0.11579E+00 0.33581E-02 0.34835E-02 0.11678E+00 0.11672E+00 0.00000E+00 0.00000E+00 -.27611E+00      5621410   8/0.40450E+01
 0.55250E+00 0.39900E+01 0.28400E+00 0.12515E+00 0.85105E-02 0.85554E-02 0.13187E+00 0.13181E+00 0.00000E+00 0.00000E+00 -.78212E+00      5621410   8/0.39900E+01
 0.47120E+00 0.38040E+01 0.31800E+00 0.18235E+00 0.51059E-02 0.51898E-02 0.18248E+00 0.18232E+00 0.00000E+00 0.00000E+00 0.64317E-02      5621410   7/0.38040E+01
 0.39800E+00 0.35940E+01 0.35500E+00 0.23317E+00 0.65288E-02 0.66116E-02 0.23260E+00 0.23228E+00 0.00000E+00 0.00000E+00 0.13616E+00      5621410   6/0.35940E+01
 0.33200E+00 0.33570E+01 0.39800E+00 0.27747E+00 0.83242E-02 0.84390E-02 0.27526E+00 0.27473E+00 0.00000E+00 0.00000E+00 0.32981E+00      5621410   6/0.33570E+01
 0.27320E+00 0.30920E+01 0.44500E+00 0.30188E+00 0.90564E-02 0.92160E-02 0.30593E+00 0.30516E+00 0.00000E+00 0.00000E+00 -.36229E+00      5621410   5/0.30920E+01
 0.22430E+00 0.28190E+01 0.49400E+00 0.32093E+00 0.99487E-02 0.10379E-01 0.32304E+00 0.32180E+00 0.00000E+00 0.00000E+00 -.88051E-01      5621410   4/0.28190E+01
 0.17950E+00 0.25090E+01 0.55000E+00 0.32463E+00 0.10063E-01 0.10564E-01 0.32906E+00 0.32761E+00 0.00000E+00 0.00000E+00 -.29656E+00      5621410   3/0.25090E+01
 0.69170E+00 0.51800E+01 0.26200E+00 0.62810E-01 0.31405E-02 0.33027E-02 0.59534E-01 0.59579E-01 0.00000E+00 0.00000E+00 0.10287E+01      5621410   9/0.51800E+01
 0.60120E+00 0.49830E+01 0.29100E+00 0.10436E+00 0.35481E-02 0.36762E-02 0.98753E-01 0.98813E-01 0.00000E+00 0.00000E+00 0.15621E+01      5621410   9/0.49830E+01
 0.53020E+00 0.47970E+01 0.31700E+00 0.14015E+00 0.37842E-02 0.38790E-02 0.13810E+00 0.13813E+00 0.00000E+00 0.00000E+00 0.53409E+00      5621410   8/0.47970E+01
 0.45370E+00 0.45530E+01 0.35200E+00 0.19484E+00 0.56503E-02 0.57038E-02 0.18834E+00 0.18829E+00 0.00000E+00 0.00000E+00 0.11584E+01      5621410   7/0.45530E+01
 0.38740E+00 0.42940E+01 0.38900E+00 0.22922E+00 0.68765E-02 0.69411E-02 0.23463E+00 0.23444E+00 0.00000E+00 0.00000E+00 -.75946E+00      5621410   6/0.42940E+01
 0.32820E+00 0.40140E+01 0.42900E+00 0.27691E+00 0.74765E-02 0.75784E-02 0.27343E+00 0.27305E+00 0.00000E+00 0.00000E+00 0.51550E+00      5621410   6/0.40140E+01
 0.27390E+00 0.36990E+01 0.47300E+00 0.29716E+00 0.89147E-02 0.90376E-02 0.30307E+00 0.30248E+00 0.00000E+00 0.00000E+00 -.59702E+00      5621410   5/0.36990E+01
 0.22740E+00 0.33730E+01 0.52000E+00 0.32296E+00 0.10012E-01 0.10223E-01 0.32137E+00 0.32038E+00 0.00000E+00 0.00000E+00 0.25827E+00      5621410   4/0.33730E+01
 0.18490E+00 0.30130E+01 0.57100E+00 0.34900E+00 0.10819E-01 0.11287E-01 0.33003E+00 0.32877E+00 0.00000E+00 0.00000E+00 0.18700E+01      5621410   3/0.30130E+01
 0.14740E+00 0.26310E+01 0.62500E+00 0.32985E+00 0.10555E-01 0.11122E-01 0.32747E+00 0.32584E+00 0.00000E+00 0.00000E+00 0.37959E+00      5621410   2/0.26310E+01
 0.74320E+00 0.68740E+01 0.27800E+00 0.35243E-01 0.22203E-02 0.23613E-02 0.35217E-01 0.35291E-01 0.00000E+00 0.00000E+00 -.21615E-01      5621410  10/0.68740E+01
 0.69010E+00 0.67300E+01 0.29400E+00 0.53315E-01 0.20793E-02 0.22506E-02 0.52446E-01 0.52578E-01 0.00000E+00 0.00000E+00 0.35430E+00      5621410   9/0.67300E+01
 0.66210E+00 0.66470E+01 0.30200E+00 0.59194E-01 0.10951E-01 0.10982E-01 0.63081E-01 0.63211E-01 0.00000E+00 0.00000E+00 -.36687E+00      5621410   9/0.66470E+01
 0.59860E+00 0.64410E+01 0.32400E+00 0.95856E-01 0.34508E-02 0.35892E-02 0.91713E-01 0.91925E-01 0.00000E+00 0.00000E+00 0.11391E+01      5621410   8/0.64410E+01
 0.52820E+00 0.61740E+01 0.35200E+00 0.12971E+00 0.42805E-02 0.43815E-02 0.13125E+00 0.13150E+00 0.00000E+00 0.00000E+00 -.41795E+00      5621410   8/0.61740E+01
 0.46530E+00 0.58940E+01 0.38100E+00 0.17911E+00 0.53734E-02 0.54739E-02 0.17275E+00 0.17300E+00 0.00000E+00 0.00000E+00 0.11382E+01      5621410   7/0.58940E+01
 0.40360E+00 0.55690E+01 0.41500E+00 0.21592E+00 0.66936E-02 0.67525E-02 0.21650E+00 0.21657E+00 0.00000E+00 0.00000E+00 -.97390E-01      5621410   7/0.55690E+01
 0.34680E+00 0.52150E+01 0.45300E+00 0.25158E+00 0.75474E-02 0.76142E-02 0.25591E+00 0.25585E+00 0.00000E+00 0.00000E+00 -.56541E+00      5621410   6/0.52150E+01
 0.29680E+00 0.48450E+01 0.49100E+00 0.28094E+00 0.84283E-02 0.85075E-02 0.28702E+00 0.28679E+00 0.00000E+00 0.00000E+00 -.69359E+00      5621410   5/0.48450E+01
 0.25100E+00 0.44460E+01 0.53300E+00 0.30533E+00 0.97706E-02 0.98891E-02 0.31034E+00 0.30973E+00 0.00000E+00 0.00000E+00 -.45069E+00      5621410   5/0.44460E+01
 0.20780E+00 0.40030E+01 0.58000E+00 0.31986E+00 0.99156E-02 0.10079E-01 0.32590E+00 0.32508E+00 0.00000E+00 0.00000E+00 -.52685E+00      5621410   4/0.40030E+01
 0.17800E+00 0.36490E+01 0.61700E+00 0.32725E+00 0.10472E-01 0.10898E-01 0.33148E+00 0.33021E+00 0.00000E+00 0.00000E+00 -.28251E+00      5621410   3/0.36490E+01
 0.14950E+00 0.32650E+01 0.65700E+00 0.33133E+00 0.10934E-01 0.11415E-01 0.33089E+00 0.32943E+00 0.00000E+00 0.00000E+00 0.17366E+00      5621410   2/0.32650E+01
 0.12250E+00 0.28510E+01 0.70100E+00 0.32825E+00 0.10832E-01 0.11461E-01 0.32180E+00 0.32001E+00 0.00000E+00 0.00000E+00 0.76070E+00      5621410   2/0.28510E+01
 0.76390E+00 0.80680E+01 0.29100E+00 0.24704E-01 0.12599E-02 0.14170E-02 0.26623E-01 0.26705E-01 0.00000E+00 0.00000E+00 -.15882E+01      5621410  10/0.80680E+01
 0.71630E+00 0.79150E+01 0.30400E+00 0.37021E-01 0.14808E-02 0.16507E-02 0.39960E-01 0.40099E-01 0.00000E+00 0.00000E+00 -.20788E+01      5621410  10/0.79150E+01
 0.64490E+00 0.76570E+01 0.32700E+00 0.66276E-01 0.21208E-02 0.23121E-02 0.66070E-01 0.66285E-01 0.00000E+00 0.00000E+00 -.44247E-02      5621410   9/0.76570E+01
 0.57150E+00 0.73480E+01 0.35400E+00 0.10285E+00 0.29826E-02 0.31549E-02 0.10164E+00 0.10194E+00 0.00000E+00 0.00000E+00 0.30544E+00      5621410   8/0.73480E+01
 0.50810E+00 0.70370E+01 0.38100E+00 0.14219E+00 0.41236E-02 0.42706E-02 0.13969E+00 0.14003E+00 0.00000E+00 0.00000E+00 0.52401E+00      5621410   8/0.70370E+01
 0.44750E+00 0.66910E+01 0.41200E+00 0.18363E+00 0.53252E-02 0.54038E-02 0.18113E+00 0.18140E+00 0.00000E+00 0.00000E+00 0.41873E+00      5621410   7/0.66910E+01
 0.39270E+00 0.63280E+01 0.44400E+00 0.21752E+00 0.65257E-02 0.65978E-02 0.22045E+00 0.22064E+00 0.00000E+00 0.00000E+00 -.47801E+00      5621410   6/0.63280E+01
 0.34120E+00 0.59310E+01 0.47900E+00 0.25816E+00 0.77449E-02 0.78177E-02 0.25632E+00 0.25640E+00 0.00000E+00 0.00000E+00 0.22758E+00      5621410   6/0.59310E+01
 0.29310E+00 0.54980E+01 0.51700E+00 0.28152E+00 0.84456E-02 0.85250E-02 0.28651E+00 0.28628E+00 0.00000E+00 0.00000E+00 -.56408E+00      5621410   5/0.54980E+01
 0.24850E+00 0.50320E+01 0.55800E+00 0.30784E+00 0.92352E-02 0.93373E-02 0.30976E+00 0.30933E+00 0.00000E+00 0.00000E+00 -.16135E+00      5621410   4/0.50320E+01
 0.21530E+00 0.46340E+01 0.59300E+00 0.30722E+00 0.95238E-02 0.96810E-02 0.32295E+00 0.32213E+00 0.00000E+00 0.00000E+00 -.15661E+01      5621410   4/0.46340E+01
 0.18470E+00 0.42190E+01 0.62900E+00 0.32931E+00 0.10209E-01 0.10424E-01 0.33080E+00 0.32978E+00 0.00000E+00 0.00000E+00 -.46627E-01      5621410   3/0.42190E+01
 0.15740E+00 0.38040E+01 0.66600E+00 0.32999E+00 0.10230E-01 0.10672E-01 0.33278E+00 0.33151E+00 0.00000E+00 0.00000E+00 -.14878E+00      5621410   2/0.38040E+01
 0.13100E+00 0.33550E+01 0.70500E+00 0.31008E+00 0.99227E-02 0.10456E-01 0.32808E+00 0.32644E+00 0.00000E+00 0.00000E+00 -.16488E+01      5621410   2/0.33550E+01
 0.10660E+00 0.28880E+01 0.74600E+00 0.32748E+00 0.94969E-02 0.10566E-01 0.31423E+00 0.31225E+00 0.00000E+00 0.00000E+00 0.16031E+01      5621410   1/0.28880E+01
     8269859
 SLAC 49b                                                                        
Plot1@Experiment:SLAC-49b ep DIS@ExtraLabel:SLAC-49b @XTitle: Q^{2} @YTitle: d^{2}#sigma/dxdQ^{2} @Title:0.085<x<0.12
Plot2@Experiment:SLAC-49b ep DIS@ExtraLabel:SLAC-49b @XTitle: Q^{2} @YTitle: d^{2}#sigma/dxdQ^{2} @Title:0.12<x<0.16
Plot3@Experiment:SLAC-49b ep DIS@ExtraLabel:SLAC-49b @XTitle: Q^{2} @YTitle: d^{2}#sigma/dxdQ^{2} @Title:0.16<x<0.2
Plot4@Experiment:SLAC-49b ep DIS@ExtraLabel:SLAC-49b @XTitle: Q^{2} @YTitle: d^{2}#sigma/dxdQ^{2} @Title:0.2<x<0.25
Plot5@Experiment:SLAC-49b ep DIS@ExtraLabel:SLAC-49b @XTitle: Q^{2} @YTitle: d^{2}#sigma/dxdQ^{2} @Title:0.25<x<0.3
Plot6@Experiment:SLAC-49b ep DIS@ExtraLabel:SLAC-49b @XTitle: Q^{2} @YTitle: d^{2}#sigma/dxdQ^{2} @Title:0.3<x<0.4
Plot7@Experiment:SLAC-49b ep DIS@ExtraLabel:SLAC-49b @XTitle: Q^{2} @YTitle: d^{2}#sigma/dxdQ^{2} @Title:0.4<x<0.5
Plot8@Experiment:SLAC-49b ep DIS@ExtraLabel:SLAC-49b @XTitle: Q^{2} @YTitle: d^{2}#sigma/dxdQ^{2} @Title:0.5<x<0.6
Plot9@Experiment:SLAC-49b ep DIS@ExtraLabel:SLAC-49b @XTitle: Q^{2} @YTitle: d^{2}#sigma/dxdQ^{2} @Title:0.6<x<0.7
Plot10@Experiment:SLAC-49b ep DIS@ExtraLabel:SLAC-49b @XTitle: Q^{2} @YTitle: d^{2}#sigma/dxdQ^{2} @Title:0.7<x<0.8
Plot11@Experiment:SLAC-49b ep DIS@ExtraLabel:SLAC-49b @XTitle: Q^{2} @YTitle: d^{2}#sigma/dxdQ^{2} @Title:0.8<x<0.9
 x           Q2          y              data      +- uncor     +- tot     th orig         th mod   therr+         therr-     pull    iset       iplot
 0.52150E+00 0.25150E+01 0.39500E+00 0.16588E+00 0.23223E-02 0.25537E-02 0.16743E+00 0.16757E+00 0.00000E+00 0.00000E+00 -.72954E+00      8269859   8/0.25150E+01
 0.64950E+00 0.42990E+01 0.40900E+00 0.85151E-01 0.11921E-02 0.16156E-02 0.82549E-01 0.82652E-01 0.00000E+00 0.00000E+00 0.20968E+01      8269859   9/0.42990E+01
 0.60610E+00 0.41760E+01 0.42600E+00 0.10063E+00 0.18114E-02 0.21442E-02 0.10318E+00 0.10329E+00 0.00000E+00 0.00000E+00 -.14681E+01      8269859   9/0.41760E+01
 0.54030E+00 0.39700E+01 0.45500E+00 0.13762E+00 0.17891E-02 0.22572E-02 0.13949E+00 0.13962E+00 0.00000E+00 0.00000E+00 -.11153E+01      8269859   8/0.39700E+01
 0.47500E+00 0.37370E+01 0.48700E+00 0.18110E+00 0.25354E-02 0.29033E-02 0.18063E+00 0.18077E+00 0.00000E+00 0.00000E+00 0.13121E+00      8269859   7/0.37370E+01
 0.41000E+00 0.34690E+01 0.52300E+00 0.22088E+00 0.33132E-02 0.36629E-02 0.22347E+00 0.22365E+00 0.00000E+00 0.00000E+00 -.83607E+00      8269859   7/0.34690E+01
 0.34700E+00 0.31680E+01 0.56500E+00 0.26176E+00 0.39264E-02 0.41388E-02 0.26182E+00 0.26199E+00 0.00000E+00 0.00000E+00 -.58711E-01      8269859   6/0.31680E+01
 0.29870E+00 0.29030E+01 0.60100E+00 0.29150E+00 0.40810E-02 0.42842E-02 0.28580E+00 0.28600E+00 0.00000E+00 0.00000E+00 0.13494E+01      8269859   5/0.29030E+01
 0.26740E+00 0.27120E+01 0.62700E+00 0.29553E+00 0.53195E-02 0.54573E-02 0.29758E+00 0.29779E+00 0.00000E+00 0.00000E+00 -.42545E+00      8269859   5/0.27120E+01
 0.23580E+00 0.25010E+01 0.65600E+00 0.31539E+00 0.47309E-02 0.48962E-02 0.30547E+00 0.30570E+00 0.00000E+00 0.00000E+00 0.20489E+01      8269859   4/0.25010E+01
 0.74160E+00 0.61150E+01 0.42300E+00 0.37714E-01 0.16594E-02 0.18197E-02 0.38249E-01 0.38335E-01 0.00000E+00 0.00000E+00 -.37423E+00      8269859  10/0.61150E+01
 0.67300E+00 0.58620E+01 0.44700E+00 0.58895E-01 0.24736E-02 0.26555E-02 0.62507E-01 0.62603E-01 0.00000E+00 0.00000E+00 -.14991E+01      8269859   9/0.58620E+01
 0.61030E+00 0.56050E+01 0.47100E+00 0.89032E-01 0.32942E-02 0.35356E-02 0.90757E-01 0.90865E-01 0.00000E+00 0.00000E+00 -.55668E+00      8269859   9/0.56050E+01
 0.55470E+00 0.53520E+01 0.49500E+00 0.12282E+00 0.39303E-02 0.41832E-02 0.12102E+00 0.12112E+00 0.00000E+00 0.00000E+00 0.43249E+00      8269859   8/0.53520E+01
 0.46040E+00 0.48600E+01 0.54100E+00 0.18315E+00 0.20146E-02 0.26541E-02 0.18146E+00 0.18159E+00 0.00000E+00 0.00000E+00 0.77261E+00      8269859   7/0.48600E+01
 0.40530E+00 0.45270E+01 0.57300E+00 0.22103E+00 0.30944E-02 0.36319E-02 0.21876E+00 0.21893E+00 0.00000E+00 0.00000E+00 0.67859E+00      8269859   7/0.45270E+01
 0.34360E+00 0.41040E+01 0.61300E+00 0.26061E+00 0.41697E-02 0.44913E-02 0.25778E+00 0.25794E+00 0.00000E+00 0.00000E+00 0.64098E+00      8269859   6/0.41040E+01
 0.30040E+00 0.37720E+01 0.64400E+00 0.27654E+00 0.35950E-02 0.38517E-02 0.28101E+00 0.28120E+00 0.00000E+00 0.00000E+00 -.12956E+01      8269859   6/0.37720E+01
 0.26680E+00 0.34900E+01 0.67100E+00 0.29365E+00 0.49921E-02 0.51619E-02 0.29558E+00 0.29578E+00 0.00000E+00 0.00000E+00 -.42592E+00      8269859   5/0.34900E+01
 0.24090E+00 0.32540E+01 0.69300E+00 0.31605E+00 0.72691E-02 0.73850E-02 0.30408E+00 0.30430E+00 0.00000E+00 0.00000E+00 0.16166E+01      8269859   4/0.32540E+01
 0.21150E+00 0.29690E+01 0.72000E+00 0.31669E+00 0.50671E-02 0.52326E-02 0.30989E+00 0.31012E+00 0.00000E+00 0.00000E+00 0.12967E+01      8269859   4/0.29690E+01
 0.18960E+00 0.27400E+01 0.74100E+00 0.31242E+00 0.62483E-02 0.64026E-02 0.31070E+00 0.31094E+00 0.00000E+00 0.00000E+00 0.23631E+00      8269859   3/0.27400E+01
 0.17180E+00 0.25460E+01 0.76000E+00 0.29779E+00 0.62536E-02 0.64284E-02 0.30826E+00 0.30851E+00 0.00000E+00 0.00000E+00 -.17149E+01      8269859   3/0.25460E+01
 0.58600E+00 0.72630E+01 0.52800E+00 0.96469E-01 0.26047E-02 0.30107E-02 0.94800E-01 0.94891E-01 0.00000E+00 0.00000E+00 0.60588E+00      8269859   8/0.72630E+01
 0.42760E+00 0.60750E+01 0.60500E+00 0.19462E+00 0.54494E-02 0.58061E-02 0.19608E+00 0.19622E+00 0.00000E+00 0.00000E+00 -.29367E+00      8269859   7/0.60750E+01
 0.32120E+00 0.50610E+01 0.67100E+00 0.26702E+00 0.80106E-02 0.81910E-02 0.26533E+00 0.26550E+00 0.00000E+00 0.00000E+00 0.18990E+00      8269859   6/0.50610E+01
 0.23560E+00 0.40700E+01 0.73500E+00 0.30987E+00 0.83665E-02 0.84635E-02 0.30481E+00 0.30503E+00 0.00000E+00 0.00000E+00 0.57873E+00      8269859   4/0.40700E+01
 0.20120E+00 0.36150E+01 0.76500E+00 0.30819E+00 0.83213E-02 0.84121E-02 0.31250E+00 0.31273E+00 0.00000E+00 0.00000E+00 -.54470E+00      8269859   4/0.36150E+01
 0.17900E+00 0.33020E+01 0.78500E+00 0.31766E+00 0.88945E-02 0.90072E-02 0.31342E+00 0.31367E+00 0.00000E+00 0.00000E+00 0.44863E+00      8269859   3/0.33020E+01
 0.15750E+00 0.29820E+01 0.80600E+00 0.32039E+00 0.99320E-02 0.10060E-01 0.30991E+00 0.31016E+00 0.00000E+00 0.00000E+00 0.10302E+01      8269859   2/0.29820E+01
 0.14330E+00 0.27620E+01 0.82000E+00 0.31822E+00 0.10183E-01 0.10341E-01 0.30449E+00 0.30475E+00 0.00000E+00 0.00000E+00 0.13232E+01      8269859   2/0.27620E+01
 0.12970E+00 0.25420E+01 0.83500E+00 0.30518E+00 0.11292E-01 0.11459E-01 0.29597E+00 0.29622E+00 0.00000E+00 0.00000E+00 0.79316E+00      8269859   2/0.25420E+01
 0.77130E+00 0.91470E+01 0.47400E+00 0.21829E-01 0.14844E-02 0.15853E-02 0.22734E-01 0.22795E-01 0.00000E+00 0.00000E+00 -.65105E+00      8269859  10/0.91470E+01
 0.66370E+00 0.84940E+01 0.51200E+00 0.59789E-01 0.25111E-02 0.27529E-02 0.56046E-01 0.56128E-01 0.00000E+00 0.00000E+00 0.14578E+01      8269859   9/0.84940E+01
 0.54330E+00 0.76290E+01 0.56200E+00 0.11576E+00 0.24309E-02 0.29422E-02 0.11660E+00 0.11669E+00 0.00000E+00 0.00000E+00 -.38486E+00      8269859   8/0.76290E+01
 0.47210E+00 0.70330E+01 0.59600E+00 0.16235E+00 0.27599E-02 0.33860E-02 0.16281E+00 0.16292E+00 0.00000E+00 0.00000E+00 -.20790E+00      8269859   7/0.70330E+01
 0.40450E+00 0.63950E+01 0.63300E+00 0.21272E+00 0.38289E-02 0.44110E-02 0.20967E+00 0.20982E+00 0.00000E+00 0.00000E+00 0.75736E+00      8269859   7/0.63950E+01
 0.33630E+00 0.56690E+01 0.67400E+00 0.26179E+00 0.41886E-02 0.45944E-02 0.25463E+00 0.25478E+00 0.00000E+00 0.00000E+00 0.16737E+01      8269859   6/0.56690E+01
 0.29120E+00 0.51330E+01 0.70500E+00 0.28443E+00 0.42665E-02 0.45598E-02 0.28030E+00 0.28048E+00 0.00000E+00 0.00000E+00 0.92670E+00      8269859   5/0.51330E+01
 0.25820E+00 0.47080E+01 0.73000E+00 0.28933E+00 0.60759E-02 0.62458E-02 0.29586E+00 0.29606E+00 0.00000E+00 0.00000E+00 -.11073E+01      8269859   5/0.47080E+01
 0.23340E+00 0.43700E+01 0.74900E+00 0.32081E+00 0.76994E-02 0.78122E-02 0.30517E+00 0.30539E+00 0.00000E+00 0.00000E+00 0.20030E+01      8269859   4/0.43700E+01
 0.20310E+00 0.39310E+01 0.77400E+00 0.31147E+00 0.56065E-02 0.57432E-02 0.31267E+00 0.31290E+00 0.00000E+00 0.00000E+00 -.25509E+00      8269859   4/0.39310E+01
 0.17610E+00 0.35140E+01 0.79800E+00 0.30584E+00 0.67285E-02 0.68661E-02 0.31436E+00 0.31460E+00 0.00000E+00 0.00000E+00 -.13026E+01      8269859   3/0.35140E+01
 0.16090E+00 0.32670E+01 0.81200E+00 0.29191E+00 0.10801E-01 0.10899E-01 0.31248E+00 0.31273E+00 0.00000E+00 0.00000E+00 -.19275E+01      8269859   3/0.32670E+01
 0.14630E+00 0.30210E+01 0.82600E+00 0.30450E+00 0.11266E-01 0.11369E-01 0.30809E+00 0.30833E+00 0.00000E+00 0.00000E+00 -.34046E+00      8269859   2/0.30210E+01
 0.12100E+00 0.25770E+01 0.85200E+00 0.29717E+00 0.74293E-02 0.76691E-02 0.29218E+00 0.29243E+00 0.00000E+00 0.00000E+00 0.63875E+00      8269859   2/0.25770E+01
 0.78890E+00 0.13363E+02 0.53000E+00 0.15022E-01 0.40558E-03 0.60442E-03 0.14679E-01 0.14723E-01 0.00000E+00 0.00000E+00 0.73604E+00      8269859  10/0.13363E+02
 0.70080E+00 0.12528E+02 0.56000E+00 0.34974E-01 0.87434E-03 0.12166E-02 0.35742E-01 0.35804E-01 0.00000E+00 0.00000E+00 -.94929E+00      8269859  10/0.12528E+02
 0.62140E+00 0.11693E+02 0.58900E+00 0.64724E-01 0.17475E-02 0.21987E-02 0.66050E-01 0.66118E-01 0.00000E+00 0.00000E+00 -.79800E+00      8269859   9/0.11693E+02
 0.54960E+00 0.10858E+02 0.61800E+00 0.10084E+00 0.22185E-02 0.28091E-02 0.10365E+00 0.10372E+00 0.00000E+00 0.00000E+00 -.12998E+01      8269859   8/0.10858E+02
 0.47020E+00 0.98300E+01 0.65400E+00 0.15568E+00 0.31136E-02 0.37942E-02 0.15498E+00 0.15508E+00 0.00000E+00 0.00000E+00 0.19224E+00      8269859   7/0.98300E+01
 0.41700E+00 0.90740E+01 0.68100E+00 0.18921E+00 0.35950E-02 0.42604E-02 0.19218E+00 0.19231E+00 0.00000E+00 0.00000E+00 -.86152E+00      8269859   7/0.90740E+01
 0.36270E+00 0.82330E+01 0.71100E+00 0.22111E+00 0.42011E-02 0.47320E-02 0.23006E+00 0.23018E+00 0.00000E+00 0.00000E+00 -.21586E+01      8269859   6/0.82330E+01
 0.30860E+00 0.73210E+01 0.74300E+00 0.26699E+00 0.53399E-02 0.56764E-02 0.26503E+00 0.26519E+00 0.00000E+00 0.00000E+00 0.33785E+00      8269859   6/0.73210E+01
 0.27330E+00 0.66820E+01 0.76500E+00 0.28841E+00 0.89408E-02 0.91296E-02 0.28509E+00 0.28527E+00 0.00000E+00 0.00000E+00 0.35166E+00      8269859   5/0.66820E+01
 0.25140E+00 0.62640E+01 0.78000E+00 0.30792E+00 0.92376E-02 0.93650E-02 0.29592E+00 0.29612E+00 0.00000E+00 0.00000E+00 0.12777E+01      8269859   5/0.62640E+01
 0.22370E+00 0.57130E+01 0.79900E+00 0.30190E+00 0.63400E-02 0.64821E-02 0.30732E+00 0.30753E+00 0.00000E+00 0.00000E+00 -.88758E+00      8269859   4/0.57130E+01
 0.19690E+00 0.51520E+01 0.81900E+00 0.32213E+00 0.70869E-02 0.72031E-02 0.31500E+00 0.31523E+00 0.00000E+00 0.00000E+00 0.97337E+00      8269859   3/0.51520E+01
 0.17150E+00 0.45940E+01 0.83800E+00 0.29197E+00 0.10803E-01 0.10870E-01 0.31821E+00 0.31845E+00 0.00000E+00 0.00000E+00 -.24516E+01      8269859   3/0.45940E+01
 0.15320E+00 0.41760E+01 0.85300E+00 0.30639E+00 0.11030E-01 0.11136E-01 0.31703E+00 0.31728E+00 0.00000E+00 0.00000E+00 -.98733E+00      8269859   2/0.41760E+01
 0.13390E+00 0.37180E+01 0.86900E+00 0.31105E+00 0.13997E-01 0.14107E-01 0.31148E+00 0.31174E+00 0.00000E+00 0.00000E+00 -.49049E-01      8269859   2/0.37180E+01
 0.11850E+00 0.33410E+01 0.88300E+00 0.26592E+00 0.15955E-01 0.16046E-01 0.30259E+00 0.30285E+00 0.00000E+00 0.00000E+00 -.23149E+01      8269859   1/0.33410E+01
 0.10520E+00 0.30070E+01 0.89400E+00 0.29273E+00 0.12002E-01 0.12186E-01 0.29092E+00 0.29118E+00 0.00000E+00 0.00000E+00 0.12956E+00      8269859   1/0.30070E+01
 0.86000E-01 0.25060E+01 0.91200E+00 0.29114E+00 0.25038E-01 0.25148E-01 0.26412E+00 0.26436E+00 0.00000E+00 0.00000E+00 0.10697E+01      8269859   1/0.25060E+01
 0.58590E+00 0.40800E+01 0.55300E+00 0.11419E+00 0.31974E-02 0.32700E-02 0.11461E+00 0.11473E+00 0.00000E+00 0.00000E+00 -.16843E+00      8269859   8/0.40800E+01
 0.50310E+00 0.37400E+01 0.59000E+00 0.16573E+00 0.48061E-02 0.48799E-02 0.16391E+00 0.16406E+00 0.00000E+00 0.00000E+00 0.34654E+00      8269859   8/0.37400E+01
 0.41450E+00 0.33210E+01 0.63600E+00 0.21840E+00 0.45863E-02 0.47145E-02 0.21977E+00 0.21995E+00 0.00000E+00 0.00000E+00 -.33861E+00      8269859   7/0.33210E+01
 0.36550E+00 0.30600E+01 0.66500E+00 0.23253E+00 0.69758E-02 0.70987E-02 0.24776E+00 0.24796E+00 0.00000E+00 0.00000E+00 -.22133E+01      8269859   6/0.30600E+01
 0.31990E+00 0.27950E+01 0.69400E+00 0.27165E+00 0.57046E-02 0.59639E-02 0.26943E+00 0.26966E+00 0.00000E+00 0.00000E+00 0.34831E+00      8269859   6/0.27950E+01
 0.28410E+00 0.25700E+01 0.71800E+00 0.28891E+00 0.75118E-02 0.77362E-02 0.28244E+00 0.28268E+00 0.00000E+00 0.00000E+00 0.82983E+00      8269859   5/0.25700E+01
 0.71130E+00 0.66230E+01 0.56900E+00 0.43067E-01 0.17227E-02 0.17804E-02 0.45349E-01 0.45429E-01 0.00000E+00 0.00000E+00 -.13711E+01      8269859  10/0.66230E+01
 0.63230E+00 0.61830E+01 0.59800E+00 0.79295E-01 0.22203E-02 0.22941E-02 0.77722E-01 0.77818E-01 0.00000E+00 0.00000E+00 0.66532E+00      8269859   9/0.61830E+01
 0.56030E+00 0.57420E+01 0.62700E+00 0.11430E+00 0.30861E-02 0.31634E-02 0.11618E+00 0.11630E+00 0.00000E+00 0.00000E+00 -.64913E+00      8269859   8/0.57420E+01
 0.49430E+00 0.52990E+01 0.65600E+00 0.15574E+00 0.40493E-02 0.41235E-02 0.15747E+00 0.15762E+00 0.00000E+00 0.00000E+00 -.46347E+00      8269859   7/0.52990E+01
 0.43410E+00 0.48570E+01 0.68400E+00 0.19379E+00 0.50385E-02 0.51345E-02 0.19718E+00 0.19736E+00 0.00000E+00 0.00000E+00 -.70960E+00      8269859   7/0.48570E+01
 0.36850E+00 0.43290E+01 0.71900E+00 0.24829E+00 0.47174E-02 0.48780E-02 0.23835E+00 0.23854E+00 0.00000E+00 0.00000E+00 0.20661E+01      8269859   6/0.43290E+01
 0.33190E+00 0.40110E+01 0.73900E+00 0.25724E+00 0.66883E-02 0.68448E-02 0.25864E+00 0.25885E+00 0.00000E+00 0.00000E+00 -.24081E+00      8269859   6/0.40110E+01
 0.30610E+00 0.37770E+01 0.75500E+00 0.28274E+00 0.70685E-02 0.72472E-02 0.27114E+00 0.27137E+00 0.00000E+00 0.00000E+00 0.16088E+01      8269859   6/0.37770E+01
 0.28070E+00 0.35350E+01 0.77000E+00 0.26942E+00 0.86215E-02 0.87924E-02 0.28187E+00 0.28211E+00 0.00000E+00 0.00000E+00 -.14720E+01      8269859   5/0.35350E+01
 0.25890E+00 0.33190E+01 0.78400E+00 0.28466E+00 0.11102E-01 0.11250E-01 0.28940E+00 0.28964E+00 0.00000E+00 0.00000E+00 -.44872E+00      8269859   5/0.33190E+01
 0.23700E+00 0.30950E+01 0.79900E+00 0.29440E+00 0.12071E-01 0.12256E-01 0.29494E+00 0.29520E+00 0.00000E+00 0.00000E+00 -.66174E-01      8269859   4/0.30950E+01
 0.19580E+00 0.26500E+01 0.82800E+00 0.30005E+00 0.12302E-01 0.12538E-01 0.29794E+00 0.29821E+00 0.00000E+00 0.00000E+00 0.14928E+00      8269859   3/0.26500E+01
 0.78120E+00 0.10849E+02 0.62200E+00 0.19423E-01 0.11265E-02 0.11715E-02 0.18179E-01 0.18226E-01 0.00000E+00 0.00000E+00 0.10627E+01      8269859  10/0.10849E+02
 0.71360E+00 0.10246E+02 0.64300E+00 0.36353E-01 0.15268E-02 0.15846E-02 0.35216E-01 0.35276E-01 0.00000E+00 0.00000E+00 0.70587E+00      8269859  10/0.10246E+02
 0.65070E+00 0.96460E+01 0.66400E+00 0.58915E-01 0.21209E-02 0.21926E-02 0.58222E-01 0.58300E-01 0.00000E+00 0.00000E+00 0.28984E+00      8269859   9/0.96460E+01
 0.59130E+00 0.90430E+01 0.68500E+00 0.88189E-01 0.31748E-02 0.32451E-02 0.86442E-01 0.86547E-01 0.00000E+00 0.00000E+00 0.51727E+00      8269859   8/0.90430E+01
 0.53540E+00 0.84400E+01 0.70600E+00 0.12276E+00 0.31917E-02 0.32848E-02 0.11868E+00 0.11881E+00 0.00000E+00 0.00000E+00 0.12373E+01      8269859   8/0.84400E+01
 0.48280E+00 0.78370E+01 0.72700E+00 0.15540E+00 0.41957E-02 0.42699E-02 0.15273E+00 0.15287E+00 0.00000E+00 0.00000E+00 0.60324E+00      8269859   7/0.78370E+01
 0.43320E+00 0.72340E+01 0.74800E+00 0.18273E+00 0.49336E-02 0.50175E-02 0.18637E+00 0.18654E+00 0.00000E+00 0.00000E+00 -.77279E+00      8269859   7/0.72340E+01
 0.38620E+00 0.66310E+01 0.76900E+00 0.22253E+00 0.64533E-02 0.65182E-02 0.21792E+00 0.21808E+00 0.00000E+00 0.00000E+00 0.68916E+00      8269859   6/0.66310E+01
 0.34180E+00 0.60290E+01 0.79000E+00 0.24378E+00 0.70695E-02 0.71738E-02 0.24588E+00 0.24608E+00 0.00000E+00 0.00000E+00 -.32631E+00      8269859   6/0.60290E+01
 0.28870E+00 0.52640E+01 0.81700E+00 0.26745E+00 0.66862E-02 0.68552E-02 0.27503E+00 0.27526E+00 0.00000E+00 0.00000E+00 -.11683E+01      8269859   5/0.52640E+01
 0.25960E+00 0.48230E+01 0.83200E+00 0.28068E+00 0.84203E-02 0.86100E-02 0.28821E+00 0.28846E+00 0.00000E+00 0.00000E+00 -.92373E+00      8269859   5/0.48230E+01
 0.20980E+00 0.40270E+01 0.86000E+00 0.32377E+00 0.27197E-01 0.27297E-01 0.30313E+00 0.30340E+00 0.00000E+00 0.00000E+00 0.74916E+00      8269859   4/0.40270E+01
 0.87150E+00 0.15981E+02 0.65100E+00 0.38763E-02 0.58533E-03 0.59657E-03 0.39890E-02 0.40087E-02 0.00000E+00 0.00000E+00 -.22607E+00      8269859  11/0.15981E+02
 0.80930E+00 0.15220E+02 0.66700E+00 0.82806E-02 0.11841E-02 0.11948E-02 0.10428E-01 0.10458E-01 0.00000E+00 0.00000E+00 -.18391E+01      8269859  11/0.15220E+02
 0.75010E+00 0.14459E+02 0.68400E+00 0.22367E-01 0.13420E-02 0.13848E-02 0.21028E-01 0.21074E-01 0.00000E+00 0.00000E+00 0.96376E+00      8269859  10/0.14459E+02
 0.69380E+00 0.13698E+02 0.70000E+00 0.38320E-01 0.16477E-02 0.17129E-02 0.36245E-01 0.36306E-01 0.00000E+00 0.00000E+00 0.12224E+01      8269859   9/0.13698E+02
 0.64000E+00 0.12937E+02 0.71700E+00 0.58379E-01 0.21600E-02 0.22375E-02 0.56220E-01 0.56295E-01 0.00000E+00 0.00000E+00 0.96494E+00      8269859   9/0.12937E+02
 0.58870E+00 0.12176E+02 0.73400E+00 0.78568E-01 0.27499E-02 0.28317E-02 0.80515E-01 0.80609E-01 0.00000E+00 0.00000E+00 -.74209E+00      8269859   8/0.12176E+02
 0.53970E+00 0.11415E+02 0.75000E+00 0.11157E+00 0.40164E-02 0.40856E-02 0.10823E+00 0.10835E+00 0.00000E+00 0.00000E+00 0.80235E+00      8269859   8/0.11415E+02
 0.49280E+00 0.10654E+02 0.76700E+00 0.13462E+00 0.49809E-02 0.50333E-02 0.13809E+00 0.13821E+00 0.00000E+00 0.00000E+00 -.72125E+00      8269859   7/0.10654E+02
 0.44780E+00 0.98930E+01 0.78400E+00 0.16396E+00 0.59027E-02 0.59616E-02 0.16880E+00 0.16896E+00 0.00000E+00 0.00000E+00 -.84561E+00      8269859   7/0.98930E+01
 0.40480E+00 0.91320E+01 0.80000E+00 0.19723E+00 0.67058E-02 0.67779E-02 0.19851E+00 0.19869E+00 0.00000E+00 0.00000E+00 -.21770E+00      8269859   7/0.91320E+01
 0.36350E+00 0.83710E+01 0.81700E+00 0.22532E+00 0.78863E-02 0.79409E-02 0.22640E+00 0.22658E+00 0.00000E+00 0.00000E+00 -.15865E+00      8269859   6/0.83710E+01
 0.31810E+00 0.74980E+01 0.83600E+00 0.24989E+00 0.62473E-02 0.63710E-02 0.25517E+00 0.25537E+00 0.00000E+00 0.00000E+00 -.87774E+00      8269859   6/0.74980E+01
 0.28580E+00 0.68490E+01 0.85000E+00 0.26289E+00 0.11567E-01 0.11662E-01 0.27362E+00 0.27385E+00 0.00000E+00 0.00000E+00 -.94762E+00      8269859   5/0.68490E+01
 0.24910E+00 0.60880E+01 0.86700E+00 0.25001E+00 0.15001E-01 0.15086E-01 0.29156E+00 0.29181E+00 0.00000E+00 0.00000E+00 -.27866E+01      8269859   4/0.60880E+01
 0.21390E+00 0.53270E+01 0.88400E+00 0.30248E+00 0.10889E-01 0.11105E-01 0.30425E+00 0.30452E+00 0.00000E+00 0.00000E+00 -.18731E+00      8269859   4/0.53270E+01
 0.85380E+00 0.20078E+02 0.69500E+00 0.44763E-02 0.54163E-03 0.55479E-03 0.44547E-02 0.44731E-02 0.00000E+00 0.00000E+00 0.57811E-02      8269859  11/0.20078E+02
 0.79900E+00 0.19165E+02 0.70900E+00 0.11019E-01 0.11129E-02 0.11322E-02 0.10240E-01 0.10268E-01 0.00000E+00 0.00000E+00 0.67495E+00      8269859  10/0.19165E+02
 0.74630E+00 0.18251E+02 0.72300E+00 0.20422E-01 0.14091E-02 0.14420E-02 0.19387E-01 0.19425E-01 0.00000E+00 0.00000E+00 0.70709E+00      8269859  10/0.18251E+02
 0.67180E+00 0.16896E+02 0.74300E+00 0.39838E-01 0.15138E-02 0.15805E-02 0.40052E-01 0.40111E-01 0.00000E+00 0.00000E+00 -.18083E+00      8269859   9/0.16896E+02
 0.59940E+00 0.15504E+02 0.76500E+00 0.75130E-01 0.32306E-02 0.33040E-02 0.70325E-01 0.70406E-01 0.00000E+00 0.00000E+00 0.14622E+01      8269859   8/0.15504E+02
 0.55400E+00 0.14591E+02 0.77800E+00 0.95140E-01 0.39007E-02 0.39606E-02 0.94525E-01 0.94620E-01 0.00000E+00 0.00000E+00 0.13329E+00      8269859   8/0.14591E+02
 0.51040E+00 0.13681E+02 0.79200E+00 0.11854E+00 0.52158E-02 0.52760E-02 0.12107E+00 0.12119E+00 0.00000E+00 0.00000E+00 -.50863E+00      8269859   8/0.13681E+02
 0.46780E+00 0.12761E+02 0.80600E+00 0.14946E+00 0.47828E-02 0.48500E-02 0.14931E+00 0.14944E+00 0.00000E+00 0.00000E+00 0.40472E-02      8269859   7/0.12761E+02
 0.42770E+00 0.11862E+02 0.82000E+00 0.18688E+00 0.59801E-02 0.60556E-02 0.17714E+00 0.17730E+00 0.00000E+00 0.00000E+00 0.16022E+01      8269859   7/0.11862E+02
 0.38860E+00 0.10960E+02 0.83400E+00 0.21630E+00 0.84357E-02 0.85047E-02 0.20455E+00 0.20474E+00 0.00000E+00 0.00000E+00 0.13708E+01      8269859   6/0.10960E+02
 0.34940E+00 0.10021E+02 0.84800E+00 0.22992E+00 0.94265E-02 0.94741E-02 0.23151E+00 0.23169E+00 0.00000E+00 0.00000E+00 -.18794E+00      8269859   6/0.10021E+02
 0.31340E+00 0.91330E+01 0.86100E+00 0.24049E+00 0.10822E-01 0.10888E-01 0.25480E+00 0.25501E+00 0.00000E+00 0.00000E+00 -.13421E+01      8269859   6/0.91330E+01
 0.27760E+00 0.82200E+01 0.87500E+00 0.26620E+00 0.14641E-01 0.14718E-01 0.27592E+00 0.27614E+00 0.00000E+00 0.00000E+00 -.67893E+00      8269859   5/0.82200E+01
 0.24290E+00 0.73060E+01 0.88900E+00 0.25523E+00 0.19652E-01 0.19720E-01 0.29359E+00 0.29384E+00 0.00000E+00 0.00000E+00 -.19649E+01      8269859   4/0.73060E+01
 0.54670E+00 0.27720E+01 0.60000E+00 0.15003E+00 0.45008E-02 0.46508E-02 0.15170E+00 0.15186E+00 0.00000E+00 0.00000E+00 -.40799E+00      8269859   8/0.27720E+01
 0.66960E+00 0.44710E+01 0.61300E+00 0.75941E-01 0.24301E-02 0.25061E-02 0.72764E-01 0.72864E-01 0.00000E+00 0.00000E+00 0.12662E+01      8269859   9/0.44710E+01
 0.55610E+00 0.39740E+01 0.65600E+00 0.12789E+00 0.38368E-02 0.39419E-02 0.13214E+00 0.13227E+00 0.00000E+00 0.00000E+00 -.11420E+01      8269859   8/0.39740E+01
 0.45660E+00 0.34770E+01 0.69900E+00 0.19048E+00 0.55239E-02 0.57207E-02 0.19352E+00 0.19372E+00 0.00000E+00 0.00000E+00 -.58718E+00      8269859   7/0.34770E+01
 0.36870E+00 0.29800E+01 0.74200E+00 0.24575E+00 0.71269E-02 0.73972E-02 0.24267E+00 0.24289E+00 0.00000E+00 0.00000E+00 0.40197E+00      8269859   6/0.29800E+01
 0.76840E+00 0.74430E+01 0.65200E+00 0.27570E-01 0.15715E-02 0.16062E-02 0.26503E-01 0.26562E-01 0.00000E+00 0.00000E+00 0.64128E+00      8269859  10/0.74430E+01
 0.66630E+00 0.67670E+01 0.68400E+00 0.60402E-01 0.24161E-02 0.24706E-02 0.60774E-01 0.60868E-01 0.00000E+00 0.00000E+00 -.19271E+00      8269859   9/0.67670E+01
 0.57320E+00 0.60900E+01 0.71600E+00 0.10877E+00 0.34806E-02 0.35679E-02 0.10769E+00 0.10782E+00 0.00000E+00 0.00000E+00 0.27334E+00      8269859   8/0.60900E+01
 0.48800E+00 0.54130E+01 0.74700E+00 0.15974E+00 0.52714E-02 0.53910E-02 0.16077E+00 0.16094E+00 0.00000E+00 0.00000E+00 -.22708E+00      8269859   7/0.54130E+01
 0.40990E+00 0.47390E+01 0.77900E+00 0.21144E+00 0.61319E-02 0.63186E-02 0.21078E+00 0.21096E+00 0.00000E+00 0.00000E+00 0.78558E-01      8269859   7/0.47390E+01
 0.33190E+00 0.40060E+01 0.81300E+00 0.26041E+00 0.83330E-02 0.85934E-02 0.25434E+00 0.25457E+00 0.00000E+00 0.00000E+00 0.70012E+00      8269859   6/0.40060E+01
 0.78080E+00 0.10277E+02 0.70000E+00 0.19066E-01 0.24214E-02 0.24341E-02 0.18799E-01 0.18844E-01 0.00000E+00 0.00000E+00 0.91674E-01      8269859  10/0.10277E+02
 0.69110E+00 0.94210E+01 0.72500E+00 0.39502E-01 0.35157E-02 0.35338E-02 0.43804E-01 0.43877E-01 0.00000E+00 0.00000E+00 -.12444E+01      8269859   9/0.94210E+01
 0.60740E+00 0.85640E+01 0.75000E+00 0.74260E-01 0.52725E-02 0.53027E-02 0.80130E-01 0.80239E-01 0.00000E+00 0.00000E+00 -.11340E+01      8269859   9/0.85640E+01
 0.52910E+00 0.77080E+01 0.77500E+00 0.13037E+00 0.66487E-02 0.67148E-02 0.12524E+00 0.12539E+00 0.00000E+00 0.00000E+00 0.74903E+00      8269859   8/0.77080E+01
 0.45560E+00 0.68520E+01 0.80000E+00 0.17863E+00 0.80385E-02 0.81372E-02 0.17329E+00 0.17347E+00 0.00000E+00 0.00000E+00 0.64263E+00      8269859   7/0.68520E+01
 0.38660E+00 0.59950E+01 0.82500E+00 0.22467E+00 0.94361E-02 0.95742E-02 0.21826E+00 0.21845E+00 0.00000E+00 0.00000E+00 0.65951E+00      8269859   6/0.59950E+01
 0.32160E+00 0.51390E+01 0.85000E+00 0.27689E+00 0.10522E-01 0.10756E-01 0.25595E+00 0.25618E+00 0.00000E+00 0.00000E+00 0.19686E+01      8269859   6/0.51390E+01
 0.80030E+00 0.13918E+02 0.74000E+00 0.86181E-02 0.17840E-02 0.17887E-02 0.12301E-01 0.12335E-01 0.00000E+00 0.00000E+00 -.20833E+01      8269859  11/0.13918E+02
 0.71930E+00 0.12847E+02 0.76000E+00 0.30011E-01 0.30011E-02 0.30161E-02 0.29770E-01 0.29825E-01 0.00000E+00 0.00000E+00 0.61953E-01      8269859  10/0.12847E+02
 0.64250E+00 0.11777E+02 0.78000E+00 0.56751E-01 0.37456E-02 0.37734E-02 0.57064E-01 0.57149E-01 0.00000E+00 0.00000E+00 -.10613E+00      8269859   9/0.11777E+02
 0.56950E+00 0.10706E+02 0.80000E+00 0.93507E-01 0.57039E-02 0.57383E-02 0.93563E-01 0.93673E-01 0.00000E+00 0.00000E+00 -.29198E-01      8269859   8/0.10706E+02
 0.50010E+00 0.96350E+01 0.82000E+00 0.14627E+00 0.68745E-02 0.69380E-02 0.13648E+00 0.13662E+00 0.00000E+00 0.00000E+00 0.14036E+01      8269859   8/0.96350E+01
 0.43390E+00 0.85650E+01 0.84000E+00 0.16297E+00 0.74968E-02 0.75848E-02 0.18066E+00 0.18084E+00 0.00000E+00 0.00000E+00 -.23837E+01      8269859   7/0.85650E+01
 0.37090E+00 0.74940E+01 0.86000E+00 0.23957E+00 0.10780E-01 0.10918E-01 0.22253E+00 0.22272E+00 0.00000E+00 0.00000E+00 0.15624E+01      8269859   6/0.74940E+01
 0.75620E+00 0.16691E+02 0.78400E+00 0.20389E-01 0.23855E-02 0.23981E-02 0.18144E-01 0.18183E-01 0.00000E+00 0.00000E+00 0.92470E+00      8269859  10/0.16691E+02
 0.68350E+00 0.15407E+02 0.80000E+00 0.38786E-01 0.29865E-02 0.30069E-02 0.37529E-01 0.37591E-01 0.00000E+00 0.00000E+00 0.40015E+00      8269859   9/0.15407E+02
 0.61380E+00 0.14123E+02 0.81700E+00 0.64093E-01 0.38456E-02 0.38722E-02 0.65633E-01 0.65719E-01 0.00000E+00 0.00000E+00 -.42280E+00      8269859   9/0.14123E+02
 0.54680E+00 0.12839E+02 0.83300E+00 0.10519E+00 0.67323E-02 0.67692E-02 0.10150E+00 0.10161E+00 0.00000E+00 0.00000E+00 0.53145E+00      8269859   8/0.12839E+02
 0.48250E+00 0.11555E+02 0.85000E+00 0.13171E+00 0.96147E-02 0.96516E-02 0.14231E+00 0.14245E+00 0.00000E+00 0.00000E+00 -.11176E+01      8269859   7/0.11555E+02
 0.42060E+00 0.10271E+02 0.86700E+00 0.16629E+00 0.12305E-01 0.12361E-01 0.18452E+00 0.18471E+00 0.00000E+00 0.00000E+00 -.14970E+01      8269859   7/0.10271E+02
     4301155
 SLAC 87                                                                         
Plot1@Experiment:SLAC-87 ep DIS@ExtraLabel:SLAC-87 @XTitle: Q^{2} @YTitle: d^{2}#sigma/dxdQ^{2} @Title:0.085<x<0.12
Plot2@Experiment:SLAC-87 ep DIS@ExtraLabel:SLAC-87 @XTitle: Q^{2} @YTitle: d^{2}#sigma/dxdQ^{2} @Title:0.12<x<0.16
Plot3@Experiment:SLAC-87 ep DIS@ExtraLabel:SLAC-87 @XTitle: Q^{2} @YTitle: d^{2}#sigma/dxdQ^{2} @Title:0.16<x<0.2
Plot4@Experiment:SLAC-87 ep DIS@ExtraLabel:SLAC-87 @XTitle: Q^{2} @YTitle: d^{2}#sigma/dxdQ^{2} @Title:0.2<x<0.25
Plot5@Experiment:SLAC-87 ep DIS@ExtraLabel:SLAC-87 @XTitle: Q^{2} @YTitle: d^{2}#sigma/dxdQ^{2} @Title:0.25<x<0.3
Plot6@Experiment:SLAC-87 ep DIS@ExtraLabel:SLAC-87 @XTitle: Q^{2} @YTitle: d^{2}#sigma/dxdQ^{2} @Title:0.3<x<0.4
Plot7@Experiment:SLAC-87 ep DIS@ExtraLabel:SLAC-87 @XTitle: Q^{2} @YTitle: d^{2}#sigma/dxdQ^{2} @Title:0.4<x<0.5
Plot8@Experiment:SLAC-87 ep DIS@ExtraLabel:SLAC-87 @XTitle: Q^{2} @YTitle: d^{2}#sigma/dxdQ^{2} @Title:0.5<x<0.6
Plot9@Experiment:SLAC-87 ep DIS@ExtraLabel:SLAC-87 @XTitle: Q^{2} @YTitle: d^{2}#sigma/dxdQ^{2} @Title:0.6<x<0.7
Plot10@Experiment:SLAC-87 ep DIS@ExtraLabel:SLAC-87 @XTitle: Q^{2} @YTitle: d^{2}#sigma/dxdQ^{2} @Title:0.7<x<0.8
Plot11@Experiment:SLAC-87 ep DIS@ExtraLabel:SLAC-87 @XTitle: Q^{2} @YTitle: d^{2}#sigma/dxdQ^{2} @Title:0.8<x<0.9
 x           Q2          y              data      +- uncor     +- tot     th orig         th mod   therr+         therr-     pull    iset       iplot
 0.74730E+00 0.11771E+02 0.46600E+00 0.25662E-01 0.97515E-03 0.10584E-02 0.24509E-01 0.24677E-01 0.00000E+00 0.00000E+00 0.10100E+01      4301155  10/0.11771E+02
 0.70370E+00 0.11440E+02 0.48100E+00 0.36255E-01 0.83386E-03 0.95853E-03 0.36476E-01 0.36681E-01 0.00000E+00 0.00000E+00 -.51120E+00      4301155  10/0.11440E+02
 0.64740E+00 0.10981E+02 0.50200E+00 0.58319E-01 0.87479E-03 0.10530E-02 0.56604E-01 0.56852E-01 0.00000E+00 0.00000E+00 0.16776E+01      4301155   9/0.10981E+02
 0.60400E+00 0.10599E+02 0.51900E+00 0.77258E-01 0.10044E-02 0.11793E-02 0.76065E-01 0.76317E-01 0.00000E+00 0.00000E+00 0.93713E+00      4301155   9/0.10599E+02
 0.55290E+00 0.10113E+02 0.54100E+00 0.10412E+00 0.19782E-02 0.21082E-02 0.10352E+00 0.10382E+00 0.00000E+00 0.00000E+00 0.15122E+00      4301155   8/0.10113E+02
 0.49810E+00 0.95450E+01 0.56700E+00 0.13622E+00 0.27244E-02 0.28444E-02 0.13791E+00 0.13825E+00 0.00000E+00 0.00000E+00 -.74554E+00      4301155   7/0.95450E+01
 0.44990E+00 0.89970E+01 0.59200E+00 0.17650E+00 0.35300E-02 0.36387E-02 0.17079E+00 0.17115E+00 0.00000E+00 0.00000E+00 0.15168E+01      4301155   7/0.89970E+01
 0.40630E+00 0.84610E+01 0.61600E+00 0.20498E+00 0.43045E-02 0.44248E-02 0.20185E+00 0.20227E+00 0.00000E+00 0.00000E+00 0.62864E+00      4301155   7/0.84610E+01
 0.36850E+00 0.79570E+01 0.63900E+00 0.23098E+00 0.48506E-02 0.49862E-02 0.22855E+00 0.22903E+00 0.00000E+00 0.00000E+00 0.40307E+00      4301155   6/0.79570E+01
 0.33450E+00 0.74720E+01 0.66100E+00 0.24933E+00 0.42385E-02 0.43543E-02 0.25156E+00 0.25197E+00 0.00000E+00 0.00000E+00 -.62433E+00      4301155   6/0.74720E+01
 0.31290E+00 0.71460E+01 0.67600E+00 0.26092E+00 0.65231E-02 0.66060E-02 0.26534E+00 0.26577E+00 0.00000E+00 0.00000E+00 -.74380E+00      4301155   6/0.71460E+01
 0.78440E+00 0.90460E+01 0.41000E+00 0.21256E-01 0.46763E-03 0.64682E-03 0.20169E-01 0.20349E-01 0.00000E+00 0.00000E+00 0.19391E+01      4301155  10/0.90460E+01
 0.73790E+00 0.88190E+01 0.42400E+00 0.30935E-01 0.58776E-03 0.76841E-03 0.31495E-01 0.31704E-01 0.00000E+00 0.00000E+00 -.13079E+01      4301155  10/0.88190E+01
 0.68390E+00 0.85330E+01 0.44300E+00 0.48633E-01 0.10213E-02 0.11763E-02 0.48676E-01 0.48918E-01 0.00000E+00 0.00000E+00 -.27898E+00      4301155   9/0.85330E+01
 0.62820E+00 0.82100E+01 0.46400E+00 0.70918E-01 0.16311E-02 0.17516E-02 0.71345E-01 0.71611E-01 0.00000E+00 0.00000E+00 -.42494E+00      4301155   9/0.82100E+01
 0.57330E+00 0.78610E+01 0.48700E+00 0.10098E+00 0.20196E-02 0.21398E-02 0.99022E-01 0.99309E-01 0.00000E+00 0.00000E+00 0.82830E+00      4301155   8/0.78610E+01
 0.52840E+00 0.75480E+01 0.50700E+00 0.12349E+00 0.20994E-02 0.22263E-02 0.12547E+00 0.12578E+00 0.00000E+00 0.00000E+00 -.10908E+01      4301155   8/0.75480E+01
 0.47620E+00 0.71510E+01 0.53300E+00 0.16073E+00 0.28931E-02 0.30027E-02 0.15975E+00 0.16008E+00 0.00000E+00 0.00000E+00 0.22315E+00      4301155   7/0.71510E+01
 0.42780E+00 0.67430E+01 0.56000E+00 0.18968E+00 0.32246E-02 0.33612E-02 0.19356E+00 0.19396E+00 0.00000E+00 0.00000E+00 -.13272E+01      4301155   7/0.67430E+01
 0.38270E+00 0.63270E+01 0.58700E+00 0.21610E+00 0.36736E-02 0.38292E-02 0.22518E+00 0.22564E+00 0.00000E+00 0.00000E+00 -.25989E+01      4301155   6/0.63270E+01
 0.35210E+00 0.60190E+01 0.60700E+00 0.24180E+00 0.62868E-02 0.63607E-02 0.24583E+00 0.24624E+00 0.00000E+00 0.00000E+00 -.70596E+00      4301155   6/0.60190E+01
 0.72840E+00 0.65520E+01 0.38400E+00 0.41772E-01 0.96076E-03 0.11470E-02 0.40551E-01 0.40803E-01 0.00000E+00 0.00000E+00 0.10085E+01      4301155  10/0.65520E+01
 0.67900E+00 0.63750E+01 0.40000E+00 0.55905E-01 0.11181E-02 0.12760E-02 0.57837E-01 0.58101E-01 0.00000E+00 0.00000E+00 -.19641E+01      4301155   9/0.63750E+01
 0.62570E+00 0.61650E+01 0.42000E+00 0.83600E-01 0.18392E-02 0.19871E-02 0.80534E-01 0.80835E-01 0.00000E+00 0.00000E+00 0.15034E+01      4301155   9/0.61650E+01
 0.56850E+00 0.59140E+01 0.44400E+00 0.11335E+00 0.24937E-02 0.26168E-02 0.11003E+00 0.11034E+00 0.00000E+00 0.00000E+00 0.12045E+01      4301155   8/0.59140E+01
 0.51370E+00 0.56470E+01 0.46900E+00 0.14246E+00 0.29916E-02 0.31114E-02 0.14306E+00 0.14341E+00 0.00000E+00 0.00000E+00 -.31924E+00      4301155   8/0.56470E+01
 0.46040E+00 0.53560E+01 0.49600E+00 0.17689E+00 0.37146E-02 0.38185E-02 0.17865E+00 0.17902E+00 0.00000E+00 0.00000E+00 -.57266E+00      4301155   7/0.53560E+01
 0.41610E+00 0.50880E+01 0.52100E+00 0.21348E+00 0.53370E-02 0.54427E-02 0.20935E+00 0.20978E+00 0.00000E+00 0.00000E+00 0.69269E+00      4301155   7/0.50880E+01
 0.38420E+00 0.48770E+01 0.54100E+00 0.22816E+00 0.22816E-01 0.22845E-01 0.23117E+00 0.23165E+00 0.00000E+00 0.00000E+00 -.15283E+00      4301155   6/0.48770E+01
 0.64440E+00 0.43540E+01 0.36000E+00 0.82959E-01 0.13273E-02 0.15229E-02 0.84194E-01 0.84508E-01 0.00000E+00 0.00000E+00 -.11665E+01      4301155   9/0.43540E+01
 0.59570E+00 0.42300E+01 0.37800E+00 0.10692E+00 0.14969E-02 0.16735E-02 0.10757E+00 0.10789E+00 0.00000E+00 0.00000E+00 -.64653E+00      4301155   8/0.42300E+01
 0.54330E+00 0.40810E+01 0.40000E+00 0.13655E+00 0.17752E-02 0.19551E-02 0.13653E+00 0.13687E+00 0.00000E+00 0.00000E+00 -.17966E+00      4301155   8/0.40810E+01
 0.50470E+00 0.39600E+01 0.41800E+00 0.15630E+00 0.40637E-02 0.41382E-02 0.16022E+00 0.16055E+00 0.00000E+00 0.00000E+00 -.10474E+01      4301155   8/0.39600E+01
 0.86860E+00 0.18648E+02 0.57200E+00 0.37641E-02 0.12798E-03 0.17575E-03 0.36535E-02 0.37020E-02 0.00000E+00 0.00000E+00 0.48562E+00      4301155  11/0.18648E+02
 0.82350E+00 0.18081E+02 0.58500E+00 0.79590E-02 0.20693E-03 0.27107E-03 0.77023E-02 0.77725E-02 0.00000E+00 0.00000E+00 0.90146E+00      4301155  11/0.18081E+02
 0.77030E+00 0.17380E+02 0.60100E+00 0.14896E-01 0.37239E-03 0.44212E-03 0.15446E-01 0.15549E-01 0.00000E+00 0.00000E+00 -.17536E+01      4301155  10/0.17380E+02
 0.71980E+00 0.16676E+02 0.61700E+00 0.26903E-01 0.61876E-03 0.69792E-03 0.26511E-01 0.26643E-01 0.00000E+00 0.00000E+00 0.42015E+00      4301155  10/0.16676E+02
 0.66850E+00 0.15922E+02 0.63500E+00 0.42928E-01 0.94441E-03 0.10374E-02 0.42146E-01 0.42321E-01 0.00000E+00 0.00000E+00 0.64270E+00      4301155   9/0.15922E+02
 0.61680E+00 0.15118E+02 0.65300E+00 0.65314E-01 0.13716E-02 0.14677E-02 0.62936E-01 0.63144E-01 0.00000E+00 0.00000E+00 0.15817E+01      4301155   9/0.15118E+02
 0.56450E+00 0.14256E+02 0.67300E+00 0.91618E-01 0.19240E-02 0.20281E-02 0.89292E-01 0.89551E-01 0.00000E+00 0.00000E+00 0.10746E+01      4301155   8/0.14256E+02
 0.51640E+00 0.13415E+02 0.69200E+00 0.11842E+00 0.24867E-02 0.25862E-02 0.11790E+00 0.11820E+00 0.00000E+00 0.00000E+00 0.88465E-01      4301155   8/0.13415E+02
 0.47140E+00 0.12583E+02 0.71100E+00 0.15031E+00 0.33068E-02 0.33911E-02 0.14766E+00 0.14796E+00 0.00000E+00 0.00000E+00 0.70969E+00      4301155   7/0.12583E+02
 0.43650E+00 0.11905E+02 0.72700E+00 0.16719E+00 0.45141E-02 0.45908E-02 0.17203E+00 0.17238E+00 0.00000E+00 0.00000E+00 -.11510E+01      4301155   7/0.11905E+02
 0.41180E+00 0.11409E+02 0.73800E+00 0.21594E+00 0.21162E-01 0.21190E-01 0.18961E+00 0.19001E+00 0.00000E+00 0.00000E+00 0.12256E+01      4301155   7/0.11409E+02
 0.85540E+00 0.15910E+02 0.55000E+00 0.54831E-02 0.16449E-03 0.22878E-03 0.52365E-02 0.52995E-02 0.00000E+00 0.00000E+00 0.11162E+01      4301155  11/0.15910E+02
 0.80920E+00 0.15425E+02 0.56400E+00 0.10396E-01 0.25990E-03 0.33943E-03 0.10422E-01 0.10512E-01 0.00000E+00 0.00000E+00 -.44654E+00      4301155  11/0.15425E+02
 0.75290E+00 0.14801E+02 0.58100E+00 0.20074E-01 0.48178E-03 0.56814E-03 0.20338E-01 0.20464E-01 0.00000E+00 0.00000E+00 -.80914E+00      4301155  10/0.14801E+02
 0.70200E+00 0.14202E+02 0.59800E+00 0.33039E-01 0.72686E-03 0.81265E-03 0.33428E-01 0.33581E-01 0.00000E+00 0.00000E+00 -.74543E+00      4301155  10/0.14202E+02
 0.65060E+00 0.13561E+02 0.61600E+00 0.50734E-01 0.11162E-02 0.12059E-02 0.51239E-01 0.51431E-01 0.00000E+00 0.00000E+00 -.62367E+00      4301155   9/0.13561E+02
 0.59890E+00 0.12876E+02 0.63600E+00 0.72522E-01 0.15230E-02 0.16297E-02 0.74242E-01 0.74489E-01 0.00000E+00 0.00000E+00 -.12913E+01      4301155   8/0.12876E+02
 0.54740E+00 0.12150E+02 0.65600E+00 0.10319E+00 0.20638E-02 0.21546E-02 0.10220E+00 0.10246E+00 0.00000E+00 0.00000E+00 0.35476E+00      4301155   8/0.12150E+02
 0.48980E+00 0.11278E+02 0.68100E+00 0.13863E+00 0.22181E-02 0.23239E-02 0.13859E+00 0.13888E+00 0.00000E+00 0.00000E+00 -.11129E+00      4301155   7/0.11278E+02
 0.45700E+00 0.10752E+02 0.69600E+00 0.15964E+00 0.19156E-02 0.20753E-02 0.16102E+00 0.16136E+00 0.00000E+00 0.00000E+00 -.89807E+00      4301155   7/0.10752E+02
 0.43230E+00 0.10342E+02 0.70800E+00 0.17969E+00 0.57499E-02 0.58197E-02 0.17837E+00 0.17874E+00 0.00000E+00 0.00000E+00 0.16376E+00      4301155   7/0.10342E+02
 0.81950E+00 0.11887E+02 0.51500E+00 0.10493E-01 0.37776E-03 0.44272E-03 0.11049E-01 0.11150E-01 0.00000E+00 0.00000E+00 -.17374E+01      4301155  11/0.11887E+02
 0.77420E+00 0.11539E+02 0.52900E+00 0.18831E-01 0.48960E-03 0.58497E-03 0.18919E-01 0.19053E-01 0.00000E+00 0.00000E+00 -.45303E+00      4301155  10/0.11539E+02
 0.72320E+00 0.11124E+02 0.54600E+00 0.31757E-01 0.79393E-03 0.89486E-03 0.31302E-01 0.31471E-01 0.00000E+00 0.00000E+00 0.36101E+00      4301155  10/0.11124E+02
 0.66960E+00 0.10658E+02 0.56500E+00 0.47889E-01 0.11014E-02 0.12010E-02 0.48869E-01 0.49071E-01 0.00000E+00 0.00000E+00 -.10737E+01      4301155   9/0.10658E+02
 0.61680E+00 0.10166E+02 0.58500E+00 0.71861E-01 0.15091E-02 0.16149E-02 0.71244E-01 0.71480E-01 0.00000E+00 0.00000E+00 0.25223E+00      4301155   9/0.10166E+02
 0.56600E+00 0.96580E+01 0.60600E+00 0.98530E-01 0.19706E-02 0.20878E-02 0.97809E-01 0.98093E-01 0.00000E+00 0.00000E+00 0.22190E+00      4301155   8/0.96580E+01
 0.51520E+00 0.91140E+01 0.62800E+00 0.13180E+00 0.27679E-02 0.28786E-02 0.12845E+00 0.12876E+00 0.00000E+00 0.00000E+00 0.10981E+01      4301155   8/0.91140E+01
 0.47870E+00 0.86970E+01 0.64500E+00 0.14409E+00 0.76369E-02 0.76708E-02 0.15254E+00 0.15286E+00 0.00000E+00 0.00000E+00 -.11478E+01      4301155   7/0.86970E+01
 0.77860E+00 0.88070E+01 0.48200E+00 0.21993E-01 0.52784E-03 0.64685E-03 0.21688E-01 0.21841E-01 0.00000E+00 0.00000E+00 0.28878E+00      4301155  10/0.88070E+01
 0.72660E+00 0.85130E+01 0.50000E+00 0.36254E-01 0.72508E-03 0.86479E-03 0.35180E-01 0.35369E-01 0.00000E+00 0.00000E+00 0.12204E+01      4301155  10/0.85130E+01
 0.67350E+00 0.81910E+01 0.51900E+00 0.54850E-01 0.10421E-02 0.11777E-02 0.53259E-01 0.53480E-01 0.00000E+00 0.00000E+00 0.13144E+01      4301155   9/0.81910E+01
 0.62090E+00 0.78460E+01 0.53900E+00 0.78386E-01 0.14109E-02 0.15440E-02 0.75855E-01 0.76107E-01 0.00000E+00 0.00000E+00 0.16152E+01      4301155   9/0.78460E+01
 0.57250E+00 0.75050E+01 0.55900E+00 0.10167E+00 0.24402E-02 0.25419E-02 0.10095E+00 0.10124E+00 0.00000E+00 0.00000E+00 0.17732E+00      4301155   8/0.75050E+01
 0.53430E+00 0.72160E+01 0.57600E+00 0.13156E+00 0.81564E-02 0.81945E-02 0.12349E+00 0.12380E+00 0.00000E+00 0.00000E+00 0.95104E+00      4301155   8/0.72160E+01
 0.87620E+00 0.20416E+02 0.68900E+00 0.30438E-02 0.12479E-03 0.15286E-03 0.29502E-02 0.29857E-02 0.00000E+00 0.00000E+00 0.46529E+00      4301155  11/0.20416E+02
 0.83280E+00 0.19709E+02 0.70000E+00 0.62948E-02 0.19514E-03 0.23223E-03 0.62934E-02 0.63455E-02 0.00000E+00 0.00000E+00 -.25978E+00      4301155  11/0.19709E+02
 0.77970E+00 0.18813E+02 0.71400E+00 0.13413E-01 0.37556E-03 0.42605E-03 0.13140E-01 0.13221E-01 0.00000E+00 0.00000E+00 0.50944E+00      4301155  10/0.18813E+02
 0.73210E+00 0.17978E+02 0.72600E+00 0.22506E-01 0.65269E-03 0.70636E-03 0.22586E-01 0.22698E-01 0.00000E+00 0.00000E+00 -.29386E+00      4301155  10/0.17978E+02
 0.67490E+00 0.16935E+02 0.74200E+00 0.37778E-01 0.10200E-02 0.10752E-02 0.39004E-01 0.39149E-01 0.00000E+00 0.00000E+00 -.13439E+01      4301155   9/0.16935E+02
 0.61930E+00 0.15878E+02 0.75800E+00 0.61958E-01 0.14870E-02 0.15674E-02 0.60980E-01 0.61182E-01 0.00000E+00 0.00000E+00 0.52190E+00      4301155   9/0.15878E+02
 0.56660E+00 0.14832E+02 0.77400E+00 0.88195E-01 0.23813E-02 0.24394E-02 0.87451E-01 0.87669E-01 0.00000E+00 0.00000E+00 0.22117E+00      4301155   8/0.14832E+02
 0.52300E+00 0.13932E+02 0.78800E+00 0.10968E+00 0.29615E-02 0.30337E-02 0.11313E+00 0.11342E+00 0.00000E+00 0.00000E+00 -.12601E+01      4301155   8/0.13932E+02
 0.48130E+00 0.13042E+02 0.80100E+00 0.14337E+00 0.40142E-02 0.40803E-02 0.14020E+00 0.14046E+00 0.00000E+00 0.00000E+00 0.72482E+00      4301155   7/0.13042E+02
 0.46020E+00 0.12579E+02 0.80800E+00 0.14926E+00 0.85080E-02 0.85420E-02 0.15455E+00 0.15484E+00 0.00000E+00 0.00000E+00 -.65508E+00      4301155   7/0.12579E+02
 0.85160E+00 0.15709E+02 0.65500E+00 0.57475E-02 0.18392E-03 0.22990E-03 0.56180E-02 0.56739E-02 0.00000E+00 0.00000E+00 0.40016E+00      4301155  11/0.15709E+02
 0.80260E+00 0.15105E+02 0.66800E+00 0.11658E-01 0.27979E-03 0.34288E-03 0.11401E-01 0.11481E-01 0.00000E+00 0.00000E+00 0.63180E+00      4301155  11/0.15105E+02
 0.75230E+00 0.14458E+02 0.68300E+00 0.19898E-01 0.45766E-03 0.52571E-03 0.20564E-01 0.20675E-01 0.00000E+00 0.00000E+00 -.16974E+01      4301155  10/0.14458E+02
 0.69600E+00 0.13703E+02 0.69900E+00 0.36064E-01 0.90160E-03 0.97106E-03 0.35574E-01 0.35721E-01 0.00000E+00 0.00000E+00 0.38059E+00      4301155   9/0.13703E+02
 0.64150E+00 0.12935E+02 0.71600E+00 0.55031E-01 0.12657E-02 0.13401E-02 0.55622E-01 0.55807E-01 0.00000E+00 0.00000E+00 -.61256E+00      4301155   9/0.12935E+02
 0.58740E+00 0.12133E+02 0.73400E+00 0.80612E-01 0.17735E-02 0.18611E-02 0.81239E-01 0.81474E-01 0.00000E+00 0.00000E+00 -.48606E+00      4301155   8/0.12133E+02
 0.53860E+00 0.11377E+02 0.75000E+00 0.10921E+00 0.26211E-02 0.27039E-02 0.10895E+00 0.10919E+00 0.00000E+00 0.00000E+00 0.73019E-02      4301155   8/0.11377E+02
 0.49560E+00 0.10682E+02 0.76500E+00 0.13957E+00 0.44662E-02 0.45225E-02 0.13628E+00 0.13654E+00 0.00000E+00 0.00000E+00 0.67907E+00      4301155   7/0.10682E+02
 0.81080E+00 0.11074E+02 0.61200E+00 0.12586E-01 0.41533E-03 0.47310E-03 0.12898E-01 0.12994E-01 0.00000E+00 0.00000E+00 -.98335E+00      4301155  11/0.11074E+02
 0.76970E+00 0.10723E+02 0.62500E+00 0.20863E-01 0.68848E-03 0.74787E-03 0.20606E-01 0.20726E-01 0.00000E+00 0.00000E+00 0.19945E+00      4301155  10/0.10723E+02
 0.71200E+00 0.10206E+02 0.64300E+00 0.36832E-01 0.99447E-03 0.10605E-02 0.35757E-01 0.35905E-01 0.00000E+00 0.00000E+00 0.93210E+00      4301155  10/0.10206E+02
 0.64900E+00 0.96070E+01 0.66400E+00 0.57758E-01 0.13862E-02 0.14612E-02 0.58996E-01 0.59192E-01 0.00000E+00 0.00000E+00 -.10340E+01      4301155   9/0.96070E+01
 0.59000E+00 0.90090E+01 0.68500E+00 0.85445E-01 0.21361E-02 0.22199E-02 0.87172E-01 0.87405E-01 0.00000E+00 0.00000E+00 -.91743E+00      4301155   8/0.90090E+01
 0.53440E+00 0.84100E+01 0.70600E+00 0.11762E+00 0.30582E-02 0.31407E-02 0.11936E+00 0.11963E+00 0.00000E+00 0.00000E+00 -.65820E+00      4301155   8/0.84100E+01
 0.73520E+00 0.67290E+01 0.56100E+00 0.38200E-01 0.76401E-03 0.87194E-03 0.37588E-01 0.37759E-01 0.00000E+00 0.00000E+00 0.57753E+00      4301155  10/0.67290E+01
 0.68630E+00 0.64700E+01 0.57700E+00 0.55031E-01 0.12657E-02 0.13603E-02 0.54567E-01 0.54758E-01 0.00000E+00 0.00000E+00 0.21525E+00      4301155   9/0.64700E+01
 0.63670E+00 0.61920E+01 0.59600E+00 0.74570E-01 0.19388E-02 0.20092E-02 0.75728E-01 0.75930E-01 0.00000E+00 0.00000E+00 -.70158E+00      4301155   9/0.61920E+01
 0.59940E+00 0.59700E+01 0.61000E+00 0.84541E-01 0.10399E-01 0.10416E-01 0.94360E-01 0.94613E-01 0.00000E+00 0.00000E+00 -.96853E+00      4301155   8/0.59700E+01
 0.83140E+00 0.17948E+02 0.76700E+00 0.69005E-02 0.39333E-03 0.41253E-03 0.68334E-02 0.68828E-02 0.00000E+00 0.00000E+00 0.44930E-01      4301155  11/0.17948E+02
 0.75560E+00 0.16666E+02 0.78300E+00 0.18134E-01 0.65283E-03 0.68839E-03 0.18277E-01 0.18363E-01 0.00000E+00 0.00000E+00 -.35081E+00      4301155  10/0.16666E+02
 0.68290E+00 0.15384E+02 0.80000E+00 0.37434E-01 0.11979E-02 0.12449E-02 0.37741E-01 0.37874E-01 0.00000E+00 0.00000E+00 -.36741E+00      4301155   9/0.15384E+02
 0.61320E+00 0.14102E+02 0.81700E+00 0.65971E-01 0.19791E-02 0.20334E-02 0.65930E-01 0.66107E-01 0.00000E+00 0.00000E+00 -.68534E-01      4301155   9/0.14102E+02
 0.54640E+00 0.12820E+02 0.83300E+00 0.10392E+00 0.31177E-02 0.31812E-02 0.10175E+00 0.10198E+00 0.00000E+00 0.00000E+00 0.62247E+00      4301155   8/0.12820E+02
 0.79990E+00 0.13883E+02 0.74000E+00 0.12985E-01 0.46746E-03 0.50658E-03 0.12381E-01 0.12455E-01 0.00000E+00 0.00000E+00 0.11336E+01      4301155  10/0.13883E+02
 0.71890E+00 0.12815E+02 0.76000E+00 0.30146E-01 0.87424E-03 0.92525E-03 0.29913E-01 0.30031E-01 0.00000E+00 0.00000E+00 0.13220E+00      4301155  10/0.12815E+02
 0.64210E+00 0.11747E+02 0.78000E+00 0.58904E-01 0.17082E-02 0.17730E-02 0.57278E-01 0.57455E-01 0.00000E+00 0.00000E+00 0.84830E+00      4301155   9/0.11747E+02
 0.56920E+00 0.10679E+02 0.80000E+00 0.92150E-01 0.27645E-02 0.28208E-02 0.93786E-01 0.93999E-01 0.00000E+00 0.00000E+00 -.66870E+00      4301155   8/0.10679E+02
 0.78060E+00 0.10252E+02 0.70000E+00 0.19151E-01 0.65113E-03 0.69736E-03 0.18869E-01 0.18966E-01 0.00000E+00 0.00000E+00 0.28330E+00      4301155  10/0.10252E+02
 0.69090E+00 0.93980E+01 0.72500E+00 0.42195E-01 0.12658E-02 0.13223E-02 0.43918E-01 0.44072E-01 0.00000E+00 0.00000E+00 -.14833E+01      4301155   9/0.93980E+01
 0.60710E+00 0.85430E+01 0.75000E+00 0.86069E-01 0.24960E-02 0.25691E-02 0.80340E-01 0.80555E-01 0.00000E+00 0.00000E+00 0.22091E+01      4301155   9/0.85430E+01
 0.52880E+00 0.76890E+01 0.77500E+00 0.11904E+00 0.46426E-02 0.46987E-02 0.12549E+00 0.12577E+00 0.00000E+00 0.00000E+00 -.14497E+01      4301155   8/0.76890E+01
     9387943
 SLAC 89b                                                                        
Plot1@Experiment:SLAC-89b ep DIS@ExtraLabel:SLAC-89b @XTitle: Q^{2} @YTitle: d^{2}#sigma/dxdQ^{2} @Title:0.085<x<0.12
Plot2@Experiment:SLAC-89b ep DIS@ExtraLabel:SLAC-89b @XTitle: Q^{2} @YTitle: d^{2}#sigma/dxdQ^{2} @Title:0.12<x<0.16
Plot3@Experiment:SLAC-89b ep DIS@ExtraLabel:SLAC-89b @XTitle: Q^{2} @YTitle: d^{2}#sigma/dxdQ^{2} @Title:0.16<x<0.2
Plot4@Experiment:SLAC-89b ep DIS@ExtraLabel:SLAC-89b @XTitle: Q^{2} @YTitle: d^{2}#sigma/dxdQ^{2} @Title:0.2<x<0.25
Plot5@Experiment:SLAC-89b ep DIS@ExtraLabel:SLAC-89b @XTitle: Q^{2} @YTitle: d^{2}#sigma/dxdQ^{2} @Title:0.25<x<0.3
Plot6@Experiment:SLAC-89b ep DIS@ExtraLabel:SLAC-89b @XTitle: Q^{2} @YTitle: d^{2}#sigma/dxdQ^{2} @Title:0.3<x<0.4
Plot7@Experiment:SLAC-89b ep DIS@ExtraLabel:SLAC-89b @XTitle: Q^{2} @YTitle: d^{2}#sigma/dxdQ^{2} @Title:0.4<x<0.5
Plot8@Experiment:SLAC-89b ep DIS@ExtraLabel:SLAC-89b @XTitle: Q^{2} @YTitle: d^{2}#sigma/dxdQ^{2} @Title:0.5<x<0.6
Plot9@Experiment:SLAC-89b ep DIS@ExtraLabel:SLAC-89b @XTitle: Q^{2} @YTitle: d^{2}#sigma/dxdQ^{2} @Title:0.6<x<0.7
Plot10@Experiment:SLAC-89b ep DIS@ExtraLabel:SLAC-89b @XTitle: Q^{2} @YTitle: d^{2}#sigma/dxdQ^{2} @Title:0.7<x<0.8
Plot11@Experiment:SLAC-89b ep DIS@ExtraLabel:SLAC-89b @XTitle: Q^{2} @YTitle: d^{2}#sigma/dxdQ^{2} @Title:0.8<x<0.9
 x           Q2          y              data      +- uncor     +- tot     th orig         th mod   therr+         therr-     pull    iset       iplot
 0.59790E+00 0.35000E+01 0.16000E+00 0.11502E+00 0.25305E-02 0.32124E-02 0.11358E+00 0.11287E+00 0.00000E+00 0.00000E+00 0.85227E+00      9387943   8/0.35000E+01
 0.54850E+00 0.34500E+01 0.17200E+00 0.13868E+00 0.26350E-02 0.33457E-02 0.13929E+00 0.13863E+00 0.00000E+00 0.00000E+00 0.21427E-01      9387943   8/0.34500E+01
 0.49360E+00 0.33850E+01 0.18700E+00 0.17752E+00 0.33728E-02 0.40674E-02 0.17204E+00 0.17149E+00 0.00000E+00 0.00000E+00 0.17872E+01      9387943   7/0.33850E+01
 0.44050E+00 0.33100E+01 0.20500E+00 0.20913E+00 0.35552E-02 0.42807E-02 0.20733E+00 0.20675E+00 0.00000E+00 0.00000E+00 0.66859E+00      9387943   7/0.33100E+01
 0.37150E+00 0.31890E+01 0.23500E+00 0.25368E+00 0.40589E-02 0.48994E-02 0.25447E+00 0.25389E+00 0.00000E+00 0.00000E+00 -.51271E-01      9387943   6/0.31890E+01
 0.31310E+00 0.30550E+01 0.26700E+00 0.28413E+00 0.45461E-02 0.54580E-02 0.29086E+00 0.29002E+00 0.00000E+00 0.00000E+00 -.12957E+01      9387943   6/0.30550E+01
 0.25540E+00 0.28820E+01 0.30800E+00 0.31702E+00 0.50723E-02 0.59647E-02 0.31913E+00 0.31818E+00 0.00000E+00 0.00000E+00 -.22911E+00      9387943   5/0.28820E+01
 0.18450E+00 0.25760E+01 0.38200E+00 0.33233E+00 0.63144E-02 0.68270E-02 0.33933E+00 0.33843E+00 0.00000E+00 0.00000E+00 -.96568E+00      9387943   3/0.25760E+01
 0.77010E+00 0.81940E+01 0.29100E+00 0.24348E-01 0.77913E-03 0.10336E-02 0.24891E-01 0.24561E-01 0.00000E+00 0.00000E+00 -.27391E+00      9387943  10/0.81940E+01
 0.71850E+00 0.80270E+01 0.30500E+00 0.37025E-01 0.85158E-03 0.11346E-02 0.38991E-01 0.38634E-01 0.00000E+00 0.00000E+00 -.18895E+01      9387943  10/0.80270E+01
 0.66980E+00 0.78520E+01 0.32000E+00 0.55193E-01 0.11039E-02 0.14329E-02 0.55756E-01 0.55361E-01 0.00000E+00 0.00000E+00 -.15157E+00      9387943   9/0.78520E+01
 0.61010E+00 0.76140E+01 0.34100E+00 0.80879E-01 0.13749E-02 0.17081E-02 0.81417E-01 0.80999E-01 0.00000E+00 0.00000E+00 -.87641E-01      9387943   9/0.76140E+01
 0.53090E+00 0.72450E+01 0.37300E+00 0.12537E+00 0.17552E-02 0.21166E-02 0.12491E+00 0.12445E+00 0.00000E+00 0.00000E+00 0.52640E+00      9387943   8/0.72450E+01
 0.42160E+00 0.66060E+01 0.42800E+00 0.19287E+00 0.28930E-02 0.32099E-02 0.19934E+00 0.19879E+00 0.00000E+00 0.00000E+00 -.20492E+01      9387943   7/0.66060E+01
 0.34960E+00 0.60710E+01 0.47500E+00 0.24669E+00 0.37004E-02 0.40536E-02 0.25035E+00 0.24965E+00 0.00000E+00 0.00000E+00 -.79837E+00      9387943   6/0.60710E+01
 0.26050E+00 0.52230E+01 0.54800E+00 0.29333E+00 0.43999E-02 0.85570E-02 0.30390E+00 0.30001E+00 0.00000E+00 0.00000E+00 -.15195E+01      9387943   5/0.52230E+01
 0.17260E+00 0.40840E+01 0.64700E+00 0.32756E+00 0.49135E-02 0.95557E-02 0.33239E+00 0.32808E+00 0.00000E+00 0.00000E+00 -.10549E+00      9387943   3/0.40840E+01
 0.75070E+00 0.73350E+01 0.39200E+00 0.31317E-01 0.59503E-03 0.86393E-03 0.31678E-01 0.31352E-01 0.00000E+00 0.00000E+00 -.58914E-01      9387943  10/0.73350E+01
 0.70400E+00 0.71490E+01 0.40700E+00 0.45680E-01 0.73087E-03 0.10336E-02 0.46103E-01 0.45723E-01 0.00000E+00 0.00000E+00 -.59419E-01      9387943  10/0.71490E+01
 0.66000E+00 0.69610E+01 0.42300E+00 0.63784E-01 0.10205E-02 0.13561E-02 0.62595E-01 0.62144E-01 0.00000E+00 0.00000E+00 0.16069E+01      9387943   9/0.69610E+01
 0.61600E+00 0.67570E+01 0.43900E+00 0.82425E-01 0.13188E-02 0.16992E-02 0.82195E-01 0.81645E-01 0.00000E+00 0.00000E+00 0.59177E+00      9387943   9/0.67570E+01
 0.53600E+00 0.63410E+01 0.47400E+00 0.12493E+00 0.18739E-02 0.24030E-02 0.12612E+00 0.12533E+00 0.00000E+00 0.00000E+00 -.21241E+00      9387943   8/0.63410E+01
 0.42570E+00 0.56480E+01 0.53200E+00 0.19954E+00 0.27935E-02 0.35750E-02 0.20000E+00 0.19883E+00 0.00000E+00 0.00000E+00 0.25266E+00      9387943   7/0.56480E+01
 0.35300E+00 0.50900E+01 0.57800E+00 0.24918E+00 0.34885E-02 0.44644E-02 0.24937E+00 0.24791E+00 0.00000E+00 0.00000E+00 0.36328E+00      9387943   6/0.50900E+01
 0.26320E+00 0.42520E+01 0.64700E+00 0.29375E+00 0.47000E-02 0.50624E-02 0.29876E+00 0.29789E+00 0.00000E+00 0.00000E+00 -.88066E+00      9387943   5/0.42520E+01
 0.17440E+00 0.31980E+01 0.73500E+00 0.34278E+00 0.75411E-02 0.79210E-02 0.31867E+00 0.31771E+00 0.00000E+00 0.00000E+00 0.33246E+01      9387943   3/0.31980E+01
 0.80220E+00 0.10118E+02 0.42000E+00 0.15495E-01 0.41837E-03 0.56061E-03 0.15392E-01 0.15205E-01 0.00000E+00 0.00000E+00 0.69387E+00      9387943  11/0.10118E+02
 0.75970E+00 0.98850E+01 0.43300E+00 0.24548E-01 0.54005E-03 0.69951E-03 0.24238E-01 0.24018E-01 0.00000E+00 0.00000E+00 0.98164E+00      9387943  10/0.98850E+01
 0.68970E+00 0.94690E+01 0.45700E+00 0.44091E-01 0.83772E-03 0.10961E-02 0.44564E-01 0.44201E-01 0.00000E+00 0.00000E+00 -.13219E+00      9387943   9/0.94690E+01
 0.60670E+00 0.89120E+01 0.48900E+00 0.79132E-01 0.12661E-02 0.16333E-02 0.78991E-01 0.78469E-01 0.00000E+00 0.00000E+00 0.52327E+00      9387943   9/0.89120E+01
 0.52900E+00 0.83140E+01 0.52300E+00 0.12346E+00 0.19754E-02 0.24692E-02 0.12241E+00 0.12165E+00 0.00000E+00 0.00000E+00 0.91571E+00      9387943   8/0.83140E+01
 0.42120E+00 0.73320E+01 0.58000E+00 0.19548E+00 0.31276E-02 0.38005E-02 0.19566E+00 0.19454E+00 0.00000E+00 0.00000E+00 0.30075E+00      9387943   7/0.73320E+01
 0.34990E+00 0.65580E+01 0.62400E+00 0.24930E+00 0.44874E-02 0.52826E-02 0.24511E+00 0.24368E+00 0.00000E+00 0.00000E+00 0.12529E+01      9387943   6/0.65580E+01
 0.26160E+00 0.54160E+01 0.69000E+00 0.29609E+00 0.50336E-02 0.53215E-02 0.29631E+00 0.29547E+00 0.00000E+00 0.00000E+00 0.12463E+00      9387943   5/0.54160E+01
 0.17390E+00 0.40180E+01 0.77000E+00 0.31683E+00 0.60198E-02 0.68467E-02 0.32110E+00 0.31947E+00 0.00000E+00 0.00000E+00 -.43896E+00      9387943   3/0.40180E+01
 0.82040E+00 0.13908E+02 0.46300E+00 0.97270E-02 0.30154E-03 0.39463E-03 0.97325E-02 0.96049E-02 0.00000E+00 0.00000E+00 0.40490E+00      9387943  11/0.13908E+02
 0.78700E+00 0.13640E+02 0.47400E+00 0.14997E-01 0.37492E-03 0.49170E-03 0.14853E-01 0.14697E-01 0.00000E+00 0.00000E+00 0.79995E+00      9387943  10/0.13640E+02
 0.74880E+00 0.13318E+02 0.48600E+00 0.22546E-01 0.45092E-03 0.59566E-03 0.22550E-01 0.22359E-01 0.00000E+00 0.00000E+00 0.41621E+00      9387943  10/0.13318E+02
 0.67470E+00 0.12643E+02 0.51200E+00 0.44644E-01 0.80360E-03 0.96992E-03 0.43930E-01 0.43667E-01 0.00000E+00 0.00000E+00 0.12164E+01      9387943   9/0.12643E+02
 0.59620E+00 0.11844E+02 0.54300E+00 0.77915E-01 0.14025E-02 0.17318E-02 0.77256E-01 0.76746E-01 0.00000E+00 0.00000E+00 0.83370E+00      9387943   8/0.11844E+02
 0.52050E+00 0.10978E+02 0.57600E+00 0.12054E+00 0.20492E-02 0.24437E-02 0.12023E+00 0.11956E+00 0.00000E+00 0.00000E+00 0.47990E+00      9387943   8/0.10978E+02
 0.41510E+00 0.95760E+01 0.63000E+00 0.19439E+00 0.31102E-02 0.37794E-02 0.19291E+00 0.19180E+00 0.00000E+00 0.00000E+00 0.83276E+00      9387943   7/0.95760E+01
 0.22190E+00 0.61820E+01 0.76100E+00 0.30727E+00 0.52236E-02 0.55819E-02 0.31093E+00 0.31002E+00 0.00000E+00 0.00000E+00 -.52592E+00      9387943   4/0.61820E+01
 0.17170E+00 0.50560E+01 0.80500E+00 0.32501E+00 0.65002E-02 0.73109E-02 0.32325E+00 0.32161E+00 0.00000E+00 0.00000E+00 0.52300E+00      9387943   3/0.50560E+01
 0.71800E+00 0.60310E+01 0.43000E+00 0.44182E-01 0.11046E-02 0.13144E-02 0.45862E-01 0.45476E-01 0.00000E+00 0.00000E+00 -.11713E+01      9387943  10/0.60310E+01
 0.65360E+00 0.57850E+01 0.45400E+00 0.69099E-01 0.24185E-02 0.25836E-02 0.70591E-01 0.70107E-01 0.00000E+00 0.00000E+00 -.41678E+00      9387943   9/0.57850E+01
 0.61480E+00 0.56250E+01 0.46900E+00 0.89445E-01 0.27728E-02 0.29854E-02 0.88518E-01 0.87948E-01 0.00000E+00 0.00000E+00 0.54003E+00      9387943   9/0.56250E+01
 0.54440E+00 0.53030E+01 0.49900E+00 0.12659E+00 0.27850E-02 0.31368E-02 0.12713E+00 0.12637E+00 0.00000E+00 0.00000E+00 0.78041E-01      9387943   8/0.53030E+01
 0.43190E+00 0.46930E+01 0.55700E+00 0.20022E+00 0.46051E-02 0.48261E-02 0.20083E+00 0.20014E+00 0.00000E+00 0.00000E+00 0.18589E-01      9387943   7/0.46930E+01
 0.35780E+00 0.42070E+01 0.60300E+00 0.25629E+00 0.48695E-02 0.51386E-02 0.24929E+00 0.24856E+00 0.00000E+00 0.00000E+00 0.15866E+01      9387943   6/0.42070E+01
 0.26650E+00 0.34880E+01 0.67100E+00 0.29543E+00 0.53177E-02 0.57133E-02 0.29571E+00 0.29481E+00 0.00000E+00 0.00000E+00 0.11571E+00      9387943   5/0.34880E+01
 0.17640E+00 0.25980E+01 0.75500E+00 0.31608E+00 0.72698E-02 0.80336E-02 0.30921E+00 0.30762E+00 0.00000E+00 0.00000E+00 0.11640E+01      9387943   3/0.25980E+01
 0.78660E+00 0.92010E+01 0.46900E+00 0.18937E-01 0.45450E-03 0.60422E-03 0.19461E-01 0.19249E-01 0.00000E+00 0.00000E+00 -.68553E+00      9387943  10/0.92010E+01
 0.74730E+00 0.89790E+01 0.48100E+00 0.28224E-01 0.70560E-03 0.86992E-03 0.28655E-01 0.28387E-01 0.00000E+00 0.00000E+00 -.23072E+00      9387943  10/0.89790E+01
 0.68980E+00 0.86330E+01 0.50100E+00 0.45528E-01 0.81951E-03 0.10677E-02 0.46342E-01 0.45980E-01 0.00000E+00 0.00000E+00 -.55156E+00      9387943   9/0.86330E+01
 0.60950E+00 0.80980E+01 0.53200E+00 0.80317E-01 0.15260E-02 0.18120E-02 0.80244E-01 0.79734E-01 0.00000E+00 0.00000E+00 0.38197E+00      9387943   9/0.80980E+01
 0.53280E+00 0.75210E+01 0.56600E+00 0.12247E+00 0.19595E-02 0.23905E-02 0.12312E+00 0.12240E+00 0.00000E+00 0.00000E+00 0.34291E-01      9387943   8/0.75210E+01
 0.42430E+00 0.65710E+01 0.62100E+00 0.19513E+00 0.33173E-02 0.39943E-02 0.19602E+00 0.19486E+00 0.00000E+00 0.00000E+00 0.82710E-01      9387943   7/0.65710E+01
 0.35270E+00 0.58360E+01 0.66300E+00 0.24444E+00 0.43998E-02 0.46699E-02 0.24440E+00 0.24369E+00 0.00000E+00 0.00000E+00 0.17044E+00      9387943   6/0.58360E+01
 0.26400E+00 0.47730E+01 0.72400E+00 0.29353E+00 0.58707E-02 0.62268E-02 0.29347E+00 0.29258E+00 0.00000E+00 0.00000E+00 0.16235E+00      9387943   5/0.47730E+01
 0.17570E+00 0.34990E+01 0.79800E+00 0.31902E+00 0.76565E-02 0.83982E-02 0.31431E+00 0.31268E+00 0.00000E+00 0.00000E+00 0.82763E+00      9387943   3/0.34990E+01
 0.81850E+00 0.12407E+02 0.50500E+00 0.10528E-01 0.30531E-03 0.40310E-03 0.10838E-01 0.10698E-01 0.00000E+00 0.00000E+00 -.55742E+00      9387943  11/0.12407E+02
 0.76290E+00 0.11967E+02 0.52200E+00 0.20862E-01 0.41723E-03 0.57550E-03 0.20781E-01 0.20578E-01 0.00000E+00 0.00000E+00 0.68064E+00      9387943  10/0.11967E+02
 0.67840E+00 0.11236E+02 0.55200E+00 0.44105E-01 0.83800E-03 0.10419E-02 0.44784E-01 0.44458E-01 0.00000E+00 0.00000E+00 -.42060E+00      9387943   9/0.11236E+02
 0.59940E+00 0.10475E+02 0.58200E+00 0.78456E-01 0.13338E-02 0.16344E-02 0.78591E-01 0.78099E-01 0.00000E+00 0.00000E+00 0.26772E+00      9387943   8/0.10475E+02
 0.52320E+00 0.96560E+01 0.61500E+00 0.12077E+00 0.21740E-02 0.25592E-02 0.12218E+00 0.12147E+00 0.00000E+00 0.00000E+00 -.31848E+00      9387943   8/0.96560E+01
 0.41700E+00 0.83490E+01 0.66700E+00 0.19058E+00 0.32399E-02 0.39011E-02 0.19431E+00 0.19316E+00 0.00000E+00 0.00000E+00 -.79542E+00      9387943   7/0.83490E+01
 0.34670E+00 0.73550E+01 0.70700E+00 0.24518E+00 0.44133E-02 0.46842E-02 0.24264E+00 0.24193E+00 0.00000E+00 0.00000E+00 0.73722E+00      9387943   6/0.73550E+01
 0.25930E+00 0.59410E+01 0.76300E+00 0.29512E+00 0.59023E-02 0.62604E-02 0.29305E+00 0.29216E+00 0.00000E+00 0.00000E+00 0.50051E+00      9387943   5/0.59410E+01
 0.17240E+00 0.42900E+01 0.82900E+00 0.30670E+00 0.73608E-02 0.80738E-02 0.31724E+00 0.31560E+00 0.00000E+00 0.00000E+00 -.12087E+01      9387943   3/0.42900E+01
 0.85990E+00 0.17051E+02 0.54200E+00 0.44785E-02 0.24632E-03 0.28739E-03 0.45871E-02 0.45100E-02 0.00000E+00 0.00000E+00 -.12769E+00      9387943  11/0.17051E+02
 0.80710E+00 0.16467E+02 0.55800E+00 0.10296E-01 0.32947E-03 0.40588E-03 0.10257E-01 0.10137E-01 0.00000E+00 0.00000E+00 0.48357E+00      9387943  11/0.16467E+02
 0.74250E+00 0.15706E+02 0.57800E+00 0.22149E-01 0.59801E-03 0.70703E-03 0.21921E-01 0.21731E-01 0.00000E+00 0.00000E+00 0.69832E+00      9387943  10/0.15706E+02
 0.66980E+00 0.14778E+02 0.60300E+00 0.43224E-01 0.95093E-03 0.11272E-02 0.42901E-01 0.42592E-01 0.00000E+00 0.00000E+00 0.66505E+00      9387943   9/0.14778E+02
 0.59200E+00 0.13694E+02 0.63200E+00 0.75693E-01 0.15139E-02 0.17671E-02 0.76228E-01 0.75750E-01 0.00000E+00 0.00000E+00 -.37816E-01      9387943   8/0.13694E+02
 0.51720E+00 0.12547E+02 0.66300E+00 0.12001E+00 0.24002E-02 0.27420E-02 0.11900E+00 0.11831E+00 0.00000E+00 0.00000E+00 0.70720E+00      9387943   8/0.12547E+02
 0.41270E+00 0.10743E+02 0.71100E+00 0.19658E+00 0.43248E-02 0.48512E-02 0.19070E+00 0.18959E+00 0.00000E+00 0.00000E+00 0.16174E+01      9387943   7/0.10743E+02
 0.34320E+00 0.93910E+01 0.74800E+00 0.23415E+00 0.46831E-02 0.48780E-02 0.23959E+00 0.23891E+00 0.00000E+00 0.00000E+00 -.10163E+01      9387943   6/0.93910E+01
 0.25670E+00 0.75020E+01 0.79800E+00 0.28746E+00 0.66115E-02 0.68629E-02 0.29173E+00 0.29087E+00 0.00000E+00 0.00000E+00 -.51712E+00      9387943   5/0.75020E+01
 0.17080E+00 0.53500E+01 0.85600E+00 0.31631E+00 0.75913E-02 0.83267E-02 0.32007E+00 0.31841E+00 0.00000E+00 0.00000E+00 -.27789E+00      9387943   3/0.53500E+01
 0.86580E+00 0.19184E+02 0.60500E+00 0.34390E-02 0.15820E-03 0.19271E-03 0.37549E-02 0.36930E-02 0.00000E+00 0.00000E+00 -.16056E+01      9387943  11/0.19184E+02
 0.80970E+00 0.18411E+02 0.62100E+00 0.86822E-02 0.23442E-03 0.30238E-03 0.91854E-02 0.90814E-02 0.00000E+00 0.00000E+00 -.17030E+01      9387943  11/0.18411E+02
 0.74040E+00 0.17398E+02 0.64200E+00 0.20597E-01 0.51492E-03 0.61169E-03 0.21213E-01 0.21037E-01 0.00000E+00 0.00000E+00 -.85473E+00      9387943  10/0.17398E+02
 0.66780E+00 0.16264E+02 0.66600E+00 0.41083E-01 0.94491E-03 0.11070E-02 0.42032E-01 0.41726E-01 0.00000E+00 0.00000E+00 -.67986E+00      9387943   9/0.16264E+02
 0.59070E+00 0.14965E+02 0.69200E+00 0.73292E-01 0.15391E-02 0.17787E-02 0.75085E-01 0.74608E-01 0.00000E+00 0.00000E+00 -.85513E+00      9387943   8/0.14965E+02
 0.51630E+00 0.13606E+02 0.72000E+00 0.12033E+00 0.24065E-02 0.27701E-02 0.11764E+00 0.11694E+00 0.00000E+00 0.00000E+00 0.14068E+01      9387943   8/0.13606E+02
 0.41240E+00 0.11516E+02 0.76300E+00 0.18535E+00 0.33364E-02 0.35941E-02 0.18869E+00 0.18804E+00 0.00000E+00 0.00000E+00 -.80489E+00      9387943   7/0.11516E+02
 0.34310E+00 0.99800E+01 0.79500E+00 0.23359E+00 0.42047E-02 0.44628E-02 0.23721E+00 0.23652E+00 0.00000E+00 0.00000E+00 -.69560E+00      9387943   6/0.99800E+01
 0.25700E+00 0.78800E+01 0.83800E+00 0.28185E+00 0.53552E-02 0.57141E-02 0.28927E+00 0.28840E+00 0.00000E+00 0.00000E+00 -.12221E+01      9387943   5/0.78800E+01
 0.17120E+00 0.55480E+01 0.88600E+00 0.28807E+00 0.86420E-02 0.92451E-02 0.31803E+00 0.31636E+00 0.00000E+00 0.00000E+00 -.32742E+01      9387943   3/0.55480E+01
     3243676
 NuTeV charm neutrino                                                            
Plot1@Experiment:NuTeV nuFe DIS@ExtraLabel:NuTeV @XTitle: Q^2 @YTitle: d^2#sigma/dxdQ^2 @Title:y=0.324
Plot2@Experiment:NuTeV nuFe DIS@ExtraLabel:NuTeV @XTitle: Q^2 @YTitle: d^2#sigma/dxdQ^2 @Title:y=0.558
Plot3@Experiment:NuTeV nuFe DIS@ExtraLabel:NuTeV @XTitle: Q^2 @YTitle: d^2#sigma/dxdQ^2 @Title:y=0.771
 x           Q2          y              data      +- uncor     +- tot     th orig         th mod   therr+         therr-     pull    iset       iplot
 0.21000E-01 0.11300E+01 0.32400E+00 0.12186E-01 0.21460E-02 0.25385E-02 0.11688E-01 0.11066E-01 0.00000E+00 0.00000E+00 0.52169E+00      3243676   1/0.11300E+01
 0.57000E-01 0.30600E+01 0.32400E+00 0.14157E-01 0.24562E-02 0.26592E-02 0.12515E-01 0.12626E-01 0.00000E+00 0.00000E+00 0.62336E+00      3243676   1/0.30600E+01
 0.10100E+00 0.54300E+01 0.32400E+00 0.10825E-01 0.17537E-02 0.19791E-02 0.10910E-01 0.10860E-01 0.00000E+00 0.00000E+00 -.20137E-01      3243676   1/0.54300E+01
 0.16700E+00 0.89700E+01 0.32400E+00 0.85451E-02 0.13288E-02 0.14249E-02 0.80571E-02 0.79874E-02 0.00000E+00 0.00000E+00 0.41968E+00      3243676   1/0.89700E+01
 0.32600E+00 0.17510E+02 0.32400E+00 0.36688E-02 0.51987E-03 0.57871E-03 0.34722E-02 0.34120E-02 0.00000E+00 0.00000E+00 0.49390E+00      3243676   1/0.17510E+02
 0.21000E-01 0.19400E+01 0.55800E+00 0.13324E-01 0.18787E-02 0.21940E-02 0.12435E-01 0.11987E-01 0.00000E+00 0.00000E+00 0.71168E+00      3243676   2/0.19400E+01
 0.57000E-01 0.52700E+01 0.55800E+00 0.13530E-01 0.17805E-02 0.20519E-02 0.13596E-01 0.13028E-01 0.00000E+00 0.00000E+00 0.28185E+00      3243676   2/0.52700E+01
 0.10100E+00 0.93400E+01 0.55800E+00 0.13313E-01 0.17453E-02 0.19216E-02 0.11590E-01 0.11212E-01 0.00000E+00 0.00000E+00 0.12035E+01      3243676   2/0.93400E+01
 0.16700E+00 0.15450E+02 0.55800E+00 0.84725E-02 0.10769E-02 0.11815E-02 0.83238E-02 0.80010E-02 0.00000E+00 0.00000E+00 0.43787E+00      3243676   2/0.15450E+02
 0.32600E+00 0.30160E+02 0.55800E+00 0.37611E-02 0.49270E-03 0.53266E-03 0.34808E-02 0.33409E-02 0.00000E+00 0.00000E+00 0.85289E+00      3243676   2/0.30160E+02
 0.21000E-01 0.26800E+01 0.77100E+00 0.11103E-01 0.16333E-02 0.19018E-02 0.12142E-01 0.10904E-01 0.00000E+00 0.00000E+00 0.12167E+00      3243676   3/0.26800E+01
 0.57000E-01 0.72900E+01 0.77100E+00 0.13094E-01 0.18463E-02 0.19092E-02 0.13786E-01 0.13212E-01 0.00000E+00 0.00000E+00 -.63681E-01      3243676   3/0.72900E+01
 0.10100E+00 0.12910E+02 0.77100E+00 0.12427E-01 0.17833E-02 0.18709E-02 0.11684E-01 0.11375E-01 0.00000E+00 0.00000E+00 0.59002E+00      3243676   3/0.12910E+02
 0.16700E+00 0.21350E+02 0.77100E+00 0.99871E-02 0.15061E-02 0.15727E-02 0.83230E-02 0.79247E-02 0.00000E+00 0.00000E+00 0.13694E+01      3243676   3/0.21350E+02
 0.32600E+00 0.41670E+02 0.77100E+00 0.30755E-02 0.51976E-03 0.53586E-03 0.34388E-02 0.32722E-02 0.00000E+00 0.00000E+00 -.37835E+00      3243676   3/0.41670E+02
 0.21000E-01 0.22300E+01 0.32400E+00 0.18163E-01 0.26899E-02 0.29459E-02 0.17140E-01 0.15605E-01 0.00000E+00 0.00000E+00 0.95108E+00      3243676   1/0.22300E+01
 0.57000E-01 0.60400E+01 0.32400E+00 0.13479E-01 0.19154E-02 0.22017E-02 0.16332E-01 0.15573E-01 0.00000E+00 0.00000E+00 -.10934E+01      3243676   1/0.60400E+01
 0.10100E+00 0.10710E+02 0.32400E+00 0.13394E-01 0.19850E-02 0.20488E-02 0.13097E-01 0.12731E-01 0.00000E+00 0.00000E+00 0.33387E+00      3243676   1/0.10710E+02
 0.16700E+00 0.17710E+02 0.32400E+00 0.87284E-02 0.12316E-02 0.13366E-02 0.90257E-02 0.89352E-02 0.00000E+00 0.00000E+00 -.16789E+00      3243676   1/0.17710E+02
 0.32600E+00 0.34570E+02 0.32400E+00 0.38926E-02 0.51382E-03 0.56549E-03 0.36326E-02 0.35832E-02 0.00000E+00 0.00000E+00 0.60214E+00      3243676   1/0.34570E+02
 0.21000E-01 0.38400E+01 0.55800E+00 0.18455E-01 0.27922E-02 0.30428E-02 0.18631E-01 0.17524E-01 0.00000E+00 0.00000E+00 0.33353E+00      3243676   2/0.38400E+01
 0.57000E-01 0.10410E+02 0.55800E+00 0.17380E-01 0.26400E-02 0.28159E-02 0.17212E-01 0.15818E-01 0.00000E+00 0.00000E+00 0.59168E+00      3243676   2/0.10410E+02
 0.10100E+00 0.18450E+02 0.55800E+00 0.15347E-01 0.24356E-02 0.25098E-02 0.13400E-01 0.12999E-01 0.00000E+00 0.00000E+00 0.96401E+00      3243676   2/0.18450E+02
 0.16700E+00 0.30500E+02 0.55800E+00 0.97618E-02 0.15228E-02 0.15990E-02 0.90359E-02 0.88565E-02 0.00000E+00 0.00000E+00 0.59447E+00      3243676   2/0.30500E+02
 0.32600E+00 0.59540E+02 0.55800E+00 0.35832E-02 0.54357E-03 0.60002E-03 0.35282E-02 0.33762E-02 0.00000E+00 0.00000E+00 0.38076E+00      3243676   2/0.59540E+02
 0.21000E-01 0.53000E+01 0.77100E+00 0.18146E-01 0.24388E-02 0.25878E-02 0.18591E-01 0.18044E-01 0.00000E+00 0.00000E+00 0.41833E-01      3243676   3/0.53000E+01
 0.57000E-01 0.14380E+02 0.77100E+00 0.14897E-01 0.19604E-02 0.21237E-02 0.17172E-01 0.16276E-01 0.00000E+00 0.00000E+00 -.70355E+00      3243676   3/0.14380E+02
 0.10100E+00 0.25490E+02 0.77100E+00 0.12860E-01 0.17863E-02 0.19348E-02 0.13290E-01 0.13262E-01 0.00000E+00 0.00000E+00 -.22516E+00      3243676   3/0.25490E+02
 0.16700E+00 0.42140E+02 0.77100E+00 0.99562E-02 0.15392E-02 0.16137E-02 0.89199E-02 0.85830E-02 0.00000E+00 0.00000E+00 0.89214E+00      3243676   3/0.42140E+02
 0.32600E+00 0.82260E+02 0.77100E+00 0.36578E-02 0.62914E-03 0.65309E-03 0.34458E-02 0.33205E-02 0.00000E+00 0.00000E+00 0.53613E+00      3243676   3/0.82260E+02
 0.21000E-01 0.31600E+01 0.32400E+00 0.18952E-01 0.27234E-02 0.29681E-02 0.20511E-01 0.18781E-01 0.00000E+00 0.00000E+00 0.62675E-01      3243676   1/0.31600E+01
 0.57000E-01 0.85700E+01 0.32400E+00 0.19416E-01 0.29105E-02 0.29742E-02 0.18168E-01 0.17407E-01 0.00000E+00 0.00000E+00 0.69027E+00      3243676   1/0.85700E+01
 0.10100E+00 0.15180E+02 0.32400E+00 0.14011E-01 0.20316E-02 0.21134E-02 0.13961E-01 0.13118E-01 0.00000E+00 0.00000E+00 0.43952E+00      3243676   1/0.15180E+02
 0.16700E+00 0.25100E+02 0.32400E+00 0.10220E-01 0.14380E-02 0.15680E-02 0.93330E-02 0.91051E-02 0.00000E+00 0.00000E+00 0.77535E+00      3243676   1/0.25100E+02
 0.32600E+00 0.48990E+02 0.32400E+00 0.37698E-02 0.45916E-03 0.56440E-03 0.36412E-02 0.34569E-02 0.00000E+00 0.00000E+00 0.68156E+00      3243676   1/0.48990E+02
 0.21000E-01 0.54400E+01 0.55800E+00 0.19781E-01 0.31590E-02 0.32957E-02 0.22123E-01 0.21163E-01 0.00000E+00 0.00000E+00 -.43758E+00      3243676   2/0.54400E+01
 0.57000E-01 0.14750E+02 0.55800E+00 0.18521E-01 0.30300E-02 0.32382E-02 0.18777E-01 0.17982E-01 0.00000E+00 0.00000E+00 0.17801E+00      3243676   2/0.14750E+02
 0.10100E+00 0.26140E+02 0.55800E+00 0.13292E-01 0.21573E-02 0.22410E-02 0.14062E-01 0.13394E-01 0.00000E+00 0.00000E+00 -.47243E-01      3243676   2/0.26140E+02
 0.16700E+00 0.43220E+02 0.55800E+00 0.86001E-02 0.13597E-02 0.14643E-02 0.92397E-02 0.90103E-02 0.00000E+00 0.00000E+00 -.30166E+00      3243676   2/0.43220E+02
 0.32600E+00 0.84370E+02 0.55800E+00 0.37010E-02 0.55256E-03 0.63882E-03 0.35134E-02 0.33757E-02 0.00000E+00 0.00000E+00 0.58877E+00      3243676   2/0.84370E+02
 0.21000E-01 0.75100E+01 0.77100E+00 0.18965E-01 0.25186E-02 0.31453E-02 0.22027E-01 0.21636E-01 0.00000E+00 0.00000E+00 -.10606E+01      3243676   3/0.75100E+01
 0.57000E-01 0.20380E+02 0.77100E+00 0.15748E-01 0.21150E-02 0.23301E-02 0.18566E-01 0.17455E-01 0.00000E+00 0.00000E+00 -.80712E+00      3243676   3/0.20380E+02
 0.10100E+00 0.36120E+02 0.77100E+00 0.12490E-01 0.17286E-02 0.18090E-02 0.13859E-01 0.13269E-01 0.00000E+00 0.00000E+00 -.45093E+00      3243676   3/0.36120E+02
 0.16700E+00 0.59720E+02 0.77100E+00 0.10078E-01 0.15298E-02 0.17527E-02 0.89558E-02 0.89548E-02 0.00000E+00 0.00000E+00 0.73420E+00      3243676   3/0.59720E+02
 0.32600E+00 0.11658E+03 0.77100E+00 0.34261E-02 0.56976E-03 0.68770E-03 0.34220E-02 0.33921E-02 0.00000E+00 0.00000E+00 0.59643E-01      3243676   3/0.11658E+03
     2803983
 NuTeV charm antineutrino                                                        
Plot1@Experiment:NuTeV nuFe DIS@ExtraLabel:NuTeV @XTitle: Q^2 @YTitle: d^2#sigma/dxdQ^2 @Title:y=0.324
Plot2@Experiment:NuTeV nuFe DIS@ExtraLabel:NuTeV @XTitle: Q^2 @YTitle: d^2#sigma/dxdQ^2 @Title:y=0.558
Plot3@Experiment:NuTeV nuFe DIS@ExtraLabel:NuTeV @XTitle: Q^2 @YTitle: d^2#sigma/dxdQ^2 @Title:y=0.771
 x           Q2          y              data      +- uncor     +- tot     th orig         th mod   therr+         therr-     pull    iset       iplot
 0.42000E-01 0.21400E+01 0.34900E+00 0.10445E-01 0.29225E-02 0.30796E-02 0.95150E-02 0.83798E-02 0.00000E+00 0.00000E+00 0.70665E+00      2803983   1/0.21400E+01
 0.72000E-01 0.36700E+01 0.34900E+00 0.92908E-02 0.25355E-02 0.26543E-02 0.84660E-02 0.75747E-02 0.00000E+00 0.00000E+00 0.67685E+00      2803983   1/0.36700E+01
 0.11400E+00 0.58200E+01 0.34900E+00 0.73565E-02 0.19480E-02 0.19894E-02 0.62936E-02 0.56648E-02 0.00000E+00 0.00000E+00 0.86843E+00      2803983   1/0.58200E+01
 0.20700E+00 0.10570E+02 0.34900E+00 0.21746E-02 0.50472E-03 0.60358E-03 0.27304E-02 0.21043E-02 0.00000E+00 0.00000E+00 0.13928E+00      2803983   1/0.10570E+02
 0.15000E-01 0.12700E+01 0.57900E+00 0.78632E-02 0.17095E-02 0.17570E-02 0.93479E-02 0.83048E-02 0.00000E+00 0.00000E+00 -.25832E+00      2803983   2/0.12700E+01
 0.42000E-01 0.35600E+01 0.57900E+00 0.89200E-02 0.19160E-02 0.20742E-02 0.10726E-01 0.93580E-02 0.00000E+00 0.00000E+00 -.22858E+00      2803983   2/0.35600E+01
 0.72000E-01 0.61000E+01 0.57900E+00 0.97766E-02 0.21117E-02 0.22371E-02 0.95363E-02 0.87350E-02 0.00000E+00 0.00000E+00 0.49325E+00      2803983   2/0.61000E+01
 0.11400E+00 0.96500E+01 0.57900E+00 0.52342E-02 0.10306E-02 0.10765E-02 0.70018E-02 0.65122E-02 0.00000E+00 0.00000E+00 -.12400E+01      2803983   2/0.96500E+01
 0.20700E+00 0.17530E+02 0.57900E+00 0.26521E-02 0.54580E-03 0.59553E-03 0.29932E-02 0.27434E-02 0.00000E+00 0.00000E+00 -.16727E+00      2803983   2/0.17530E+02
 0.15000E-01 0.17000E+01 0.77600E+00 0.81242E-02 0.21456E-02 0.28954E-02 0.87858E-02 0.68935E-02 0.00000E+00 0.00000E+00 0.57359E+00      2803983   3/0.17000E+01
 0.42000E-01 0.47700E+01 0.77600E+00 0.74233E-02 0.17422E-02 0.21195E-02 0.10948E-01 0.88432E-02 0.00000E+00 0.00000E+00 -.81500E+00      2803983   3/0.47700E+01
 0.72000E-01 0.81700E+01 0.77600E+00 0.68143E-02 0.15509E-02 0.16586E-02 0.97819E-02 0.82233E-02 0.00000E+00 0.00000E+00 -.90851E+00      2803983   3/0.81700E+01
 0.11400E+00 0.12940E+02 0.77600E+00 0.60743E-02 0.14536E-02 0.15528E-02 0.71773E-02 0.62834E-02 0.00000E+00 0.00000E+00 -.14382E+00      2803983   3/0.12940E+02
 0.20700E+00 0.23490E+02 0.77600E+00 0.21462E-02 0.53698E-03 0.58079E-03 0.30570E-02 0.24664E-02 0.00000E+00 0.00000E+00 -.59629E+00      2803983   3/0.23490E+02
 0.15000E-01 0.14100E+01 0.34900E+00 0.12919E-01 0.30773E-02 0.33302E-02 0.13549E-01 0.11769E-01 0.00000E+00 0.00000E+00 0.37371E+00      2803983   1/0.14100E+01
 0.42000E-01 0.39600E+01 0.34900E+00 0.12240E-01 0.29853E-02 0.34100E-02 0.13576E-01 0.10966E-01 0.00000E+00 0.00000E+00 0.42689E+00      2803983   1/0.39600E+01
 0.72000E-01 0.67800E+01 0.34900E+00 0.12092E-01 0.29807E-02 0.30926E-02 0.11307E-01 0.10575E-01 0.00000E+00 0.00000E+00 0.50889E+00      2803983   1/0.67800E+01
 0.11400E+00 0.10740E+02 0.34900E+00 0.70923E-02 0.16702E-02 0.17270E-02 0.79520E-02 0.71415E-02 0.00000E+00 0.00000E+00 -.29458E-01      2803983   1/0.10740E+02
 0.20700E+00 0.19500E+02 0.34900E+00 0.25937E-02 0.57113E-03 0.67657E-03 0.32447E-02 0.26863E-02 0.00000E+00 0.00000E+00 -.16218E+00      2803983   1/0.19500E+02
 0.15000E-01 0.23400E+01 0.57900E+00 0.15814E-01 0.41180E-02 0.41721E-02 0.14630E-01 0.13867E-01 0.00000E+00 0.00000E+00 0.47271E+00      2803983   2/0.23400E+01
 0.42000E-01 0.65600E+01 0.57900E+00 0.12349E-01 0.30428E-02 0.31427E-02 0.14759E-01 0.13194E-01 0.00000E+00 0.00000E+00 -.27757E+00      2803983   2/0.65600E+01
 0.72000E-01 0.11250E+02 0.57900E+00 0.98327E-02 0.23972E-02 0.29155E-02 0.12047E-01 0.10036E-01 0.00000E+00 0.00000E+00 -.84960E-01      2803983   2/0.11250E+02
 0.11400E+00 0.17820E+02 0.57900E+00 0.84049E-02 0.21348E-02 0.23457E-02 0.83238E-02 0.72062E-02 0.00000E+00 0.00000E+00 0.56149E+00      2803983   2/0.17820E+02
 0.20700E+00 0.32350E+02 0.57900E+00 0.29730E-02 0.74979E-03 0.79715E-03 0.33453E-02 0.29334E-02 0.00000E+00 0.00000E+00 0.52759E-01      2803983   2/0.32350E+02
 0.15000E-01 0.31400E+01 0.77600E+00 0.96955E-02 0.20913E-02 0.21984E-02 0.14372E-01 0.12363E-01 0.00000E+00 0.00000E+00 -.12754E+01      2803983   3/0.31400E+01
 0.42000E-01 0.88000E+01 0.77600E+00 0.13288E-01 0.29486E-02 0.32184E-02 0.14893E-01 0.12813E-01 0.00000E+00 0.00000E+00 0.16097E+00      2803983   3/0.88000E+01
 0.72000E-01 0.15080E+02 0.77600E+00 0.88305E-02 0.19736E-02 0.21979E-02 0.12095E-01 0.10748E-01 0.00000E+00 0.00000E+00 -.97136E+00      2803983   3/0.15080E+02
 0.11400E+00 0.23880E+02 0.77600E+00 0.65166E-02 0.14930E-02 0.15272E-02 0.83282E-02 0.76066E-02 0.00000E+00 0.00000E+00 -.73013E+00      2803983   3/0.23880E+02
 0.20700E+00 0.43360E+02 0.77600E+00 0.28271E-02 0.74692E-03 0.78547E-03 0.33379E-02 0.27197E-02 0.00000E+00 0.00000E+00 0.14377E+00      2803983   3/0.43360E+02
 0.15000E-01 0.22300E+01 0.34900E+00 0.14029E-01 0.31986E-02 0.37687E-02 0.18076E-01 0.13635E-01 0.00000E+00 0.00000E+00 0.12315E+00      2803983   1/0.22300E+01
 0.42000E-01 0.62400E+01 0.34900E+00 0.14153E-01 0.32439E-02 0.37737E-02 0.16659E-01 0.15724E-01 0.00000E+00 0.00000E+00 -.48444E+00      2803983   1/0.62400E+01
 0.72000E-01 0.10700E+02 0.34900E+00 0.97589E-02 0.21489E-02 0.26503E-02 0.13136E-01 0.99121E-02 0.00000E+00 0.00000E+00 -.71272E-01      2803983   1/0.10700E+02
 0.11400E+00 0.16940E+02 0.34900E+00 0.61815E-02 0.13655E-02 0.14798E-02 0.88691E-02 0.69540E-02 0.00000E+00 0.00000E+00 -.56575E+00      2803983   1/0.16940E+02
 0.20700E+00 0.30770E+02 0.34900E+00 0.37365E-02 0.83287E-03 0.92590E-03 0.34730E-02 0.31590E-02 0.00000E+00 0.00000E+00 0.69338E+00      2803983   1/0.30770E+02
 0.15000E-01 0.37000E+01 0.57900E+00 0.14672E-01 0.38470E-02 0.61642E-02 0.19491E-01 0.12145E-01 0.00000E+00 0.00000E+00 0.65691E+00      2803983   2/0.37000E+01
 0.42000E-01 0.10360E+02 0.57900E+00 0.12441E-01 0.31973E-02 0.33883E-02 0.17597E-01 0.14678E-01 0.00000E+00 0.00000E+00 -.69956E+00      2803983   2/0.10360E+02
 0.72000E-01 0.17750E+02 0.57900E+00 0.99329E-02 0.25865E-02 0.28278E-02 0.13540E-01 0.11918E-01 0.00000E+00 0.00000E+00 -.76750E+00      2803983   2/0.17750E+02
 0.11400E+00 0.28110E+02 0.57900E+00 0.67818E-02 0.17219E-02 0.23884E-02 0.90053E-02 0.65207E-02 0.00000E+00 0.00000E+00 0.15164E+00      2803983   2/0.28110E+02
 0.20700E+00 0.51040E+02 0.57900E+00 0.32842E-02 0.88476E-03 0.10047E-02 0.34381E-02 0.30349E-02 0.00000E+00 0.00000E+00 0.28179E+00      2803983   2/0.51040E+02
 0.15000E-01 0.49600E+01 0.77600E+00 0.10332E-01 0.21222E-02 0.22774E-02 0.19335E-01 0.15740E-01 0.00000E+00 0.00000E+00 -.25481E+01      2803983   3/0.49600E+01
 0.42000E-01 0.13880E+02 0.77600E+00 0.13818E-01 0.29930E-02 0.32100E-02 0.17516E-01 0.14647E-01 0.00000E+00 0.00000E+00 -.27706E+00      2803983   3/0.13880E+02
 0.72000E-01 0.23790E+02 0.77600E+00 0.11503E-01 0.26089E-02 0.26578E-02 0.13412E-01 0.12772E-01 0.00000E+00 0.00000E+00 -.48636E+00      2803983   3/0.23790E+02
 0.11400E+00 0.37670E+02 0.77600E+00 0.54639E-02 0.12163E-02 0.13319E-02 0.89049E-02 0.72086E-02 0.00000E+00 0.00000E+00 -.14345E+01      2803983   3/0.37670E+02
 0.20700E+00 0.68410E+02 0.77600E+00 0.20962E-02 0.52091E-03 0.58552E-03 0.33567E-02 0.24290E-02 0.00000E+00 0.00000E+00 -.63897E+00      2803983   3/0.68410E+02
     8198040
 CCFR charm neutrino                                                             
Plot1@Experiment:CCFR nuFe DIS@ExtraLabel:CCFR @XTitle: Q^2 @YTitle: d^2#sigma/dxdQ^2 @Title:y=0.324
Plot2@Experiment:CCFR nuFe DIS@ExtraLabel:CCFR @XTitle: Q^2 @YTitle: d^2#sigma/dxdQ^2 @Title:y=0.558
Plot3@Experiment:CCFR nuFe DIS@ExtraLabel:CCFR @XTitle: Q^2 @YTitle: d^2#sigma/dxdQ^2 @Title:y=0.771
 x           Q2          y              data      +- uncor     +- tot     th orig         th mod   therr+         therr-     pull    iset       iplot
 0.23000E-01 0.15100E+01 0.32000E+00 0.12691E-01 0.27793E-02 0.28063E-02 0.13319E-01 0.13386E-01 0.00000E+00 0.00000E+00 -.24993E+00      8198040   1/0.15100E+01
 0.57000E-01 0.37500E+01 0.32000E+00 0.13281E-01 0.23600E-02 0.23616E-02 0.13699E-01 0.13713E-01 0.00000E+00 0.00000E+00 -.18319E+00      8198040   1/0.37500E+01
 0.10000E+00 0.65800E+01 0.32000E+00 0.99977E-02 0.17446E-02 0.17467E-02 0.11703E-01 0.11719E-01 0.00000E+00 0.00000E+00 -.98671E+00      8198040   1/0.65800E+01
 0.16700E+00 0.10980E+02 0.32000E+00 0.10441E-01 0.17081E-02 0.17093E-02 0.84133E-02 0.84218E-02 0.00000E+00 0.00000E+00 0.11821E+01      8198040   1/0.10980E+02
 0.33600E+00 0.22100E+02 0.32000E+00 0.32361E-02 0.48833E-03 0.48875E-03 0.33424E-02 0.33459E-02 0.00000E+00 0.00000E+00 -.22476E+00      8198040   1/0.22100E+02
 0.23000E-01 0.26900E+01 0.57000E+00 0.20554E-01 0.33565E-02 0.33674E-02 0.14480E-01 0.14512E-01 0.00000E+00 0.00000E+00 0.18002E+01      8198040   2/0.26900E+01
 0.57000E-01 0.66800E+01 0.57000E+00 0.15214E-01 0.23977E-02 0.24007E-02 0.14823E-01 0.14842E-01 0.00000E+00 0.00000E+00 0.15503E+00      8198040   2/0.66800E+01
 0.10000E+00 0.11720E+02 0.57000E+00 0.10537E-01 0.15373E-02 0.15753E-02 0.12313E-01 0.12380E-01 0.00000E+00 0.00000E+00 -.11985E+01      8198040   2/0.11720E+02
 0.16700E+00 0.19570E+02 0.57000E+00 0.70096E-02 0.99256E-03 0.10035E-02 0.86019E-02 0.86318E-02 0.00000E+00 0.00000E+00 -.16344E+01      8198040   2/0.19570E+02
 0.33600E+00 0.39370E+02 0.57000E+00 0.32907E-02 0.49492E-03 0.49685E-03 0.33095E-02 0.33168E-02 0.00000E+00 0.00000E+00 -.52718E-01      8198040   2/0.39370E+02
 0.23000E-01 0.37600E+01 0.79500E+00 0.18709E-01 0.29654E-02 0.30226E-02 0.14341E-01 0.14415E-01 0.00000E+00 0.00000E+00 0.14479E+01      8198040   3/0.37600E+01
 0.57000E-01 0.93100E+01 0.79500E+00 0.17996E-01 0.26814E-02 0.26898E-02 0.14929E-01 0.14958E-01 0.00000E+00 0.00000E+00 0.11329E+01      8198040   3/0.93100E+01
 0.10000E+00 0.16340E+02 0.79500E+00 0.15104E-01 0.22747E-02 0.22822E-02 0.12327E-01 0.12352E-01 0.00000E+00 0.00000E+00 0.12100E+01      8198040   3/0.16340E+02
 0.16700E+00 0.27290E+02 0.79500E+00 0.10703E-01 0.17928E-02 0.18084E-02 0.85517E-02 0.85830E-02 0.00000E+00 0.00000E+00 0.11826E+01      8198040   3/0.27290E+02
 0.33600E+00 0.54910E+02 0.79500E+00 0.27486E-02 0.52113E-03 0.52259E-03 0.32262E-02 0.32338E-02 0.00000E+00 0.00000E+00 -.93096E+00      8198040   3/0.54910E+02
 0.23000E-01 0.29000E+01 0.32000E+00 0.19462E-01 0.34175E-02 0.34183E-02 0.18907E-01 0.18919E-01 0.00000E+00 0.00000E+00 0.15879E+00      8198040   1/0.29000E+01
 0.57000E-01 0.71900E+01 0.32000E+00 0.16984E-01 0.28109E-02 0.28597E-02 0.17302E-01 0.17390E-01 0.00000E+00 0.00000E+00 -.14446E+00      8198040   1/0.71900E+01
 0.10000E+00 0.12610E+02 0.32000E+00 0.13574E-01 0.21433E-02 0.21446E-02 0.13647E-01 0.13660E-01 0.00000E+00 0.00000E+00 -.39919E-01      8198040   1/0.12610E+02
 0.16700E+00 0.21060E+02 0.32000E+00 0.82124E-02 0.13033E-02 0.13040E-02 0.92010E-02 0.92090E-02 0.00000E+00 0.00000E+00 -.76467E+00      8198040   1/0.21060E+02
 0.33600E+00 0.42380E+02 0.32000E+00 0.36052E-02 0.53934E-03 0.54230E-03 0.34250E-02 0.34339E-02 0.00000E+00 0.00000E+00 0.31763E+00      8198040   1/0.42380E+02
 0.23000E-01 0.51700E+01 0.57000E+00 0.19392E-01 0.30484E-02 0.30497E-02 0.20556E-01 0.20571E-01 0.00000E+00 0.00000E+00 -.38673E+00      8198040   2/0.51700E+01
 0.57000E-01 0.12810E+02 0.57000E+00 0.20580E-01 0.33710E-02 0.33748E-02 0.18082E-01 0.18105E-01 0.00000E+00 0.00000E+00 0.73412E+00      8198040   2/0.12810E+02
 0.10000E+00 0.22470E+02 0.57000E+00 0.16947E-01 0.27725E-02 0.27739E-02 0.13856E-01 0.13867E-01 0.00000E+00 0.00000E+00 0.11108E+01      8198040   2/0.22470E+02
 0.16700E+00 0.37520E+02 0.57000E+00 0.11151E-01 0.18343E-02 0.18377E-02 0.91485E-02 0.91635E-02 0.00000E+00 0.00000E+00 0.10835E+01      8198040   2/0.37520E+02
 0.33600E+00 0.75490E+02 0.57000E+00 0.31584E-02 0.52050E-03 0.52107E-03 0.33040E-02 0.33082E-02 0.00000E+00 0.00000E+00 -.28784E+00      8198040   2/0.75490E+02
 0.23000E-01 0.72100E+01 0.79500E+00 0.18914E-01 0.28087E-02 0.28273E-02 0.20474E-01 0.20531E-01 0.00000E+00 0.00000E+00 -.57579E+00      8198040   3/0.72100E+01
 0.57000E-01 0.17860E+02 0.79500E+00 0.18276E-01 0.27834E-02 0.27858E-02 0.17917E-01 0.17935E-01 0.00000E+00 0.00000E+00 0.12245E+00      8198040   3/0.17860E+02
 0.10000E+00 0.31330E+02 0.79500E+00 0.12597E-01 0.20886E-02 0.20891E-02 0.13675E-01 0.13684E-01 0.00000E+00 0.00000E+00 -.52029E+00      8198040   3/0.31330E+02
 0.16700E+00 0.52330E+02 0.79500E+00 0.93690E-02 0.15421E-02 0.15425E-02 0.88600E-02 0.88654E-02 0.00000E+00 0.00000E+00 0.32658E+00      8198040   3/0.52330E+02
 0.33600E+00 0.10528E+03 0.79500E+00 0.26309E-02 0.46909E-03 0.47033E-03 0.32175E-02 0.32244E-02 0.00000E+00 0.00000E+00 -.12651E+01      8198040   3/0.10528E+03
 0.23000E-01 0.46000E+01 0.32000E+00 0.19693E-01 0.29815E-02 0.29822E-02 0.23414E-01 0.23427E-01 0.00000E+00 0.00000E+00 -.12522E+01      8198040   1/0.46000E+01
 0.57000E-01 0.11400E+02 0.32000E+00 0.20508E-01 0.32546E-02 0.32576E-02 0.19578E-01 0.19600E-01 0.00000E+00 0.00000E+00 0.27891E+00      8198040   1/0.11400E+02
 0.10000E+00 0.19990E+02 0.32000E+00 0.12755E-01 0.19885E-02 0.20002E-02 0.14656E-01 0.14696E-01 0.00000E+00 0.00000E+00 -.97631E+00      8198040   1/0.19990E+02
 0.16700E+00 0.33390E+02 0.32000E+00 0.77936E-02 0.11963E-02 0.11974E-02 0.95171E-02 0.95273E-02 0.00000E+00 0.00000E+00 -.14492E+01      8198040   1/0.33390E+02
 0.33600E+00 0.67170E+02 0.32000E+00 0.36311E-02 0.50981E-03 0.51118E-03 0.34009E-02 0.34067E-02 0.00000E+00 0.00000E+00 0.44017E+00      8198040   1/0.67170E+02
 0.23000E-01 0.81900E+01 0.57000E+00 0.20662E-01 0.34216E-02 0.34259E-02 0.24907E-01 0.24941E-01 0.00000E+00 0.00000E+00 -.12506E+01      8198040   2/0.81900E+01
 0.57000E-01 0.20300E+02 0.57000E+00 0.19249E-01 0.34032E-02 0.34039E-02 0.19913E-01 0.19925E-01 0.00000E+00 0.00000E+00 -.19851E+00      8198040   2/0.20300E+02
 0.10000E+00 0.35610E+02 0.57000E+00 0.17445E-01 0.30895E-02 0.32234E-02 0.14596E-01 0.14723E-01 0.00000E+00 0.00000E+00 0.88120E+00      8198040   2/0.35610E+02
 0.16700E+00 0.59470E+02 0.57000E+00 0.80688E-02 0.14282E-02 0.14289E-02 0.92988E-02 0.93074E-02 0.00000E+00 0.00000E+00 -.86727E+00      8198040   2/0.59470E+02
 0.33600E+00 0.11965E+03 0.57000E+00 0.32081E-02 0.54024E-03 0.56943E-03 0.32615E-02 0.32916E-02 0.00000E+00 0.00000E+00 -.15453E+00      8198040   2/0.11965E+03
 0.23000E-01 0.11420E+02 0.79500E+00 0.26459E-01 0.37387E-02 0.37478E-02 0.24651E-01 0.24691E-01 0.00000E+00 0.00000E+00 0.47294E+00      8198040   3/0.11420E+02
 0.57000E-01 0.28310E+02 0.79500E+00 0.22344E-01 0.34946E-02 0.34949E-02 0.19516E-01 0.19523E-01 0.00000E+00 0.00000E+00 0.80732E+00      8198040   3/0.28310E+02
 0.10000E+00 0.49670E+02 0.79500E+00 0.18419E-01 0.31091E-02 0.31096E-02 0.14304E-01 0.14311E-01 0.00000E+00 0.00000E+00 0.13212E+01      8198040   3/0.49670E+02
 0.16700E+00 0.82950E+02 0.79500E+00 0.10326E-01 0.17317E-02 0.17318E-02 0.90241E-02 0.90272E-02 0.00000E+00 0.00000E+00 0.75002E+00      8198040   3/0.82950E+02
 0.33600E+00 0.16688E+03 0.79500E+00 0.35612E-02 0.65134E-03 0.65171E-03 0.31681E-02 0.31712E-02 0.00000E+00 0.00000E+00 0.59871E+00      8198040   3/0.16688E+03
     2929597
 CCFR charm antineutrino                                                         
Plot1@Experiment:CCFR nuFe DIS@ExtraLabel:CCFR @XTitle: Q^2 @YTitle: d^2#sigma/dxdQ^2 @Title:y=0.324
Plot2@Experiment:CCFR nuFe DIS@ExtraLabel:CCFR @XTitle: Q^2 @YTitle: d^2#sigma/dxdQ^2 @Title:y=0.558
Plot3@Experiment:CCFR nuFe DIS@ExtraLabel:CCFR @XTitle: Q^2 @YTitle: d^2#sigma/dxdQ^2 @Title:y=0.771
 x           Q2          y              data      +- uncor     +- tot     th orig         th mod   therr+         therr-     pull    iset       iplot
 0.40000E-01 0.23400E+01 0.35600E+00 0.11577E-01 0.43622E-02 0.44100E-02 0.10362E-01 0.10457E-01 0.00000E+00 0.00000E+00 0.25672E+00      2929597   1/0.23400E+01
 0.68000E-01 0.39800E+01 0.35600E+00 0.11574E-01 0.40891E-02 0.40948E-02 0.93054E-02 0.93339E-02 0.00000E+00 0.00000E+00 0.54782E+00      2929597   1/0.39800E+01
 0.10900E+00 0.63700E+01 0.35600E+00 0.81187E-02 0.28724E-02 0.45750E-02 0.69537E-02 0.74558E-02 0.00000E+00 0.00000E+00 0.23079E+00      2929597   1/0.63700E+01
 0.20600E+00 0.12050E+02 0.35600E+00 0.32950E-02 0.11061E-02 0.11064E-02 0.28894E-02 0.28927E-02 0.00000E+00 0.00000E+00 0.36367E+00      2929597   1/0.12050E+02
 0.17000E-01 0.16600E+01 0.59600E+00 0.19136E-01 0.63723E-02 0.64522E-02 0.10474E-01 0.10565E-01 0.00000E+00 0.00000E+00 0.13450E+01      2929597   2/0.16600E+01
 0.40000E-01 0.39200E+01 0.59600E+00 0.18781E-01 0.60156E-02 0.60382E-02 0.11561E-01 0.11613E-01 0.00000E+00 0.00000E+00 0.11915E+01      2929597   2/0.39200E+01
 0.68000E-01 0.66600E+01 0.59600E+00 0.10747E-01 0.33541E-02 0.33715E-02 0.10337E-01 0.10391E-01 0.00000E+00 0.00000E+00 0.10608E+00      2929597   2/0.66600E+01
 0.10900E+00 0.10670E+02 0.59600E+00 0.11101E-01 0.35545E-02 0.37077E-02 0.76267E-02 0.77460E-02 0.00000E+00 0.00000E+00 0.94386E+00      2929597   2/0.10670E+02
 0.20600E+00 0.20170E+02 0.59600E+00 0.27832E-02 0.90092E-03 0.90321E-03 0.31156E-02 0.31274E-02 0.00000E+00 0.00000E+00 -.38210E+00      2929597   2/0.20170E+02
 0.17000E-01 0.22400E+01 0.80300E+00 0.16594E-01 0.59257E-02 0.61555E-02 0.10034E-01 0.10200E-01 0.00000E+00 0.00000E+00 0.10791E+01      2929597   3/0.22400E+01
 0.40000E-01 0.52800E+01 0.80300E+00 0.13198E-01 0.44517E-02 0.45713E-02 0.11732E-01 0.11884E-01 0.00000E+00 0.00000E+00 0.29517E+00      2929597   3/0.52800E+01
 0.68000E-01 0.89700E+01 0.80300E+00 0.13828E-01 0.48840E-02 0.49461E-02 0.10540E-01 0.10638E-01 0.00000E+00 0.00000E+00 0.65316E+00      2929597   3/0.89700E+01
 0.10900E+00 0.14380E+02 0.80300E+00 0.12902E-01 0.43996E-02 0.44243E-02 0.77609E-02 0.78072E-02 0.00000E+00 0.00000E+00 0.11580E+01      2929597   3/0.14380E+02
 0.20600E+00 0.27170E+02 0.80300E+00 0.42950E-02 0.16617E-02 0.16632E-02 0.31592E-02 0.31677E-02 0.00000E+00 0.00000E+00 0.67837E+00      2929597   3/0.27170E+02
 0.17000E-01 0.18300E+01 0.35600E+00 0.15856E-01 0.62171E-02 0.62362E-02 0.14853E-01 0.14928E-01 0.00000E+00 0.00000E+00 0.14925E+00      2929597   1/0.18300E+01
 0.40000E-01 0.43000E+01 0.35600E+00 0.18710E-01 0.65242E-02 0.66328E-02 0.14535E-01 0.14688E-01 0.00000E+00 0.00000E+00 0.61645E+00      2929597   1/0.43000E+01
 0.68000E-01 0.73100E+01 0.35600E+00 0.13568E-01 0.47569E-02 0.47800E-02 0.12196E-01 0.12265E-01 0.00000E+00 0.00000E+00 0.27383E+00      2929597   1/0.73100E+01
 0.10900E+00 0.11710E+02 0.35600E+00 0.94935E-02 0.32117E-02 0.32123E-02 0.86081E-02 0.86175E-02 0.00000E+00 0.00000E+00 0.27276E+00      2929597   1/0.11710E+02
 0.20600E+00 0.22130E+02 0.35600E+00 0.35326E-02 0.11467E-02 0.11642E-02 0.33514E-02 0.33829E-02 0.00000E+00 0.00000E+00 0.13059E+00      2929597   1/0.22130E+02
 0.17000E-01 0.30600E+01 0.59600E+00 0.20697E-01 0.73578E-02 0.74544E-02 0.16048E-01 0.16200E-01 0.00000E+00 0.00000E+00 0.61114E+00      2929597   2/0.30600E+01
 0.40000E-01 0.71900E+01 0.59600E+00 0.19754E-01 0.68704E-02 0.69586E-02 0.15673E-01 0.15817E-01 0.00000E+00 0.00000E+00 0.57299E+00      2929597   2/0.71900E+01
 0.68000E-01 0.12230E+02 0.59600E+00 0.14816E-01 0.52582E-02 0.53028E-02 0.12878E-01 0.12976E-01 0.00000E+00 0.00000E+00 0.34989E+00      2929597   2/0.12230E+02
 0.10900E+00 0.19600E+02 0.59600E+00 0.82731E-02 0.29345E-02 0.29359E-02 0.89275E-02 0.89435E-02 0.00000E+00 0.00000E+00 -.22847E+00      2929597   2/0.19600E+02
 0.20600E+00 0.37050E+02 0.59600E+00 0.28191E-02 0.96554E-03 0.96563E-03 0.34227E-02 0.34253E-02 0.00000E+00 0.00000E+00 -.62780E+00      2929597   2/0.37050E+02
 0.17000E-01 0.41200E+01 0.80300E+00 0.22068E-01 0.69691E-02 0.73222E-02 0.15831E-01 0.16097E-01 0.00000E+00 0.00000E+00 0.85684E+00      2929597   3/0.41200E+01
 0.40000E-01 0.96900E+01 0.80300E+00 0.20927E-01 0.71696E-02 0.73416E-02 0.15720E-01 0.15916E-01 0.00000E+00 0.00000E+00 0.69895E+00      2929597   3/0.96900E+01
 0.68000E-01 0.16480E+02 0.80300E+00 0.21953E-01 0.72906E-02 0.73314E-02 0.12862E-01 0.12937E-01 0.00000E+00 0.00000E+00 0.12367E+01      2929597   3/0.16480E+02
 0.10900E+00 0.26410E+02 0.80300E+00 0.94886E-02 0.33068E-02 0.33204E-02 0.88903E-02 0.89366E-02 0.00000E+00 0.00000E+00 0.16692E+00      2929597   3/0.26410E+02
 0.20600E+00 0.49920E+02 0.80300E+00 0.26998E-02 0.98381E-03 0.98498E-03 0.34005E-02 0.34104E-02 0.00000E+00 0.00000E+00 -.72234E+00      2929597   3/0.49920E+02
 0.17000E-01 0.30200E+01 0.35600E+00 0.30066E-01 0.96151E-02 0.96156E-02 0.19966E-01 0.19976E-01 0.00000E+00 0.00000E+00 0.10494E+01      2929597   1/0.30200E+01
 0.40000E-01 0.71100E+01 0.35600E+00 0.17382E-01 0.59342E-02 0.59371E-02 0.18025E-01 0.18057E-01 0.00000E+00 0.00000E+00 -.11368E+00      2929597   1/0.71100E+01
 0.68000E-01 0.12080E+02 0.35600E+00 0.17995E-01 0.57980E-02 0.57989E-02 0.14240E-01 0.14253E-01 0.00000E+00 0.00000E+00 0.64533E+00      2929597   1/0.12080E+02
 0.10900E+00 0.19370E+02 0.35600E+00 0.80892E-02 0.26266E-02 0.26274E-02 0.96034E-02 0.96162E-02 0.00000E+00 0.00000E+00 -.58137E+00      2929597   1/0.19370E+02
 0.20600E+00 0.36610E+02 0.35600E+00 0.20900E-02 0.66211E-03 0.68017E-03 0.35672E-02 0.36109E-02 0.00000E+00 0.00000E+00 -.22971E+01      2929597   1/0.36610E+02
 0.17000E-01 0.50600E+01 0.59600E+00 0.33289E-01 0.11914E-01 0.11974E-01 0.21373E-01 0.21499E-01 0.00000E+00 0.00000E+00 0.98957E+00      2929597   2/0.50600E+01
 0.40000E-01 0.11900E+02 0.59600E+00 0.21619E-01 0.79234E-02 0.79272E-02 0.18820E-01 0.18856E-01 0.00000E+00 0.00000E+00 0.34876E+00      2929597   2/0.11900E+02
 0.68000E-01 0.20230E+02 0.59600E+00 0.14596E-01 0.55976E-02 0.55990E-02 0.14528E-01 0.14549E-01 0.00000E+00 0.00000E+00 0.83179E-02      2929597   2/0.20230E+02
 0.10900E+00 0.32430E+02 0.59600E+00 0.11806E-01 0.45618E-02 0.45620E-02 0.96601E-02 0.96648E-02 0.00000E+00 0.00000E+00 0.46937E+00      2929597   2/0.32430E+02
 0.20600E+00 0.61290E+02 0.59600E+00 0.30451E-02 0.11273E-02 0.11274E-02 0.35018E-02 0.35040E-02 0.00000E+00 0.00000E+00 -.40711E+00      2929597   2/0.61290E+02
 0.17000E-01 0.68100E+01 0.80300E+00 0.28392E-01 0.83756E-02 0.87291E-02 0.21153E-01 0.21455E-01 0.00000E+00 0.00000E+00 0.82826E+00      2929597   3/0.68100E+01
 0.40000E-01 0.16030E+02 0.80300E+00 0.16954E-01 0.58000E-02 0.58387E-02 0.18604E-01 0.18725E-01 0.00000E+00 0.00000E+00 -.30537E+00      2929597   3/0.16030E+02
 0.68000E-01 0.27260E+02 0.80300E+00 0.88469E-02 0.33176E-02 0.33460E-02 0.14311E-01 0.14427E-01 0.00000E+00 0.00000E+00 -.16820E+01      2929597   3/0.27260E+02
 0.10900E+00 0.43690E+02 0.80300E+00 0.63465E-02 0.22866E-02 0.22964E-02 0.95092E-02 0.95615E-02 0.00000E+00 0.00000E+00 -.14060E+01      2929597   3/0.43690E+02
 0.20600E+00 0.82570E+02 0.80300E+00 0.30608E-02 0.11576E-02 0.11576E-02 0.34049E-02 0.34070E-02 0.00000E+00 0.00000E+00 -.29904E+00      2929597   3/0.82570E+02
     4632542
 NOMAD charm nu dsigma/dE                                                        
Plot1@Experiment:NOMAD@Title E:@XTitle:E [GeV] @YTitle:d#sigma/dnomad_var
 E           dummy       dummy          data      +- uncor     +- tot     th orig         th mod   therr+         therr-     pull    iset       iplot
 0.15910E+02 0.00000E+00 0.00000E+00 0.28070E+01 0.28700E+00 0.29947E+00 0.27436E+01 0.28386E+01 0.00000E+00 0.00000E+00 -.11027E+00      4632542   1/0.15910E+02
 0.24380E+02 0.00000E+00 0.00000E+00 0.41180E+01 0.27300E+00 0.29024E+00 0.38299E+01 0.39355E+01 0.00000E+00 0.00000E+00 0.66863E+00      4632542   1/0.24380E+02
 0.28850E+02 0.00000E+00 0.00000E+00 0.44890E+01 0.25700E+00 0.27525E+00 0.42615E+01 0.43810E+01 0.00000E+00 0.00000E+00 0.42042E+00      4632542   1/0.28850E+02
 0.32880E+02 0.00000E+00 0.00000E+00 0.48150E+01 0.23300E+00 0.25306E+00 0.45928E+01 0.47105E+01 0.00000E+00 0.00000E+00 0.44843E+00      4632542   1/0.32880E+02
 0.37310E+02 0.00000E+00 0.00000E+00 0.51130E+01 0.22700E+00 0.25080E+00 0.49088E+01 0.50368E+01 0.00000E+00 0.00000E+00 0.33553E+00      4632542   1/0.37310E+02
 0.41780E+02 0.00000E+00 0.00000E+00 0.54530E+01 0.24800E+00 0.26837E+00 0.51851E+01 0.53020E+01 0.00000E+00 0.00000E+00 0.60900E+00      4632542   1/0.41780E+02
 0.46230E+02 0.00000E+00 0.00000E+00 0.58070E+01 0.25900E+00 0.28364E+00 0.54309E+01 0.55208E+01 0.00000E+00 0.00000E+00 0.11052E+01      4632542   1/0.46230E+02
 0.51170E+02 0.00000E+00 0.00000E+00 0.60560E+01 0.26500E+00 0.28724E+00 0.56668E+01 0.57466E+01 0.00000E+00 0.00000E+00 0.11676E+01      4632542   1/0.51170E+02
 0.56730E+02 0.00000E+00 0.00000E+00 0.62270E+01 0.26900E+00 0.29235E+00 0.59106E+01 0.60052E+01 0.00000E+00 0.00000E+00 0.82451E+00      4632542   1/0.56730E+02
 0.62870E+02 0.00000E+00 0.00000E+00 0.63480E+01 0.26900E+00 0.29192E+00 0.61486E+01 0.62420E+01 0.00000E+00 0.00000E+00 0.39393E+00      4632542   1/0.62870E+02
 0.69700E+02 0.00000E+00 0.00000E+00 0.64250E+01 0.26600E+00 0.28754E+00 0.63843E+01 0.64683E+01 0.00000E+00 0.00000E+00 -.16265E+00      4632542   1/0.69700E+02
 0.77290E+02 0.00000E+00 0.00000E+00 0.68160E+01 0.26800E+00 0.29165E+00 0.66177E+01 0.67138E+01 0.00000E+00 0.00000E+00 0.38116E+00      4632542   1/0.77290E+02
 0.85780E+02 0.00000E+00 0.00000E+00 0.71210E+01 0.26000E+00 0.28492E+00 0.68472E+01 0.69290E+01 0.00000E+00 0.00000E+00 0.73851E+00      4632542   1/0.85780E+02
 0.95010E+02 0.00000E+00 0.00000E+00 0.73370E+01 0.25900E+00 0.28279E+00 0.70706E+01 0.71334E+01 0.00000E+00 0.00000E+00 0.78602E+00      4632542   1/0.95010E+02
 0.10540E+03 0.00000E+00 0.00000E+00 0.76600E+01 0.25500E+00 0.28309E+00 0.72916E+01 0.73600E+01 0.00000E+00 0.00000E+00 0.11763E+01      4632542   1/0.10540E+03
 0.11760E+03 0.00000E+00 0.00000E+00 0.78000E+01 0.26000E+00 0.28610E+00 0.75144E+01 0.75622E+01 0.00000E+00 0.00000E+00 0.91449E+00      4632542   1/0.11760E+03
 0.13300E+03 0.00000E+00 0.00000E+00 0.79890E+01 0.26700E+00 0.29920E+00 0.77588E+01 0.77556E+01 0.00000E+00 0.00000E+00 0.87410E+00      4632542   1/0.13300E+03
 0.15540E+03 0.00000E+00 0.00000E+00 0.83680E+01 0.27800E+00 0.31740E+00 0.80730E+01 0.80318E+01 0.00000E+00 0.00000E+00 0.12095E+01      4632542   1/0.15540E+03
 0.20550E+03 0.00000E+00 0.00000E+00 0.88590E+01 0.29200E+00 0.34951E+00 0.86192E+01 0.86686E+01 0.00000E+00 0.00000E+00 0.65210E+00      4632542   1/0.20550E+03
      653515
 NOMAD charm nu dsigma/dx                                                        
Plot1@Experiment:NOMAD@Title xbj:@XTitle:xbj @YTitle:d#sigma/dnomad_var
 x           dummy       dummy          data      +- uncor     +- tot     th orig         th mod   therr+         therr-     pull    iset       iplot
 0.26700E-01 0.00000E+00 0.00000E+00 0.13383E+02 0.44100E+00 0.52739E+00 0.13592E+02 0.13725E+02 0.00000E+00 0.00000E+00 -.77481E+00       653515   1/0.26700E-01
 0.44000E-01 0.00000E+00 0.00000E+00 0.11245E+02 0.38000E+00 0.43436E+00 0.11166E+02 0.11389E+02 0.00000E+00 0.00000E+00 -.37888E+00       653515   1/0.44000E-01
 0.59800E-01 0.00000E+00 0.00000E+00 0.99910E+01 0.34700E+00 0.40177E+00 0.98615E+01 0.10010E+02 0.00000E+00 0.00000E+00 -.53552E-01       653515   1/0.59800E-01
 0.75600E-01 0.00000E+00 0.00000E+00 0.91410E+01 0.32400E+00 0.37577E+00 0.89040E+01 0.90350E+01 0.00000E+00 0.00000E+00 0.32731E+00       653515   1/0.75600E-01
 0.91700E-01 0.00000E+00 0.00000E+00 0.81980E+01 0.29700E+00 0.34266E+00 0.81282E+01 0.82929E+01 0.00000E+00 0.00000E+00 -.31957E+00       653515   1/0.91700E-01
 0.11220E+00 0.00000E+00 0.00000E+00 0.71760E+01 0.22500E+00 0.26771E+00 0.73298E+01 0.74892E+01 0.00000E+00 0.00000E+00 -.13920E+01       653515   1/0.11220E+00
 0.13890E+00 0.00000E+00 0.00000E+00 0.62290E+01 0.19500E+00 0.22827E+00 0.65094E+01 0.66471E+01 0.00000E+00 0.00000E+00 -.21440E+01       653515   1/0.13890E+00
 0.16990E+00 0.00000E+00 0.00000E+00 0.54270E+01 0.17100E+00 0.20139E+00 0.57642E+01 0.58361E+01 0.00000E+00 0.00000E+00 -.23923E+01       653515   1/0.16990E+00
 0.20660E+00 0.00000E+00 0.00000E+00 0.48370E+01 0.15100E+00 0.17734E+00 0.50715E+01 0.51340E+01 0.00000E+00 0.00000E+00 -.19670E+01       653515   1/0.20660E+00
 0.25240E+00 0.00000E+00 0.00000E+00 0.42350E+01 0.13300E+00 0.15700E+00 0.43866E+01 0.44428E+01 0.00000E+00 0.00000E+00 -.15621E+01       653515   1/0.25240E+00
 0.31650E+00 0.00000E+00 0.00000E+00 0.35950E+01 0.11300E+00 0.13431E+00 0.36419E+01 0.37042E+01 0.00000E+00 0.00000E+00 -.96663E+00       653515   1/0.31650E+00
 0.40360E+00 0.00000E+00 0.00000E+00 0.29550E+01 0.11100E+00 0.12744E+00 0.28553E+01 0.29382E+01 0.00000E+00 0.00000E+00 0.15166E+00       653515   1/0.40360E+00
 0.51160E+00 0.00000E+00 0.00000E+00 0.23550E+01 0.12000E+00 0.13226E+00 0.20858E+01 0.21601E+01 0.00000E+00 0.00000E+00 0.16244E+01       653515   1/0.51160E+00
 0.64650E+00 0.00000E+00 0.00000E+00 0.16070E+01 0.15000E+00 0.15735E+00 0.13580E+01 0.14215E+01 0.00000E+00 0.00000E+00 0.12365E+01       653515   1/0.64650E+00
     4091654
 NOMAD charm nu dsigma/dsqrtshat                                                 
Plot1@Experiment:NOMAD@Title sqrts:@XTitle:sqrts @YTitle:d#sigma/dnomad_var
 sqrtshat    dummy       dummy          data      +- uncor     +- tot     th orig         th mod   therr+         therr-     pull    iset       iplot
 0.34400E+01 0.00000E+00 0.00000E+00 0.36200E+01 0.36000E+00 0.37266E+00 0.33809E+01 0.34851E+01 0.00000E+00 0.00000E+00 0.37478E+00      4091654   1/0.34400E+01
 0.42130E+01 0.00000E+00 0.00000E+00 0.51480E+01 0.30400E+00 0.33223E+00 0.43319E+01 0.44901E+01 0.00000E+00 0.00000E+00 0.21642E+01      4091654   1/0.42130E+01
 0.48970E+01 0.00000E+00 0.00000E+00 0.56000E+01 0.23800E+00 0.27768E+00 0.50583E+01 0.52246E+01 0.00000E+00 0.00000E+00 0.15772E+01      4091654   1/0.48970E+01
 0.55090E+01 0.00000E+00 0.00000E+00 0.60410E+01 0.23900E+00 0.27936E+00 0.56532E+01 0.58074E+01 0.00000E+00 0.00000E+00 0.97753E+00      4091654   1/0.55090E+01
 0.60350E+01 0.00000E+00 0.00000E+00 0.65230E+01 0.24400E+00 0.28442E+00 0.61334E+01 0.62748E+01 0.00000E+00 0.00000E+00 0.10171E+01      4091654   1/0.60350E+01
 0.65430E+01 0.00000E+00 0.00000E+00 0.68150E+01 0.23900E+00 0.27890E+00 0.65680E+01 0.66940E+01 0.00000E+00 0.00000E+00 0.50610E+00      4091654   1/0.65430E+01
 0.70490E+01 0.00000E+00 0.00000E+00 0.71900E+01 0.25100E+00 0.28835E+00 0.69667E+01 0.70820E+01 0.00000E+00 0.00000E+00 0.43020E+00      4091654   1/0.70490E+01
 0.75670E+01 0.00000E+00 0.00000E+00 0.75070E+01 0.26000E+00 0.29619E+00 0.73347E+01 0.74369E+01 0.00000E+00 0.00000E+00 0.26966E+00      4091654   1/0.75670E+01
 0.81100E+01 0.00000E+00 0.00000E+00 0.77380E+01 0.26400E+00 0.29650E+00 0.76691E+01 0.77413E+01 0.00000E+00 0.00000E+00 -.12662E-01      4091654   1/0.81100E+01
 0.86830E+01 0.00000E+00 0.00000E+00 0.81870E+01 0.27800E+00 0.31324E+00 0.79782E+01 0.80480E+01 0.00000E+00 0.00000E+00 0.50011E+00      4091654   1/0.86830E+01
 0.93750E+01 0.00000E+00 0.00000E+00 0.84750E+01 0.25900E+00 0.29467E+00 0.83393E+01 0.83779E+01 0.00000E+00 0.00000E+00 0.37485E+00      4091654   1/0.93750E+01
 0.10240E+02 0.00000E+00 0.00000E+00 0.85830E+01 0.26100E+00 0.29391E+00 0.87577E+01 0.87603E+01 0.00000E+00 0.00000E+00 -.67919E+00      4091654   1/0.10240E+02
 0.11300E+02 0.00000E+00 0.00000E+00 0.91420E+01 0.27400E+00 0.31143E+00 0.93138E+01 0.92524E+01 0.00000E+00 0.00000E+00 -.40276E+00      4091654   1/0.11300E+02
 0.12820E+02 0.00000E+00 0.00000E+00 0.97130E+01 0.28900E+00 0.33967E+00 0.10209E+02 0.10044E+02 0.00000E+00 0.00000E+00 -.11451E+01      4091654   1/0.12820E+02
 0.15390E+02 0.00000E+00 0.00000E+00 0.10373E+02 0.43500E+00 0.51760E+00 0.11648E+02 0.11255E+02 0.00000E+00 0.00000E+00 -.20269E+01      4091654   1/0.15390E+02
     4594218
 CHORUS charm                                                                    
Plot1@Experiment:CHORUS nu DIS@ExtraLabel: @XTitle: beam energy [GeV] @YTitle: #sigma_{charm}/#sigma_{CC}
 E           dummy       dummy          data      +- uncor     +- tot     th orig         th mod   therr+         therr-     pull    iset       iplot
 0.12000E+02 0.00000E+00 0.00000E+00 0.27600E-01 0.39000E-02 0.39000E-02 0.29236E-01 0.29236E-01 0.00000E+00 0.00000E+00 -.41944E+00      4594218   1/0.12000E+02
 0.23000E+02 0.00000E+00 0.00000E+00 0.45800E-01 0.27000E-02 0.27000E-02 0.46983E-01 0.46983E-01 0.00000E+00 0.00000E+00 -.43833E+00      4594218   1/0.23000E+02
 0.42000E+02 0.00000E+00 0.00000E+00 0.69200E-01 0.37000E-02 0.37000E-02 0.62188E-01 0.62188E-01 0.00000E+00 0.00000E+00 0.18951E+01      4594218   1/0.42000E+02
 0.74000E+02 0.00000E+00 0.00000E+00 0.81700E-01 0.63000E-02 0.63000E-02 0.75305E-01 0.75305E-01 0.00000E+00 0.00000E+00 0.10151E+01      4594218   1/0.74000E+02
 0.10400E+03 0.00000E+00 0.00000E+00 0.98700E-01 0.10600E-01 0.10600E-01 0.82704E-01 0.82704E-01 0.00000E+00 0.00000E+00 0.15091E+01      4594218   1/0.10400E+03
 0.15100E+03 0.00000E+00 0.00000E+00 0.98300E-01 0.12200E-01 0.12200E-01 0.90319E-01 0.90319E-01 0.00000E+00 0.00000E+00 0.65414E+00      4594218   1/0.15100E+03
     4632868
 CMS W+ cross section 8 TeV                                                      
Plot1@Experiment:CMS@Title:W^{+} (muons)  #sqrt{s} = 8 TeV@XTitle:Muon |#eta| @YTitle:d#sigma^{+}/d#eta [pb]
 eta1        eta2        dummy          data      +- uncor     +- tot     th orig         th mod   therr+         therr-     pull    iset       iplot
 0.00000E+00 0.20000E+00 0.00000E+00 0.74374E+03 0.70000E+00 0.20374E+02 0.74718E+03 0.74403E+03 0.00000E+00 0.00000E+00 -.41925E+00      4632868   1/0.20000E+00
 0.20000E+00 0.40000E+00 0.00000E+00 0.74955E+03 0.70000E+00 0.21003E+02 0.74891E+03 0.74939E+03 0.00000E+00 0.00000E+00 0.23053E+00      4632868   1/0.40000E+00
 0.40000E+00 0.60000E+00 0.00000E+00 0.75189E+03 0.70000E+00 0.20801E+02 0.75175E+03 0.75180E+03 0.00000E+00 0.00000E+00 0.12157E+00      4632868   1/0.60000E+00
 0.60000E+00 0.80000E+00 0.00000E+00 0.75505E+03 0.70000E+00 0.20854E+02 0.75596E+03 0.75506E+03 0.00000E+00 0.00000E+00 -.19952E-01      4632868   1/0.80000E+00
 0.80000E+00 0.10000E+01 0.00000E+00 0.76189E+03 0.70000E+00 0.21159E+02 0.76128E+03 0.76183E+03 0.00000E+00 0.00000E+00 0.80800E-01      4632868   1/0.10000E+01
 0.10000E+01 0.12000E+01 0.00000E+00 0.76597E+03 0.70000E+00 0.20722E+02 0.76643E+03 0.76612E+03 0.00000E+00 0.00000E+00 -.21763E+00      4632868   1/0.12000E+01
 0.12000E+01 0.14000E+01 0.00000E+00 0.77437E+03 0.70000E+00 0.20938E+02 0.77229E+03 0.77416E+03 0.00000E+00 0.00000E+00 0.30176E+00      4632868   1/0.14000E+01
 0.14000E+01 0.16000E+01 0.00000E+00 0.77455E+03 0.70000E+00 0.21003E+02 0.77591E+03 0.77472E+03 0.00000E+00 0.00000E+00 -.24170E+00      4632868   1/0.16000E+01
 0.16000E+01 0.18500E+01 0.00000E+00 0.77636E+03 0.70000E+00 0.21324E+02 0.77672E+03 0.77645E+03 0.00000E+00 0.00000E+00 -.12722E+00      4632868   1/0.18500E+01
 0.18500E+01 0.21000E+01 0.00000E+00 0.77110E+03 0.60000E+00 0.21492E+02 0.76759E+03 0.77101E+03 0.00000E+00 0.00000E+00 0.14977E+00      4632868   1/0.21000E+01
 0.21000E+01 0.24000E+01 0.00000E+00 0.74830E+03 0.70000E+00 0.26588E+02 0.73968E+03 0.74801E+03 0.00000E+00 0.00000E+00 0.41579E+00      4632868   1/0.24000E+01
     2148460
 CMS W- cross section 8 TeV                                                      
Plot1@Experiment:CMS@Title:W^{-} (muons)  #sqrt{s} = 8 TeV@XTitle:Muon |#eta| @YTitle:d#sigma^{-}/d#eta [pb]
 eta1        eta2        dummy          data      +- uncor     +- tot     th orig         th mod   therr+         therr-     pull    iset       iplot
 0.00000E+00 0.20000E+00 0.00000E+00 0.56902E+03 0.60000E+00 0.15733E+02 0.57196E+03 0.56921E+03 0.00000E+00 0.00000E+00 -.31360E+00      2148460   1/0.20000E+00
 0.20000E+00 0.40000E+00 0.00000E+00 0.56889E+03 0.60000E+00 0.16102E+02 0.56979E+03 0.56886E+03 0.00000E+00 0.00000E+00 0.51491E-01      2148460   1/0.40000E+00
 0.40000E+00 0.60000E+00 0.00000E+00 0.56410E+03 0.60000E+00 0.15805E+02 0.56481E+03 0.56404E+03 0.00000E+00 0.00000E+00 0.10279E+00      2148460   1/0.60000E+00
 0.60000E+00 0.80000E+00 0.00000E+00 0.55606E+03 0.60000E+00 0.15536E+02 0.55783E+03 0.55612E+03 0.00000E+00 0.00000E+00 -.97110E-01      2148460   1/0.80000E+00
 0.80000E+00 0.10000E+01 0.00000E+00 0.54959E+03 0.60000E+00 0.15313E+02 0.54849E+03 0.54928E+03 0.00000E+00 0.00000E+00 0.52270E+00      2148460   1/0.10000E+01
 0.10000E+01 0.12000E+01 0.00000E+00 0.53570E+03 0.60000E+00 0.14653E+02 0.53673E+03 0.53568E+03 0.00000E+00 0.00000E+00 0.30431E-01      2148460   1/0.12000E+01
 0.12000E+01 0.14000E+01 0.00000E+00 0.52143E+03 0.60000E+00 0.14380E+02 0.52374E+03 0.52166E+03 0.00000E+00 0.00000E+00 -.38730E+00      2148460   1/0.14000E+01
 0.14000E+01 0.16000E+01 0.00000E+00 0.50834E+03 0.60000E+00 0.14069E+02 0.50853E+03 0.50817E+03 0.00000E+00 0.00000E+00 0.28339E+00      2148460   1/0.16000E+01
 0.16000E+01 0.18500E+01 0.00000E+00 0.48774E+03 0.60000E+00 0.13753E+02 0.48994E+03 0.48790E+03 0.00000E+00 0.00000E+00 -.26559E+00      2148460   1/0.18500E+01
 0.18500E+01 0.21000E+01 0.00000E+00 0.46658E+03 0.60000E+00 0.13222E+02 0.46605E+03 0.46650E+03 0.00000E+00 0.00000E+00 0.13269E+00      2148460   1/0.21000E+01
 0.21000E+01 0.24000E+01 0.00000E+00 0.43982E+03 0.60000E+00 0.15544E+02 0.43829E+03 0.44011E+03 0.00000E+00 0.00000E+00 -.48829E+00      2148460   1/0.24000E+01
     6233874
 CMS W muon asymmetry                                                            
Plot1@Experiment:CMS@Title:W Muon Charge Asymmetry@XTitle:Muon |#eta| @YTitle:Charge asymmetry
 eta1        eta2        dummy          data      +- uncor     +- tot     th orig         th mod   therr+         therr-     pull    iset       iplot
 0.00000E+00 0.20000E+00 0.00000E+00 0.15210E+00 0.96000E-03 0.22445E-02 0.14980E+00 0.15180E+00 0.00000E+00 0.00000E+00 0.30949E+00      6233874   1/0.20000E+00
 0.20000E+00 0.40000E+00 0.00000E+00 0.15380E+00 0.98000E-03 0.23350E-02 0.15295E+00 0.15385E+00 0.00000E+00 0.00000E+00 -.51280E-01      6233874   1/0.40000E+00
 0.40000E+00 0.60000E+00 0.00000E+00 0.16030E+00 0.94000E-03 0.23606E-02 0.15940E+00 0.16041E+00 0.00000E+00 0.00000E+00 -.11434E+00      6233874   1/0.60000E+00
 0.60000E+00 0.80000E+00 0.00000E+00 0.17060E+00 0.93000E-03 0.23453E-02 0.16858E+00 0.17045E+00 0.00000E+00 0.00000E+00 0.15618E+00      6233874   1/0.80000E+00
 0.80000E+00 0.10000E+01 0.00000E+00 0.17880E+00 0.98000E-03 0.25753E-02 0.18058E+00 0.17937E+00 0.00000E+00 0.00000E+00 -.58190E+00      6233874   1/0.10000E+01
 0.10000E+01 0.12000E+01 0.00000E+00 0.20070E+00 0.99000E-03 0.27325E-02 0.19456E+00 0.19987E+00 0.00000E+00 0.00000E+00 0.84131E+00      6233874   1/0.12000E+01
 0.12000E+01 0.14000E+01 0.00000E+00 0.21130E+00 0.99000E-03 0.26954E-02 0.20991E+00 0.21134E+00 0.00000E+00 0.00000E+00 -.37894E-01      6233874   1/0.14000E+01
 0.14000E+01 0.16000E+01 0.00000E+00 0.22170E+00 0.99000E-03 0.26909E-02 0.22560E+00 0.22273E+00 0.00000E+00 0.00000E+00 -.10369E+01      6233874   1/0.16000E+01
 0.16000E+01 0.18500E+01 0.00000E+00 0.24610E+00 0.93000E-03 0.28225E-02 0.24212E+00 0.24575E+00 0.00000E+00 0.00000E+00 0.37638E+00      6233874   1/0.18500E+01
 0.18500E+01 0.21000E+01 0.00000E+00 0.26160E+00 0.94000E-03 0.27311E-02 0.25659E+00 0.26104E+00 0.00000E+00 0.00000E+00 0.60091E+00      6233874   1/0.21000E+01
 0.21000E+01 0.24000E+01 0.00000E+00 0.26490E+00 0.10600E-02 0.37895E-02 0.26134E+00 0.26473E+00 0.00000E+00 0.00000E+00 0.16160E+00      6233874   1/0.24000E+01
     9126956
 ATLAS W+ lepton pseudorapidity, 2010 data                                       
Plot1@Experiment:ATLAS@ExtraLabel:pp #rightarrow W^{+}; #sqrt{s} = 7 TeV @Title:2010 @XTitle: #eta_{l} @YTitle: d#sigma/d#eta [pb]
 eta1        eta2        dummy          data      +- uncor     +- tot     th orig         th mod   therr+         therr-     pull    iset       iplot
 0.00000E+00 0.21000E+00 0.00000E+00 0.60200E+03 0.92264E+01 0.23840E+02 0.61415E+03 0.61003E+03 0.00000E+00 0.00000E+00 -.87024E+00      9126956   1/0.00000E+00
 0.21000E+00 0.42000E+00 0.00000E+00 0.60267E+03 0.81760E+01 0.23161E+02 0.61623E+03 0.61228E+03 0.00000E+00 0.00000E+00 -.11757E+01      9126956   1/0.00000E+00
 0.42000E+00 0.63000E+00 0.00000E+00 0.62015E+03 0.81508E+01 0.23744E+02 0.61956E+03 0.61696E+03 0.00000E+00 0.00000E+00 0.39123E+00      9126956   1/0.00000E+00
 0.63000E+00 0.84000E+00 0.00000E+00 0.61469E+03 0.90149E+01 0.23923E+02 0.62451E+03 0.62115E+03 0.00000E+00 0.00000E+00 -.71621E+00      9126956   1/0.00000E+00
 0.84000E+00 0.10500E+01 0.00000E+00 0.64065E+03 0.91165E+01 0.24952E+02 0.63031E+03 0.62871E+03 0.00000E+00 0.00000E+00 0.13101E+01      9126956   1/0.00000E+00
 0.10500E+01 0.13700E+01 0.00000E+00 0.64721E+03 0.71180E+01 0.24370E+02 0.63795E+03 0.63442E+03 0.00000E+00 0.00000E+00 0.17971E+01      9126956   1/0.00000E+00
 0.13700E+01 0.15200E+01 0.00000E+00 0.63074E+03 0.11904E+02 0.26843E+02 0.64277E+03 0.63619E+03 0.00000E+00 0.00000E+00 -.45744E+00      9126956   1/0.00000E+00
 0.15200E+01 0.17400E+01 0.00000E+00 0.62917E+03 0.72305E+01 0.23712E+02 0.64404E+03 0.64081E+03 0.00000E+00 0.00000E+00 -.16101E+01      9126956   1/0.00000E+00
 0.17400E+01 0.19500E+01 0.00000E+00 0.64885E+03 0.80609E+01 0.24935E+02 0.63984E+03 0.63602E+03 0.00000E+00 0.00000E+00 0.15920E+01      9126956   1/0.00000E+00
 0.19500E+01 0.21800E+01 0.00000E+00 0.62813E+03 0.76266E+01 0.23908E+02 0.62635E+03 0.62214E+03 0.00000E+00 0.00000E+00 0.78599E+00      9126956   1/0.00000E+00
 0.21800E+01 0.25000E+01 0.00000E+00 0.57839E+03 0.76719E+01 0.22579E+02 0.58746E+03 0.58326E+03 0.00000E+00 0.00000E+00 -.63543E+00      9126956   1/0.00000E+00
     7446057
 ATLAS W- lepton pseudorapidity, 2010 data                                       
Plot1@Experiment:ATLAS@ExtraLabel:pp #rightarrow W^{-}; #sqrt{s} = 7 TeV @Title:2010 @XTitle: #eta_{l} @YTitle: d#sigma/d#eta [pb]
 eta1        eta2        dummy          data      +- uncor     +- tot     th orig         th mod   therr+         therr-     pull    iset       iplot
 0.00000E+00 0.21000E+00 0.00000E+00 0.44632E+03 0.77314E+01 0.17991E+02 0.45354E+03 0.45008E+03 0.00000E+00 0.00000E+00 -.48661E+00      7446057   1/0.00000E+00
 0.21000E+00 0.42000E+00 0.00000E+00 0.44026E+03 0.68784E+01 0.17424E+02 0.45167E+03 0.44817E+03 0.00000E+00 0.00000E+00 -.11500E+01      7446057   1/0.00000E+00
 0.42000E+00 0.63000E+00 0.00000E+00 0.45506E+03 0.68732E+01 0.17945E+02 0.44720E+03 0.44382E+03 0.00000E+00 0.00000E+00 0.16350E+01      7446057   1/0.00000E+00
 0.63000E+00 0.84000E+00 0.00000E+00 0.43981E+03 0.75495E+01 0.17770E+02 0.44085E+03 0.43803E+03 0.00000E+00 0.00000E+00 0.23624E+00      7446057   1/0.00000E+00
 0.84000E+00 0.10500E+01 0.00000E+00 0.42807E+03 0.73425E+01 0.17312E+02 0.43237E+03 0.42876E+03 0.00000E+00 0.00000E+00 -.94216E-01      7446057   1/0.00000E+00
 0.10500E+01 0.13700E+01 0.00000E+00 0.41889E+03 0.54680E+01 0.16306E+02 0.41917E+03 0.41581E+03 0.00000E+00 0.00000E+00 0.56285E+00      7446057   1/0.00000E+00
 0.13700E+01 0.15200E+01 0.00000E+00 0.38727E+03 0.86889E+01 0.17045E+02 0.40511E+03 0.40094E+03 0.00000E+00 0.00000E+00 -.15727E+01      7446057   1/0.00000E+00
 0.15200E+01 0.17400E+01 0.00000E+00 0.38403E+03 0.55667E+01 0.15275E+02 0.39292E+03 0.38877E+03 0.00000E+00 0.00000E+00 -.85188E+00      7446057   1/0.00000E+00
 0.17400E+01 0.19500E+01 0.00000E+00 0.37529E+03 0.58418E+01 0.15093E+02 0.37716E+03 0.37391E+03 0.00000E+00 0.00000E+00 0.23677E+00      7446057   1/0.00000E+00
 0.19500E+01 0.21800E+01 0.00000E+00 0.35739E+03 0.53544E+01 0.14320E+02 0.36005E+03 0.35666E+03 0.00000E+00 0.00000E+00 0.13616E+00      7446057   1/0.00000E+00
 0.21800E+01 0.25000E+01 0.00000E+00 0.33099E+03 0.53354E+01 0.13585E+02 0.33651E+03 0.33258E+03 0.00000E+00 0.00000E+00 -.29821E+00      7446057   1/0.00000E+00
     6408207
 ATLAS Z rapidity, 2010 data                                                     
Plot1@Experiment:ATLAS@ExtraLabel:pp #rightarrow Z; #sqrt{s} = 7 TeV@Title:2010 @XTitle: y_{Z} @YTitle: d#sigma/dy [pb] @Ylog
 eta1        eta2        dummy          data      +- uncor     +- tot     th orig         th mod   therr+         therr-     pull    iset       iplot
 0.00000E+00 0.40000E+00 0.00000E+00 0.12927E+03 0.20288E+01 0.50334E+01 0.12822E+03 0.12757E+03 0.00000E+00 0.00000E+00 0.83727E+00      6408207   1/0.40000E+00
 0.40000E+00 0.80000E+00 0.00000E+00 0.12944E+03 0.20072E+01 0.50345E+01 0.12727E+03 0.12652E+03 0.00000E+00 0.00000E+00 0.14566E+01      6408207   1/0.80000E+00
 0.80000E+00 0.12000E+01 0.00000E+00 0.12581E+03 0.19803E+01 0.48578E+01 0.12535E+03 0.12475E+03 0.00000E+00 0.00000E+00 0.53499E+00      6408207   1/0.12000E+01
 0.12000E+01 0.16000E+01 0.00000E+00 0.11823E+03 0.19731E+01 0.46240E+01 0.12231E+03 0.12127E+03 0.00000E+00 0.00000E+00 -.15389E+01      6408207   1/0.16000E+01
 0.16000E+01 0.20000E+01 0.00000E+00 0.11337E+03 0.22087E+01 0.46661E+01 0.11739E+03 0.11562E+03 0.00000E+00 0.00000E+00 -.10206E+01      6408207   1/0.20000E+01
 0.20000E+01 0.24000E+01 0.00000E+00 0.10526E+03 0.30698E+01 0.52482E+01 0.10930E+03 0.10640E+03 0.00000E+00 0.00000E+00 -.37064E+00      6408207   1/0.24000E+01
 0.24000E+01 0.28000E+01 0.00000E+00 0.92180E+02 0.46124E+01 0.65703E+01 0.95236E+02 0.92477E+02 0.00000E+00 0.00000E+00 -.64469E-01      6408207   1/0.28000E+01
 0.28000E+01 0.36000E+01 0.00000E+00 0.53380E+02 0.32410E+01 0.56831E+01 0.55911E+02 0.54009E+02 0.00000E+00 0.00000E+00 -.19400E+00      6408207   1/0.36000E+01
     5400464
 ATLAS Z, 2015 data, electron channel                                            
Plot1@Experiment:ATLAS@ExtraLabel:pp #rightarrow Z(el); #sqrt{s} = 13 TeV @Title:2015 @XTitle: @YTitle: #sigma [nb]
 final_state dummy       dummy          data      +- uncor     +- tot     th orig         th mod   therr+         therr-     pull    iset       iplot
 0.10000E+01 0.00000E+00 0.00000E+00 0.78100E+00 0.40000E-02 0.18552E-01 0.76296E+00 0.78020E+00 0.00000E+00 0.00000E+00 0.20056E+00      5400464   1/0.00000E+00
     4582259
 ATLAS W+, 2015 data, electron channel                                           
Plot1@Experiment:ATLAS@ExtraLabel:pp #rightarrow W^{+}(el); #sqrt{s} = 13 TeV @Title:2015 @XTitle: @YTitle: #sigma [nb]
 final_state dummy       dummy          data      +- uncor     +- tot     th orig         th mod   therr+         therr-     pull    iset       iplot
 0.10000E+01 0.00000E+00 0.00000E+00 0.46800E+01 0.21224E-01 0.13275E+00 0.45347E+01 0.46762E+01 0.00000E+00 0.00000E+00 0.17751E+00      4582259   1/0.00000E+00
     6066550
 ATLAS W-, 2015 data, electron channel                                           
Plot1@Experiment:ATLAS@ExtraLabel:pp #rightarrow W^{-}(el); #sqrt{s} = 13 TeV @Title:2015 @XTitle: @YTitle: #sigma [nb]
 final_state dummy       dummy          data      +- uncor     +- tot     th orig         th mod   therr+         therr-     pull    iset       iplot
 0.10000E+01 0.00000E+00 0.00000E+00 0.35800E+01 0.14675E-01 0.10200E+00 0.34663E+01 0.35800E+01 0.00000E+00 0.00000E+00 -.16415E-02      6066550   1/0.00000E+00
     3140863
 ATLAS Z, 2015 data, muon channel                                                
Plot1@Experiment:ATLAS@ExtraLabel:pp #rightarrow Z(mu); #sqrt{s} = 13 TeV @Title:2015 @XTitle: @YTitle: #sigma [nb]
 final_state dummy       dummy          data      +- uncor     +- tot     th orig         th mod   therr+         therr-     pull    iset       iplot
 0.10000E+01 0.00000E+00 0.00000E+00 0.77700E+00 0.40000E-02 0.18688E-01 0.76296E+00 0.77582E+00 0.00000E+00 0.00000E+00 0.29599E+00      3140863   1/0.00000E+00
     2322658
 ATLAS W+, 2015 data, muon channel                                               
Plot1@Experiment:ATLAS@ExtraLabel:pp #rightarrow W^{+}(mu); #sqrt{s} = 13 TeV @Title:2015 @XTitle: @YTitle: #sigma [nb]
 final_state dummy       dummy          data      +- uncor     +- tot     th orig         th mod   therr+         therr-     pull    iset       iplot
 0.10000E+01 0.00000E+00 0.00000E+00 0.45000E+01 0.13454E-01 0.12486E+00 0.45347E+01 0.45240E+01 0.00000E+00 0.00000E+00 -.17827E+01      2322658   1/0.00000E+00
     3806949
 ATLAS W-, 2015 data, muon channel                                               
Plot1@Experiment:ATLAS@ExtraLabel:pp #rightarrow W^{-}(mu); #sqrt{s} = 13 TeV @Title:2015 @XTitle: @YTitle: #sigma [nb]
 final_state dummy       dummy          data      +- uncor     +- tot     th orig         th mod   therr+         therr-     pull    iset       iplot
 0.10000E+01 0.00000E+00 0.00000E+00 0.34800E+01 0.12184E-01 0.98813E-01 0.34663E+01 0.34583E+01 0.00000E+00 0.00000E+00 0.17798E+01      3806949   1/0.00000E+00
     6883488
 LHCb W+ mu cross section 7 TeV                                                  
Plot1@Experiment:LHCb@Title:W+ (mu)  #sqrt{s} = 7 TeV@XTitle:Muon |#eta| @YTitle:d#sigma/d#eta [pb]
 eta1        eta2        dummy          data      +- uncor     +- tot     th orig         th mod   therr+         therr-     pull    iset       iplot
 0.20000E+01 0.22500E+01 0.00000E+00 0.76880E+03 0.47666E+01 0.21384E+02 0.77077E+03 0.77143E+03 0.00000E+00 0.00000E+00 -.55274E+00      6883488   1/0.22500E+01
 0.22500E+01 0.25000E+01 0.00000E+00 0.71520E+03 0.35760E+01 0.19402E+02 0.70815E+03 0.71601E+03 0.00000E+00 0.00000E+00 -.22719E+00      6883488   1/0.25000E+01
 0.25000E+01 0.27500E+01 0.00000E+00 0.61720E+03 0.32094E+01 0.15191E+02 0.61382E+03 0.61761E+03 0.00000E+00 0.00000E+00 -.12723E+00      6883488   1/0.27500E+01
 0.27500E+01 0.30000E+01 0.00000E+00 0.49120E+03 0.27998E+01 0.12094E+02 0.49619E+03 0.49392E+03 0.00000E+00 0.00000E+00 -.97030E+00      6883488   1/0.30000E+01
 0.30000E+01 0.32500E+01 0.00000E+00 0.37720E+03 0.24141E+01 0.94884E+01 0.36921E+03 0.37757E+03 0.00000E+00 0.00000E+00 -.15448E+00      6883488   1/0.32500E+01
 0.35000E+01 0.40000E+01 0.00000E+00 0.12000E+03 0.99600E+00 0.29016E+01 0.11713E+03 0.12031E+03 0.00000E+00 0.00000E+00 -.31020E+00      6883488   1/0.40000E+01
 0.40000E+01 0.45000E+01 0.00000E+00 0.28600E+02 0.80080E+00 0.12662E+01 0.26786E+02 0.28069E+02 0.00000E+00 0.00000E+00 0.66267E+00      6883488   1/0.45000E+01
     8564387
 LHCb W- mu cross section 7 TeV                                                  
Plot1@Experiment:LHCb@Title:W- (mu)  #sqrt{s} = 7 TeV@XTitle:Muon |#eta| @YTitle:d#sigma/d#eta [pb]
 eta1        eta2        dummy          data      +- uncor     +- tot     th orig         th mod   therr+         therr-     pull    iset       iplot
 0.20000E+01 0.22500E+01 0.00000E+00 0.44440E+03 0.35996E+01 0.12540E+02 0.44045E+03 0.44392E+03 0.00000E+00 0.00000E+00 0.13284E+00      8564387   1/0.22500E+01
 0.22500E+01 0.25000E+01 0.00000E+00 0.41960E+03 0.28113E+01 0.11557E+02 0.41587E+03 0.42011E+03 0.00000E+00 0.00000E+00 -.18013E+00      8564387   1/0.25000E+01
 0.25000E+01 0.27500E+01 0.00000E+00 0.38440E+03 0.28061E+01 0.94116E+01 0.38653E+03 0.38694E+03 0.00000E+00 0.00000E+00 -.90546E+00      8564387   1/0.27500E+01
 0.27500E+01 0.30000E+01 0.00000E+00 0.35360E+03 0.27934E+01 0.94974E+01 0.35292E+03 0.35392E+03 0.00000E+00 0.00000E+00 -.11502E+00      8564387   1/0.30000E+01
 0.30000E+01 0.32500E+01 0.00000E+00 0.32240E+03 0.23858E+01 0.87463E+01 0.31288E+03 0.32135E+03 0.00000E+00 0.00000E+00 0.43927E+00      8564387   1/0.32500E+01
 0.35000E+01 0.40000E+01 0.00000E+00 0.19180E+03 0.14001E+01 0.46064E+01 0.18238E+03 0.18990E+03 0.00000E+00 0.00000E+00 0.13540E+01      8564387   1/0.40000E+01
 0.40000E+01 0.45000E+01 0.00000E+00 0.87600E+02 0.16031E+01 0.33062E+01 0.80227E+02 0.85855E+02 0.00000E+00 0.00000E+00 0.10886E+01      8564387   1/0.45000E+01
     1923405
 LHCb Z mu cross section 7 TeV                                                   
Plot1@Experiment:LHCb@Title:Z (mu)  #sqrt{s} = 7 TeV@XTitle:Muon |#eta| @YTitle:d#sigma/d#eta [pb]
 eta1        eta2        dummy          data      +- uncor     +- tot     th orig         th mod   therr+         therr-     pull    iset       iplot
 0.20000E+01 0.21250E+01 0.00000E+00 0.77520E+01 0.31163E+00 0.43612E+00 0.72906E+01 0.75852E+01 0.00000E+00 0.00000E+00 0.53537E+00      1923405   1/0.21250E+01
 0.21250E+01 0.22500E+01 0.00000E+00 0.22720E+02 0.50438E+00 0.80750E+00 0.21184E+02 0.22136E+02 0.00000E+00 0.00000E+00 0.11584E+01      1923405   1/0.22500E+01
 0.22500E+01 0.23750E+01 0.00000E+00 0.35424E+02 0.61638E+00 0.11545E+01 0.33721E+02 0.35049E+02 0.00000E+00 0.00000E+00 0.60818E+00      1923405   1/0.23750E+01
 0.23750E+01 0.25000E+01 0.00000E+00 0.46584E+02 0.70342E+00 0.13062E+01 0.44690E+02 0.46116E+02 0.00000E+00 0.00000E+00 0.66565E+00      1923405   1/0.25000E+01
 0.25000E+01 0.26250E+01 0.00000E+00 0.55016E+02 0.75922E+00 0.14971E+01 0.53540E+02 0.55015E+02 0.00000E+00 0.00000E+00 0.17717E-02      1923405   1/0.26250E+01
 0.26250E+01 0.27500E+01 0.00000E+00 0.61352E+02 0.79758E+00 0.16256E+01 0.59890E+02 0.61511E+02 0.00000E+00 0.00000E+00 -.19936E+00      1923405   1/0.27500E+01
 0.27500E+01 0.28750E+01 0.00000E+00 0.66448E+02 0.83060E+00 0.17313E+01 0.63405E+02 0.65501E+02 0.00000E+00 0.00000E+00 0.11396E+01      1923405   1/0.28750E+01
 0.28750E+01 0.30000E+01 0.00000E+00 0.65928E+02 0.82410E+00 0.17095E+01 0.63888E+02 0.65710E+02 0.00000E+00 0.00000E+00 0.26424E+00      1923405   1/0.30000E+01
 0.30000E+01 0.31250E+01 0.00000E+00 0.62264E+02 0.79075E+00 0.16130E+01 0.61224E+02 0.62426E+02 0.00000E+00 0.00000E+00 -.20546E+00      1923405   1/0.31250E+01
 0.31250E+01 0.32500E+01 0.00000E+00 0.56752E+02 0.76615E+00 0.15032E+01 0.55166E+02 0.56562E+02 0.00000E+00 0.00000E+00 0.24852E+00      1923405   1/0.32500E+01
 0.32500E+01 0.33750E+01 0.00000E+00 0.47152E+02 0.69785E+00 0.12819E+01 0.45305E+02 0.46620E+02 0.00000E+00 0.00000E+00 0.76181E+00      1923405   1/0.33750E+01
 0.33750E+01 0.35000E+01 0.00000E+00 0.33280E+02 0.58240E+00 0.97585E+00 0.33384E+02 0.34041E+02 0.00000E+00 0.00000E+00 -.13073E+01      1923405   1/0.35000E+01
 0.35000E+01 0.36250E+01 0.00000E+00 0.23168E+02 0.48884E+00 0.73498E+00 0.22191E+02 0.22847E+02 0.00000E+00 0.00000E+00 0.65656E+00      1923405   1/0.36250E+01
 0.36250E+01 0.37500E+01 0.00000E+00 0.13928E+02 0.37606E+00 0.51323E+00 0.13017E+02 0.13463E+02 0.00000E+00 0.00000E+00 0.12358E+01      1923405   1/0.37500E+01
 0.37500E+01 0.38750E+01 0.00000E+00 0.66000E+01 0.25608E+00 0.31166E+00 0.64609E+01 0.66273E+01 0.00000E+00 0.00000E+00 -.10669E+00      1923405   1/0.38750E+01
 0.38750E+01 0.40000E+01 0.00000E+00 0.25680E+01 0.15999E+00 0.18172E+00 0.25550E+01 0.26156E+01 0.00000E+00 0.00000E+00 -.29757E+00      1923405   1/0.40000E+01
 0.40000E+01 0.42500E+01 0.00000E+00 0.46000E+00 0.51980E-01 0.57953E-01 0.43322E+00 0.42990E+00 0.00000E+00 0.00000E+00 0.57902E+00      1923405   1/0.42500E+01
      373578
 LHCb Z el cross section 8 TeV                                                   
Plot1@Experiment:LHCb@Title:Z (el)  #sqrt{s} = 8 TeV@XTitle:Muon |#eta| @YTitle:d#sigma/d#eta [pb]
 eta1        eta2        dummy          data      +- uncor     +- tot     th orig         th mod   therr+         therr-     pull    iset       iplot
 0.20000E+01 0.21250E+01 0.00000E+00 0.82700E+01 0.42518E+00 0.45861E+00 0.83227E+01 0.83751E+01 0.00000E+00 0.00000E+00 -.24721E+00       373578   1/0.21250E+01
 0.21250E+01 0.22500E+01 0.00000E+00 0.26170E+02 0.68829E+00 0.87171E+00 0.24257E+02 0.24407E+02 0.00000E+00 0.00000E+00 0.25611E+01       373578   1/0.22500E+01
 0.22500E+01 0.23750E+01 0.00000E+00 0.40290E+02 0.80542E+00 0.11293E+01 0.38781E+02 0.39011E+02 0.00000E+00 0.00000E+00 0.15875E+01       373578   1/0.23750E+01
 0.23750E+01 0.25000E+01 0.00000E+00 0.52160E+02 0.88877E+00 0.13620E+01 0.51714E+02 0.52024E+02 0.00000E+00 0.00000E+00 0.15327E+00       373578   1/0.25000E+01
 0.25000E+01 0.26250E+01 0.00000E+00 0.61920E+02 0.95014E+00 0.15846E+01 0.62469E+02 0.62857E+02 0.00000E+00 0.00000E+00 -.98572E+00       373578   1/0.26250E+01
 0.26250E+01 0.27500E+01 0.00000E+00 0.72320E+02 0.10351E+01 0.17488E+01 0.70652E+02 0.71068E+02 0.00000E+00 0.00000E+00 0.12092E+01       373578   1/0.27500E+01
 0.27500E+01 0.28750E+01 0.00000E+00 0.76290E+02 0.10850E+01 0.18407E+01 0.75903E+02 0.76351E+02 0.00000E+00 0.00000E+00 -.55929E-01       373578   1/0.28750E+01
 0.28750E+01 0.30000E+01 0.00000E+00 0.77670E+02 0.10977E+01 0.18699E+01 0.77943E+02 0.78403E+02 0.00000E+00 0.00000E+00 -.66765E+00       373578   1/0.30000E+01
 0.30000E+01 0.31250E+01 0.00000E+00 0.77720E+02 0.11540E+01 0.19043E+01 0.76587E+02 0.77039E+02 0.00000E+00 0.00000E+00 0.59057E+00       373578   1/0.31250E+01
 0.31250E+01 0.32500E+01 0.00000E+00 0.69580E+02 0.11389E+01 0.17710E+01 0.71269E+02 0.71690E+02 0.00000E+00 0.00000E+00 -.18523E+01       373578   1/0.32500E+01
 0.32500E+01 0.33750E+01 0.00000E+00 0.62030E+02 0.11318E+01 0.16696E+01 0.61125E+02 0.61491E+02 0.00000E+00 0.00000E+00 0.47635E+00       373578   1/0.33750E+01
 0.33750E+01 0.35000E+01 0.00000E+00 0.46260E+02 0.10282E+01 0.13680E+01 0.47736E+02 0.48018E+02 0.00000E+00 0.00000E+00 -.17095E+01       373578   1/0.35000E+01
 0.35000E+01 0.36250E+01 0.00000E+00 0.33490E+02 0.93464E+00 0.11491E+01 0.34255E+02 0.34462E+02 0.00000E+00 0.00000E+00 -.10404E+01       373578   1/0.36250E+01
 0.36250E+01 0.37500E+01 0.00000E+00 0.22810E+02 0.82628E+00 0.94411E+00 0.22276E+02 0.22411E+02 0.00000E+00 0.00000E+00 0.48259E+00       373578   1/0.37500E+01
 0.37500E+01 0.38750E+01 0.00000E+00 0.13560E+02 0.71987E+00 0.79055E+00 0.12733E+02 0.12825E+02 0.00000E+00 0.00000E+00 0.10207E+01       373578   1/0.38750E+01
 0.38750E+01 0.40000E+01 0.00000E+00 0.62800E+01 0.63530E+00 0.65335E+00 0.61385E+01 0.61834E+01 0.00000E+00 0.00000E+00 0.15202E+00       373578   1/0.40000E+01
 0.40000E+01 0.42500E+01 0.00000E+00 0.18500E+01 0.36679E+00 0.36950E+00 0.14712E+01 0.14818E+01 0.00000E+00 0.00000E+00 0.10037E+01       373578   1/0.42500E+01
     1374492
 LHCb W+ mu cross section 8 TeV                                                  
Plot1@Experiment:LHCb@Title:W+ (mu)  #sqrt{s} = 8 TeV@XTitle:Muon |#eta| @YTitle:d#sigma/d#eta [pb]
 eta1        eta2        dummy          data      +- uncor     +- tot     th orig         th mod   therr+         therr-     pull    iset       iplot
 0.22500E+01 0.25000E+01 0.00000E+00 0.83360E+03 0.35845E+01 0.15928E+02 0.82056E+03 0.83322E+03 0.00000E+00 0.00000E+00 0.10712E+00      1374492   1/0.25000E+01
 0.25000E+01 0.27500E+01 0.00000E+00 0.72800E+03 0.32032E+01 0.13573E+02 0.73363E+03 0.72920E+03 0.00000E+00 0.00000E+00 -.37394E+00      1374492   1/0.27500E+01
 0.27500E+01 0.30000E+01 0.00000E+00 0.61320E+03 0.28207E+01 0.11671E+02 0.61631E+03 0.61420E+03 0.00000E+00 0.00000E+00 -.35610E+00      1374492   1/0.30000E+01
 0.30000E+01 0.32500E+01 0.00000E+00 0.47800E+03 0.23900E+01 0.93265E+01 0.47913E+03 0.47867E+03 0.00000E+00 0.00000E+00 -.27915E+00      1374492   1/0.32500E+01
 0.32500E+01 0.35000E+01 0.00000E+00 0.33760E+03 0.19918E+01 0.67818E+01 0.34096E+03 0.33859E+03 0.00000E+00 0.00000E+00 -.49508E+00      1374492   1/0.35000E+01
 0.35000E+01 0.40000E+01 0.00000E+00 0.17280E+03 0.10022E+01 0.37445E+01 0.17351E+03 0.17278E+03 0.00000E+00 0.00000E+00 0.15824E-01      1374492   1/0.40000E+01
 0.40000E+01 0.45000E+01 0.00000E+00 0.46000E+02 0.80040E+00 0.17646E+01 0.45944E+02 0.45771E+02 0.00000E+00 0.00000E+00 0.28652E+00      1374492   1/0.45000E+01
     3055391
 LHCb W- mu cross section 8 TeV                                                  
Plot1@Experiment:LHCb@Title:W- (mu)  #sqrt{s} = 8 TeV@XTitle:Muon |#eta| @YTitle:d#sigma/d#eta [pb]
 eta1        eta2        dummy          data      +- uncor     +- tot     th orig         th mod   therr+         therr-     pull    iset       iplot
 0.22500E+01 0.25000E+01 0.00000E+00 0.47920E+03 0.27794E+01 0.92959E+01 0.47788E+03 0.47941E+03 0.00000E+00 0.00000E+00 -.75110E-01      3055391   1/0.25000E+01
 0.25000E+01 0.27500E+01 0.00000E+00 0.44240E+03 0.23890E+01 0.84641E+01 0.44610E+03 0.44320E+03 0.00000E+00 0.00000E+00 -.33594E+00      3055391   1/0.27500E+01
 0.27500E+01 0.30000E+01 0.00000E+00 0.40960E+03 0.24166E+01 0.80477E+01 0.41093E+03 0.40959E+03 0.00000E+00 0.00000E+00 0.30445E-02      3055391   1/0.30000E+01
 0.30000E+01 0.32500E+01 0.00000E+00 0.37000E+03 0.24050E+01 0.73947E+01 0.36986E+03 0.36972E+03 0.00000E+00 0.00000E+00 0.11700E+00      3055391   1/0.32500E+01
 0.32500E+01 0.35000E+01 0.00000E+00 0.31960E+03 0.20135E+01 0.61684E+01 0.31951E+03 0.31906E+03 0.00000E+00 0.00000E+00 0.26968E+00      3055391   1/0.35000E+01
 0.35000E+01 0.40000E+01 0.00000E+00 0.23860E+03 0.11930E+01 0.47193E+01 0.23225E+03 0.23826E+03 0.00000E+00 0.00000E+00 0.28738E+00      3055391   1/0.40000E+01
 0.40000E+01 0.45000E+01 0.00000E+00 0.12000E+03 0.14040E+01 0.38987E+01 0.11407E+03 0.11977E+03 0.00000E+00 0.00000E+00 0.16076E+00      3055391   1/0.45000E+01
     6414409
 LHCb Z mu cross section 8 TeV                                                   
Plot1@Experiment:LHCb@Title:Z (mu)  #sqrt{s} = 8 TeV@XTitle:Muon |#eta| @YTitle:d#sigma/d#eta [pb]
 eta1        eta2        dummy          data      +- uncor     +- tot     th orig         th mod   therr+         therr-     pull    iset       iplot
 0.20000E+01 0.21250E+01 0.00000E+00 0.97840E+01 0.26417E+00 0.53713E+00 0.83227E+01 0.94714E+01 0.00000E+00 0.00000E+00 0.11833E+01      6414409   1/0.21250E+01
 0.21250E+01 0.22500E+01 0.00000E+00 0.26104E+02 0.40722E+00 0.76152E+00 0.24257E+02 0.25544E+02 0.00000E+00 0.00000E+00 0.13754E+01      6414409   1/0.22500E+01
 0.22500E+01 0.23750E+01 0.00000E+00 0.39864E+02 0.49431E+00 0.96181E+00 0.38781E+02 0.39704E+02 0.00000E+00 0.00000E+00 0.32410E+00      6414409   1/0.23750E+01
 0.23750E+01 0.25000E+01 0.00000E+00 0.53752E+02 0.55902E+00 0.11892E+01 0.51714E+02 0.53132E+02 0.00000E+00 0.00000E+00 0.11094E+01      6414409   1/0.25000E+01
 0.25000E+01 0.26250E+01 0.00000E+00 0.64408E+02 0.60544E+00 0.13578E+01 0.62469E+02 0.63869E+02 0.00000E+00 0.00000E+00 0.89021E+00      6414409   1/0.26250E+01
 0.26250E+01 0.27500E+01 0.00000E+00 0.71736E+02 0.63128E+00 0.14622E+01 0.70652E+02 0.71753E+02 0.00000E+00 0.00000E+00 -.26981E-01      6414409   1/0.27500E+01
 0.27500E+01 0.28750E+01 0.00000E+00 0.76488E+02 0.65015E+00 0.15370E+01 0.75903E+02 0.76836E+02 0.00000E+00 0.00000E+00 -.53472E+00      6414409   1/0.28750E+01
 0.28750E+01 0.30000E+01 0.00000E+00 0.78576E+02 0.65218E+00 0.15515E+01 0.77943E+02 0.78906E+02 0.00000E+00 0.00000E+00 -.50666E+00      6414409   1/0.30000E+01
 0.30000E+01 0.31250E+01 0.00000E+00 0.77768E+02 0.64547E+00 0.15472E+01 0.76587E+02 0.77559E+02 0.00000E+00 0.00000E+00 0.32427E+00      6414409   1/0.31250E+01
 0.31250E+01 0.32500E+01 0.00000E+00 0.72240E+02 0.62126E+00 0.14505E+01 0.71269E+02 0.72127E+02 0.00000E+00 0.00000E+00 0.18166E+00      6414409   1/0.32500E+01
 0.32500E+01 0.33750E+01 0.00000E+00 0.61984E+02 0.57645E+00 0.13082E+01 0.61125E+02 0.61907E+02 0.00000E+00 0.00000E+00 0.13386E+00      6414409   1/0.33750E+01
 0.33750E+01 0.35000E+01 0.00000E+00 0.48472E+02 0.50411E+00 0.10284E+01 0.47736E+02 0.48334E+02 0.00000E+00 0.00000E+00 0.27423E+00      6414409   1/0.35000E+01
 0.35000E+01 0.36250E+01 0.00000E+00 0.35080E+02 0.43148E+00 0.78768E+00 0.34255E+02 0.34772E+02 0.00000E+00 0.00000E+00 0.71427E+00      6414409   1/0.36250E+01
 0.36250E+01 0.37500E+01 0.00000E+00 0.21792E+02 0.33560E+00 0.53469E+00 0.22276E+02 0.22318E+02 0.00000E+00 0.00000E+00 -.15664E+01      6414409   1/0.37500E+01
 0.37500E+01 0.38750E+01 0.00000E+00 0.12672E+02 0.25597E+00 0.36744E+00 0.12733E+02 0.12817E+02 0.00000E+00 0.00000E+00 -.56475E+00      6414409   1/0.38750E+01
 0.38750E+01 0.40000E+01 0.00000E+00 0.59920E+01 0.17616E+00 0.22487E+00 0.61385E+01 0.61563E+01 0.00000E+00 0.00000E+00 -.93254E+00      6414409   1/0.40000E+01
 0.40000E+01 0.42500E+01 0.00000E+00 0.15320E+01 0.64038E-01 0.75058E-01 0.14712E+01 0.14830E+01 0.00000E+00 0.00000E+00 0.76558E+00      6414409   1/0.42500E+01
 0.42500E+01 0.45000E+01 0.00000E+00 0.44000E-01 0.11999E-01 0.12648E-01 0.55346E-01 0.53173E-01 0.00000E+00 0.00000E+00 -.76453E+00      6414409   1/0.45000E+01
     1672102
 D0 W->mu nu lepton asymmetry ptl > 25 GeV                                       
Plot1@Experiment:D0@ExtraLabel:p#bar{p} #rightarrow W #rightarrow #mu#nu; #sqrt{s} = 1.96 TeV; #int L = 7.3 fb^{-1}@Title: p_{T}^{#mu} > 25 GeV @XTitle: |#eta_{#mu}| @YTitle: A_{#eta_{#mu}} [%]
 eta1        eta2        dummy          data      +- uncor     +- tot     th orig         th mod   therr+         therr-     pull    iset       iplot
 0.00000E+00 0.20000E+00 0.00000E+00 0.21300E+01 0.17000E+00 0.20833E+00 0.19582E+01 0.19959E+01 0.00000E+00 0.00000E+00 0.78884E+00      1672102   1/0.00000E+00
 0.20000E+00 0.40000E+00 0.00000E+00 0.54600E+01 0.18000E+00 0.25959E+00 0.56501E+01 0.57023E+01 0.00000E+00 0.00000E+00 -.13459E+01      1672102   1/0.00000E+00
 0.40000E+00 0.60000E+00 0.00000E+00 0.91100E+01 0.18000E+00 0.24898E+00 0.91447E+01 0.91911E+01 0.00000E+00 0.00000E+00 -.45053E+00      1672102   1/0.00000E+00
 0.60000E+00 0.80000E+00 0.00000E+00 0.12410E+02 0.18000E+00 0.28289E+00 0.12179E+02 0.12249E+02 0.00000E+00 0.00000E+00 0.89588E+00      1672102   1/0.00000E+00
 0.80000E+00 0.10000E+01 0.00000E+00 0.14150E+02 0.19000E+00 0.27306E+00 0.14505E+02 0.14555E+02 0.00000E+00 0.00000E+00 -.21318E+01      1672102   1/0.00000E+00
 0.10000E+01 0.12000E+01 0.00000E+00 0.16130E+02 0.16000E+00 0.38561E+00 0.16092E+02 0.16210E+02 0.00000E+00 0.00000E+00 -.49934E+00      1672102   1/0.00000E+00
 0.12000E+01 0.14000E+01 0.00000E+00 0.16620E+02 0.14000E+00 0.30313E+00 0.16409E+02 0.16505E+02 0.00000E+00 0.00000E+00 0.81798E+00      1672102   1/0.00000E+00
 0.14000E+01 0.16000E+01 0.00000E+00 0.15470E+02 0.16000E+00 0.31439E+00 0.15110E+02 0.15221E+02 0.00000E+00 0.00000E+00 0.15568E+01      1672102   1/0.00000E+00
 0.16000E+01 0.18000E+01 0.00000E+00 0.11060E+02 0.70000E+00 0.79885E+00 0.11890E+02 0.12050E+02 0.00000E+00 0.00000E+00 -.14147E+01      1672102   1/0.00000E+00
 0.18000E+01 0.20000E+01 0.00000E+00 0.76400E+01 0.10700E+01 0.11503E+01 0.65271E+01 0.66942E+01 0.00000E+00 0.00000E+00 0.88392E+00      1672102   1/0.00000E+00
     4558865
 D0 W el nu lepton asymmetry ptl 25 GeV                                          
Plot1@Experiment:D0@ExtraLabel:p#bar{p} #rightarrow W #rightarrow e#nu; #sqrt{s} = 1.96 TeV; #int L = 9.7 fb^{-1}@Title: p_{T}^{e} > 25 GeV @XTitle: |#eta_{e}| @YTitle: A_{#eta_{e}} [%]
 eta1        eta2        dummy          data      +- uncor     +- tot     th orig         th mod   therr+         therr-     pull    iset       iplot
 0.00000E+00 0.20000E+00 0.00000E+00 0.21000E+01 0.15635E+00 0.16114E+00 0.19582E+01 0.19325E+01 0.00000E+00 0.00000E+00 0.10713E+01      4558865   1/0.00000E+00
 0.20000E+00 0.40000E+00 0.00000E+00 0.52300E+01 0.14907E+00 0.17832E+00 0.56501E+01 0.55782E+01 0.00000E+00 0.00000E+00 -.23361E+01      4558865   1/0.00000E+00
 0.40000E+00 0.60000E+00 0.00000E+00 0.91600E+01 0.15260E+00 0.20946E+00 0.91447E+01 0.90435E+01 0.00000E+00 0.00000E+00 0.76367E+00      4558865   1/0.00000E+00
 0.60000E+00 0.80000E+00 0.00000E+00 0.11970E+02 0.15255E+00 0.27760E+00 0.12179E+02 0.12043E+02 0.00000E+00 0.00000E+00 -.47891E+00      4558865   1/0.00000E+00
 0.80000E+00 0.10000E+01 0.00000E+00 0.14520E+02 0.16983E+00 0.34474E+00 0.14505E+02 0.14332E+02 0.00000E+00 0.00000E+00 0.11087E+01      4558865   1/0.00000E+00
 0.10000E+01 0.12000E+01 0.00000E+00 0.15590E+02 0.25311E+00 0.44782E+00 0.16092E+02 0.15858E+02 0.00000E+00 0.00000E+00 -.10598E+01      4558865   1/0.00000E+00
 0.12000E+01 0.16000E+01 0.00000E+00 0.15370E+02 0.70247E+00 0.90647E+00 0.15793E+02 0.15412E+02 0.00000E+00 0.00000E+00 -.59975E-01      4558865   1/0.00000E+00
 0.16000E+01 0.18000E+01 0.00000E+00 0.11050E+02 0.36006E+00 0.57589E+00 0.11890E+02 0.11527E+02 0.00000E+00 0.00000E+00 -.13257E+01      4558865   1/0.00000E+00
 0.18000E+01 0.20000E+01 0.00000E+00 0.66600E+01 0.12256E+01 0.13043E+01 0.65271E+01 0.61760E+01 0.00000E+00 0.00000E+00 0.39488E+00      4558865   1/0.00000E+00
 0.20000E+01 0.22000E+01 0.00000E+00 -.15500E+01 0.71681E+00 -.81041E+00 -.99992E+00 -.12828E+01 0.00000E+00 0.00000E+00 -.37280E+00      4558865   1/0.00000E+00
 0.22000E+01 0.24000E+01 0.00000E+00 -.99700E+01 0.10634E+01 -.11271E+01 -.10268E+02 -.10555E+02 0.00000E+00 0.00000E+00 0.55005E+00      4558865   1/0.00000E+00
 0.24000E+01 0.27000E+01 0.00000E+00 -.19100E+02 0.11317E+01 -.12291E+01 -.22711E+02 -.23082E+02 0.00000E+00 0.00000E+00 0.35187E+01      4558865   1/0.00000E+00
 0.27000E+01 0.32000E+01 0.00000E+00 -.39970E+02 0.23569E+01 -.24205E+01 -.41368E+02 -.41718E+02 0.00000E+00 0.00000E+00 0.74155E+00      4558865   1/0.00000E+00
     2165346
 E866, high mass                                                                 
Plot1@Experiment:E866@ExtraLabel:pp, pd->#mu#mu high mass; E_0= 800GeV; high mass@Title: 4.5 < M_{#mu#mu} < 9.0; 10.7 < M_{#mu#mu} @XTitle: x2 @YTitle: #sigma^{pd}/2/#sigma{pp}
 x2_1        x2_2        dummy          data      +- uncor     +- tot     th orig         th mod   therr+         therr-     pull    iset       iplot
 0.15000E-01 0.30000E-01 0.00000E+00 0.10290E+01 0.40000E-01 0.41223E-01 0.10356E+01 0.10320E+01 0.00000E+00 0.00000E+00 -.75530E-01      2165346   1/0.00000E+00
 0.30000E-01 0.45000E-01 0.00000E+00 0.10500E+01 0.18000E-01 0.20675E-01 0.10666E+01 0.10629E+01 0.00000E+00 0.00000E+00 -.71810E+00      2165346   1/0.00000E+00
 0.45000E-01 0.60000E-01 0.00000E+00 0.10750E+01 0.16000E-01 0.19090E-01 0.10924E+01 0.10887E+01 0.00000E+00 0.00000E+00 -.85550E+00      2165346   1/0.00000E+00
 0.60000E-01 0.75000E-01 0.00000E+00 0.11070E+01 0.18000E-01 0.20952E-01 0.11104E+01 0.11066E+01 0.00000E+00 0.00000E+00 0.24940E-01      2165346   1/0.00000E+00
 0.75000E-01 0.90000E-01 0.00000E+00 0.11180E+01 0.20000E-01 0.22744E-01 0.11235E+01 0.11196E+01 0.00000E+00 0.00000E+00 -.79916E-01      2165346   1/0.00000E+00
 0.90000E-01 0.10500E+00 0.00000E+00 0.11310E+01 0.23000E-01 0.25476E-01 0.11317E+01 0.11278E+01 0.00000E+00 0.00000E+00 0.14070E+00      2165346   1/0.00000E+00
 0.10500E+00 0.12000E+00 0.00000E+00 0.11500E+01 0.29000E-01 0.31066E-01 0.11346E+01 0.11307E+01 0.00000E+00 0.00000E+00 0.66601E+00      2165346   1/0.00000E+00
 0.12000E+00 0.13500E+00 0.00000E+00 0.11640E+01 0.34000E-01 0.35821E-01 0.11362E+01 0.11323E+01 0.00000E+00 0.00000E+00 0.93143E+00      2165346   1/0.00000E+00
 0.13500E+00 0.15000E+00 0.00000E+00 0.12490E+01 0.43000E-01 0.44669E-01 0.11376E+01 0.11337E+01 0.00000E+00 0.00000E+00 0.26809E+01      2165346   1/0.00000E+00
 0.15000E+00 0.17500E+00 0.00000E+00 0.11050E+01 0.36000E-01 0.37557E-01 0.11405E+01 0.11366E+01 0.00000E+00 0.00000E+00 -.87822E+00      2165346   1/0.00000E+00
 0.17500E+00 0.20000E+00 0.00000E+00 0.11320E+01 0.47000E-01 0.48262E-01 0.11375E+01 0.11336E+01 0.00000E+00 0.00000E+00 -.33531E-01      2165346   1/0.00000E+00
 0.20000E+00 0.22500E+00 0.00000E+00 0.11070E+01 0.57000E-01 0.58000E-01 0.11313E+01 0.11274E+01 0.00000E+00 0.00000E+00 -.35713E+00      2165346   1/0.00000E+00
 0.22500E+00 0.25000E+00 0.00000E+00 0.10280E+01 0.69000E-01 0.69715E-01 0.11160E+01 0.11122E+01 0.00000E+00 0.00000E+00 -.12203E+01      2165346   1/0.00000E+00
 0.25000E+00 0.30000E+00 0.00000E+00 0.94300E+00 0.71000E-01 0.71585E-01 0.10936E+01 0.10899E+01 0.00000E+00 0.00000E+00 -.20688E+01      2165346   1/0.00000E+00
 0.30000E+00 0.35000E+00 0.00000E+00 0.72900E+00 0.12400E+00 0.12420E+00 0.10551E+01 0.10514E+01 0.00000E+00 0.00000E+00 -.26002E+01      2165346   1/0.00000E+00
     6512085
 E866, mid mass                                                                  
Plot1@Experiment:E866@ExtraLabel:pp, pd->#mu#mu; E_0= 800GeV, medium mass@Title: 4.3 < M_{#mu#mu} < 8.8; 10.8 < M_{#mu#mu} @XTitle: x2 @YTitle: #sigma^{pd}/2/#sigma{pp}
 x2_1        x2_2        dummy          data      +- uncor     +- tot     th orig         th mod   therr+         therr-     pull    iset       iplot
 0.15000E-01 0.30000E-01 0.00000E+00 0.97600E+00 0.52000E-01 0.52802E-01 0.10367E+01 0.10361E+01 0.00000E+00 0.00000E+00 -.11560E+01      6512085   1/0.00000E+00
 0.30000E-01 0.45000E-01 0.00000E+00 0.10500E+01 0.23000E-01 0.25025E-01 0.10610E+01 0.10604E+01 0.00000E+00 0.00000E+00 -.45222E+00      6512085   1/0.00000E+00
 0.45000E-01 0.60000E-01 0.00000E+00 0.10650E+01 0.18000E-01 0.20592E-01 0.10801E+01 0.10795E+01 0.00000E+00 0.00000E+00 -.80641E+00      6512085   1/0.00000E+00
 0.60000E-01 0.75000E-01 0.00000E+00 0.10610E+01 0.18000E-01 0.20574E-01 0.10961E+01 0.10954E+01 0.00000E+00 0.00000E+00 -.19135E+01      6512085   1/0.00000E+00
 0.75000E-01 0.90000E-01 0.00000E+00 0.11180E+01 0.21000E-01 0.23479E-01 0.11066E+01 0.11060E+01 0.00000E+00 0.00000E+00 0.57339E+00      6512085   1/0.00000E+00
 0.90000E-01 0.10500E+00 0.00000E+00 0.10920E+01 0.23000E-01 0.25183E-01 0.11109E+01 0.11103E+01 0.00000E+00 0.00000E+00 -.79452E+00      6512085   1/0.00000E+00
 0.10500E+00 0.12000E+00 0.00000E+00 0.10780E+01 0.27000E-01 0.28836E-01 0.11088E+01 0.11082E+01 0.00000E+00 0.00000E+00 -.11178E+01      6512085   1/0.00000E+00
 0.12000E+00 0.13500E+00 0.00000E+00 0.11520E+01 0.35000E-01 0.36634E-01 0.11046E+01 0.11040E+01 0.00000E+00 0.00000E+00 0.13718E+01      6512085   1/0.00000E+00
 0.13500E+00 0.15000E+00 0.00000E+00 0.10730E+01 0.38000E-01 0.39314E-01 0.10971E+01 0.10965E+01 0.00000E+00 0.00000E+00 -.61782E+00      6512085   1/0.00000E+00
 0.15000E+00 0.17500E+00 0.00000E+00 0.11550E+01 0.42000E-01 0.43378E-01 0.10877E+01 0.10871E+01 0.00000E+00 0.00000E+00 0.16166E+01      6512085   1/0.00000E+00
 0.17500E+00 0.20000E+00 0.00000E+00 0.11640E+01 0.62000E-01 0.62956E-01 0.10763E+01 0.10757E+01 0.00000E+00 0.00000E+00 0.14245E+01      6512085   1/0.00000E+00
 0.20000E+00 0.22500E+00 0.00000E+00 0.10570E+01 0.82000E-01 0.82599E-01 0.10730E+01 0.10724E+01 0.00000E+00 0.00000E+00 -.18740E+00      6512085   1/0.00000E+00
 0.22500E+00 0.25000E+00 0.00000E+00 0.10940E+01 0.16100E+00 0.16133E+00 0.10824E+01 0.10818E+01 0.00000E+00 0.00000E+00 0.75684E-01      6512085   1/0.00000E+00
 0.25000E+00 0.30000E+00 0.00000E+00 0.86800E+00 0.21300E+00 0.21316E+00 0.11354E+01 0.11347E+01 0.00000E+00 0.00000E+00 -.12523E+01      6512085   1/0.00000E+00
     6511293
 E866, low mass                                                                  
Plot1@Experiment:E866@ExtraLabel:pp, pd->#mu#mu; E_0= 800GeV, low mass@Title: 4.0 < M_{#mu#mu} < 8.8 @XTitle: x2 @YTitle: #sigma^{pd}/2/#sigma{pp}
 x2_1        x2_2        dummy          data      +- uncor     +- tot     th orig         th mod   therr+         therr-     pull    iset       iplot
 0.15000E-01 0.30000E-01 0.00000E+00 0.10640E+01 0.30000E-01 0.31406E-01 0.10337E+01 0.10332E+01 0.00000E+00 0.00000E+00 0.10275E+01      6511293   1/0.00000E+00
 0.30000E-01 0.45000E-01 0.00000E+00 0.10660E+01 0.18000E-01 0.20264E-01 0.10586E+01 0.10580E+01 0.00000E+00 0.00000E+00 0.44292E+00      6511293   1/0.00000E+00
 0.45000E-01 0.60000E-01 0.00000E+00 0.11090E+01 0.20000E-01 0.22221E-01 0.10732E+01 0.10727E+01 0.00000E+00 0.00000E+00 0.18169E+01      6511293   1/0.00000E+00
 0.60000E-01 0.75000E-01 0.00000E+00 0.10920E+01 0.23000E-01 0.24898E-01 0.10854E+01 0.10849E+01 0.00000E+00 0.00000E+00 0.31009E+00      6511293   1/0.00000E+00
 0.75000E-01 0.90000E-01 0.00000E+00 0.11180E+01 0.29000E-01 0.30599E-01 0.10920E+01 0.10914E+01 0.00000E+00 0.00000E+00 0.91560E+00      6511293   1/0.00000E+00
 0.90000E-01 0.10500E+00 0.00000E+00 0.11480E+01 0.41000E-01 0.42208E-01 0.10951E+01 0.10945E+01 0.00000E+00 0.00000E+00 0.13038E+01      6511293   1/0.00000E+00
 0.10500E+00 0.12000E+00 0.00000E+00 0.11380E+01 0.55000E-01 0.55890E-01 0.10924E+01 0.10918E+01 0.00000E+00 0.00000E+00 0.83934E+00      6511293   1/0.00000E+00
 0.12000E+00 0.13500E+00 0.00000E+00 0.12020E+01 0.93000E-01 0.93590E-01 0.10886E+01 0.10881E+01 0.00000E+00 0.00000E+00 0.12251E+01      6511293   1/0.00000E+00
 0.13500E+00 0.15000E+00 0.00000E+00 0.94300E+00 0.94000E-01 0.94360E-01 0.10888E+01 0.10882E+01 0.00000E+00 0.00000E+00 -.15450E+01      6511293   1/0.00000E+00
 0.15000E+00 0.17500E+00 0.00000E+00 0.10390E+01 0.20500E+00 0.20520E+00 0.10783E+01 0.10777E+01 0.00000E+00 0.00000E+00 -.18898E+00      6511293   1/0.00000E+00
     9263102
 E605                                                                            
Plot1@Experiment:E605 Dimuon  #sqrt{s} = 38.763 GeV@Title:y = -0.2@XTitle:M(mumu) [GeV] @YTitle:d^{2}#sigma/dMdy [nb/GeV^{2}]
Plot2@Experiment:E605 Dimuon  #sqrt{s} = 38.763 GeV@Title:y = -0.1@XTitle:M(mumu) [GeV] @YTitle:d^{2}#sigma/dMdy [nb/GeV^{2}]
Plot3@Experiment:E605 Dimuon  #sqrt{s} = 38.763 GeV@Title:y = 0.0@XTitle:M(mumu) [GeV] @YTitle:d^{2}#sigma/dMdy [nb/GeV^{2}]
Plot4@Experiment:E605 Dimuon  #sqrt{s} = 38.763 GeV@Title:y = 0.1@XTitle:M(mumu) [GeV] @YTitle:d^{2}#sigma/dMdy [nb/GeV^{2}]
Plot5@Experiment:E605 Dimuon  #sqrt{s} = 38.763 GeV@Title:y = 0.2@XTitle:M(mumu) [GeV] @YTitle:d^{2}#sigma/dMdy [nb/GeV^{2}]
Plot6@Experiment:E605 Dimuon  #sqrt{s} = 38.763 GeV@Title:y = 0.3@XTitle:M(mumu) [GeV] @YTitle:d^{2}#sigma/dMdy [nb/GeV^{2}]
Plot7@Experiment:E605 Dimuon  #sqrt{s} = 38.763 GeV@Title:y = 0.4@XTitle:M(mumu) [GeV] @YTitle:d^{2}#sigma/dMdy [nb/GeV^{2}]
 y           M           tau            data      +- uncor     +- tot     th orig         th mod   therr+         therr-     pull    iset       iplot
 -.20000E+00 0.71000E+01 0.18310E+00 0.62496E-02 0.18199E-02 0.21368E-02 0.79943E-02 0.63668E-02 0.00000E+00 0.00000E+00 -.64375E-01      9263102   1/0.71000E+01
 -.20000E+00 0.73000E+01 0.18830E+00 0.35883E-02 0.78799E-03 0.10121E-02 0.68777E-02 0.55082E-02 0.00000E+00 0.00000E+00 -.24364E+01      9263102   1/0.73000E+01
 -.20000E+00 0.75000E+01 0.19350E+00 0.37772E-02 0.69198E-03 0.95677E-03 0.59090E-02 0.47588E-02 0.00000E+00 0.00000E+00 -.14185E+01      9263102   1/0.75000E+01
 -.20000E+00 0.77000E+01 0.19860E+00 0.41721E-02 0.78102E-03 0.10632E-02 0.50865E-02 0.41192E-02 0.00000E+00 0.00000E+00 0.67767E-01      9263102   1/0.77000E+01
 -.20000E+00 0.79000E+01 0.20380E+00 0.20431E-02 0.36919E-03 0.50822E-03 0.43770E-02 0.35642E-02 0.00000E+00 0.00000E+00 -.41202E+01      9263102   1/0.79000E+01
 -.20000E+00 0.81000E+01 0.20890E+00 0.30218E-02 0.53577E-03 0.74031E-03 0.37769E-02 0.30924E-02 0.00000E+00 0.00000E+00 -.13182E+00      9263102   1/0.81000E+01
 -.20000E+00 0.83000E+01 0.21410E+00 0.29874E-02 0.48934E-03 0.69937E-03 0.32731E-02 0.26946E-02 0.00000E+00 0.00000E+00 0.59840E+00      9263102   1/0.83000E+01
 -.20000E+00 0.85000E+01 0.21920E+00 0.24037E-02 0.33988E-03 0.52337E-03 0.28286E-02 0.23410E-02 0.00000E+00 0.00000E+00 0.18441E+00      9263102   1/0.85000E+01
 -.20000E+00 0.87000E+01 0.22440E+00 0.18028E-02 0.23004E-03 0.37443E-03 0.24359E-02 0.20271E-02 0.00000E+00 0.00000E+00 -.97517E+00      9263102   1/0.87000E+01
 -.20000E+00 0.89000E+01 0.22960E+00 0.21118E-02 0.23863E-03 0.41765E-03 0.21122E-02 0.17672E-02 0.00000E+00 0.00000E+00 0.14439E+01      9263102   1/0.89000E+01
 -.20000E+00 0.10500E+02 0.27080E+00 0.59920E-03 0.74181E-04 0.11793E-03 0.67665E-03 0.59027E-03 0.00000E+00 0.00000E+00 0.12033E+00      9263102   1/0.10500E+02
 -.20000E+00 0.10700E+02 0.27600E+00 0.49619E-03 0.73982E-04 0.10573E-03 0.58496E-03 0.51297E-03 0.00000E+00 0.00000E+00 -.22682E+00      9263102   1/0.10700E+02
 -.20000E+00 0.10900E+02 0.28120E+00 0.47043E-03 0.74328E-04 0.10301E-03 0.51056E-03 0.45001E-03 0.00000E+00 0.00000E+00 0.27472E+00      9263102   1/0.10900E+02
 -.20000E+00 0.11300E+02 0.29150E+00 0.27814E-03 0.27814E-04 0.50293E-04 0.38351E-03 0.34146E-03 0.00000E+00 0.00000E+00 -.22766E+01      9263102   1/0.11300E+02
 -.20000E+00 0.12100E+02 0.31210E+00 0.18371E-03 0.18885E-04 0.33409E-04 0.21860E-03 0.19855E-03 0.00000E+00 0.00000E+00 -.78561E+00      9263102   1/0.12100E+02
 -.20000E+00 0.13300E+02 0.34310E+00 0.61294E-04 0.97151E-05 0.13470E-04 0.92905E-04 0.86875E-04 0.00000E+00 0.00000E+00 -.26331E+01      9263102   1/0.13300E+02
 -.20000E+00 0.14900E+02 0.38430E+00 0.29187E-04 0.80177E-05 0.92901E-05 0.29062E-04 0.28213E-04 0.00000E+00 0.00000E+00 0.12149E+00      9263102   1/0.14900E+02
 -.10000E+00 0.71000E+01 0.18310E+00 0.68505E-02 0.14612E-02 0.19083E-02 0.83153E-02 0.66224E-02 0.00000E+00 0.00000E+00 0.15614E+00      9263102   2/0.71000E+01
 -.10000E+00 0.73000E+01 0.18830E+00 0.54083E-02 0.95294E-03 0.13508E-02 0.71644E-02 0.57379E-02 0.00000E+00 0.00000E+00 -.34583E+00      9263102   2/0.73000E+01
 -.10000E+00 0.75000E+01 0.19350E+00 0.47558E-02 0.77948E-03 0.11400E-02 0.61476E-02 0.49510E-02 0.00000E+00 0.00000E+00 -.25045E+00      9263102   2/0.75000E+01
 -.10000E+00 0.77000E+01 0.19860E+00 0.41893E-02 0.60075E-03 0.94105E-03 0.53234E-02 0.43110E-02 0.00000E+00 0.00000E+00 -.20260E+00      9263102   2/0.77000E+01
 -.10000E+00 0.79000E+01 0.20380E+00 0.40691E-02 0.60792E-03 0.92382E-03 0.45889E-02 0.37367E-02 0.00000E+00 0.00000E+00 0.54675E+00      9263102   2/0.79000E+01
 -.10000E+00 0.81000E+01 0.20890E+00 0.32965E-02 0.42756E-03 0.70244E-03 0.39651E-02 0.32465E-02 0.00000E+00 0.00000E+00 0.11687E+00      9263102   2/0.81000E+01
 -.10000E+00 0.83000E+01 0.21410E+00 0.28501E-02 0.32976E-03 0.57965E-03 0.34199E-02 0.28154E-02 0.00000E+00 0.00000E+00 0.10524E+00      9263102   2/0.83000E+01
 -.10000E+00 0.85000E+01 0.21920E+00 0.27642E-02 0.30738E-03 0.55131E-03 0.29698E-02 0.24578E-02 0.00000E+00 0.00000E+00 0.99675E+00      9263102   2/0.85000E+01
 -.10000E+00 0.87000E+01 0.22440E+00 0.24895E-02 0.22157E-03 0.46426E-03 0.25716E-02 0.21401E-02 0.00000E+00 0.00000E+00 0.15771E+01      9263102   2/0.87000E+01
 -.10000E+00 0.89000E+01 0.22960E+00 0.21805E-02 0.17858E-03 0.39642E-03 0.22307E-02 0.18663E-02 0.00000E+00 0.00000E+00 0.17592E+01      9263102   2/0.89000E+01
 -.10000E+00 0.10500E+02 0.27080E+00 0.78291E-03 0.67800E-04 0.13764E-03 0.71953E-03 0.62769E-03 0.00000E+00 0.00000E+00 0.22894E+01      9263102   2/0.10500E+02
 -.10000E+00 0.10700E+02 0.27600E+00 0.49619E-03 0.52199E-04 0.91819E-04 0.62368E-03 0.54693E-03 0.00000E+00 0.00000E+00 -.97201E+00      9263102   2/0.10700E+02
 -.10000E+00 0.10900E+02 0.28120E+00 0.53053E-03 0.54963E-04 0.97417E-04 0.54182E-03 0.47756E-03 0.00000E+00 0.00000E+00 0.96370E+00      9263102   2/0.10900E+02
 -.10000E+00 0.11300E+02 0.29150E+00 0.34167E-03 0.23165E-04 0.56446E-04 0.40944E-03 0.36454E-03 0.00000E+00 0.00000E+00 -.98747E+00      9263102   2/0.11300E+02
 -.10000E+00 0.12100E+02 0.31210E+00 0.21461E-03 0.14207E-04 0.35190E-04 0.23446E-03 0.21294E-03 0.00000E+00 0.00000E+00 0.11721E+00      9263102   2/0.12100E+02
 -.10000E+00 0.13300E+02 0.34310E+00 0.99581E-04 0.80661E-05 0.17172E-04 0.10069E-03 0.94156E-04 0.00000E+00 0.00000E+00 0.67258E+00      9263102   2/0.13300E+02
 -.10000E+00 0.14900E+02 0.38430E+00 0.30733E-04 0.46714E-05 0.68000E-05 0.31898E-04 0.30966E-04 0.00000E+00 0.00000E+00 -.49864E-01      9263102   2/0.14900E+02
 -.10000E+00 0.16900E+02 0.43590E+00 0.81382E-05 0.30901E-05 0.34167E-05 0.72180E-05 0.73300E-05 0.00000E+00 0.00000E+00 0.26155E+00      9263102   2/0.16900E+02
 0.00000E+00 0.71000E+01 0.18310E+00 0.72797E-02 0.13234E-02 0.18582E-02 0.86095E-02 0.68567E-02 0.00000E+00 0.00000E+00 0.31962E+00      9263102   3/0.71000E+01
 0.00000E+00 0.73000E+01 0.18830E+00 0.60092E-02 0.99092E-03 0.14538E-02 0.74227E-02 0.59447E-02 0.00000E+00 0.00000E+00 0.65075E-01      9263102   3/0.73000E+01
 0.00000E+00 0.75000E+01 0.19350E+00 0.62324E-02 0.95605E-03 0.14500E-02 0.63982E-02 0.51528E-02 0.00000E+00 0.00000E+00 0.11292E+01      9263102   3/0.75000E+01
 0.00000E+00 0.77000E+01 0.19860E+00 0.42579E-02 0.58376E-03 0.93956E-03 0.55145E-02 0.44658E-02 0.00000E+00 0.00000E+00 -.35614E+00      9263102   3/0.77000E+01
 0.00000E+00 0.79000E+01 0.20380E+00 0.35712E-02 0.46176E-03 0.76546E-03 0.47559E-02 0.38728E-02 0.00000E+00 0.00000E+00 -.65308E+00      9263102   3/0.79000E+01
 0.00000E+00 0.81000E+01 0.20890E+00 0.36399E-02 0.40184E-03 0.73497E-03 0.41380E-02 0.33881E-02 0.00000E+00 0.00000E+00 0.62669E+00      9263102   3/0.81000E+01
 0.00000E+00 0.83000E+01 0.21410E+00 0.25410E-02 0.22844E-03 0.48251E-03 0.35690E-02 0.29382E-02 0.00000E+00 0.00000E+00 -.17388E+01      9263102   3/0.83000E+01
 0.00000E+00 0.85000E+01 0.21920E+00 0.24724E-02 0.20422E-03 0.45747E-03 0.30998E-02 0.25654E-02 0.00000E+00 0.00000E+00 -.45540E+00      9263102   3/0.85000E+01
 0.00000E+00 0.87000E+01 0.22440E+00 0.24552E-02 0.19052E-03 0.44518E-03 0.26824E-02 0.22323E-02 0.00000E+00 0.00000E+00 0.11700E+01      9263102   3/0.87000E+01
 0.00000E+00 0.89000E+01 0.22960E+00 0.19573E-02 0.13212E-03 0.34406E-03 0.23257E-02 0.19458E-02 0.00000E+00 0.00000E+00 0.86769E-01      9263102   3/0.89000E+01
 0.00000E+00 0.10500E+02 0.27080E+00 0.68161E-03 0.52348E-04 0.11668E-03 0.76348E-03 0.66602E-03 0.00000E+00 0.00000E+00 0.29774E+00      9263102   3/0.10500E+02
 0.00000E+00 0.10700E+02 0.27600E+00 0.56830E-03 0.48078E-04 0.98978E-04 0.66498E-03 0.58315E-03 0.00000E+00 0.00000E+00 -.30881E+00      9263102   3/0.10700E+02
 0.00000E+00 0.10900E+02 0.28120E+00 0.47043E-03 0.41539E-04 0.82535E-04 0.57814E-03 0.50958E-03 0.00000E+00 0.00000E+00 -.94239E+00      9263102   3/0.10900E+02
 0.00000E+00 0.11300E+02 0.29150E+00 0.37085E-03 0.22325E-04 0.60165E-04 0.43833E-03 0.39027E-03 0.00000E+00 0.00000E+00 -.86977E+00      9263102   3/0.11300E+02
 0.00000E+00 0.12100E+02 0.31210E+00 0.25925E-03 0.15503E-04 0.41867E-04 0.25196E-03 0.22885E-03 0.00000E+00 0.00000E+00 0.19612E+01      9263102   3/0.12100E+02
 0.00000E+00 0.13300E+02 0.34310E+00 0.10387E-03 0.63880E-05 0.17054E-04 0.10924E-03 0.10215E-03 0.00000E+00 0.00000E+00 0.26983E+00      9263102   3/0.13300E+02
 0.00000E+00 0.14900E+02 0.38430E+00 0.31935E-04 0.33308E-05 0.61204E-05 0.35137E-04 0.34110E-04 0.00000E+00 0.00000E+00 -.65313E+00      9263102   3/0.14900E+02
 0.00000E+00 0.16900E+02 0.43590E+00 0.69363E-05 0.17341E-05 0.21332E-05 0.80385E-05 0.81632E-05 0.00000E+00 0.00000E+00 -.70755E+00      9263102   3/0.16900E+02
 0.10000E+00 0.71000E+01 0.18310E+00 0.73999E-02 0.12928E-02 0.18518E-02 0.88511E-02 0.70491E-02 0.00000E+00 0.00000E+00 0.27135E+00      9263102   4/0.71000E+01
 0.10000E+00 0.73000E+01 0.18830E+00 0.59577E-02 0.90140E-03 0.13874E-02 0.76124E-02 0.60966E-02 0.00000E+00 0.00000E+00 -.15411E+00      9263102   4/0.73000E+01
 0.10000E+00 0.75000E+01 0.19350E+00 0.66273E-02 0.10047E-02 0.15341E-02 0.65662E-02 0.52881E-02 0.00000E+00 0.00000E+00 0.13329E+01      9263102   4/0.75000E+01
 0.10000E+00 0.77000E+01 0.19860E+00 0.47043E-02 0.62849E-03 0.10279E-02 0.56815E-02 0.46010E-02 0.00000E+00 0.00000E+00 0.16431E+00      9263102   4/0.77000E+01
 0.10000E+00 0.79000E+01 0.20380E+00 0.50477E-02 0.67639E-03 0.10964E-02 0.48992E-02 0.39894E-02 0.00000E+00 0.00000E+00 0.15646E+01      9263102   4/0.79000E+01
 0.10000E+00 0.81000E+01 0.20890E+00 0.38287E-02 0.33310E-03 0.72799E-03 0.42636E-02 0.34909E-02 0.00000E+00 0.00000E+00 0.10141E+01      9263102   4/0.81000E+01
 0.10000E+00 0.83000E+01 0.21410E+00 0.29016E-02 0.21791E-03 0.53200E-03 0.37084E-02 0.30529E-02 0.00000E+00 0.00000E+00 -.69435E+00      9263102   4/0.83000E+01
 0.10000E+00 0.85000E+01 0.21920E+00 0.23522E-02 0.17006E-03 0.42497E-03 0.32127E-02 0.26589E-02 0.00000E+00 0.00000E+00 -.18034E+01      9263102   4/0.85000E+01
 0.10000E+00 0.87000E+01 0.22440E+00 0.23522E-02 0.15924E-03 0.41707E-03 0.27879E-02 0.23201E-02 0.00000E+00 0.00000E+00 0.20157E+00      9263102   4/0.87000E+01
 0.10000E+00 0.89000E+01 0.22960E+00 0.21633E-02 0.13715E-03 0.37696E-03 0.24179E-02 0.20230E-02 0.00000E+00 0.00000E+00 0.10228E+01      9263102   4/0.89000E+01
 0.10000E+00 0.10500E+02 0.27080E+00 0.78978E-03 0.55837E-04 0.13311E-03 0.80400E-03 0.70137E-03 0.00000E+00 0.00000E+00 0.15833E+01      9263102   4/0.10500E+02
 0.10000E+00 0.10700E+02 0.27600E+00 0.63526E-03 0.50313E-04 0.10901E-03 0.69819E-03 0.61227E-03 0.00000E+00 0.00000E+00 0.45702E+00      9263102   4/0.10700E+02
 0.10000E+00 0.10900E+02 0.28120E+00 0.51851E-03 0.44281E-04 0.90222E-04 0.61190E-03 0.53933E-03 0.00000E+00 0.00000E+00 -.47022E+00      9263102   4/0.10900E+02
 0.10000E+00 0.11300E+02 0.29150E+00 0.39661E-03 0.23876E-04 0.64344E-04 0.46333E-03 0.41253E-03 0.00000E+00 0.00000E+00 -.66671E+00      9263102   4/0.11300E+02
 0.10000E+00 0.12100E+02 0.31210E+00 0.25239E-03 0.15169E-04 0.40787E-04 0.26849E-03 0.24386E-03 0.00000E+00 0.00000E+00 0.56235E+00      9263102   4/0.12100E+02
 0.10000E+00 0.13300E+02 0.34310E+00 0.12018E-03 0.72108E-05 0.19666E-04 0.11808E-03 0.11041E-03 0.00000E+00 0.00000E+00 0.13546E+01      9263102   4/0.13300E+02
 0.10000E+00 0.14900E+02 0.38430E+00 0.38459E-04 0.30229E-05 0.68830E-05 0.38616E-04 0.37487E-04 0.00000E+00 0.00000E+00 0.32146E+00      9263102   4/0.14900E+02
 0.10000E+00 0.16900E+02 0.43590E+00 0.84987E-05 0.14643E-05 0.21123E-05 0.90771E-05 0.92179E-05 0.00000E+00 0.00000E+00 -.49115E+00      9263102   4/0.16900E+02
 0.20000E+00 0.71000E+01 0.18310E+00 0.96147E-02 0.18883E-02 0.25561E-02 0.89953E-02 0.71639E-02 0.00000E+00 0.00000E+00 0.12978E+01      9263102   5/0.71000E+01
 0.20000E+00 0.73000E+01 0.18830E+00 0.69535E-02 0.11056E-02 0.16545E-02 0.77739E-02 0.62259E-02 0.00000E+00 0.00000E+00 0.65807E+00      9263102   5/0.73000E+01
 0.20000E+00 0.75000E+01 0.19350E+00 0.54083E-02 0.85505E-03 0.12752E-02 0.67279E-02 0.54184E-02 0.00000E+00 0.00000E+00 -.11784E-01      9263102   5/0.75000E+01
 0.20000E+00 0.77000E+01 0.19860E+00 0.47043E-02 0.67648E-03 0.10579E-02 0.58044E-02 0.47006E-02 0.00000E+00 0.00000E+00 0.54780E-02      9263102   5/0.77000E+01
 0.20000E+00 0.79000E+01 0.20380E+00 0.54598E-02 0.81897E-03 0.12417E-02 0.50333E-02 0.40987E-02 0.00000E+00 0.00000E+00 0.16620E+01      9263102   5/0.79000E+01
 0.20000E+00 0.81000E+01 0.20890E+00 0.36742E-02 0.28659E-03 0.68411E-03 0.43706E-02 0.35785E-02 0.00000E+00 0.00000E+00 0.33391E+00      9263102   5/0.81000E+01
 0.20000E+00 0.83000E+01 0.21410E+00 0.27814E-02 0.18886E-03 0.50209E-03 0.37922E-02 0.31219E-02 0.00000E+00 0.00000E+00 -.18031E+01      9263102   5/0.83000E+01
 0.20000E+00 0.85000E+01 0.21920E+00 0.27299E-02 0.18372E-03 0.48791E-03 0.33053E-02 0.27355E-02 0.00000E+00 0.00000E+00 -.30589E-01      9263102   5/0.85000E+01
 0.20000E+00 0.87000E+01 0.22440E+00 0.23178E-02 0.15692E-03 0.41097E-03 0.28603E-02 0.23803E-02 0.00000E+00 0.00000E+00 -.39854E+00      9263102   5/0.87000E+01
 0.20000E+00 0.89000E+01 0.22960E+00 0.22835E-02 0.14477E-03 0.39790E-03 0.24823E-02 0.20769E-02 0.00000E+00 0.00000E+00 0.14274E+01      9263102   5/0.89000E+01
 0.20000E+00 0.10500E+02 0.27080E+00 0.98036E-03 0.68527E-04 0.16490E-03 0.83230E-03 0.72605E-03 0.00000E+00 0.00000E+00 0.37110E+01      9263102   5/0.10500E+02
 0.20000E+00 0.10700E+02 0.27600E+00 0.70565E-03 0.58710E-04 0.12242E-03 0.72789E-03 0.63831E-03 0.00000E+00 0.00000E+00 0.11470E+01      9263102   5/0.10700E+02
 0.20000E+00 0.10900E+02 0.28120E+00 0.59233E-03 0.50822E-04 0.10318E-03 0.63310E-03 0.55802E-03 0.00000E+00 0.00000E+00 0.67509E+00      9263102   5/0.10900E+02
 0.20000E+00 0.11300E+02 0.29150E+00 0.43094E-03 0.25943E-04 0.69913E-04 0.48379E-03 0.43074E-03 0.00000E+00 0.00000E+00 0.75587E-02      9263102   5/0.11300E+02
 0.20000E+00 0.12100E+02 0.31210E+00 0.28157E-03 0.16838E-04 0.45472E-04 0.28091E-03 0.25514E-03 0.00000E+00 0.00000E+00 0.15699E+01      9263102   5/0.12100E+02
 0.20000E+00 0.13300E+02 0.34310E+00 0.11040E-03 0.66240E-05 0.18065E-04 0.12428E-03 0.11621E-03 0.00000E+00 0.00000E+00 -.87780E+00      9263102   5/0.13300E+02
 0.20000E+00 0.14900E+02 0.38430E+00 0.37772E-04 0.30558E-05 0.67987E-05 0.41175E-04 0.39971E-04 0.00000E+00 0.00000E+00 -.71976E+00      9263102   5/0.14900E+02
 0.20000E+00 0.16900E+02 0.43590E+00 0.96147E-05 0.15076E-05 0.22888E-05 0.98392E-05 0.99919E-05 0.00000E+00 0.00000E+00 -.25019E+00      9263102   5/0.16900E+02
 0.30000E+00 0.71000E+01 0.18310E+00 0.71939E-02 0.16963E-02 0.21305E-02 0.90829E-02 0.72336E-02 0.00000E+00 0.00000E+00 -.23433E-01      9263102   6/0.71000E+01
 0.30000E+00 0.73000E+01 0.18830E+00 0.67990E-02 0.15400E-02 0.19545E-02 0.78911E-02 0.63198E-02 0.00000E+00 0.00000E+00 0.31116E+00      9263102   6/0.73000E+01
 0.30000E+00 0.75000E+01 0.19350E+00 0.56830E-02 0.12054E-02 0.15624E-02 0.67860E-02 0.54651E-02 0.00000E+00 0.00000E+00 0.18076E+00      9263102   6/0.75000E+01
 0.30000E+00 0.77000E+01 0.19860E+00 0.64728E-02 0.13612E-02 0.17622E-02 0.58677E-02 0.47518E-02 0.00000E+00 0.00000E+00 0.12643E+01      9263102   6/0.77000E+01
 0.30000E+00 0.79000E+01 0.20380E+00 0.68848E-02 0.14561E-02 0.18723E-02 0.50983E-02 0.41515E-02 0.00000E+00 0.00000E+00 0.18771E+01      9263102   6/0.79000E+01
 0.30000E+00 0.81000E+01 0.20890E+00 0.33136E-02 0.29358E-03 0.63249E-03 0.44148E-02 0.36147E-02 0.00000E+00 0.00000E+00 -.10257E+01      9263102   6/0.81000E+01
 0.30000E+00 0.83000E+01 0.21410E+00 0.26269E-02 0.21803E-03 0.49050E-03 0.38434E-02 0.31641E-02 0.00000E+00 0.00000E+00 -.24638E+01      9263102   6/0.83000E+01
 0.30000E+00 0.85000E+01 0.21920E+00 0.25925E-02 0.21621E-03 0.48062E-03 0.33348E-02 0.27599E-02 0.00000E+00 0.00000E+00 -.77428E+00      9263102   6/0.85000E+01
 0.30000E+00 0.87000E+01 0.22440E+00 0.23007E-02 0.17853E-03 0.41717E-03 0.28990E-02 0.24125E-02 0.00000E+00 0.00000E+00 -.62636E+00      9263102   6/0.87000E+01
 0.30000E+00 0.89000E+01 0.22960E+00 0.25582E-02 0.19928E-03 0.46056E-03 0.25196E-02 0.21081E-02 0.00000E+00 0.00000E+00 0.22588E+01      9263102   6/0.89000E+01
 0.30000E+00 0.10500E+02 0.27080E+00 0.10216E-02 0.91127E-04 0.18092E-03 0.84651E-03 0.73845E-03 0.00000E+00 0.00000E+00 0.31072E+01      9263102   6/0.10500E+02
 0.30000E+00 0.10700E+02 0.27600E+00 0.69192E-03 0.74658E-04 0.12911E-03 0.73686E-03 0.64618E-03 0.00000E+00 0.00000E+00 0.61267E+00      9263102   6/0.10700E+02
 0.30000E+00 0.10900E+02 0.28120E+00 0.53739E-03 0.59059E-04 0.10063E-03 0.64331E-03 0.56702E-03 0.00000E+00 0.00000E+00 -.50171E+00      9263102   6/0.10900E+02
 0.30000E+00 0.11300E+02 0.29150E+00 0.39832E-03 0.27484E-04 0.66002E-04 0.49156E-03 0.43767E-03 0.00000E+00 0.00000E+00 -.14316E+01      9263102   6/0.11300E+02
 0.30000E+00 0.12100E+02 0.31210E+00 0.27299E-03 0.16434E-04 0.44127E-04 0.28552E-03 0.25933E-03 0.00000E+00 0.00000E+00 0.83144E+00      9263102   6/0.12100E+02
 0.30000E+00 0.13300E+02 0.34310E+00 0.10817E-03 0.77125E-05 0.18184E-04 0.12585E-03 0.11768E-03 0.00000E+00 0.00000E+00 -.12335E+01      9263102   6/0.13300E+02
 0.30000E+00 0.14900E+02 0.38430E+00 0.40862E-04 0.38288E-05 0.76043E-05 0.41185E-04 0.39981E-04 0.00000E+00 0.00000E+00 0.23009E+00      9263102   6/0.14900E+02
 0.30000E+00 0.16900E+02 0.43590E+00 0.10422E-04 0.18885E-05 0.26554E-05 0.95529E-05 0.97011E-05 0.00000E+00 0.00000E+00 0.38175E+00      9263102   6/0.16900E+02
 0.40000E+00 0.83000E+01 0.21410E+00 0.33995E-02 0.57180E-03 0.80639E-03 0.38116E-02 0.31379E-02 0.00000E+00 0.00000E+00 0.45748E+00      9263102   7/0.83000E+01
 0.40000E+00 0.85000E+01 0.21920E+00 0.29703E-02 0.46010E-03 0.67347E-03 0.33217E-02 0.27491E-02 0.00000E+00 0.00000E+00 0.48078E+00      9263102   7/0.85000E+01
 0.40000E+00 0.87000E+01 0.22440E+00 0.25582E-02 0.43950E-03 0.60738E-03 0.28727E-02 0.23907E-02 0.00000E+00 0.00000E+00 0.38115E+00      9263102   7/0.87000E+01
 0.40000E+00 0.89000E+01 0.22960E+00 0.16929E-02 0.25410E-03 0.37426E-03 0.25057E-02 0.20964E-02 0.00000E+00 0.00000E+00 -.15881E+01      9263102   7/0.89000E+01
 0.40000E+00 0.10500E+02 0.27080E+00 0.12207E-02 0.19397E-03 0.26926E-03 0.82737E-03 0.72175E-03 0.00000E+00 0.00000E+00 0.25723E+01      9263102   7/0.10500E+02
 0.40000E+00 0.10700E+02 0.27600E+00 0.49275E-03 0.11348E-03 0.13603E-03 0.72167E-03 0.63286E-03 0.00000E+00 0.00000E+00 -.12346E+01      9263102   7/0.10700E+02
 0.40000E+00 0.10900E+02 0.28120E+00 0.63182E-03 0.13875E-03 0.16860E-03 0.62594E-03 0.55171E-03 0.00000E+00 0.00000E+00 0.57736E+00      9263102   7/0.10900E+02
 0.40000E+00 0.11300E+02 0.29150E+00 0.42408E-03 0.52035E-04 0.82397E-04 0.47787E-03 0.42548E-03 0.00000E+00 0.00000E+00 -.26854E-01      9263102   7/0.11300E+02
 0.40000E+00 0.12100E+02 0.31210E+00 0.25067E-03 0.26621E-04 0.46073E-04 0.27534E-03 0.25008E-03 0.00000E+00 0.00000E+00 0.22171E-01      9263102   7/0.12100E+02
 0.40000E+00 0.13300E+02 0.34310E+00 0.10542E-03 0.12176E-04 0.20145E-04 0.11842E-03 0.11073E-03 0.00000E+00 0.00000E+00 -.43643E+00      9263102   7/0.13300E+02
 0.40000E+00 0.14900E+02 0.38430E+00 0.33480E-04 0.58724E-05 0.79664E-05 0.37114E-04 0.36030E-04 0.00000E+00 0.00000E+00 -.43420E+00      9263102   7/0.14900E+02
 0.40000E+00 0.16900E+02 0.43590E+00 0.72625E-05 0.24380E-05 0.27634E-05 0.78513E-05 0.79731E-05 0.00000E+00 0.00000E+00 -.29145E+00      9263102   7/0.16900E+02
     3820892
 Combined CDF D0 inclusive ttbar cross section                                   
 a           b           c              data      +- uncor     +- tot     th orig         th mod   therr+         therr-     pull    iset       iplot
 0.00000E+00 0.00000E+00 0.00000E+00 0.80000E+01 0.41012E+00 0.41012E+00 0.76775E+01 0.76775E+01 0.00000E+00 0.00000E+00 0.78625E+00      3820892 999/0.00000E+00
     7512769
 CMS ttbar 5 TeV CMS-PAS-TOP-15-016                                              
 a           b           c              data      +- uncor     +- tot     th orig         th mod   therr+         therr-     pull    iset       iplot
 0.00000E+00 0.00000E+00 0.00000E+00 0.82000E+02 0.23000E+02 0.23000E+02 0.64097E+02 0.64097E+02 0.00000E+00 0.00000E+00 0.77838E+00      7512769 999/0.00000E+00
     9784887
 CMS ttbar 7 TeV 1302.0508                                                       
 a           b           c              data      +- uncor     +- tot     th orig         th mod   therr+         therr-     pull    iset       iplot
 0.00000E+00 0.00000E+00 0.00000E+00 0.13900E+03 0.28018E+02 0.28018E+02 0.17193E+03 0.17193E+03 0.00000E+00 0.00000E+00 -.11754E+01      9784887 999/0.00000E+00
     2791875
 ATLAS ttbar 7 TeV ATLAS-CONF-2012-031                                           
 a           b           c              data      +- uncor     +- tot     th orig         th mod   therr+         therr-     pull    iset       iplot
 0.00000E+00 0.00000E+00 0.00000E+00 0.16800E+03 0.61587E+02 0.61587E+02 0.17193E+03 0.17193E+03 0.00000E+00 0.00000E+00 -.63860E-01      2791875 999/0.00000E+00
      691009
 CMS ttbar 7 TeV 1301.5755                                                       
 a           b           c              data      +- uncor     +- tot     th orig         th mod   therr+         therr-     pull    iset       iplot
 0.00000E+00 0.00000E+00 0.00000E+00 0.15100E+03 0.34307E+02 0.34307E+02 0.17193E+03 0.17193E+03 0.00000E+00 0.00000E+00 -.61016E+00       691009 999/0.00000E+00
     2205495
 ATLAS ttbar 7 TeV 1211.7205                                                     
 a           b           c              data      +- uncor     +- tot     th orig         th mod   therr+         therr-     pull    iset       iplot
 0.00000E+00 0.00000E+00 0.00000E+00 0.19400E+03 0.49396E+02 0.49396E+02 0.17193E+03 0.17193E+03 0.00000E+00 0.00000E+00 0.44673E+00      2205495 999/0.00000E+00
     9603769
 CMS ttbar 7 TeV 1203.6810                                                       
 a           b           c              data      +- uncor     +- tot     th orig         th mod   therr+         therr-     pull    iset       iplot
 0.00000E+00 0.00000E+00 0.00000E+00 0.14300E+03 0.26249E+02 0.26249E+02 0.17193E+03 0.17193E+03 0.00000E+00 0.00000E+00 -.11023E+01      9603769 999/0.00000E+00
     7332578
 ATLAS ttbar 7 TeV 1506.05074                                                    
 a           b           c              data      +- uncor     +- tot     th orig         th mod   therr+         therr-     pull    iset       iplot
 0.00000E+00 0.00000E+00 0.00000E+00 0.18300E+03 0.24880E+02 0.24880E+02 0.17193E+03 0.17193E+03 0.00000E+00 0.00000E+00 0.44482E+00      7332578 999/0.00000E+00
     6292292
 ATLAS ttbar 7 TeV ATLAS-CONF-2012-131                                           
 a           b           c              data      +- uncor     +- tot     th orig         th mod   therr+         therr-     pull    iset       iplot
 0.00000E+00 0.00000E+00 0.00000E+00 0.16500E+03 0.17378E+02 0.17378E+02 0.17193E+03 0.17193E+03 0.00000E+00 0.00000E+00 -.39895E+00      6292292 999/0.00000E+00
     9711540
 CMS ttbar 7 TeV 1602.09024                                                      
 a           b           c              data      +- uncor     +- tot     th orig         th mod   therr+         therr-     pull    iset       iplot
 0.00000E+00 0.00000E+00 0.00000E+00 0.16170E+03 0.13891E+02 0.13891E+02 0.17193E+03 0.17193E+03 0.00000E+00 0.00000E+00 -.73666E+00      9711540 999/0.00000E+00
     4973882
 CMS ttbar 7 TeV 1603.02303                                                      
 a           b           c              data      +- uncor     +- tot     th orig         th mod   therr+         therr-     pull    iset       iplot
 0.00000E+00 0.00000E+00 0.00000E+00 0.17360E+03 0.62530E+01 0.62530E+01 0.17193E+03 0.17193E+03 0.00000E+00 0.00000E+00 0.26660E+00      4973882 999/0.00000E+00
     1549739
 ATLAS ttbar 7 TeV 1406.5375                                                     
 a           b           c              data      +- uncor     +- tot     th orig         th mod   therr+         therr-     pull    iset       iplot
 0.00000E+00 0.00000E+00 0.00000E+00 0.18290E+03 0.71484E+01 0.71484E+01 0.17193E+03 0.17193E+03 0.00000E+00 0.00000E+00 0.15342E+01      1549739 999/0.00000E+00
     8041775
 ATLAS ttbar 7 TeV 1407.0573                                                     
 a           b           c              data      +- uncor     +- tot     th orig         th mod   therr+         therr-     pull    iset       iplot
 0.00000E+00 0.00000E+00 0.00000E+00 0.18120E+03 0.11122E+02 0.11122E+02 0.17193E+03 0.17193E+03 0.00000E+00 0.00000E+00 0.83318E+00      8041775 999/0.00000E+00
     1407929
 CMS ttbar 8 TeV 1603.02303                                                      
 a           b           c              data      +- uncor     +- tot     th orig         th mod   therr+         therr-     pull    iset       iplot
 0.00000E+00 0.00000E+00 0.00000E+00 0.24490E+03 0.90890E+01 0.90890E+01 0.24718E+03 0.24718E+03 0.00000E+00 0.00000E+00 -.25096E+00      1407929 999/0.00000E+00
     8011580
 CMS ttbar 8 TeV 1407.6643                                                       
 a           b           c              data      +- uncor     +- tot     th orig         th mod   therr+         therr-     pull    iset       iplot
 0.00000E+00 0.00000E+00 0.00000E+00 0.25700E+03 0.25179E+02 0.25179E+02 0.24718E+03 0.24718E+03 0.00000E+00 0.00000E+00 0.38996E+00      8011580 999/0.00000E+00
     6145587
 CMS ttbar 8 TeV 1602.09024                                                      
 a           b           c              data      +- uncor     +- tot     th orig         th mod   therr+         therr-     pull    iset       iplot
 0.00000E+00 0.00000E+00 0.00000E+00 0.22850E+03 0.15431E+02 0.15431E+02 0.24718E+03 0.24718E+03 0.00000E+00 0.00000E+00 -.12106E+01      6145587 999/0.00000E+00
     6160477
 ATLAS ttbar 8 TeV 1504.04251                                                    
 a           b           c              data      +- uncor     +- tot     th orig         th mod   therr+         therr-     pull    iset       iplot
 0.00000E+00 0.00000E+00 0.00000E+00 0.26000E+03 0.24698E+02 0.24698E+02 0.24718E+03 0.24718E+03 0.00000E+00 0.00000E+00 0.51903E+00      6160477 999/0.00000E+00
     3277097
 CMS ttbar 8 TeV 1509.06076                                                      
 a           b           c              data      +- uncor     +- tot     th orig         th mod   therr+         therr-     pull    iset       iplot
 0.00000E+00 0.00000E+00 0.00000E+00 0.27560E+03 0.38960E+02 0.38960E+02 0.24718E+03 0.24718E+03 0.00000E+00 0.00000E+00 0.72944E+00      3277097 999/0.00000E+00
     8049322
 ATLAS ttbar 8 TeV 1406.5375                                                     
 a           b           c              data      +- uncor     +- tot     th orig         th mod   therr+         therr-     pull    iset       iplot
 0.00000E+00 0.00000E+00 0.00000E+00 0.24240E+03 0.10346E+02 0.10346E+02 0.24718E+03 0.24718E+03 0.00000E+00 0.00000E+00 -.46213E+00      8049322 999/0.00000E+00
      804660
 CMS ttbar 13 TeV CMS-PAS-TOP-16-013                                             
 a           b           c              data      +- uncor     +- tot     th orig         th mod   therr+         therr-     pull    iset       iplot
 0.00000E+00 0.00000E+00 0.00000E+00 0.83400E+03 0.12300E+03 0.12300E+03 0.82590E+03 0.82590E+03 0.00000E+00 0.00000E+00 0.65871E-01       804660 999/0.00000E+00
     1132340
 CMS ttbar 13 TeV CMS-PAS-TOP-15-005                                             
 a           b           c              data      +- uncor     +- tot     th orig         th mod   therr+         therr-     pull    iset       iplot
 0.00000E+00 0.00000E+00 0.00000E+00 0.83600E+03 0.13300E+03 0.13300E+03 0.82590E+03 0.82590E+03 0.00000E+00 0.00000E+00 0.75956E-01      1132340 999/0.00000E+00
     5409198
 CMS ttbar 13 TeV 1510.05302                                                     
 a           b           c              data      +- uncor     +- tot     th orig         th mod   therr+         therr-     pull    iset       iplot
 0.00000E+00 0.00000E+00 0.00000E+00 0.74600E+03 0.86423E+02 0.86423E+02 0.82590E+03 0.82590E+03 0.00000E+00 0.00000E+00 -.92449E+00      5409198 999/0.00000E+00
     4819374
 CMS ttbar 13 TeV 1611.04040                                                     
 a           b           c              data      +- uncor     +- tot     th orig         th mod   therr+         therr-     pull    iset       iplot
 0.00000E+00 0.00000E+00 0.00000E+00 0.79200E+03 0.43290E+02 0.43290E+02 0.82590E+03 0.82590E+03 0.00000E+00 0.00000E+00 -.78305E+00      4819374 999/0.00000E+00
     4341754
 ATLAS ttbar 13 TeV 1606.02699                                                   
 a           b           c              data      +- uncor     +- tot     th orig         th mod   therr+         therr-     pull    iset       iplot
 0.00000E+00 0.00000E+00 0.00000E+00 0.81800E+03 0.36028E+02 0.36028E+02 0.82590E+03 0.82590E+03 0.00000E+00 0.00000E+00 -.21922E+00      4341754 999/0.00000E+00
     4795403
 ATLAS single top (quark) 7 TeV 1406.7844                                        
 a           b           c              data      +- uncor     +- tot     th orig         th mod   therr+         therr-     pull    iset       iplot
 0.00000E+00 0.00000E+00 0.00000E+00 0.46000E+02 0.60000E+01 0.60000E+01 0.44829E+02 0.44829E+02 0.00000E+00 0.00000E+00 0.19510E+00      4795403 999/0.00000E+00
     1766561
 ATLAS single top (antiquark) 7 TeV 1406.7844                                    
 a           b           c              data      +- uncor     +- tot     th orig         th mod   therr+         therr-     pull    iset       iplot
 0.00000E+00 0.00000E+00 0.00000E+00 0.23000E+02 0.40000E+01 0.40000E+01 0.22533E+02 0.22533E+02 0.00000E+00 0.00000E+00 0.11664E+00      1766561 999/0.00000E+00
     1741088
 ATLAS single top (quark+antiquark) 8 TeV 1411.7627                              
 a           b           c              data      +- uncor     +- tot     th orig         th mod   therr+         therr-     pull    iset       iplot
 0.00000E+00 0.00000E+00 0.00000E+00 0.82600E+02 0.12095E+02 0.12095E+02 0.89258E+02 0.89258E+02 0.00000E+00 0.00000E+00 -.55048E+00      1741088 999/0.00000E+00
     5488882
 ATLAS single top (quark) 13 TeV 1609.03920                                      
 a           b           c              data      +- uncor     +- tot     th orig         th mod   therr+         therr-     pull    iset       iplot
 0.00000E+00 0.00000E+00 0.00000E+00 0.15600E+03 0.27622E+02 0.27622E+02 0.14511E+03 0.14511E+03 0.00000E+00 0.00000E+00 0.39440E+00      5488882 999/0.00000E+00
     8004410
 ATLAS single top (antiquark) 13 TeV 1609.03920                                  
 a           b           c              data      +- uncor     +- tot     th orig         th mod   therr+         therr-     pull    iset       iplot
 0.00000E+00 0.00000E+00 0.00000E+00 0.91000E+02 0.18547E+02 0.18547E+02 0.83345E+02 0.83345E+02 0.00000E+00 0.00000E+00 0.41270E+00      8004410 999/0.00000E+00
     6714699
 CMS single top (quark+antiquark) 7 TeV 1209.4533                                
 a           b           c              data      +- uncor     +- tot     th orig         th mod   therr+         therr-     pull    iset       iplot
 0.00000E+00 0.00000E+00 0.00000E+00 0.67200E+02 0.61000E+01 0.61000E+01 0.67363E+02 0.67363E+02 0.00000E+00 0.00000E+00 -.26692E-01      6714699 999/0.00000E+00
      572256
 CMS single top (quark) 8 TeV 1403.7366                                          
 a           b           c              data      +- uncor     +- tot     th orig         th mod   therr+         therr-     pull    iset       iplot
 0.00000E+00 0.00000E+00 0.00000E+00 0.53800E+02 0.46487E+01 0.46487E+01 0.58773E+02 0.58773E+02 0.00000E+00 0.00000E+00 -.10698E+01       572256 999/0.00000E+00
     9756660
 CMS single top (antiquark) 8 TeV 1403.7366                                      
 a           b           c              data      +- uncor     +- tot     th orig         th mod   therr+         therr-     pull    iset       iplot
 0.00000E+00 0.00000E+00 0.00000E+00 0.27600E+02 0.39217E+01 0.39217E+01 0.30485E+02 0.30485E+02 0.00000E+00 0.00000E+00 -.73575E+00      9756660 999/0.00000E+00
     9697659
 CMS single top (quark) 13 TeV 1610.00678                                        
 a           b           c              data      +- uncor     +- tot     th orig         th mod   therr+         therr-     pull    iset       iplot
 0.00000E+00 0.00000E+00 0.00000E+00 0.15000E+03 0.22023E+02 0.22023E+02 0.14511E+03 0.14511E+03 0.00000E+00 0.00000E+00 0.22224E+00      9697659 999/0.00000E+00
     3437785
 CMS single top (antiquark) 13 TeV 1610.00678                                    
 a           b           c              data      +- uncor     +- tot     th orig         th mod   therr+         therr-     pull    iset       iplot
 0.00000E+00 0.00000E+00 0.00000E+00 0.82000E+02 0.15524E+02 0.15524E+02 0.83345E+02 0.83345E+02 0.00000E+00 0.00000E+00 -.86671E-01      3437785 999/0.00000E+00
     1953961
 d0cdfCombined single top (quark+antiquark) 1.96 TeV 1503.05027 (t-channel)      
 a           b           c              data      +- uncor     +- tot     th orig         th mod   therr+         therr-     pull    iset       iplot
 0.00000E+00 0.00000E+00 0.00000E+00 0.22500E+01 0.31000E+00 0.31000E+00 0.20477E+01 0.20477E+01 0.00000E+00 0.00000E+00 0.65268E+00      1953961 999/0.00000E+00
     8449559
 d0cdfCombined single top (quark+antiquark) 1.96 TeV 1402.5126 (s-channel)       
 a           b           c              data      +- uncor     +- tot     th orig         th mod   therr+         therr-     pull    iset       iplot
 0.00000E+00 0.00000E+00 0.00000E+00 0.12900E+01 0.26000E+00 0.26000E+00 0.10609E+01 0.10609E+01 0.00000E+00 0.00000E+00 0.88112E+00      8449559 999/0.00000E+00
