           7
     8072500
 HERA1+2 NCep 920                                                                
Plot1@Experiment:HERA1+2@ExtraLabel:e^{+}p #rightarrow e^{+}X (NC) @XTitle: x @YTitle: #sigma_{red}  @Title:Q^{2} = 0.15 @Xlog
Plot2@Experiment:HERA1+2@ExtraLabel:e^{+}p #rightarrow e^{+}X (NC) @XTitle: x @YTitle: #sigma_{red}  @Title:Q^{2} = 0.20 @Xlog
Plot3@Experiment:HERA1+2@ExtraLabel:e^{+}p #rightarrow e^{+}X (NC) @XTitle: x @YTitle: #sigma_{red}  @Title:Q^{2} = 0.25 @Xlog
Plot4@Experiment:HERA1+2@ExtraLabel:e^{+}p #rightarrow e^{+}X (NC) @XTitle: x @YTitle: #sigma_{red}  @Title:Q^{2} = 0.35 @Xlog
Plot5@Experiment:HERA1+2@ExtraLabel:e^{+}p #rightarrow e^{+}X (NC) @XTitle: x @YTitle: #sigma_{red}  @Title:Q^{2} = 0.40  @Xlog
Plot6@Experiment:HERA1+2@ExtraLabel:e^{+}p #rightarrow e^{+}X (NC) @XTitle: x @YTitle: #sigma_{red}  @Title:Q^{2} = 0.50  @Xlog
Plot7@Experiment:HERA1+2@ExtraLabel:e^{+}p #rightarrow e^{+}X (NC) @XTitle: x @YTitle: #sigma_{red}  @Title:Q^{2} = 0.65  @Xlog
Plot8@Experiment:HERA1+2@ExtraLabel:e^{+}p #rightarrow e^{+}X (NC) @XTitle: x @YTitle: #sigma_{red}  @Title:Q^{2} = 0.85 @Xlog
Plot9@Experiment:HERA1+2@ExtraLabel:e^{+}p #rightarrow e^{+}X (NC) @XTitle: x @YTitle: #sigma_{red}  @Title:Q^{2} = 1.2 @Xlog
Plot10@Experiment:HERA1+2@ExtraLabel:e^{+}p #rightarrow e^{+}X (NC) @XTitle: x @YTitle: #sigma_{red}  @Title:Q^{2} = 1.5 @Xlog
Plot11@Experiment:HERA1+2@ExtraLabel:e^{+}p #rightarrow e^{+}X (NC) @XTitle: x @YTitle: #sigma_{red}  @Title:Q^{2} = 2.0  @Xlog
Plot12@Experiment:HERA1+2@ExtraLabel:e^{+}p #rightarrow e^{+}X (NC) @XTitle: x @YTitle: #sigma_{red}  @Title:Q^{2} = 2.5 @Xlog
Plot13@Experiment:HERA1+2@ExtraLabel:e^{+}p #rightarrow e^{+}X (NC) @XTitle: x @YTitle: #sigma_{red}  @Title:Q^{2} = 3.5 @Xlog
Plot14@Experiment:HERA1+2@ExtraLabel:e^{+}p #rightarrow e^{+}X (NC) @XTitle: x @YTitle: #sigma_{red}  @Title:Q^{2} = 4.5 @Xlog
Plot15@Experiment:HERA1+2@ExtraLabel:e^{+}p #rightarrow e^{+}X (NC) @XTitle: x @YTitle: #sigma_{red}  @Title:Q^{2} = 6.5 @Xlog
Plot16@Experiment:HERA1+2@ExtraLabel:e^{+}p #rightarrow e^{+}X (NC) @XTitle: x @YTitle: #sigma_{red}  @Title:Q^{2} = 8.5 @Xlog
Plot17@Experiment:HERA1+2@ExtraLabel:e^{+}p #rightarrow e^{+}X (NC) @XTitle: x @YTitle: #sigma_{red}  @Title:Q^{2} = 10 @Xlog
Plot18@Experiment:HERA1+2@ExtraLabel:e^{+}p #rightarrow e^{+}X (NC) @XTitle: x @YTitle: #sigma_{red}  @Title:Q^{2} = 12  @Xlog
Plot19@Experiment:HERA1+2@ExtraLabel:e^{+}p #rightarrow e^{+}X (NC) @XTitle: x @YTitle: #sigma_{red}  @Title:Q^{2} = 15  @Xlog
Plot20@Experiment:HERA1+2@ExtraLabel:e^{+}p #rightarrow e^{+}X (NC) @XTitle: x @YTitle: #sigma_{red}  @Title:Q^{2} = 18  @Xlog
Plot21@Experiment:HERA1+2@ExtraLabel:e^{+}p #rightarrow e^{+}X (NC) @XTitle: x @YTitle: #sigma_{red}  @Title:Q^{2} = 22  @Xlog
Plot22@Experiment:HERA1+2@ExtraLabel:e^{+}p #rightarrow e^{+}X (NC) @XTitle: x @YTitle: #sigma_{red}  @Title:Q^{2} = 27  @Xlog
Plot23@Experiment:HERA1+2@ExtraLabel:e^{+}p #rightarrow e^{+}X (NC) @XTitle: x @YTitle: #sigma_{red}  @Title:Q^{2} = 35  @Xlog
Plot24@Experiment:HERA1+2@ExtraLabel:e^{+}p #rightarrow e^{+}X (NC) @XTitle: x @YTitle: #sigma_{red}  @Title:Q^{2} = 45  @Xlog
 Q2          x           y              data      +- uncor     +- tot     th orig         th mod   therr+         therr-     pull    iset       iplot
 0.35000E+01 0.40600E-04 0.85185E+00 0.80554E+00 0.71146E-01 0.61623E-01 0.10438E+01 0.10016E+01 0.23997E-01 0.23997E-01 -.27555E+01      8072500  13/0.40600E-04
 0.35000E+01 0.43230E-04 0.80002E+00 0.88079E+00 0.41734E-01 0.63948E-01 0.10426E+01 0.89548E+00 0.20563E-01 0.20563E-01 -.35204E+00      8072500  13/0.43230E-04
 0.35000E+01 0.46000E-04 0.75185E+00 0.96533E+00 0.43584E-01 0.42990E-01 0.10404E+01 0.10016E+01 0.49886E-01 0.49886E-01 -.83272E+00      8072500  13/0.46000E-04
 0.35000E+01 0.51240E-04 0.67496E+00 0.94011E+00 0.31553E-01 0.37938E-01 0.10338E+01 0.96933E+00 0.91665E-01 0.91665E-01 -.92609E+00      8072500  13/0.51240E-04
 0.35000E+01 0.53100E-04 0.65132E+00 0.88015E+00 0.40158E-01 0.37144E-01 0.10309E+01 0.10007E+01 0.10141E+00 0.10141E+00 -.30016E+01      8072500  13/0.53100E-04
 0.35000E+01 0.80000E-04 0.43231E+00 0.95226E+00 0.19482E-01 0.21373E-01 0.98236E+00 0.96907E+00 0.14760E+00 0.14760E+00 -.86278E+00      8072500  13/0.80000E-04
 0.35000E+01 0.13000E-03 0.26604E+00 0.91787E+00 0.98290E-02 0.13414E-01 0.90858E+00 0.91261E+00 0.12678E+00 0.12678E+00 0.53504E+00      8072500  13/0.13000E-03
 0.35000E+01 0.20000E-03 0.17292E+00 0.85416E+00 0.91006E-02 0.12506E-01 0.84205E+00 0.84732E+00 0.96623E-01 0.96623E-01 0.75195E+00      8072500  13/0.20000E-03
 0.35000E+01 0.32000E-03 0.10808E+00 0.79091E+00 0.88175E-02 0.12111E-01 0.77345E+00 0.77776E+00 0.66749E-01 0.66749E-01 0.14913E+01      8072500  13/0.32000E-03
 0.35000E+01 0.50000E-03 0.69170E-01 0.74923E+00 0.10009E-01 0.13136E-01 0.71356E+00 0.72231E+00 0.43675E-01 0.43675E-01 0.26891E+01      8072500  13/0.50000E-03
 0.35000E+01 0.80000E-03 0.43231E-01 0.65903E+00 0.88293E-02 0.11157E-01 0.65658E+00 0.66131E+00 0.25126E-01 0.25126E-01 -.25839E+00      8072500  13/0.80000E-03
 0.35000E+01 0.13000E-02 0.26604E-01 0.62339E+00 0.98889E-02 0.12237E-01 0.60426E+00 0.60973E+00 0.11300E-01 0.11300E-01 0.13816E+01      8072500  13/0.13000E-02
 0.35000E+01 0.20000E-02 0.17292E-01 0.56840E+00 0.56706E-02 0.79950E-02 0.56322E+00 0.56528E+00 0.41142E-02 0.41142E-02 0.55108E+00      8072500  13/0.20000E-02
 0.35000E+01 0.80000E-02 0.43231E-02 0.46195E+00 0.58723E-02 0.86079E-02 0.46255E+00 0.45807E+00 0.94332E-02 0.94332E-02 0.66156E+00      8072500  13/0.80000E-02
 0.45000E+01 0.52200E-04 0.85185E+00 0.91607E+00 0.79135E-01 0.72384E-01 0.11095E+01 0.10571E+01 0.12280E+00 0.12280E+00 -.17820E+01      8072500  14/0.52200E-04
 0.45000E+01 0.59200E-04 0.75112E+00 0.97144E+00 0.43375E-01 0.41358E-01 0.11083E+01 0.10642E+01 0.17971E+00 0.17971E+00 -.21394E+01      8072500  14/0.59200E-04
 0.45000E+01 0.61760E-04 0.71999E+00 0.97035E+00 0.43140E-01 0.67269E-01 0.11067E+01 0.96231E+00 0.19245E+00 0.19245E+00 0.18643E+00      8072500  14/0.61760E-04
 0.45000E+01 0.68300E-04 0.65105E+00 0.10796E+01 0.30491E-01 0.33251E-01 0.11003E+01 0.10650E+01 0.21723E+00 0.21723E+00 0.47779E+00      8072500  14/0.68300E-04
 0.45000E+01 0.73200E-04 0.60746E+00 0.10187E+01 0.29488E-01 0.32075E-01 0.10943E+01 0.10523E+01 0.22693E+00 0.22693E+00 -.11380E+01      8072500  14/0.73200E-04
 0.45000E+01 0.81800E-04 0.54360E+00 0.10795E+01 0.16898E+00 0.16933E+00 0.10822E+01 0.10575E+01 0.23493E+00 0.23493E+00 0.12998E+00      8072500  14/0.81800E-04
 0.45000E+01 0.13000E-03 0.34205E+00 0.10204E+01 0.15360E-01 0.18799E-01 0.10140E+01 0.10014E+01 0.21376E+00 0.21376E+00 0.12377E+01      8072500  14/0.13000E-03
 0.45000E+01 0.20000E-03 0.22233E+00 0.96119E+00 0.11054E-01 0.15214E-01 0.94172E+00 0.95038E+00 0.16822E+00 0.16822E+00 0.97768E+00      8072500  14/0.20000E-03
 0.45000E+01 0.32000E-03 0.13896E+00 0.89331E+00 0.10880E-01 0.13764E-01 0.86426E+00 0.86387E+00 0.12097E+00 0.12097E+00 0.27060E+01      8072500  14/0.32000E-03
 0.45000E+01 0.50000E-03 0.88933E-01 0.79708E+00 0.96569E-02 0.12844E-01 0.79534E+00 0.79705E+00 0.83751E-01 0.83751E-01 0.30462E-02      8072500  14/0.50000E-03
 0.45000E+01 0.80000E-03 0.55583E-01 0.72028E+00 0.11124E-01 0.13144E-01 0.72889E+00 0.73559E+00 0.53286E-01 0.53286E-01 -.13759E+01      8072500  14/0.80000E-03
 0.45000E+01 0.13000E-02 0.34205E-01 0.66549E+00 0.10406E-01 0.12812E-01 0.66711E+00 0.67722E+00 0.29881E-01 0.29881E-01 -.11274E+01      8072500  14/0.13000E-02
 0.45000E+01 0.20000E-02 0.22233E-01 0.61540E+00 0.97565E-02 0.11718E-01 0.61811E+00 0.61977E+00 0.15035E-01 0.15035E-01 -.44795E+00      8072500  14/0.20000E-02
 0.45000E+01 0.32000E-02 0.13896E-01 0.57189E+00 0.79725E-02 0.10259E-01 0.57056E+00 0.57042E+00 0.48264E-02 0.48264E-02 0.18426E+00      8072500  14/0.32000E-02
 0.45000E+01 0.13000E-01 0.34205E-02 0.43009E+00 0.91644E-02 0.13033E-01 0.46325E+00 0.44569E+00 0.82943E-02 0.82943E-02 -.17025E+01      8072500  14/0.13000E-01
 0.65000E+01 0.75400E-04 0.85185E+00 0.11174E+01 0.88354E-01 0.85472E-01 0.12066E+01 0.11635E+01 0.26778E+00 0.26778E+00 -.52154E+00      8072500  15/0.75400E-04
 0.65000E+01 0.80290E-04 0.79997E+00 0.10851E+01 0.47744E-01 0.62896E-01 0.12090E+01 0.11003E+01 0.28964E+00 0.28964E+00 -.31824E+00      8072500  15/0.80290E-04
 0.65000E+01 0.85500E-04 0.75122E+00 0.10970E+01 0.41192E-01 0.45701E-01 0.12094E+01 0.11600E+01 0.30559E+00 0.30559E+00 -.15295E+01      8072500  15/0.85500E-04
 0.65000E+01 0.95150E-04 0.67503E+00 0.10838E+01 0.40624E-01 0.46201E-01 0.12059E+01 0.11339E+01 0.32204E+00 0.32204E+00 -.12321E+01      8072500  15/0.95150E-04
 0.65000E+01 0.98600E-04 0.65141E+00 0.11774E+01 0.34988E-01 0.38284E-01 0.12036E+01 0.11680E+01 0.32569E+00 0.32569E+00 0.26815E+00      8072500  15/0.98600E-04
 0.65000E+01 0.13000E-03 0.49407E+00 0.11134E+01 0.20285E-01 0.22277E-01 0.11725E+01 0.11447E+01 0.32053E+00 0.32053E+00 -.15420E+01      8072500  15/0.13000E-03
 0.65000E+01 0.20000E-03 0.32115E+00 0.11119E+01 0.12413E-01 0.16415E-01 0.10981E+01 0.10900E+01 0.26517E+00 0.26517E+00 0.17631E+01      8072500  15/0.20000E-03
 0.65000E+01 0.32000E-03 0.20072E+00 0.10013E+01 0.10059E-01 0.13625E-01 0.10076E+01 0.10036E+01 0.19613E+00 0.19613E+00 -.23166E+00      8072500  15/0.32000E-03
 0.65000E+01 0.50000E-03 0.12846E+00 0.93276E+00 0.12736E-01 0.15680E-01 0.92378E+00 0.92529E+00 0.13941E+00 0.13941E+00 0.58665E+00      8072500  15/0.50000E-03
 0.65000E+01 0.80000E-03 0.80287E-01 0.84903E+00 0.97925E-02 0.13357E-01 0.84138E+00 0.84439E+00 0.92077E-01 0.92077E-01 0.47384E+00      8072500  15/0.80000E-03
 0.65000E+01 0.13000E-02 0.49407E-01 0.75842E+00 0.10271E-01 0.12358E-01 0.76380E+00 0.76685E+00 0.55501E-01 0.55501E-01 -.82075E+00      8072500  15/0.13000E-02
 0.65000E+01 0.20000E-02 0.32115E-01 0.69498E+00 0.80820E-02 0.10161E-01 0.70164E+00 0.70073E+00 0.31752E-01 0.31752E-01 -.71147E+00      8072500  15/0.20000E-02
 0.65000E+01 0.32000E-02 0.20072E-01 0.64107E+00 0.88392E-02 0.11042E-01 0.64074E+00 0.63943E+00 0.13743E-01 0.13743E-01 0.18512E+00      8072500  15/0.32000E-02
 0.65000E+01 0.50000E-02 0.12846E-01 0.57884E+00 0.74234E-02 0.97174E-02 0.58948E+00 0.58981E+00 0.41478E-02 0.41478E-02 -.14775E+01      8072500  15/0.50000E-02
 0.65000E+01 0.13000E-01 0.49407E-02 0.48263E+00 0.97031E-02 0.14032E-01 0.50030E+00 0.48156E+00 0.81194E-02 0.81194E-02 0.11051E+00      8072500  15/0.13000E-01
 0.65000E+01 0.20000E-01 0.32115E-02 0.49769E+00 0.10440E-01 0.14369E-01 0.46893E+00 0.47350E+00 0.80037E-02 0.80037E-02 0.23167E+01      8072500  15/0.20000E-01
 0.85000E+01 0.98600E-04 0.85185E+00 0.11609E+01 0.47367E-01 0.46707E-01 0.12739E+01 0.12248E+01 0.33272E+00 0.33272E+00 -.13500E+01      8072500  16/0.98600E-04
 0.85000E+01 0.10499E-03 0.80000E+00 0.11832E+01 0.58022E-01 0.71952E-01 0.12779E+01 0.11566E+01 0.34873E+00 0.34873E+00 0.45897E+00      8072500  16/0.10499E-03
 0.85000E+01 0.11180E-03 0.75127E+00 0.11798E+01 0.39663E-01 0.47557E-01 0.12795E+01 0.12390E+01 0.35887E+00 0.35887E+00 -.14919E+01      8072500  16/0.11180E-03
 0.85000E+01 0.12443E-03 0.67501E+00 0.12585E+01 0.31840E-01 0.37888E-01 0.12770E+01 0.12414E+01 0.36860E+00 0.36860E+00 0.53732E+00      8072500  16/0.12443E-03
 0.85000E+01 0.12900E-03 0.65110E+00 0.12318E+01 0.30183E-01 0.34759E-01 0.12749E+01 0.12416E+01 0.36874E+00 0.36874E+00 -.32371E+00      8072500  16/0.12900E-03
 0.85000E+01 0.13900E-03 0.60426E+00 0.12565E+01 0.72959E-01 0.76827E-01 0.12687E+01 0.12518E+01 0.36808E+00 0.36808E+00 0.65029E-01      8072500  16/0.13900E-03
 0.85000E+01 0.20000E-03 0.41996E+00 0.11948E+01 0.19174E-01 0.22217E-01 0.12140E+01 0.11912E+01 0.32648E+00 0.32648E+00 0.18583E+00      8072500  16/0.20000E-03
 0.85000E+01 0.32000E-03 0.26248E+00 0.11070E+01 0.11583E-01 0.15480E-01 0.11179E+01 0.11098E+01 0.24730E+00 0.24730E+00 -.24519E+00      8072500  16/0.32000E-03
 0.85000E+01 0.50000E-03 0.16798E+00 0.10137E+01 0.12597E-01 0.15571E-01 0.10230E+01 0.10189E+01 0.17786E+00 0.17786E+00 -.41010E+00      8072500  16/0.50000E-03
 0.85000E+01 0.80000E-03 0.10499E+00 0.93089E+00 0.11023E-01 0.13862E-01 0.92783E+00 0.92838E+00 0.11894E+00 0.11894E+00 0.22796E+00      8072500  16/0.80000E-03
 0.85000E+01 0.13000E-02 0.64609E-01 0.83932E+00 0.10325E-01 0.13010E-01 0.83749E+00 0.83737E+00 0.73092E-01 0.73092E-01 0.18900E+00      8072500  16/0.13000E-02
 0.85000E+01 0.20000E-02 0.41996E-01 0.76863E+00 0.12583E-01 0.14594E-01 0.76474E+00 0.76524E+00 0.43187E-01 0.43187E-01 0.26962E+00      8072500  16/0.20000E-02
 0.85000E+01 0.32000E-02 0.26248E-01 0.66098E+00 0.11540E-01 0.13065E-01 0.69322E+00 0.68898E+00 0.20231E-01 0.20231E-01 -.24260E+01      8072500  16/0.32000E-02
 0.85000E+01 0.50000E-02 0.16798E-01 0.63241E+00 0.92943E-02 0.11693E-01 0.63285E+00 0.62853E+00 0.66641E-02 0.66641E-02 0.41715E+00      8072500  16/0.50000E-02
 0.85000E+01 0.20000E-01 0.41996E-02 0.45624E+00 0.98513E-02 0.13502E-01 0.48963E+00 0.46765E+00 0.85820E-02 0.85820E-02 -.11583E+01      8072500  16/0.20000E-01
 0.10000E+02 0.32000E-03 0.30879E+00 0.11381E+01 0.25955E-01 0.28421E-01 0.11857E+01 0.11607E+01 0.27624E+00 0.27624E+00 -.87107E+00      8072500  17/0.32000E-03
 0.10000E+02 0.50000E-03 0.19763E+00 0.10581E+01 0.23014E-01 0.24758E-01 0.10848E+01 0.10679E+01 0.20021E+00 0.20021E+00 -.42786E+00      8072500  17/0.50000E-03
 0.10000E+02 0.80000E-03 0.12352E+00 0.97675E+00 0.22122E-01 0.23789E-01 0.98181E+00 0.96971E+00 0.13479E+00 0.13479E+00 0.31824E+00      8072500  17/0.80000E-03
 0.10000E+02 0.13000E-02 0.76011E-01 0.88846E+00 0.21649E-01 0.23643E-01 0.88329E+00 0.86759E+00 0.83330E-01 0.83330E-01 0.96396E+00      8072500  17/0.13000E-02
 0.10000E+02 0.20000E-02 0.49407E-01 0.80175E+00 0.21697E-01 0.23352E-01 0.80378E+00 0.79499E+00 0.49839E-01 0.49839E-01 0.31167E+00      8072500  17/0.20000E-02
 0.10000E+02 0.50000E-02 0.19763E-01 0.62751E+00 0.87996E-02 0.11049E-01 0.65935E+00 0.65439E+00 0.83021E-02 0.83021E-02 -.30546E+01      8072500  17/0.50000E-02
 0.10000E+02 0.20000E-01 0.49407E-02 0.51306E+00 0.83233E-02 0.11652E-01 0.50203E+00 0.50035E+00 0.89618E-02 0.89618E-02 0.15273E+01      8072500  17/0.20000E-01
 0.12000E+02 0.13920E-03 0.85185E+00 0.12808E+01 0.45830E-01 0.46993E-01 0.13516E+01 0.13040E+01 0.37640E+00 0.37640E+00 -.50700E+00      8072500  18/0.13920E-03
 0.12000E+02 0.16100E-03 0.73650E+00 0.13400E+01 0.22814E-01 0.32495E-01 0.13602E+01 0.13216E+01 0.39162E+00 0.39162E+00 0.80632E+00      8072500  18/0.16100E-03
 0.12000E+02 0.18210E-03 0.65116E+00 0.12951E+01 0.28708E-01 0.35765E-01 0.13561E+01 0.13294E+01 0.38996E+00 0.38996E+00 -.11943E+01      8072500  18/0.18210E-03
 0.12000E+02 0.20000E-03 0.59289E+00 0.12935E+01 0.14403E-01 0.28281E-01 0.13473E+01 0.13065E+01 0.38214E+00 0.38214E+00 -.90041E+00      8072500  18/0.20000E-03
 0.12000E+02 0.32000E-03 0.37055E+00 0.12227E+01 0.11913E-01 0.17262E-01 0.12612E+01 0.12374E+01 0.30627E+00 0.30627E+00 -.12352E+01      8072500  18/0.32000E-03
 0.12000E+02 0.50000E-03 0.23715E+00 0.11453E+01 0.97064E-02 0.14219E-01 0.11553E+01 0.11362E+01 0.22431E+00 0.22431E+00 0.93633E+00      8072500  18/0.50000E-03
 0.12000E+02 0.80000E-03 0.14822E+00 0.10454E+01 0.90666E-02 0.13079E-01 0.10435E+01 0.10302E+01 0.15162E+00 0.15162E+00 0.16762E+01      8072500  18/0.80000E-03
 0.12000E+02 0.13000E-02 0.91213E-01 0.93471E+00 0.12351E-01 0.14886E-01 0.93564E+00 0.92374E+00 0.94406E-01 0.94406E-01 0.88814E+00      8072500  18/0.13000E-02
 0.12000E+02 0.20000E-02 0.59289E-01 0.85138E+00 0.11834E-01 0.13868E-01 0.84825E+00 0.84366E+00 0.56919E-01 0.56919E-01 0.65237E+00      8072500  18/0.20000E-02
 0.12000E+02 0.32000E-02 0.37055E-01 0.75383E+00 0.13409E-01 0.15220E-01 0.76214E+00 0.75875E+00 0.27973E-01 0.27973E-01 -.36682E+00      8072500  18/0.32000E-02
 0.12000E+02 0.50000E-02 0.23715E-01 0.67921E+00 0.10472E-01 0.12415E-01 0.68932E+00 0.68454E+00 0.10247E-01 0.10247E-01 -.50933E+00      8072500  18/0.50000E-02
 0.12000E+02 0.20000E-01 0.59289E-02 0.49046E+00 0.10541E-01 0.13759E-01 0.51582E+00 0.49457E+00 0.94121E-02 0.94121E-02 -.38990E+00      8072500  18/0.20000E-01
 0.15000E+02 0.17410E-03 0.85136E+00 0.13403E+01 0.55039E-01 0.56049E-01 0.13948E+01 0.13435E+01 0.38440E+00 0.38440E+00 -.58708E-01      8072500  19/0.17410E-03
 0.15000E+02 0.20000E-03 0.74111E+00 0.13862E+01 0.39294E-01 0.41927E-01 0.14044E+01 0.13597E+01 0.39218E+00 0.39218E+00 0.67357E+00      8072500  19/0.20000E-03
 0.15000E+02 0.22760E-03 0.65124E+00 0.13300E+01 0.40894E-01 0.42004E-01 0.14003E+01 0.13574E+01 0.38685E+00 0.38685E+00 -.67084E+00      8072500  19/0.22760E-03
 0.15000E+02 0.32000E-03 0.46319E+00 0.13127E+01 0.14709E-01 0.24341E-01 0.13488E+01 0.13127E+01 0.33722E+00 0.33722E+00 0.62785E-03      8072500  19/0.32000E-03
 0.15000E+02 0.50000E-03 0.29644E+00 0.12068E+01 0.98958E-02 0.14930E-01 0.12419E+01 0.12198E+01 0.25177E+00 0.25177E+00 -.13162E+01      8072500  19/0.50000E-03
 0.15000E+02 0.80000E-03 0.18528E+00 0.11049E+01 0.88093E-02 0.13169E-01 0.11205E+01 0.11022E+01 0.17177E+00 0.17177E+00 0.30317E+00      8072500  19/0.80000E-03
 0.15000E+02 0.13000E-02 0.11402E+00 0.97884E+00 0.82933E-02 0.12194E-01 0.10010E+01 0.98377E+00 0.10748E+00 0.10748E+00 -.59479E+00      8072500  19/0.13000E-02
 0.15000E+02 0.20000E-02 0.74111E-01 0.86832E+00 0.76197E-02 0.11523E-01 0.90363E+00 0.88740E+00 0.65326E-01 0.65326E-01 -.25037E+01      8072500  19/0.20000E-02
 0.15000E+02 0.32000E-02 0.46319E-01 0.78328E+00 0.76822E-02 0.10529E-01 0.80753E+00 0.79252E+00 0.32590E-01 0.32590E-01 -.12028E+01      8072500  19/0.32000E-02
 0.15000E+02 0.50000E-02 0.29644E-01 0.71299E+00 0.62023E-02 0.89716E-02 0.72625E+00 0.71522E+00 0.12404E-01 0.12404E-01 -.35927E+00      8072500  19/0.50000E-02
 0.15000E+02 0.80000E-02 0.18528E-01 0.63212E+00 0.57298E-02 0.79770E-02 0.65086E+00 0.64060E+00 0.42640E-02 0.42640E-02 -.14804E+01      8072500  19/0.80000E-02
 0.15000E+02 0.20000E-01 0.74111E-02 0.52935E+00 0.61576E-02 0.94764E-02 0.53255E+00 0.53216E+00 0.99915E-02 0.99915E-02 -.45591E+00      8072500  19/0.20000E-01
 0.18000E+02 0.20900E-03 0.85103E+00 0.13704E+01 0.57270E-01 0.57958E-01 0.14255E+01 0.13770E+01 0.38331E+00 0.38331E+00 -.11492E+00      8072500  20/0.20900E-03
 0.18000E+02 0.23700E-03 0.75049E+00 0.13788E+01 0.30728E-01 0.35736E-01 0.14353E+01 0.13906E+01 0.38658E+00 0.38658E+00 -.38373E+00      8072500  20/0.23700E-03
 0.18000E+02 0.26800E-03 0.66368E+00 0.13718E+01 0.19155E-01 0.27789E-01 0.14323E+01 0.14026E+01 0.37877E+00 0.37877E+00 -.16073E+01      8072500  20/0.26800E-03
 0.18000E+02 0.32800E-03 0.54227E+00 0.13825E+01 0.18047E-01 0.29130E-01 0.14072E+01 0.13894E+01 0.35162E+00 0.35162E+00 -.38336E+00      8072500  20/0.32800E-03
 0.18000E+02 0.50000E-03 0.35573E+00 0.12806E+01 0.11127E-01 0.18437E-01 0.13113E+01 0.12878E+01 0.27221E+00 0.27221E+00 -.64847E+00      8072500  20/0.50000E-03
 0.18000E+02 0.80000E-03 0.22233E+00 0.11553E+01 0.86335E-02 0.13572E-01 0.11839E+01 0.11619E+01 0.18695E+00 0.18695E+00 -.76997E+00      8072500  20/0.80000E-03
 0.18000E+02 0.13000E-02 0.13682E+00 0.10378E+01 0.80189E-02 0.12327E-01 0.10551E+01 0.10371E+01 0.11755E+00 0.11755E+00 0.83636E-01      8072500  20/0.13000E-02
 0.18000E+02 0.20000E-02 0.88933E-01 0.93994E+00 0.75927E-02 0.11449E-01 0.94948E+00 0.93502E+00 0.71706E-01 0.71706E-01 0.64810E+00      8072500  20/0.20000E-02
 0.18000E+02 0.32000E-02 0.55583E-01 0.82948E+00 0.70380E-02 0.10324E-01 0.84503E+00 0.83097E+00 0.36168E-01 0.36168E-01 -.21131E+00      8072500  20/0.32000E-02
 0.18000E+02 0.50000E-02 0.35573E-01 0.74380E+00 0.61656E-02 0.89575E-02 0.75665E+00 0.74438E+00 0.14108E-01 0.14108E-01 -.93835E-01      8072500  20/0.50000E-02
 0.18000E+02 0.80000E-02 0.22233E-01 0.66400E+00 0.54059E-02 0.84352E-02 0.67467E+00 0.66332E+00 0.42635E-02 0.42635E-02 0.12615E+00      8072500  20/0.80000E-02
 0.18000E+02 0.20000E-01 0.88933E-02 0.53574E+00 0.10053E-01 0.13519E-01 0.54606E+00 0.54431E+00 0.10489E-01 0.10489E-01 -.85275E+00      8072500  20/0.20000E-01
 0.22000E+02 0.29000E-03 0.74963E+00 0.14338E+01 0.38316E-01 0.44225E-01 0.14601E+01 0.14212E+01 0.37237E+00 0.37237E+00 0.32789E+00      8072500  21/0.29000E-03
 0.22000E+02 0.32000E-03 0.67935E+00 0.14306E+01 0.44780E-01 0.48074E-01 0.14583E+01 0.14255E+01 0.36426E+00 0.36426E+00 0.11358E+00      8072500  21/0.32000E-03
 0.22000E+02 0.34500E-03 0.63012E+00 0.14102E+01 0.26803E-01 0.32039E-01 0.14522E+01 0.14285E+01 0.35553E+00 0.35553E+00 -.68211E+00      8072500  21/0.34500E-03
 0.22000E+02 0.38800E-03 0.56029E+00 0.13925E+01 0.19311E-01 0.27496E-01 0.14360E+01 0.14194E+01 0.33798E+00 0.33798E+00 -.13940E+01      8072500  21/0.38800E-03
 0.22000E+02 0.50000E-03 0.43478E+00 0.13823E+01 0.17665E-01 0.26795E-01 0.13816E+01 0.13612E+01 0.29100E+00 0.29100E+00 0.11934E+01      8072500  21/0.50000E-03
 0.22000E+02 0.59200E-03 0.36721E+00 0.13265E+01 0.15975E-01 0.25419E-01 0.13374E+01 0.13197E+01 0.25842E+00 0.25842E+00 0.42318E+00      8072500  21/0.59200E-03
 0.22000E+02 0.80000E-03 0.27174E+00 0.12290E+01 0.12458E-01 0.20136E-01 0.12523E+01 0.12324E+01 0.20284E+00 0.20284E+00 -.27289E+00      8072500  21/0.80000E-03
 0.22000E+02 0.13000E-02 0.16722E+00 0.10574E+01 0.29156E-01 0.30380E-01 0.11141E+01 0.10897E+01 0.12795E+00 0.12795E+00 -.11072E+01      8072500  21/0.13000E-02
 0.22000E+02 0.20000E-02 0.10870E+00 0.99039E+00 0.16823E-01 0.21166E-01 0.99947E+00 0.97505E+00 0.78438E-01 0.78438E-01 0.91203E+00      8072500  21/0.20000E-02
 0.22000E+02 0.32000E-02 0.67935E-01 0.90023E+00 0.25108E-01 0.26555E-01 0.88569E+00 0.88026E+00 0.39730E-01 0.39730E-01 0.79528E+00      8072500  21/0.32000E-02
 0.22000E+02 0.50000E-02 0.43478E-01 0.76900E+00 0.19781E-01 0.21034E-01 0.78947E+00 0.78382E+00 0.15751E-01 0.15751E-01 -.74896E+00      8072500  21/0.50000E-02
 0.22000E+02 0.80000E-02 0.27174E-01 0.65607E+00 0.17717E-01 0.18783E-01 0.70032E+00 0.69743E+00 0.43400E-02 0.43400E-02 -.23347E+01      8072500  21/0.80000E-02
 0.22000E+02 0.13000E-01 0.16722E-01 0.58566E+00 0.16318E-01 0.17156E-01 0.62073E+00 0.61577E+00 0.92030E-02 0.92030E-02 -.18451E+01      8072500  21/0.13000E-01
 0.22000E+02 0.32000E-01 0.67935E-02 0.51943E+00 0.12319E-01 0.15794E-01 0.50494E+00 0.50207E+00 0.10077E-01 0.10077E-01 0.14088E+01      8072500  21/0.32000E-01
 0.27000E+02 0.31400E-03 0.84968E+00 0.14802E+01 0.67516E-01 0.70218E-01 0.14732E+01 0.14226E+01 0.35540E+00 0.35540E+00 0.85253E+00      8072500  22/0.31400E-03
 0.27000E+02 0.35500E-03 0.75154E+00 0.14408E+01 0.41216E-01 0.43426E-01 0.14828E+01 0.14388E+01 0.35125E+00 0.35125E+00 0.48984E-01      8072500  22/0.35500E-03
 0.27000E+02 0.41000E-03 0.65073E+00 0.14618E+01 0.33660E-01 0.37741E-01 0.14767E+01 0.14331E+01 0.33640E+00 0.33640E+00 0.85407E+00      8072500  22/0.41000E-03
 0.27000E+02 0.50000E-03 0.53360E+00 0.14108E+01 0.14617E-01 0.22133E-01 0.14457E+01 0.14076E+01 0.30468E+00 0.30468E+00 0.21846E+00      8072500  22/0.50000E-03
 0.27000E+02 0.80000E-03 0.33350E+00 0.12885E+01 0.10520E-01 0.15719E-01 0.13219E+01 0.12983E+01 0.21705E+00 0.21705E+00 -.93382E+00      8072500  22/0.80000E-03
 0.27000E+02 0.13000E-02 0.20523E+00 0.11536E+01 0.94140E-02 0.14039E-01 0.11759E+01 0.11558E+01 0.13806E+00 0.13806E+00 -.23817E+00      8072500  22/0.13000E-02
 0.27000E+02 0.20000E-02 0.13340E+00 0.10437E+01 0.86813E-02 0.12726E-01 0.10520E+01 0.10348E+01 0.84824E-01 0.84824E-01 0.10208E+01      8072500  22/0.20000E-02
 0.27000E+02 0.32000E-02 0.83374E-01 0.91323E+00 0.78148E-02 0.11391E-01 0.92851E+00 0.91380E+00 0.43280E-01 0.43280E-01 -.73059E-01      8072500  22/0.32000E-02
 0.27000E+02 0.50000E-02 0.53360E-01 0.79956E+00 0.69480E-02 0.10060E-01 0.82390E+00 0.81033E+00 0.17380E-01 0.17380E-01 -.15495E+01      8072500  22/0.50000E-02
 0.27000E+02 0.80000E-02 0.33350E-01 0.70730E+00 0.63514E-02 0.88412E-02 0.72702E+00 0.71424E+00 0.44932E-02 0.44932E-02 -.10920E+01      8072500  22/0.80000E-02
 0.27000E+02 0.13000E-01 0.20523E-01 0.63457E+00 0.55106E-02 0.83836E-02 0.64066E+00 0.63088E+00 0.95613E-02 0.95613E-02 0.66937E+00      8072500  22/0.13000E-01
 0.27000E+02 0.20000E-01 0.13340E-01 0.57643E+00 0.65729E-02 0.10149E-01 0.57533E+00 0.56499E+00 0.11600E-01 0.11600E-01 0.17406E+01      8072500  22/0.20000E-01
 0.27000E+02 0.32000E-01 0.83374E-02 0.52693E+00 0.97308E-02 0.13438E-01 0.51513E+00 0.51599E+00 0.10671E-01 0.10671E-01 0.11242E+01      8072500  22/0.32000E-01
 0.35000E+02 0.46030E-03 0.75136E+00 0.14273E+01 0.33314E-01 0.36389E-01 0.15013E+01 0.14558E+01 0.31958E+00 0.31958E+00 -.85628E+00      8072500  23/0.46030E-03
 0.35000E+02 0.50000E-03 0.69170E+00 0.14719E+01 0.35246E-01 0.38662E-01 0.14984E+01 0.14687E+01 0.31048E+00 0.31048E+00 0.89971E-01      8072500  23/0.50000E-03
 0.35000E+02 0.53110E-03 0.65120E+00 0.14398E+01 0.21819E-01 0.26501E-01 0.14928E+01 0.14614E+01 0.30235E+00 0.30235E+00 -.98893E+00      8072500  23/0.53110E-03
 0.35000E+02 0.61600E-03 0.56144E+00 0.14580E+01 0.23216E-01 0.29329E-01 0.14688E+01 0.14495E+01 0.27879E+00 0.27879E+00 0.36663E+00      8072500  23/0.61600E-03
 0.35000E+02 0.65700E-03 0.52641E+00 0.14332E+01 0.19012E-01 0.26541E-01 0.14548E+01 0.14380E+01 0.26734E+00 0.26734E+00 -.25299E+00      8072500  23/0.65700E-03
 0.35000E+02 0.80000E-03 0.43231E+00 0.13864E+01 0.10752E-01 0.18071E-01 0.14036E+01 0.13767E+01 0.23178E+00 0.23178E+00 0.89952E+00      8072500  23/0.80000E-03
 0.35000E+02 0.10000E-02 0.34585E+00 0.13115E+01 0.13632E-01 0.21757E-01 0.13362E+01 0.13153E+01 0.19153E+00 0.19153E+00 -.28242E+00      8072500  23/0.10000E-02
 0.35000E+02 0.13000E-02 0.26604E+00 0.12224E+01 0.79650E-02 0.13980E-01 0.12532E+01 0.12319E+01 0.14929E+00 0.14929E+00 -.11895E+01      8072500  23/0.13000E-02
 0.35000E+02 0.20000E-02 0.17292E+00 0.10990E+01 0.84054E-02 0.12932E-01 0.11186E+01 0.10999E+01 0.92028E-01 0.92028E-01 -.10921E+00      8072500  23/0.20000E-02
 0.35000E+02 0.32000E-02 0.10808E+00 0.96333E+00 0.72751E-02 0.11427E-01 0.98285E+00 0.96398E+00 0.47131E-01 0.47131E-01 -.89131E-01      8072500  23/0.32000E-02
 0.35000E+02 0.50000E-02 0.69170E-01 0.85070E+00 0.69613E-02 0.10254E-01 0.86752E+00 0.85305E+00 0.19048E-01 0.19048E-01 -.33744E+00      8072500  23/0.50000E-02
 0.35000E+02 0.80000E-02 0.43231E-01 0.74595E+00 0.63182E-02 0.92532E-02 0.76086E+00 0.74818E+00 0.47256E-02 0.47256E-02 -.35234E+00      8072500  23/0.80000E-02
 0.35000E+02 0.13000E-01 0.26604E-01 0.66090E+00 0.60028E-02 0.84116E-02 0.66569E+00 0.65502E+00 0.10093E-01 0.10093E-01 0.97970E+00      8072500  23/0.13000E-01
 0.35000E+02 0.20000E-01 0.17292E-01 0.59057E+00 0.53505E-02 0.86579E-02 0.59389E+00 0.58406E+00 0.12354E-01 0.12354E-01 0.12173E+01      8072500  23/0.20000E-01
 0.35000E+02 0.32000E-01 0.10808E-01 0.51678E+00 0.64721E-02 0.99770E-02 0.52773E+00 0.52339E+00 0.11423E-01 0.11423E-01 -.10217E+01      8072500  23/0.32000E-01
 0.35000E+02 0.80000E-01 0.43231E-02 0.44824E+00 0.17078E-01 0.23200E-01 0.42860E+00 0.43901E+00 0.68911E-02 0.68911E-02 0.54055E+00      8072500  23/0.80000E-01
 0.45000E+02 0.59000E-03 0.75367E+00 0.14678E+01 0.50147E-01 0.53265E-01 0.15067E+01 0.14727E+01 0.28444E+00 0.28444E+00 -.96964E-01      8072500  24/0.59000E-03
 0.45000E+02 0.63410E-03 0.70125E+00 0.14511E+01 0.28578E-01 0.32104E-01 0.15031E+01 0.14623E+01 0.27532E+00 0.27532E+00 -.39052E+00      8072500  24/0.63410E-03
 0.45000E+02 0.70000E-03 0.63523E+00 0.14853E+01 0.37176E-01 0.41217E-01 0.14920E+01 0.14705E+01 0.26207E+00 0.26207E+00 0.39688E+00      8072500  24/0.70000E-03
 0.45000E+02 0.80000E-03 0.55583E+00 0.14601E+01 0.15820E-01 0.21514E-01 0.14665E+01 0.14379E+01 0.24057E+00 0.24057E+00 0.14062E+01      8072500  24/0.80000E-03
 0.45000E+02 0.92000E-03 0.48333E+00 0.13877E+01 0.22298E-01 0.27818E-01 0.14311E+01 0.14174E+01 0.21660E+00 0.21660E+00 -.13327E+01      8072500  24/0.92000E-03
 0.45000E+02 0.11000E-02 0.40424E+00 0.13707E+01 0.19767E-01 0.25378E-01 0.13782E+01 0.13607E+01 0.18602E+00 0.18602E+00 0.50682E+00      8072500  24/0.11000E-02
 0.45000E+02 0.13000E-02 0.34205E+00 0.12940E+01 0.93620E-02 0.15710E-01 0.13244E+01 0.13026E+01 0.15854E+00 0.15854E+00 -.91603E+00      8072500  24/0.13000E-02
 0.45000E+02 0.20000E-02 0.22233E+00 0.11521E+01 0.81115E-02 0.13142E-01 0.11822E+01 0.11620E+01 0.98389E-01 0.98389E-01 -.12196E+01      8072500  24/0.20000E-02
 0.45000E+02 0.32000E-02 0.13896E+00 0.10050E+01 0.73477E-02 0.11817E-01 0.10349E+01 0.10141E+01 0.50307E-01 0.50307E-01 -.12420E+01      8072500  24/0.32000E-02
 0.45000E+02 0.50000E-02 0.88933E-01 0.89644E+00 0.75451E-02 0.10698E-01 0.90924E+00 0.89606E+00 0.20319E-01 0.20319E-01 0.50573E-01      8072500  24/0.50000E-02
 0.45000E+02 0.80000E-02 0.55583E-01 0.78040E+00 0.67242E-02 0.92873E-02 0.79303E+00 0.78168E+00 0.49616E-02 0.49616E-02 -.19099E+00      8072500  24/0.80000E-02
 0.45000E+02 0.13000E-01 0.34205E-01 0.67916E+00 0.63851E-02 0.87862E-02 0.68936E+00 0.67972E+00 0.10679E-01 0.10679E-01 -.87666E-01      8072500  24/0.13000E-01
 0.45000E+02 0.20000E-01 0.22233E-01 0.60058E+00 0.55473E-02 0.80253E-02 0.61128E+00 0.60168E+00 0.13116E-01 0.13116E-01 -.19895E+00      8072500  24/0.20000E-01
 0.45000E+02 0.32000E-01 0.13896E-01 0.53286E+00 0.74471E-02 0.95520E-02 0.53948E+00 0.53112E+00 0.12117E-01 0.12117E-01 0.23384E+00      8072500  24/0.32000E-01
 0.45000E+02 0.50000E-01 0.88933E-02 0.48495E+00 0.98430E-02 0.12701E-01 0.48276E+00 0.48353E+00 0.94835E-02 0.94835E-02 0.14441E+00      8072500  24/0.50000E-01
 0.60000E+02 0.80000E-03 0.74111E+00 0.14700E+01 0.27648E-01 0.30380E-01 0.14969E+01 0.14762E+01 0.23896E+00 0.23896E+00 -.22508E+00      8072500 999/0.80000E-03
 0.60000E+02 0.86000E-03 0.68940E+00 0.15457E+01 0.42424E-01 0.47861E-01 0.14904E+01 0.14697E+01 0.22902E+00 0.22902E+00 0.17913E+01      8072500 999/0.86000E-03
 0.60000E+02 0.94000E-03 0.63073E+00 0.15253E+01 0.41862E-01 0.47577E-01 0.14776E+01 0.14620E+01 0.21710E+00 0.21710E+00 0.15128E+01      8072500 999/0.94000E-03
 0.60000E+02 0.11000E-02 0.53899E+00 0.14591E+01 0.27393E-01 0.34967E-01 0.14428E+01 0.14322E+01 0.19281E+00 0.19281E+00 0.98346E+00      8072500 999/0.11000E-02
 0.60000E+02 0.13000E-02 0.45607E+00 0.13909E+01 0.13682E-01 0.19034E-01 0.13950E+01 0.13715E+01 0.16630E+00 0.16630E+00 0.14163E+01      8072500 999/0.13000E-02
 0.60000E+02 0.15000E-02 0.39526E+00 0.13166E+01 0.22602E-01 0.26797E-01 0.13492E+01 0.13285E+01 0.14436E+00 0.14436E+00 -.52766E+00      8072500 999/0.15000E-02
 0.60000E+02 0.20000E-02 0.29644E+00 0.12342E+01 0.82317E-02 0.13935E-01 0.12514E+01 0.12325E+01 0.10441E+00 0.10441E+00 0.21189E+00      8072500 999/0.20000E-02
 0.60000E+02 0.32000E-02 0.18528E+00 0.10771E+01 0.77787E-02 0.12054E-01 0.10933E+01 0.10744E+01 0.53638E-01 0.53638E-01 0.34852E+00      8072500 999/0.32000E-02
 0.60000E+02 0.50000E-02 0.11858E+00 0.93215E+00 0.71981E-02 0.10806E-01 0.95614E+00 0.93846E+00 0.21642E-01 0.21642E-01 -.87731E+00      8072500 999/0.50000E-02
 0.60000E+02 0.80000E-02 0.74111E-01 0.81850E+00 0.76104E-02 0.10677E-01 0.82888E+00 0.81800E+00 0.52249E-02 0.52249E-02 0.65327E-01      8072500 999/0.80000E-02
 0.60000E+02 0.13000E-01 0.45607E-01 0.70548E+00 0.71259E-02 0.95323E-02 0.71561E+00 0.70501E+00 0.11382E-01 0.11382E-01 0.66339E-01      8072500 999/0.13000E-01
 0.60000E+02 0.20000E-01 0.29644E-01 0.63101E+00 0.66536E-02 0.90430E-02 0.63043E+00 0.62130E+00 0.13959E-01 0.13959E-01 0.14598E+01      8072500 999/0.20000E-01
 0.60000E+02 0.32000E-01 0.18528E-01 0.55175E+00 0.62833E-02 0.84676E-02 0.55217E+00 0.54340E+00 0.12899E-01 0.12899E-01 0.13282E+01      8072500 999/0.32000E-01
 0.60000E+02 0.50000E-01 0.11858E-01 0.50917E+00 0.86037E-02 0.11387E-01 0.49042E+00 0.48909E+00 0.10062E-01 0.10062E-01 0.23342E+01      8072500 999/0.50000E-01
 0.60000E+02 0.13000E+00 0.45607E-02 0.39468E+00 0.18749E-01 0.22624E-01 0.38257E+00 0.38981E+00 0.69199E-02 0.69199E-02 0.25962E+00      8072500 999/0.13000E+00
 0.70000E+02 0.92200E-03 0.75022E+00 0.13851E+01 0.91934E-01 0.88454E-01 0.14860E+01 0.14433E+01 0.21669E+00 0.21669E+00 -.63298E+00      8072500 999/0.92200E-03
 0.70000E+02 0.10000E-02 0.69170E+00 0.14335E+01 0.49315E-01 0.51574E-01 0.14783E+01 0.14502E+01 0.20601E+00 0.20601E+00 -.33833E+00      8072500 999/0.10000E-02
 0.70000E+02 0.11000E-02 0.62882E+00 0.15062E+01 0.41556E-01 0.47249E-01 0.14634E+01 0.14491E+01 0.19331E+00 0.19331E+00 0.13732E+01      8072500 999/0.11000E-02
 0.70000E+02 0.12400E-02 0.55782E+00 0.14447E+01 0.33518E-01 0.38468E-01 0.14364E+01 0.14168E+01 0.17542E+00 0.17542E+00 0.83327E+00      8072500 999/0.12400E-02
 0.70000E+02 0.13000E-02 0.53208E+00 0.14142E+01 0.26585E-01 0.33457E-01 0.14239E+01 0.14093E+01 0.16843E+00 0.16843E+00 0.18619E+00      8072500 999/0.13000E-02
 0.70000E+02 0.20000E-02 0.34585E+00 0.12456E+01 0.22723E-01 0.27225E-01 0.12856E+01 0.12668E+01 0.10693E+00 0.10693E+00 -.93137E+00      8072500 999/0.20000E-02
 0.70000E+02 0.25000E-02 0.27668E+00 0.11900E+01 0.16416E-01 0.21672E-01 0.12077E+01 0.11878E+01 0.79706E-01 0.79706E-01 0.13190E+00      8072500 999/0.25000E-02
 0.70000E+02 0.32000E-02 0.21616E+00 0.10842E+01 0.13324E-01 0.16581E-01 0.11235E+01 0.11014E+01 0.55081E-01 0.55081E-01 -.12908E+01      8072500 999/0.32000E-02
 0.70000E+02 0.50000E-02 0.13834E+00 0.95805E+00 0.10815E-01 0.14486E-01 0.98064E+00 0.95503E+00 0.22181E-01 0.22181E-01 0.27934E+00      8072500 999/0.50000E-02
 0.70000E+02 0.80000E-02 0.86462E-01 0.81942E+00 0.14068E-01 0.15381E-01 0.84768E+00 0.83585E+00 0.53626E-02 0.53626E-02 -.11680E+01      8072500 999/0.80000E-02
 0.70000E+02 0.13000E-01 0.53208E-01 0.71615E+00 0.14151E-01 0.16283E-01 0.72923E+00 0.72209E+00 0.11793E-01 0.11793E-01 -.41961E+00      8072500 999/0.13000E-01
 0.70000E+02 0.20000E-01 0.34585E-01 0.63677E+00 0.12089E-01 0.13658E-01 0.64027E+00 0.63341E+00 0.14426E-01 0.14426E-01 0.27832E+00      8072500 999/0.20000E-01
 0.70000E+02 0.32000E-01 0.21616E-01 0.56107E+00 0.12840E-01 0.13829E-01 0.55866E+00 0.55145E+00 0.13298E-01 0.13298E-01 0.74929E+00      8072500 999/0.32000E-01
 0.70000E+02 0.50000E-01 0.13834E-01 0.51168E+00 0.92477E-02 0.11591E-01 0.49433E+00 0.49352E+00 0.10351E-01 0.10351E-01 0.19641E+01      8072500 999/0.50000E-01
 0.90000E+02 0.13000E-02 0.68410E+00 0.14785E+01 0.23539E-01 0.27687E-01 0.14473E+01 0.14349E+01 0.16763E+00 0.16763E+00 0.18518E+01      8072500 999/0.13000E-02
 0.90000E+02 0.15000E-02 0.59289E+00 0.14175E+01 0.21536E-01 0.36329E-01 0.14186E+01 0.14136E+01 0.14851E+00 0.14851E+00 0.18131E+00      8072500 999/0.15000E-02
 0.90000E+02 0.20000E-02 0.44466E+00 0.13275E+01 0.16482E-01 0.20857E-01 0.13340E+01 0.13141E+01 0.10980E+00 0.10980E+00 0.81044E+00      8072500 999/0.20000E-02
 0.90000E+02 0.32000E-02 0.27791E+00 0.11653E+01 0.10632E-01 0.14976E-01 0.11702E+01 0.11534E+01 0.56975E-01 0.56975E-01 0.11149E+01      8072500 999/0.32000E-02
 0.90000E+02 0.50000E-02 0.17787E+00 0.10233E+01 0.93417E-02 0.13033E-01 0.10194E+01 0.10040E+01 0.22833E-01 0.22833E-01 0.20650E+01      8072500 999/0.50000E-02
 0.90000E+02 0.80000E-02 0.11117E+00 0.88253E+00 0.90877E-02 0.12083E-01 0.87745E+00 0.86488E+00 0.55894E-02 0.55894E-02 0.19425E+01      8072500 999/0.80000E-02
 0.90000E+02 0.13000E-01 0.68410E-01 0.75350E+00 0.85366E-02 0.11051E-01 0.75073E+00 0.74152E+00 0.12501E-01 0.12501E-01 0.14031E+01      8072500 999/0.13000E-01
 0.90000E+02 0.20000E-01 0.44466E-01 0.64913E+00 0.73939E-02 0.95196E-02 0.65573E+00 0.64498E+00 0.15182E-01 0.15182E-01 0.56193E+00      8072500 999/0.20000E-01
 0.90000E+02 0.32000E-01 0.27791E-01 0.55688E+00 0.70162E-02 0.86173E-02 0.56871E+00 0.55914E+00 0.13939E-01 0.13939E-01 -.32275E+00      8072500 999/0.32000E-01
 0.90000E+02 0.50000E-01 0.17787E-01 0.48827E+00 0.72331E-02 0.89000E-02 0.50024E+00 0.49467E+00 0.10808E-01 0.10808E-01 -.88522E+00      8072500 999/0.50000E-01
 0.90000E+02 0.80000E-01 0.11117E-01 0.43610E+00 0.67704E-02 0.84500E-02 0.43936E+00 0.43715E+00 0.77708E-02 0.77708E-02 -.15534E+00      8072500 999/0.80000E-01
 0.90000E+02 0.18000E+00 0.49407E-02 0.34268E+00 0.14690E-01 0.17584E-01 0.34002E+00 0.33417E+00 0.69990E-02 0.69990E-02 0.57908E+00      8072500 999/0.18000E+00
 0.12000E+03 0.16000E-02 0.74111E+00 0.14098E+01 0.22699E-01 0.26055E-01 0.14122E+01 0.13994E+01 0.13684E+00 0.13684E+00 0.45941E+00      8072500 999/0.16000E-02
 0.12000E+03 0.17200E-02 0.68940E+00 0.14442E+01 0.56464E-01 0.60674E-01 0.14018E+01 0.13758E+01 0.12850E+00 0.12850E+00 0.12112E+01      8072500 999/0.17200E-02
 0.12000E+03 0.18800E-02 0.63073E+00 0.14127E+01 0.47914E-01 0.52110E-01 0.13840E+01 0.13636E+01 0.11791E+00 0.11791E+00 0.10247E+01      8072500 999/0.18800E-02
 0.12000E+03 0.20000E-02 0.59289E+00 0.13613E+01 0.13021E-01 0.23049E-01 0.13690E+01 0.13598E+01 0.11042E+00 0.11042E+00 0.11892E+00      8072500 999/0.20000E-02
 0.12000E+03 0.21200E-02 0.55933E+00 0.13859E+01 0.37711E-01 0.42435E-01 0.13531E+01 0.13298E+01 0.10329E+00 0.10329E+00 0.14881E+01      8072500 999/0.21200E-02
 0.12000E+03 0.27000E-02 0.43917E+00 0.12459E+01 0.34080E-01 0.37139E-01 0.12770E+01 0.12602E+01 0.75763E-01 0.75763E-01 -.41873E+00      8072500 999/0.27000E-02
 0.12000E+03 0.32000E-02 0.37055E+00 0.12083E+01 0.10395E-01 0.14629E-01 0.12178E+01 0.12011E+01 0.58387E-01 0.58387E-01 0.69094E+00      8072500 999/0.32000E-02
 0.12000E+03 0.50000E-02 0.23715E+00 0.10415E+01 0.11550E-01 0.15111E-01 0.10612E+01 0.10443E+01 0.23263E-01 0.23263E-01 -.24570E+00      8072500 999/0.50000E-02
 0.12000E+03 0.80000E-02 0.14822E+00 0.89275E+00 0.87972E-02 0.12330E-01 0.91006E+00 0.88989E+00 0.58680E-02 0.58680E-02 0.32520E+00      8072500 999/0.80000E-02
 0.12000E+03 0.13000E-01 0.91213E-01 0.77383E+00 0.10072E-01 0.12473E-01 0.77433E+00 0.76495E+00 0.13308E-01 0.13308E-01 0.88133E+00      8072500 999/0.13000E-01
 0.12000E+03 0.20000E-01 0.59289E-01 0.66608E+00 0.86153E-02 0.11150E-01 0.67259E+00 0.66562E+00 0.16010E-01 0.16010E-01 0.53648E-01      8072500 999/0.20000E-01
 0.12000E+03 0.32000E-01 0.37055E-01 0.57394E+00 0.84032E-02 0.10094E-01 0.57948E+00 0.57088E+00 0.14645E-01 0.14645E-01 0.36442E+00      8072500 999/0.32000E-01
 0.12000E+03 0.50000E-01 0.23715E-01 0.48591E+00 0.71332E-02 0.87393E-02 0.50641E+00 0.50012E+00 0.11300E-01 0.11300E-01 -.19922E+01      8072500 999/0.50000E-01
 0.12000E+03 0.80000E-01 0.14822E-01 0.44081E+00 0.65808E-02 0.92918E-02 0.44170E+00 0.43894E+00 0.80056E-02 0.80056E-02 0.28455E+00      8072500 999/0.80000E-01
 0.12000E+03 0.18000E+00 0.65876E-02 0.33234E+00 0.12064E-01 0.13234E-01 0.33734E+00 0.33381E+00 0.69131E-02 0.69131E-02 -.12173E+00      8072500 999/0.18000E+00
 0.15000E+03 0.20000E-02 0.74111E+00 0.13807E+01 0.23977E-01 0.27270E-01 0.13693E+01 0.13576E+01 0.10801E+00 0.10801E+00 0.96154E+00      8072500 999/0.20000E-02
 0.15000E+03 0.32000E-02 0.46319E+00 0.12348E+01 0.11214E-01 0.16862E-01 0.12469E+01 0.12352E+01 0.58806E-01 0.58806E-01 -.37635E-01      8072500 999/0.32000E-02
 0.15000E+03 0.50000E-02 0.29644E+00 0.10778E+01 0.10195E-01 0.13349E-01 0.10909E+01 0.10763E+01 0.23382E-01 0.23382E-01 0.14508E+00      8072500 999/0.50000E-02
 0.15000E+03 0.80000E-02 0.18528E+00 0.92693E+00 0.11881E-01 0.14157E-01 0.93409E+00 0.92543E+00 0.61093E-02 0.61093E-02 0.12660E+00      8072500 999/0.80000E-02
 0.15000E+03 0.13000E-01 0.11402E+00 0.79740E+00 0.13495E-01 0.16036E-01 0.79181E+00 0.78533E+00 0.13956E-01 0.13956E-01 0.89425E+00      8072500 999/0.13000E-01
 0.15000E+03 0.20000E-01 0.74111E-01 0.68714E+00 0.12444E-01 0.15065E-01 0.68502E+00 0.68232E+00 0.16655E-01 0.16655E-01 0.38721E+00      8072500 999/0.20000E-01
 0.15000E+03 0.32000E-01 0.46319E-01 0.58336E+00 0.11956E-01 0.13959E-01 0.58738E+00 0.58333E+00 0.15159E-01 0.15159E-01 0.26440E-02      8072500 999/0.32000E-01
 0.15000E+03 0.50000E-01 0.29644E-01 0.50911E+00 0.10646E-01 0.11863E-01 0.51084E+00 0.50611E+00 0.11656E-01 0.11656E-01 0.28213E+00      8072500 999/0.50000E-01
 0.15000E+03 0.80000E-01 0.18528E-01 0.44360E+00 0.85818E-02 0.10138E-01 0.44326E+00 0.44129E+00 0.81752E-02 0.81752E-02 0.26864E+00      8072500 999/0.80000E-01
 0.15000E+03 0.18000E+00 0.82345E-02 0.32437E+00 0.11184E-01 0.12136E-01 0.33526E+00 0.33154E+00 0.68500E-02 0.68500E-02 -.64108E+00      8072500 999/0.18000E+00
 0.20000E+03 0.26000E-02 0.76011E+00 0.13123E+01 0.24949E-01 0.27623E-01 0.13090E+01 0.12966E+01 0.77596E-01 0.77596E-01 0.62929E+00      8072500 999/0.26000E-02
 0.20000E+03 0.32000E-02 0.61759E+00 0.12484E+01 0.14699E-01 0.21159E-01 0.12658E+01 0.12562E+01 0.58140E-01 0.58140E-01 -.53005E+00      8072500 999/0.32000E-02
 0.20000E+03 0.50000E-02 0.39526E+00 0.11099E+01 0.86575E-02 0.12935E-01 0.11236E+01 0.11109E+01 0.23265E-01 0.23265E-01 -.10997E+00      8072500 999/0.50000E-02
 0.20000E+03 0.80000E-02 0.24704E+00 0.94762E+00 0.62910E-02 0.10164E-01 0.96293E+00 0.95213E+00 0.64592E-02 0.64592E-02 -.71767E+00      8072500 999/0.80000E-02
 0.20000E+03 0.13000E-01 0.15202E+00 0.80850E+00 0.49044E-02 0.84217E-02 0.81319E+00 0.80455E+00 0.14809E-01 0.14809E-01 0.80510E+00      8072500 999/0.13000E-01
 0.20000E+03 0.20000E-01 0.98814E-01 0.70105E+00 0.46522E-02 0.76577E-02 0.70021E+00 0.69312E+00 0.17473E-01 0.17473E-01 0.17043E+01      8072500 999/0.20000E-01
 0.20000E+03 0.32000E-01 0.61759E-01 0.58242E+00 0.43767E-02 0.67766E-02 0.59698E+00 0.58872E+00 0.15793E-01 0.15793E-01 -.14397E+01      8072500 999/0.32000E-01
 0.20000E+03 0.50000E-01 0.39526E-01 0.51982E+00 0.39239E-02 0.60171E-02 0.51618E+00 0.50893E+00 0.12084E-01 0.12084E-01 0.27761E+01      8072500 999/0.50000E-01
 0.20000E+03 0.80000E-01 0.24704E-01 0.43827E+00 0.29632E-02 0.49851E-02 0.44500E+00 0.43759E+00 0.83784E-02 0.83784E-02 0.23022E+00      8072500 999/0.80000E-01
 0.20000E+03 0.13000E+00 0.15202E-01 0.36173E+00 0.84618E-02 0.88818E-02 0.37901E+00 0.37570E+00 0.69067E-02 0.69067E-02 -.16510E+01      8072500 999/0.13000E+00
 0.20000E+03 0.18000E+00 0.10979E-01 0.34253E+00 0.31069E-02 0.54325E-02 0.33255E+00 0.33191E+00 0.67726E-02 0.67726E-02 0.34194E+01      8072500 999/0.18000E+00
 0.20000E+03 0.25000E+00 0.79051E-02 0.27760E+00 0.15226E-01 0.16529E-01 0.27560E+00 0.27413E+00 0.61176E-02 0.61176E-02 0.22764E+00      8072500 999/0.25000E+00
 0.20000E+03 0.40000E+00 0.49407E-02 0.13952E+00 0.96539E-02 0.10327E-01 0.15842E+00 0.15853E+00 0.34255E-02 0.34255E-02 -.19691E+01      8072500 999/0.40000E+00
 0.25000E+03 0.33000E-02 0.74859E+00 0.12800E+01 0.24958E-01 0.27868E-01 0.12512E+01 0.12396E+01 0.53846E-01 0.53846E-01 0.16205E+01      8072500 999/0.33000E-02
 0.25000E+03 0.50000E-02 0.49407E+00 0.11266E+01 0.11594E-01 0.15513E-01 0.11413E+01 0.11305E+01 0.22940E-01 0.22940E-01 -.33235E+00      8072500 999/0.50000E-02
 0.25000E+03 0.80000E-02 0.30879E+00 0.95192E+00 0.68247E-02 0.10512E-01 0.98291E+00 0.96917E+00 0.67560E-02 0.67560E-02 -.25277E+01      8072500 999/0.80000E-02
 0.25000E+03 0.13000E-01 0.19003E+00 0.82679E+00 0.57431E-02 0.91438E-02 0.82872E+00 0.81903E+00 0.15469E-01 0.15469E-01 0.13517E+01      8072500 999/0.13000E-01
 0.25000E+03 0.20000E-01 0.12352E+00 0.70742E+00 0.57583E-02 0.82938E-02 0.71134E+00 0.70309E+00 0.18090E-01 0.18090E-01 0.75191E+00      8072500 999/0.20000E-01
 0.25000E+03 0.32000E-01 0.77199E-01 0.59220E+00 0.52743E-02 0.73550E-02 0.60395E+00 0.59572E+00 0.16266E-01 0.16266E-01 -.66657E+00      8072500 999/0.32000E-01
 0.25000E+03 0.50000E-01 0.49407E-01 0.51873E+00 0.43369E-02 0.63332E-02 0.51999E+00 0.51228E+00 0.12396E-01 0.12396E-01 0.14876E+01      8072500 999/0.50000E-01
 0.25000E+03 0.80000E-01 0.30879E-01 0.44019E+00 0.31699E-02 0.51297E-02 0.44616E+00 0.43866E+00 0.85241E-02 0.85241E-02 0.48253E+00      8072500 999/0.80000E-01
 0.25000E+03 0.13000E+00 0.19003E-01 0.36738E+00 0.65902E-02 0.73470E-02 0.37808E+00 0.37421E+00 0.69045E-02 0.69045E-02 -.10362E+01      8072500 999/0.13000E+00
 0.25000E+03 0.18000E+00 0.13724E-01 0.33173E+00 0.35500E-02 0.53069E-02 0.33045E+00 0.32874E+00 0.67154E-02 0.67154E-02 0.84248E+00      8072500 999/0.18000E+00
 0.25000E+03 0.25000E+00 0.98814E-02 0.26745E+00 0.11544E-01 0.12478E-01 0.27253E+00 0.27094E+00 0.60315E-02 0.60315E-02 -.30264E+00      8072500 999/0.25000E+00
 0.25000E+03 0.40000E+00 0.61759E-02 0.14200E+00 0.76906E-02 0.88115E-02 0.15499E+00 0.15508E+00 0.33393E-02 0.33393E-02 -.17014E+01      8072500 999/0.40000E+00
 0.30000E+03 0.39000E-02 0.76011E+00 0.12182E+01 0.25177E-01 0.27546E-01 0.12061E+01 0.11947E+01 0.39526E-01 0.39526E-01 0.93501E+00      8072500 999/0.39000E-02
 0.30000E+03 0.50000E-02 0.59289E+00 0.11418E+01 0.17168E-01 0.20798E-01 0.11477E+01 0.11381E+01 0.22496E-01 0.22496E-01 0.21780E+00      8072500 999/0.50000E-02
 0.30000E+03 0.80000E-02 0.37055E+00 0.96895E+00 0.80129E-02 0.11505E-01 0.99693E+00 0.98306E+00 0.69991E-02 0.69991E-02 -.17610E+01      8072500 999/0.80000E-02
 0.30000E+03 0.13000E-01 0.22803E+00 0.81291E+00 0.62105E-02 0.91127E-02 0.84056E+00 0.82983E+00 0.15999E-01 0.15999E-01 -.27246E+01      8072500 999/0.13000E-01
 0.30000E+03 0.20000E-01 0.14822E+00 0.70310E+00 0.59408E-02 0.83927E-02 0.71995E+00 0.70954E+00 0.18582E-01 0.18582E-01 -.10837E+01      8072500 999/0.20000E-01
 0.30000E+03 0.32000E-01 0.92638E-01 0.59769E+00 0.60823E-02 0.79330E-02 0.60937E+00 0.60131E+00 0.16637E-01 0.16637E-01 -.59466E+00      8072500 999/0.32000E-01
 0.30000E+03 0.50000E-01 0.59289E-01 0.50663E+00 0.48769E-02 0.64822E-02 0.52291E+00 0.51529E+00 0.12639E-01 0.12639E-01 -.17750E+01      8072500 999/0.50000E-01
 0.30000E+03 0.80000E-01 0.37055E-01 0.43264E+00 0.38407E-02 0.54341E-02 0.44700E+00 0.43881E+00 0.86363E-02 0.86363E-02 -.16073E+01      8072500 999/0.80000E-01
 0.30000E+03 0.13000E+00 0.22803E-01 0.37132E+00 0.71837E-02 0.80386E-02 0.37728E+00 0.37186E+00 0.69024E-02 0.69024E-02 -.74617E-01      8072500 999/0.13000E+00
 0.30000E+03 0.18000E+00 0.16469E-01 0.32720E+00 0.33709E-02 0.46401E-02 0.32875E+00 0.32330E+00 0.66704E-02 0.66704E-02 0.11576E+01      8072500 999/0.18000E+00
 0.30000E+03 0.25000E+00 0.11858E-01 0.26834E+00 0.13296E-01 0.14604E-01 0.27009E+00 0.26850E+00 0.59639E-02 0.59639E-02 -.12011E-01      8072500 999/0.25000E+00
 0.30000E+03 0.40000E+00 0.74111E-02 0.15900E+00 0.53553E-02 0.66169E-02 0.15230E+00 0.15297E+00 0.32722E-02 0.32722E-02 0.11257E+01      8072500 999/0.40000E+00
 0.40000E+03 0.53000E-02 0.74577E+00 0.11812E+01 0.24663E-01 0.27578E-01 0.11232E+01 0.11126E+01 0.18401E-01 0.18401E-01 0.27829E+01      8072500 999/0.53000E-02
 0.40000E+03 0.80000E-02 0.49407E+00 0.10179E+01 0.10493E-01 0.14002E-01 0.10119E+01 0.10017E+01 0.73518E-02 0.73518E-02 0.15452E+01      8072500 999/0.80000E-02
 0.40000E+03 0.13000E-01 0.30404E+00 0.84354E+00 0.82637E-02 0.10779E-01 0.85706E+00 0.84759E+00 0.16789E-01 0.16789E-01 -.49034E+00      8072500 999/0.13000E-01
 0.40000E+03 0.20000E-01 0.19763E+00 0.71427E+00 0.73100E-02 0.92585E-02 0.73253E+00 0.72270E+00 0.19324E-01 0.19324E-01 -.11531E+01      8072500 999/0.20000E-01
 0.40000E+03 0.32000E-01 0.12352E+00 0.60189E+00 0.60045E-02 0.78402E-02 0.61732E+00 0.60833E+00 0.17197E-01 0.17197E-01 -.10724E+01      8072500 999/0.32000E-01
 0.40000E+03 0.50000E-01 0.79051E-01 0.51198E+00 0.50695E-02 0.67402E-02 0.52715E+00 0.51918E+00 0.13000E-01 0.13000E-01 -.14211E+01      8072500 999/0.50000E-01
 0.40000E+03 0.80000E-01 0.49407E-01 0.43587E+00 0.43620E-02 0.57040E-02 0.44821E+00 0.44061E+00 0.88019E-02 0.88019E-02 -.10863E+01      8072500 999/0.80000E-01
 0.40000E+03 0.13000E+00 0.30404E-01 0.36703E+00 0.40072E-02 0.50970E-02 0.37597E+00 0.36962E+00 0.68984E-02 0.68984E-02 -.64667E+00      8072500 999/0.13000E+00
 0.40000E+03 0.18000E+00 0.21959E-01 0.31959E+00 0.97893E-02 0.10606E-01 0.32612E+00 0.32608E+00 0.66030E-02 0.66030E-02 -.66299E+00      8072500 999/0.18000E+00
 0.40000E+03 0.25000E+00 0.15810E-01 0.26134E+00 0.39481E-02 0.47774E-02 0.26636E+00 0.26084E+00 0.58621E-02 0.58621E-02 0.12567E+00      8072500 999/0.25000E+00
 0.40000E+03 0.40000E+00 0.98814E-02 0.16017E+00 0.47268E-02 0.61100E-02 0.14826E+00 0.14931E+00 0.31724E-02 0.31724E-02 0.22973E+01      8072500 999/0.40000E+00
 0.50000E+03 0.66000E-02 0.74859E+00 0.10516E+01 0.24078E-01 0.25579E-01 0.10599E+01 0.10490E+01 0.82350E-02 0.82350E-02 0.10680E+00      8072500 999/0.66000E-02
 0.50000E+03 0.80000E-02 0.61759E+00 0.99848E+00 0.19652E-01 0.21582E-01 0.10136E+01 0.10040E+01 0.75256E-02 0.75256E-02 -.28250E+00      8072500 999/0.80000E-02
 0.50000E+03 0.13000E-01 0.38005E+00 0.87521E+00 0.12594E-01 0.14736E-01 0.86705E+00 0.85781E+00 0.17335E-01 0.17335E-01 0.13812E+01      8072500 999/0.13000E-01
 0.50000E+03 0.20000E-01 0.24704E+00 0.74136E+00 0.10869E-01 0.12507E-01 0.74116E+00 0.73259E+00 0.19864E-01 0.19864E-01 0.80734E+00      8072500 999/0.20000E-01
 0.50000E+03 0.32000E-01 0.15440E+00 0.61906E+00 0.92067E-02 0.10587E-01 0.62293E+00 0.61499E+00 0.17609E-01 0.17609E-01 0.44214E+00      8072500 999/0.32000E-01
 0.50000E+03 0.50000E-01 0.98814E-01 0.53349E+00 0.84296E-02 0.97849E-02 0.53012E+00 0.52317E+00 0.13264E-01 0.13264E-01 0.12245E+01      8072500 999/0.50000E-01
 0.50000E+03 0.80000E-01 0.61759E-01 0.44276E+00 0.71727E-02 0.81469E-02 0.44897E+00 0.44196E+00 0.89208E-02 0.89208E-02 0.11110E+00      8072500 999/0.80000E-01
 0.50000E+03 0.13000E+00 0.38005E-01 0.37672E+00 0.71821E-02 0.80929E-02 0.37494E+00 0.36894E+00 0.68951E-02 0.68951E-02 0.10828E+01      8072500 999/0.13000E+00
 0.50000E+03 0.18000E+00 0.27448E-01 0.31275E+00 0.73198E-02 0.78087E-02 0.32412E+00 0.32083E+00 0.65532E-02 0.65532E-02 -.11045E+01      8072500 999/0.18000E+00
 0.50000E+03 0.25000E+00 0.19763E-01 0.26133E+00 0.78942E-02 0.90092E-02 0.26358E+00 0.26410E+00 0.57873E-02 0.57873E-02 -.35078E+00      8072500 999/0.25000E+00
 0.50000E+03 0.40000E+00 0.12352E-01 0.17198E+00 0.11622E-01 0.15225E-01 0.14529E+00 0.14613E+00 0.30998E-02 0.30998E-02 0.22245E+01      8072500 999/0.40000E+00
 0.65000E+03 0.85000E-02 0.75564E+00 0.10003E+01 0.25174E-01 0.26778E-01 0.98604E+00 0.97533E+00 0.86410E-02 0.86410E-02 0.99208E+00      8072500 999/0.85000E-02
 0.65000E+03 0.13000E-01 0.49407E+00 0.86196E+00 0.10452E-01 0.12763E-01 0.87353E+00 0.86234E+00 0.17820E-01 0.17820E-01 -.36063E-01      8072500 999/0.13000E-01
 0.65000E+03 0.20000E-01 0.32115E+00 0.74569E+00 0.88992E-02 0.10784E-01 0.74942E+00 0.74116E+00 0.20432E-01 0.20432E-01 0.50895E+00      8072500 999/0.20000E-01
 0.65000E+03 0.32000E-01 0.20072E+00 0.62722E+00 0.77043E-02 0.92779E-02 0.62872E+00 0.62053E+00 0.18067E-01 0.18067E-01 0.86857E+00      8072500 999/0.32000E-01
 0.65000E+03 0.50000E-01 0.12846E+00 0.52044E+00 0.64366E-02 0.77868E-02 0.53319E+00 0.52723E+00 0.13559E-01 0.13559E-01 -.10547E+01      8072500 999/0.50000E-01
 0.65000E+03 0.80000E-01 0.80287E-01 0.43784E+00 0.56562E-02 0.66954E-02 0.44965E+00 0.44421E+00 0.90516E-02 0.90516E-02 -.11256E+01      8072500 999/0.80000E-01
 0.65000E+03 0.13000E+00 0.49407E-01 0.36151E+00 0.51901E-02 0.60279E-02 0.37370E+00 0.36711E+00 0.68907E-02 0.68907E-02 -.10780E+01      8072500 999/0.13000E+00
 0.65000E+03 0.18000E+00 0.35683E-01 0.33431E+00 0.78548E-02 0.87918E-02 0.32182E+00 0.31766E+00 0.64975E-02 0.64975E-02 0.21199E+01      8072500 999/0.18000E+00
 0.65000E+03 0.25000E+00 0.25692E-01 0.24797E+00 0.43996E-02 0.49549E-02 0.26043E+00 0.25843E+00 0.57039E-02 0.57039E-02 -.23783E+01      8072500 999/0.25000E+00
 0.65000E+03 0.40000E+00 0.16057E-01 0.14541E+00 0.58917E-02 0.67458E-02 0.14199E+00 0.14151E+00 0.30196E-02 0.30196E-02 0.66218E+00      8072500 999/0.40000E+00
 0.65000E+03 0.65000E+00 0.98814E-02 0.22762E-01 0.32850E-02 0.37682E-02 0.19651E-01 0.19704E-01 0.45572E-03 0.45572E-03 0.93082E+00      8072500 999/0.65000E+00
 0.80000E+03 0.10500E-01 0.75287E+00 0.93246E+00 0.26712E-01 0.28077E-01 0.92299E+00 0.91322E+00 0.14027E-01 0.14027E-01 0.72045E+00      8072500 999/0.10500E-01
 0.80000E+03 0.13000E-01 0.60809E+00 0.84371E+00 0.13539E-01 0.15477E-01 0.87201E+00 0.86205E+00 0.17997E-01 0.17997E-01 -.13548E+01      8072500 999/0.13000E-01
 0.80000E+03 0.20000E-01 0.39526E+00 0.73302E+00 0.10783E-01 0.12264E-01 0.75370E+00 0.74600E+00 0.20812E-01 0.20812E-01 -.12035E+01      8072500 999/0.20000E-01
 0.80000E+03 0.32000E-01 0.24704E+00 0.62669E+00 0.86172E-02 0.10018E-01 0.63242E+00 0.62627E+00 0.18408E-01 0.18408E-01 0.49055E-01      8072500 999/0.32000E-01
 0.80000E+03 0.50000E-01 0.15810E+00 0.52486E+00 0.70458E-02 0.82651E-02 0.53519E+00 0.52804E+00 0.13783E-01 0.13783E-01 -.45190E+00      8072500 999/0.50000E-01
 0.80000E+03 0.80000E-01 0.98814E-01 0.45793E+00 0.63752E-02 0.76190E-02 0.44999E+00 0.44501E+00 0.91503E-02 0.91503E-02 0.20260E+01      8072500 999/0.80000E-01
 0.80000E+03 0.13000E+00 0.60809E-01 0.35825E+00 0.57909E-02 0.64815E-02 0.37266E+00 0.36592E+00 0.68866E-02 0.68866E-02 -.13244E+01      8072500 999/0.13000E+00
 0.80000E+03 0.18000E+00 0.43917E-01 0.33130E+00 0.85880E-02 0.93292E-02 0.32003E+00 0.31593E+00 0.64555E-02 0.64555E-02 0.17896E+01      8072500 999/0.18000E+00
 0.80000E+03 0.25000E+00 0.31621E-01 0.25179E+00 0.48188E-02 0.53720E-02 0.25803E+00 0.25409E+00 0.56416E-02 0.56416E-02 -.47794E+00      8072500 999/0.25000E+00
 0.80000E+03 0.40000E+00 0.19763E-01 0.13194E+00 0.62554E-02 0.65501E-02 0.13951E+00 0.13937E+00 0.29600E-02 0.29600E-02 -.11877E+01      8072500 999/0.40000E+00
 0.80000E+03 0.65000E+00 0.12162E-01 0.20694E-01 0.27331E-02 0.30504E-02 0.18986E-01 0.19115E-01 0.44196E-03 0.44196E-03 0.57781E+00      8072500 999/0.65000E+00
 0.10000E+04 0.13000E-01 0.76011E+00 0.82262E+00 0.22945E-01 0.26292E-01 0.86029E+00 0.85624E+00 0.17845E-01 0.17845E-01 -.14652E+01      8072500 999/0.13000E-01
 0.10000E+04 0.20000E-01 0.49407E+00 0.73614E+00 0.15862E-01 0.16876E-01 0.75473E+00 0.74697E+00 0.21103E-01 0.21103E-01 -.68266E+00      8072500 999/0.20000E-01
 0.10000E+04 0.32000E-01 0.30879E+00 0.62490E+00 0.13079E-01 0.14018E-01 0.63509E+00 0.62796E+00 0.18748E-01 0.18748E-01 -.23364E+00      8072500 999/0.32000E-01
 0.10000E+04 0.50000E-01 0.19763E+00 0.53197E+00 0.12166E-01 0.12884E-01 0.53673E+00 0.53062E+00 0.14016E-01 0.14016E-01 0.11074E+00      8072500 999/0.50000E-01
 0.10000E+04 0.80000E-01 0.12352E+00 0.44693E+00 0.10196E-01 0.10864E-01 0.45009E+00 0.44438E+00 0.92541E-02 0.92541E-02 0.25009E+00      8072500 999/0.80000E-01
 0.10000E+04 0.13000E+00 0.76011E-01 0.36188E+00 0.10326E-01 0.10701E-01 0.37148E+00 0.36643E+00 0.68820E-02 0.68820E-02 -.44070E+00      8072500 999/0.13000E+00
 0.10000E+04 0.18000E+00 0.54897E-01 0.31330E+00 0.91818E-02 0.95193E-02 0.31813E+00 0.31380E+00 0.64121E-02 0.64121E-02 -.54190E-01      8072500 999/0.18000E+00
 0.10000E+04 0.25000E+00 0.39526E-01 0.25532E+00 0.85799E-02 0.90246E-02 0.25555E+00 0.25364E+00 0.55781E-02 0.55781E-02 0.19588E+00      8072500 999/0.25000E+00
 0.10000E+04 0.40000E+00 0.24704E-01 0.13439E+00 0.75445E-02 0.79279E-02 0.13699E+00 0.13744E+00 0.28997E-02 0.28997E-02 -.40487E+00      8072500 999/0.40000E+00
 0.10000E+04 0.65000E+00 0.15202E-01 0.19892E-01 0.29706E-02 0.32667E-02 0.18318E-01 0.18450E-01 0.42809E-03 0.42809E-03 0.48557E+00      8072500 999/0.65000E+00
 0.12000E+04 0.14000E-01 0.84698E+00 0.83181E+00 0.19169E-01 0.23977E-01 0.82883E+00 0.81554E+00 0.18550E-01 0.18550E-01 0.84882E+00      8072500 999/0.14000E-01
 0.12000E+04 0.20000E-01 0.59289E+00 0.75510E+00 0.13017E-01 0.14691E-01 0.75138E+00 0.74110E+00 0.21198E-01 0.21198E-01 0.10753E+01      8072500 999/0.20000E-01
 0.12000E+04 0.32000E-01 0.37055E+00 0.63185E+00 0.99530E-02 0.11275E-01 0.63577E+00 0.62884E+00 0.18996E-01 0.18996E-01 0.30285E+00      8072500 999/0.32000E-01
 0.12000E+04 0.50000E-01 0.23715E+00 0.51863E+00 0.73572E-02 0.84129E-02 0.53730E+00 0.52990E+00 0.14204E-01 0.14204E-01 -.15322E+01      8072500 999/0.50000E-01
 0.12000E+04 0.80000E-01 0.14822E+00 0.44089E+00 0.63847E-02 0.73448E-02 0.44985E+00 0.44433E+00 0.93383E-02 0.93383E-02 -.53819E+00      8072500 999/0.80000E-01
 0.12000E+04 0.13000E+00 0.91213E-01 0.36077E+00 0.57306E-02 0.64528E-02 0.37041E+00 0.36567E+00 0.68777E-02 0.68777E-02 -.85573E+00      8072500 999/0.13000E+00
 0.12000E+04 0.18000E+00 0.65876E-01 0.32772E+00 0.10522E-01 0.11176E-01 0.31658E+00 0.31185E+00 0.63779E-02 0.63779E-02 0.15086E+01      8072500 999/0.18000E+00
 0.12000E+04 0.25000E+00 0.47431E-01 0.25170E+00 0.45158E-02 0.50207E-02 0.25358E+00 0.25103E+00 0.55289E-02 0.55289E-02 0.14796E+00      8072500 999/0.25000E+00
 0.12000E+04 0.40000E+00 0.29644E-01 0.13115E+00 0.37605E-02 0.40419E-02 0.13503E+00 0.13473E+00 0.28535E-02 0.28535E-02 -.95307E+00      8072500 999/0.40000E+00
 0.12000E+04 0.65000E+00 0.18243E-01 0.22323E-01 0.30275E-02 0.36449E-02 0.17808E-01 0.17785E-01 0.41740E-03 0.41740E-03 0.14990E+01      8072500 999/0.65000E+00
 0.15000E+04 0.20000E-01 0.74111E+00 0.70902E+00 0.16544E-01 0.19309E-01 0.73995E+00 0.72108E+00 0.21036E-01 0.21036E-01 -.72921E+00      8072500 999/0.20000E-01
 0.15000E+04 0.32000E-01 0.46319E+00 0.60267E+00 0.12704E-01 0.13468E-01 0.63374E+00 0.62193E+00 0.19243E-01 0.19243E-01 -.15162E+01      8072500 999/0.32000E-01
 0.15000E+04 0.50000E-01 0.29644E+00 0.54392E+00 0.90545E-02 0.10221E-01 0.53670E+00 0.53238E+00 0.14430E-01 0.14430E-01 0.12748E+01      8072500 999/0.50000E-01
 0.15000E+04 0.80000E-01 0.18528E+00 0.45264E+00 0.78198E-02 0.87520E-02 0.44894E+00 0.44353E+00 0.94434E-02 0.94434E-02 0.11653E+01      8072500 999/0.80000E-01
 0.15000E+04 0.13000E+00 0.11402E+00 0.35463E+00 0.76875E-02 0.81359E-02 0.36888E+00 0.36489E+00 0.68719E-02 0.68719E-02 -.13352E+01      8072500 999/0.13000E+00
 0.15000E+04 0.18000E+00 0.82345E-01 0.31309E+00 0.67494E-02 0.72502E-02 0.31462E+00 0.31087E+00 0.63370E-02 0.63370E-02 0.32853E+00      8072500 999/0.18000E+00
 0.15000E+04 0.25000E+00 0.59289E-01 0.24839E+00 0.63954E-02 0.67675E-02 0.25124E+00 0.24785E+00 0.54718E-02 0.54718E-02 0.84061E-01      8072500 999/0.25000E+00
 0.15000E+04 0.40000E+00 0.37055E-01 0.12606E+00 0.47249E-02 0.50779E-02 0.13275E+00 0.13115E+00 0.28004E-02 0.28004E-02 -.10773E+01      8072500 999/0.40000E+00
 0.15000E+04 0.65000E+00 0.22803E-01 0.15759E-01 0.17367E-02 0.17252E-02 0.17224E-01 0.17608E-01 0.40510E-03 0.40510E-03 -.10649E+01      8072500 999/0.65000E+00
 0.20000E+04 0.21900E-01 0.90241E+00 0.70965E+00 0.42656E-01 0.45799E-01 0.69710E+00 0.69589E+00 0.20606E-01 0.20606E-01 0.32256E+00      8072500 999/0.21900E-01
 0.20000E+04 0.32000E-01 0.61759E+00 0.58911E+00 0.15308E-01 0.16357E-01 0.62386E+00 0.60761E+00 0.19397E-01 0.19397E-01 -.12088E+01      8072500 999/0.32000E-01
 0.20000E+04 0.50000E-01 0.39526E+00 0.51570E+00 0.11886E-01 0.12481E-01 0.53246E+00 0.52427E+00 0.14715E-01 0.14715E-01 -.72129E+00      8072500 999/0.50000E-01
 0.20000E+04 0.80000E-01 0.24704E+00 0.44851E+00 0.89866E-02 0.97721E-02 0.44611E+00 0.44189E+00 0.95876E-02 0.95876E-02 0.73641E+00      8072500 999/0.80000E-01
 0.20000E+04 0.13000E+00 0.15202E+00 0.36230E+00 0.89349E-02 0.94080E-02 0.36623E+00 0.36107E+00 0.68624E-02 0.68624E-02 0.13766E+00      8072500 999/0.13000E+00
 0.20000E+04 0.18000E+00 0.10979E+00 0.29953E+00 0.79037E-02 0.81555E-02 0.31184E+00 0.30846E+00 0.62839E-02 0.62839E-02 -.11294E+01      8072500 999/0.18000E+00
 0.20000E+04 0.25000E+00 0.79051E-01 0.24422E+00 0.71862E-02 0.74768E-02 0.24825E+00 0.24562E+00 0.54026E-02 0.54026E-02 -.19544E+00      8072500 999/0.25000E+00
 0.20000E+04 0.40000E+00 0.49407E-01 0.12850E+00 0.52967E-02 0.55353E-02 0.13001E+00 0.12870E+00 0.27379E-02 0.27379E-02 -.37603E-01      8072500 999/0.40000E+00
 0.20000E+04 0.65000E+00 0.30404E-01 0.17377E-01 0.19816E-02 0.21495E-02 0.16535E-01 0.16929E-01 0.39043E-03 0.39043E-03 0.22616E+00      8072500 999/0.65000E+00
 0.30000E+04 0.32000E-01 0.92638E+00 0.60299E+00 0.24418E-01 0.26122E-01 0.59196E+00 0.58869E+00 0.18984E-01 0.18984E-01 0.58580E+00      8072500 999/0.32000E-01
 0.30000E+04 0.50000E-01 0.59289E+00 0.51780E+00 0.12251E-01 0.13089E-01 0.51433E+00 0.50862E+00 0.15054E-01 0.15054E-01 0.74952E+00      8072500 999/0.50000E-01
 0.30000E+04 0.80000E-01 0.37055E+00 0.43286E+00 0.10283E-01 0.10893E-01 0.43575E+00 0.43169E+00 0.98211E-02 0.98211E-02 0.11340E+00      8072500 999/0.80000E-01
 0.30000E+04 0.13000E+00 0.22803E+00 0.35226E+00 0.93119E-02 0.96905E-02 0.35963E+00 0.35573E+00 0.68385E-02 0.68385E-02 -.37212E+00      8072500 999/0.13000E+00
 0.30000E+04 0.18000E+00 0.16469E+00 0.29823E+00 0.88357E-02 0.91128E-02 0.30654E+00 0.30264E+00 0.61989E-02 0.61989E-02 -.49885E+00      8072500 999/0.18000E+00
 0.30000E+04 0.25000E+00 0.11858E+00 0.23086E+00 0.74091E-02 0.74923E-02 0.24364E+00 0.24180E+00 0.53081E-02 0.53081E-02 -.14769E+01      8072500 999/0.25000E+00
 0.30000E+04 0.40000E+00 0.74111E-01 0.12438E+00 0.52907E-02 0.54344E-02 0.12641E+00 0.12561E+00 0.26602E-02 0.26602E-02 -.23169E+00      8072500 999/0.40000E+00
 0.30000E+04 0.65000E+00 0.45607E-01 0.15536E-01 0.13621E-02 0.14391E-02 0.15673E-01 0.15531E-01 0.37183E-03 0.37183E-03 0.36286E-02      8072500 999/0.65000E+00
 0.50000E+04 0.54700E-01 0.90324E+00 0.47677E+00 0.25118E-01 0.27110E-01 0.45245E+00 0.45062E+00 0.14173E-01 0.14173E-01 0.10409E+01      8072500 999/0.54700E-01
 0.50000E+04 0.80000E-01 0.61759E+00 0.41478E+00 0.10183E-01 0.11094E-01 0.39962E+00 0.39358E+00 0.10170E-01 0.10170E-01 0.20815E+01      8072500 999/0.80000E-01
 0.50000E+04 0.13000E+00 0.38005E+00 0.34268E+00 0.10475E-01 0.10941E-01 0.33904E+00 0.33582E+00 0.67596E-02 0.67596E-02 0.65531E+00      8072500 999/0.13000E+00
 0.50000E+04 0.18000E+00 0.27448E+00 0.28281E+00 0.89183E-02 0.90791E-02 0.29306E+00 0.29119E+00 0.60236E-02 0.60236E-02 -.93922E+00      8072500 999/0.18000E+00
 0.50000E+04 0.25000E+00 0.19763E+00 0.22525E+00 0.83211E-02 0.83844E-02 0.23483E+00 0.23221E+00 0.51604E-02 0.51604E-02 -.83660E+00      8072500 999/0.25000E+00
 0.50000E+04 0.40000E+00 0.12352E+00 0.12089E+00 0.55852E-02 0.56891E-02 0.12167E+00 0.12042E+00 0.25706E-02 0.25706E-02 0.84250E-01      8072500 999/0.40000E+00
 0.50000E+04 0.65000E+00 0.76011E-01 0.10709E-01 0.18358E-02 0.15465E-02 0.14719E-01 0.14805E-01 0.35081E-03 0.35081E-03 -.22312E+01      8072500 999/0.65000E+00
 0.80000E+04 0.87500E-01 0.90344E+00 0.35613E+00 0.31055E-01 0.33657E-01 0.33182E+00 0.33209E+00 0.95413E-02 0.95413E-02 0.77418E+00      8072500 999/0.87500E-01
 0.80000E+04 0.13000E+00 0.60809E+00 0.30928E+00 0.11939E-01 0.12733E-01 0.29295E+00 0.28879E+00 0.66103E-02 0.66103E-02 0.17165E+01      8072500 999/0.13000E+00
 0.80000E+04 0.18000E+00 0.43917E+00 0.26745E+00 0.11699E-01 0.12056E-01 0.26320E+00 0.26196E+00 0.56849E-02 0.56849E-02 0.46925E+00      8072500 999/0.18000E+00
 0.80000E+04 0.25000E+00 0.31621E+00 0.21655E+00 0.11331E-01 0.11487E-01 0.21770E+00 0.21596E+00 0.49071E-02 0.49071E-02 0.52279E-01      8072500 999/0.25000E+00
 0.80000E+04 0.40000E+00 0.19763E+00 0.10345E+00 0.70945E-02 0.67697E-02 0.11535E+00 0.11422E+00 0.24696E-02 0.24696E-02 -.15176E+01      8072500 999/0.40000E+00
 0.80000E+04 0.65000E+00 0.12162E+00 0.16222E-01 0.16977E-02 0.19106E-02 0.13845E-01 0.13741E-01 0.33139E-03 0.33139E-03 0.14611E+01      8072500 999/0.65000E+00
 0.12000E+05 0.13000E+00 0.91213E+00 0.21178E+00 0.45922E-01 0.43596E-01 0.23558E+00 0.23484E+00 0.65081E-02 0.65081E-02 -.50226E+00      8072500 999/0.13000E+00
 0.12000E+05 0.18000E+00 0.65876E+00 0.22943E+00 0.13660E-01 0.14447E-01 0.21281E+00 0.21009E+00 0.51893E-02 0.51893E-02 0.14159E+01      8072500 999/0.18000E+00
 0.12000E+05 0.25000E+00 0.47431E+00 0.15549E+00 0.13316E-01 0.12208E-01 0.18737E+00 0.18631E+00 0.44756E-02 0.44756E-02 -.23149E+01      8072500 999/0.25000E+00
 0.12000E+05 0.40000E+00 0.29644E+00 0.94955E-01 0.91197E-02 0.86368E-02 0.10570E+00 0.10473E+00 0.23246E-02 0.23246E-02 -.10723E+01      8072500 999/0.40000E+00
 0.12000E+05 0.65000E+00 0.18243E+00 0.16924E-01 0.27428E-02 0.32085E-02 0.12910E-01 0.12840E-01 0.31080E-03 0.31080E-03 0.14891E+01      8072500 999/0.65000E+00
 0.20000E+05 0.25000E+00 0.79051E+00 0.12605E+00 0.14688E-01 0.15026E-01 0.12260E+00 0.12032E+00 0.36129E-02 0.36129E-02 0.39031E+00      8072500 999/0.25000E+00
 0.20000E+05 0.40000E+00 0.49407E+00 0.77991E-01 0.13119E-01 0.12772E-01 0.82312E-01 0.82162E-01 0.19749E-02 0.19749E-02 -.31793E+00      8072500 999/0.40000E+00
 0.20000E+05 0.65000E+00 0.30404E+00 0.11947E-01 0.40385E-02 0.42259E-02 0.11103E-01 0.11068E-01 0.27140E-03 0.27140E-03 0.21753E+00      8072500 999/0.65000E+00
 0.30000E+05 0.40000E+00 0.74111E+00 0.59638E-01 0.13837E-01 0.14893E-01 0.53238E-01 0.53926E-01 0.15449E-02 0.15449E-02 0.41279E+00      8072500 999/0.40000E+00
 0.30000E+05 0.65000E+00 0.45607E+00 0.85041E-02 0.60285E-02 0.59317E-02 0.87839E-02 0.87303E-02 0.22132E-03 0.22132E-03 -.37516E-01      8072500 999/0.65000E+00
      458805
 HERA1+2 NCep 820                                                                
Plot1@Experiment:HERA1+2@ExtraLabel:e^{+}p #rightarrow e^{+}X (NC), E_{p} = 820 GeV @XTitle: x @YTitle: #sigma_{red}  @Title:Q^{2} = 0.045 @Xlog
Plot2@Experiment:HERA1+2@ExtraLabel:e^{+}p #rightarrow e^{+}X (NC), E_{p} = 820 GeV @XTitle: x @YTitle: #sigma_{red}  @Title:Q^{2} = 0.065 @Xlog
Plot3@Experiment:HERA1+2@ExtraLabel:e^{+}p #rightarrow e^{+}X (NC), E_{p} = 820 GeV @XTitle: x @YTitle: #sigma_{red}  @Title:Q^{2} = 0.085 @Xlog
Plot4@Experiment:HERA1+2@ExtraLabel:e^{+}p #rightarrow e^{+}X (NC), E_{p} = 820 GeV @XTitle: x @YTitle: #sigma_{red}  @Title:Q^{2} = 0.11 @Xlog
Plot5@Experiment:HERA1+2@ExtraLabel:e^{+}p #rightarrow e^{+}X (NC), E_{p} = 820 GeV @XTitle: x @YTitle: #sigma_{red}  @Title:Q^{2} = 0.15 @Xlog
Plot6@Experiment:HERA1+2@ExtraLabel:e^{+}p #rightarrow e^{+}X (NC), E_{p} = 820 GeV @XTitle: x @YTitle: #sigma_{red}  @Title:Q^{2} = 0.20  @Xlog
Plot7@Experiment:HERA1+2@ExtraLabel:e^{+}p #rightarrow e^{+}X (NC), E_{p} = 820 GeV @XTitle: x @YTitle: #sigma_{red}  @Title:Q^{2} = 0.25 @Xlog
Plot8@Experiment:HERA1+2@ExtraLabel:e^{+}p #rightarrow e^{+}X (NC), E_{p} = 820 GeV @XTitle: x @YTitle: #sigma_{red}  @Title:Q^{2} = 0.35 @Xlog
Plot9@Experiment:HERA1+2@ExtraLabel:e^{+}p #rightarrow e^{+}X (NC), E_{p} = 820 GeV @XTitle: x @YTitle: #sigma_{red}  @Title:Q^{2} = 0.40 @Xlog
Plot10@Experiment:HERA1+2@ExtraLabel:e^{+}p #rightarrow e^{+}X (NC), E_{p} = 820 GeV @XTitle: x @YTitle: #sigma_{red}  @Title:Q^{2} = 0.50 @Xlog
Plot11@Experiment:HERA1+2@ExtraLabel:e^{+}p #rightarrow e^{+}X (NC), E_{p} = 820 GeV @XTitle: x @YTitle: #sigma_{red}  @Title:Q^{2} = 0.60 @Xlog
Plot12@Experiment:HERA1+2@ExtraLabel:e^{+}p #rightarrow e^{+}X (NC), E_{p} = 820 GeV @XTitle: x @YTitle: #sigma_{red}  @Title:Q^{2} = 0.85 @Xlog
Plot13@Experiment:HERA1+2@ExtraLabel:e^{+}p #rightarrow e^{+}X (NC), E_{p} = 820 GeV @XTitle: x @YTitle: #sigma_{red}  @Title:Q^{2} = 1.2 @Xlog
Plot14@Experiment:HERA1+2@ExtraLabel:e^{+}p #rightarrow e^{+}X (NC), E_{p} = 820 GeV @XTitle: x @YTitle: #sigma_{red}  @Title:Q^{2} = 1.5 @Xlog
Plot15@Experiment:HERA1+2@ExtraLabel:e^{+}p #rightarrow e^{+}X (NC), E_{p} = 820 GeV @XTitle: x @YTitle: #sigma_{red}  @Title:Q^{2} = 2.0 @Xlog
Plot16@Experiment:HERA1+2@ExtraLabel:e^{+}p #rightarrow e^{+}X (NC), E_{p} = 820 GeV @XTitle: x @YTitle: #sigma_{red}  @Title:Q^{2} = 2.7 @Xlog
Plot17@Experiment:HERA1+2@ExtraLabel:e^{+}p #rightarrow e^{+}X (NC), E_{p} = 820 GeV @XTitle: x @YTitle: #sigma_{red}  @Title:Q^{2} = 3.5 @Xlog
Plot18@Experiment:HERA1+2@ExtraLabel:e^{+}p #rightarrow e^{+}X (NC), E_{p} = 820 GeV @XTitle: x @YTitle: #sigma_{red}  @Title:Q^{2} = 4.5 @Xlog
Plot19@Experiment:HERA1+2@ExtraLabel:e^{+}p #rightarrow e^{+}X (NC), E_{p} = 820 GeV @XTitle: x @YTitle: #sigma_{red}  @Title:Q^{2} = 6.5 @Xlog
Plot20@Experiment:HERA1+2@ExtraLabel:e^{+}p #rightarrow e^{+}X (NC), E_{p} = 820 GeV @XTitle: x @YTitle: #sigma_{red}  @Title:Q^{2} = 8.5 @Xlog
Plot21@Experiment:HERA1+2@ExtraLabel:e^{+}p #rightarrow e^{+}X (NC), E_{p} = 820 GeV @XTitle: x @YTitle: #sigma_{red}  @Title:Q^{2} = 10 @Xlog
Plot22@Experiment:HERA1+2@ExtraLabel:e^{+}p #rightarrow e^{+}X (NC), E_{p} = 820 GeV @XTitle: x @YTitle: #sigma_{red}  @Title:Q^{2} = 12  @Xlog
Plot23@Experiment:HERA1+2@ExtraLabel:e^{+}p #rightarrow e^{+}X (NC), E_{p} = 820 GeV @XTitle: x @YTitle: #sigma_{red}  @Title:Q^{2} = 15  @Xlog
Plot24@Experiment:HERA1+2@ExtraLabel:e^{+}p #rightarrow e^{+}X (NC), E_{p} = 820 GeV @XTitle: x @YTitle: #sigma_{red}  @Title:Q^{2} = 18  @Xlog
Plot25@Experiment:HERA1+2@ExtraLabel:e^{+}p #rightarrow e^{+}X (NC), E_{p} = 820 GeV @XTitle: x @YTitle: #sigma_{red}  @Title:Q^{2} = 22  @Xlog
Plot26@Experiment:HERA1+2@ExtraLabel:e^{+}p #rightarrow e^{+}X (NC), E_{p} = 820 GeV @XTitle: x @YTitle: #sigma_{red}  @Title:Q^{2} = 27  @Xlog
Plot27@Experiment:HERA1+2@ExtraLabel:e^{+}p #rightarrow e^{+}X (NC), E_{p} = 820 GeV @XTitle: x @YTitle: #sigma_{red}  @Title:Q^{2} = 35  @Xlog
Plot28@Experiment:HERA1+2@ExtraLabel:e^{+}p #rightarrow e^{+}X (NC), E_{p} = 820 GeV @XTitle: x @YTitle: #sigma_{red}  @Title:Q^{2} = 45  @Xlog
Plot29@Experiment:HERA1+2@ExtraLabel:e^{+}p #rightarrow e^{+}X (NC), E_{p} = 820 GeV @XTitle: x @YTitle: #sigma_{red}  @Title:Q^{2} = 60  @Xlog
Plot30@Experiment:HERA1+2@ExtraLabel:e^{+}p #rightarrow e^{+}X (NC), E_{p} = 820 GeV @XTitle: x @YTitle: #sigma_{red}  @Title:Q^{2} = 70  @Xlog
Plot31@Experiment:HERA1+2@ExtraLabel:e^{+}p #rightarrow e^{+}X (NC), E_{p} = 820 GeV @XTitle: x @YTitle: #sigma_{red}  @Title:Q^{2} = 90  @Xlog
Plot32@Experiment:HERA1+2@ExtraLabel:e^{+}p #rightarrow e^{+}X (NC), E_{p} = 820 GeV @XTitle: x @YTitle: #sigma_{red}  @Title:Q^{2} = 120 @Xlog
Plot33@Experiment:HERA1+2@ExtraLabel:e^{+}p #rightarrow e^{+}X (NC), E_{p} = 820 GeV @XTitle: x @YTitle: #sigma_{red}  @Title:Q^{2} = 150 @Xlog
Plot34@Experiment:HERA1+2@ExtraLabel:e^{+}p #rightarrow e^{+}X (NC), E_{p} = 820 GeV @XTitle: x @YTitle: #sigma_{red}  @Title:Q^{2} = 200 @Xlog
Plot35@Experiment:HERA1+2@ExtraLabel:e^{+}p #rightarrow e^{+}X (NC), E_{p} = 820 GeV @XTitle: x @YTitle: #sigma_{red}  @Title:Q^{2} = 250 @Xlog
Plot36@Experiment:HERA1+2@ExtraLabel:e^{+}p #rightarrow e^{+}X (NC), E_{p} = 820 GeV @XTitle: x @YTitle: #sigma_{red}  @Title:Q^{2} = 300 @Xlog
Plot37@Experiment:HERA1+2@ExtraLabel:e^{+}p #rightarrow e^{+}X (NC), E_{p} = 820 GeV @XTitle: x @YTitle: #sigma_{red}  @Title:Q^{2} = 400 @Xlog
Plot38@Experiment:HERA1+2@ExtraLabel:e^{+}p #rightarrow e^{+}X (NC), E_{p} = 820 GeV @XTitle: x @YTitle: #sigma_{red}  @Title:Q^{2} = 500 @Xlog
Plot39@Experiment:HERA1+2@ExtraLabel:e^{+}p #rightarrow e^{+}X (NC), E_{p} = 820 GeV @XTitle: x @YTitle: #sigma_{red}  @Title:Q^{2} = 650 @Xlog
Plot40@Experiment:HERA1+2@ExtraLabel:e^{+}p #rightarrow e^{+}X (NC), E_{p} = 820 GeV @XTitle: x @YTitle: #sigma_{red}  @Title:Q^{2} = 800  @Xlog
 Q2          x           y              data      +- uncor     +- tot     th orig         th mod   therr+         therr-     pull    iset       iplot
 0.35000E+01 0.57300E-04 0.67718E+00 0.10082E+01 0.39135E-01 0.57738E-01 0.10126E+01 0.10028E+01 0.80459E-01 0.80459E-01 0.13921E+00       458805  16/0.57300E-04
 0.35000E+01 0.80000E-04 0.48503E+00 0.98010E+00 0.14059E-01 0.22975E-01 0.97748E+00 0.96794E+00 0.13240E+00 0.13240E+00 0.86469E+00       458805  16/0.80000E-04
 0.45000E+01 0.81800E-04 0.60989E+00 0.11151E+01 0.20788E-01 0.35875E-01 0.10717E+01 0.10798E+01 0.20802E+00 0.20802E+00 0.16958E+01       458805  17/0.81800E-04
 0.45000E+01 0.13000E-03 0.38376E+00 0.10100E+01 0.19875E-01 0.23466E-01 0.10108E+01 0.10151E+01 0.20677E+00 0.20677E+00 -.25814E+00       458805  17/0.13000E-03
 0.65000E+01 0.98600E-04 0.73085E+00 0.11653E+01 0.30643E-01 0.53654E-01 0.11825E+01 0.11660E+01 0.28713E+00 0.28713E+00 -.23589E-01       458805  19/0.98600E-04
 0.65000E+01 0.13000E-03 0.55432E+00 0.11735E+01 0.14670E-01 0.26501E-01 0.11618E+01 0.11593E+01 0.30307E+00 0.30307E+00 0.96546E+00       458805  19/0.13000E-03
 0.65000E+01 0.20000E-03 0.36031E+00 0.11112E+01 0.19986E-01 0.24713E-01 0.10945E+01 0.11131E+01 0.26029E+00 0.26029E+00 -.95385E-01       458805  19/0.20000E-03
 0.85000E+01 0.13900E-03 0.67795E+00 0.11770E+01 0.24814E-01 0.63302E-01 0.12480E+01 0.12051E+01 0.34039E+00 0.34039E+00 -.11312E+01       458805  20/0.13900E-03
 0.85000E+01 0.20000E-03 0.47118E+00 0.12119E+01 0.16234E-01 0.23183E-01 0.12059E+01 0.11906E+01 0.31705E+00 0.31705E+00 0.13143E+01       458805  20/0.20000E-03
 0.10000E+02 0.13000E-03 0.85281E+00 0.11488E+01 0.56029E-01 0.74702E-01 0.12809E+01 0.12536E+01 0.32954E+00 0.32954E+00 -.18712E+01       458805  21/0.13000E-03
 0.10000E+02 0.20000E-03 0.55432E+00 0.12448E+01 0.31336E-01 0.38075E-01 0.12675E+01 0.12443E+01 0.34272E+00 0.34272E+00 0.15184E-01       458805  21/0.20000E-03
 0.12000E+02 0.16100E-03 0.82632E+00 0.12263E+01 0.72444E-01 0.70273E-01 0.13218E+01 0.12953E+01 0.35155E+00 0.35155E+00 -.95283E+00       458805  22/0.16100E-03
 0.12000E+02 0.20000E-03 0.66519E+00 0.12828E+01 0.23635E-01 0.41147E-01 0.13243E+01 0.12873E+01 0.36016E+00 0.36016E+00 -.18986E+00       458805  22/0.20000E-03
 0.12000E+02 0.32000E-03 0.41574E+00 0.12251E+01 0.21245E-01 0.25757E-01 0.12545E+01 0.12361E+01 0.30097E+00 0.30097E+00 -.51824E+00       458805  22/0.32000E-03
 0.15000E+02 0.20000E-03 0.83149E+00 0.12583E+01 0.64653E-01 0.62772E-01 0.13622E+01 0.13345E+01 0.35602E+00 0.35602E+00 -.11792E+01       458805  23/0.20000E-03
 0.15000E+02 0.24600E-03 0.67600E+00 0.13604E+01 0.26224E-01 0.38342E-01 0.13672E+01 0.13365E+01 0.35902E+00 0.35902E+00 0.91254E+00       458805  23/0.24600E-03
 0.15000E+02 0.32000E-03 0.51968E+00 0.12898E+01 0.22006E-01 0.27982E-01 0.13358E+01 0.13120E+01 0.32806E+00 0.32806E+00 -.10085E+01       458805  23/0.32000E-03
 0.18000E+02 0.26800E-03 0.74461E+00 0.13182E+01 0.67655E-01 0.66655E-01 0.13978E+01 0.13702E+01 0.35464E+00 0.35464E+00 -.76890E+00       458805  24/0.26800E-03
 0.18000E+02 0.32800E-03 0.60840E+00 0.13620E+01 0.28819E-01 0.35102E-01 0.13865E+01 0.13720E+01 0.33836E+00 0.33836E+00 -.34736E+00       458805  24/0.32800E-03
 0.18000E+02 0.50000E-03 0.39911E+00 0.12656E+01 0.17759E-01 0.23974E-01 0.13046E+01 0.12795E+01 0.26865E+00 0.26865E+00 -.78048E+00       458805  24/0.50000E-03
 0.22000E+02 0.50000E-03 0.48780E+00 0.13347E+01 0.38574E-01 0.46716E-01 0.13697E+01 0.13526E+01 0.28520E+00 0.28520E+00 -.46408E+00       458805  25/0.50000E-03
 0.27000E+02 0.33500E-03 0.89354E+00 0.13887E+01 0.80325E-01 0.80668E-01 0.14241E+01 0.13958E+01 0.32485E+00 0.32485E+00 -.88640E-01       458805  26/0.33500E-03
 0.27000E+02 0.41000E-03 0.73008E+00 0.14046E+01 0.34454E-01 0.40083E-01 0.14412E+01 0.14191E+01 0.31892E+00 0.31892E+00 -.41948E+00       458805  26/0.41000E-03
 0.27000E+02 0.50000E-03 0.59867E+00 0.14071E+01 0.26397E-01 0.32622E-01 0.14245E+01 0.14033E+01 0.29515E+00 0.29515E+00 0.14446E+00       458805  26/0.50000E-03
 0.27000E+02 0.80000E-03 0.37417E+00 0.12857E+01 0.33780E-01 0.37219E-01 0.13160E+01 0.13059E+01 0.21494E+00 0.21494E+00 -.59912E+00       458805  26/0.80000E-03
 0.35000E+02 0.57400E-03 0.67600E+00 0.15068E+01 0.35494E-01 0.41642E-01 0.14522E+01 0.14280E+01 0.27906E+00 0.27906E+00 0.22198E+01       458805  27/0.57400E-03
 0.35000E+02 0.80000E-03 0.48503E+00 0.13985E+01 0.17396E-01 0.27137E-01 0.13916E+01 0.13760E+01 0.22786E+00 0.22786E+00 0.12954E+01       458805  27/0.80000E-03
 0.45000E+02 0.80000E-03 0.62361E+00 0.14864E+01 0.33734E-01 0.46625E-01 0.14427E+01 0.14338E+01 0.23345E+00 0.23345E+00 0.15596E+01       458805  28/0.80000E-03
 0.45000E+02 0.13000E-02 0.38376E+00 0.13055E+01 0.14863E-01 0.21070E-01 0.13181E+01 0.12929E+01 0.15714E+00 0.15714E+00 0.84495E+00       458805  28/0.13000E-02
 0.60000E+02 0.13000E-02 0.51168E+00 0.13950E+01 0.19664E-01 0.28439E-01 0.13816E+01 0.13651E+01 0.16355E+00 0.16355E+00 0.15200E+01       458805  29/0.13000E-02
 0.70000E+02 0.13000E-02 0.59696E+00 0.14434E+01 0.26523E-01 0.35727E-01 0.14038E+01 0.13918E+01 0.16449E+00 0.16449E+00 0.19457E+01       458805  30/0.13000E-02
 0.70000E+02 0.20000E-02 0.38803E+00 0.12619E+01 0.22320E-01 0.26292E-01 0.12796E+01 0.12615E+01 0.10607E+00 0.10607E+00 0.19170E-01       458805  30/0.20000E-02
 0.90000E+02 0.20000E-02 0.49889E+00 0.12516E+01 0.25872E-01 0.31612E-01 0.13224E+01 0.13116E+01 0.10827E+00 0.10827E+00 -.23195E+01       458805  31/0.20000E-02
 0.12000E+03 0.21200E-02 0.62754E+00 0.13233E+01 0.31251E-01 0.39525E-01 0.13325E+01 0.13134E+01 0.10094E+00 0.10094E+00 0.31687E+00       458805  32/0.21200E-02
 0.12000E+03 0.32000E-02 0.41574E+00 0.11778E+01 0.24650E-01 0.28569E-01 0.12114E+01 0.11928E+01 0.57911E-01 0.57911E-01 -.61012E+00       458805  32/0.32000E-02
 0.15000E+03 0.32000E-02 0.51968E+00 0.12028E+01 0.24791E-01 0.29938E-01 0.12356E+01 0.12200E+01 0.58031E-01 0.58031E-01 -.69499E+00       458805  33/0.32000E-02
 0.20000E+03 0.32000E-02 0.69290E+00 0.11698E+01 0.52107E-01 0.55804E-01 0.12428E+01 0.12244E+01 0.56713E-01 0.56713E-01 -.10478E+01       458805  34/0.32000E-02
 0.20000E+03 0.50000E-02 0.44346E+00 0.10717E+01 0.22929E-01 0.25906E-01 0.11171E+01 0.10987E+01 0.23082E-01 0.23082E-01 -.11764E+01       458805  34/0.50000E-02
 0.25000E+03 0.50000E-02 0.55432E+00 0.10783E+01 0.31226E-01 0.34450E-01 0.11301E+01 0.11140E+01 0.22658E-01 0.22658E-01 -.11430E+01       458805  35/0.50000E-02
 0.30000E+03 0.50000E-02 0.66519E+00 0.11264E+01 0.44629E-01 0.46722E-01 0.11301E+01 0.11230E+01 0.22099E-01 0.22099E-01 0.76652E-01       458805  36/0.50000E-02
 0.30000E+03 0.80000E-02 0.41574E+00 0.97717E+00 0.25173E-01 0.27630E-01 0.99236E+00 0.97665E+00 0.69493E-02 0.69493E-02 0.20785E-01       458805  36/0.80000E-02
 0.40000E+03 0.80000E-02 0.55432E+00 0.95590E+00 0.31333E-01 0.32105E-01 0.10027E+01 0.99177E+00 0.72403E-02 0.72403E-02 -.11449E+01       458805  37/0.80000E-02
 0.40000E+03 0.13000E-01 0.34112E+00 0.85514E+00 0.25765E-01 0.27143E-01 0.85470E+00 0.84234E+00 0.16720E-01 0.16720E-01 0.49674E+00       458805  37/0.13000E-01
 0.50000E+03 0.80000E-02 0.69290E+00 0.10206E+01 0.65561E-01 0.67979E-01 0.99805E+00 0.98674E+00 0.73219E-02 0.73219E-02 0.51647E+00       458805  38/0.80000E-02
 0.50000E+03 0.13000E-01 0.42640E+00 0.88499E+00 0.52103E-01 0.54126E-01 0.86306E+00 0.85079E+00 0.17214E-01 0.17214E-01 0.65648E+00       458805  38/0.13000E-01
 0.65000E+03 0.85000E-02 0.84779E+00 0.92142E+00 0.47048E-01 0.49563E-01 0.96302E+00 0.95355E+00 0.82467E-02 0.82467E-02 -.68293E+00       458805  39/0.85000E-02
 0.65000E+03 0.13000E-01 0.55432E+00 0.84297E+00 0.24665E-01 0.25596E-01 0.86610E+00 0.85147E+00 0.17586E-01 0.17586E-01 -.34474E+00       458805  39/0.13000E-01
 0.65000E+03 0.20000E-01 0.36031E+00 0.70434E+00 0.40819E-01 0.39839E-01 0.74703E+00 0.73631E+00 0.20349E-01 0.20349E-01 -.78316E+00       458805  39/0.20000E-01
 0.80000E+03 0.13000E-01 0.68224E+00 0.89010E+00 0.32779E-01 0.35282E-01 0.86009E+00 0.84670E+00 0.17608E-01 0.17608E-01 0.13241E+01       458805  40/0.13000E-01
 0.80000E+03 0.20000E-01 0.44346E+00 0.73601E+00 0.35153E-01 0.35533E-01 0.74984E+00 0.74057E+00 0.20675E-01 0.20675E-01 -.12979E+00       458805  40/0.20000E-01
 0.10000E+04 0.20000E-01 0.55432E+00 0.73976E+00 0.49118E-01 0.49489E-01 0.74832E+00 0.73852E+00 0.20867E-01 0.20867E-01 0.25227E-01       458805 999/0.20000E-01
 0.12000E+04 0.14000E-01 0.95027E+00 0.87216E+00 0.47019E-01 0.51931E-01 0.80798E+00 0.79858E+00 0.17772E-01 0.17772E-01 0.15650E+01       458805 999/0.14000E-01
 0.12000E+04 0.20000E-01 0.66519E+00 0.70292E+00 0.31392E-01 0.31285E-01 0.74188E+00 0.73334E+00 0.20834E-01 0.20834E-01 -.96905E+00       458805 999/0.20000E-01
 0.12000E+04 0.32000E-01 0.41574E+00 0.58867E+00 0.25970E-01 0.25402E-01 0.63242E+00 0.62523E+00 0.18907E-01 0.18907E-01 -.14076E+01       458805 999/0.32000E-01
 0.15000E+04 0.20000E-01 0.83149E+00 0.73388E+00 0.51957E-01 0.52939E-01 0.72564E+00 0.71725E+00 0.20447E-01 0.20447E-01 0.32000E+00       458805 999/0.20000E-01
 0.15000E+04 0.32000E-01 0.51968E+00 0.55558E+00 0.40756E-01 0.38426E-01 0.62835E+00 0.61966E+00 0.19092E-01 0.19092E-01 -.15722E+01       458805 999/0.32000E-01
 0.20000E+04 0.32000E-01 0.69290E+00 0.59557E+00 0.39910E-01 0.39564E-01 0.61448E+00 0.60453E+00 0.19098E-01 0.19098E-01 -.22438E+00       458805 999/0.32000E-01
 0.20000E+04 0.50000E-01 0.44346E+00 0.49555E+00 0.30423E-01 0.29718E-01 0.52791E+00 0.52045E+00 0.14658E-01 0.14658E-01 -.81843E+00       458805 999/0.50000E-01
 0.30000E+04 0.50000E-01 0.66519E+00 0.52194E+00 0.30957E-01 0.31951E-01 0.50494E+00 0.49901E+00 0.14897E-01 0.14897E-01 0.74076E+00       458805 999/0.50000E-01
 0.30000E+04 0.80000E-01 0.41574E+00 0.44374E+00 0.26683E-01 0.27387E-01 0.43037E+00 0.42438E+00 0.98031E-02 0.98031E-02 0.72558E+00       458805 999/0.80000E-01
 0.50000E+04 0.80000E-01 0.69290E+00 0.36217E+00 0.27126E-01 0.26402E-01 0.38778E+00 0.38194E+00 0.10104E-01 0.10104E-01 -.72866E+00       458805 999/0.80000E-01
 0.50000E+04 0.13000E+00 0.42640E+00 0.33232E+00 0.26919E-01 0.27169E-01 0.33155E+00 0.32828E+00 0.67110E-02 0.67110E-02 0.14995E+00       458805 999/0.13000E+00
 0.80000E+04 0.13000E+00 0.68224E+00 0.25662E+00 0.30468E-01 0.29225E-01 0.27891E+00 0.27573E+00 0.65372E-02 0.65372E-02 -.62726E+00       458805 999/0.13000E+00
 0.80000E+04 0.18000E+00 0.49273E+00 0.27786E+00 0.30246E-01 0.32002E-01 0.25286E+00 0.25118E+00 0.55697E-02 0.55697E-02 0.88202E+00       458805 999/0.18000E+00
 0.80000E+04 0.25000E+00 0.35477E+00 0.23180E+00 0.26905E-01 0.28418E-01 0.21166E+00 0.20740E+00 0.48169E-02 0.48169E-02 0.90696E+00       458805 999/0.25000E+00
 0.12000E+05 0.18000E+00 0.73910E+00 0.20883E+00 0.35570E-01 0.36669E-01 0.19778E+00 0.19539E+00 0.50483E-02 0.50483E-02 0.37780E+00       458805 999/0.18000E+00
 0.12000E+05 0.25000E+00 0.53215E+00 0.15012E+00 0.33451E-01 0.30803E-01 0.17649E+00 0.17488E+00 0.43193E-02 0.43193E-02 -.74011E+00       458805 999/0.25000E+00
 0.20000E+05 0.25000E+00 0.88692E+00 0.13614E+00 0.37969E-01 0.41999E-01 0.11176E+00 0.11000E+00 0.34745E-02 0.34745E-02 0.68848E+00       458805 999/0.25000E+00
 0.20000E+05 0.40000E+00 0.55432E+00 0.11634E+00 0.30226E-01 0.37902E-01 0.75700E-01 0.74966E-01 0.18747E-02 0.18747E-02 0.13688E+01       458805 999/0.40000E+00
 0.30000E+05 0.40000E+00 0.83149E+00 0.11116E+00 0.47152E-01 0.73070E-01 0.46489E-01 0.45894E-01 0.14464E-02 0.14464E-02 0.13842E+01       458805 999/0.40000E+00
     4737710
 HERA1+2 NCep 575                                                                
Plot1@Experiment:HERA1+2@ExtraLabel:e^{+}p #rightarrow e^{+}X (NC), E_{p} = 575 GeV @XTitle: x @YTitle: #sigma_{red}  @Title:Q^{2} = 1.5 @Xlog
Plot2@Experiment:HERA1+2@ExtraLabel:e^{+}p #rightarrow e^{+}X (NC), E_{p} = 575 GeV @XTitle: x @YTitle: #sigma_{red}  @Title:Q^{2} = 2.0 @Xlog
Plot3@Experiment:HERA1+2@ExtraLabel:e^{+}p #rightarrow e^{+}X (NC), E_{p} = 575 GeV @XTitle: x @YTitle: #sigma_{red}  @Title:Q^{2} = 2.5 @Xlog
Plot4@Experiment:HERA1+2@ExtraLabel:e^{+}p #rightarrow e^{+}X (NC), E_{p} = 575 GeV @XTitle: x @YTitle: #sigma_{red}  @Title:Q^{2} = 3.5 @Xlog
Plot5@Experiment:HERA1+2@ExtraLabel:e^{+}p #rightarrow e^{+}X (NC), E_{p} = 575 GeV @XTitle: x @YTitle: #sigma_{red}  @Title:Q^{2} = 5 @Xlog
Plot6@Experiment:HERA1+2@ExtraLabel:e^{+}p #rightarrow e^{+}X (NC), E_{p} = 575 GeV @XTitle: x @YTitle: #sigma_{red}  @Title:Q^{2} = 6.5 @Xlog
Plot7@Experiment:HERA1+2@ExtraLabel:e^{+}p #rightarrow e^{+}X (NC), E_{p} = 575 GeV @XTitle: x @YTitle: #sigma_{red}  @Title:Q^{2} = 8.5 @Xlog
Plot8@Experiment:HERA1+2@ExtraLabel:e^{+}p #rightarrow e^{+}X (NC), E_{p} = 575 GeV @XTitle: x @YTitle: #sigma_{red}  @Title:Q^{2} = 12  @Xlog
Plot9@Experiment:HERA1+2@ExtraLabel:e^{+}p #rightarrow e^{+}X (NC), E_{p} = 575 GeV @XTitle: x @YTitle: #sigma_{red}  @Title:Q^{2} = 15  @Xlog
Plot10@Experiment:HERA1+2@ExtraLabel:e^{+}p #rightarrow e^{+}X (NC), E_{p} = 575 GeV @XTitle: x @YTitle: #sigma_{red}  @Title:Q^{2} = 20  @Xlog
Plot11@Experiment:HERA1+2@ExtraLabel:e^{+}p #rightarrow e^{+}X (NC), E_{p} = 575 GeV @XTitle: x @YTitle: #sigma_{red}  @Title:Q^{2} = 25  @Xlog
Plot12@Experiment:HERA1+2@ExtraLabel:e^{+}p #rightarrow e^{+}X (NC), E_{p} = 575 GeV @XTitle: x @YTitle: #sigma_{red}  @Title:Q^{2} = 35  @Xlog
Plot13@Experiment:HERA1+2@ExtraLabel:e^{+}p #rightarrow e^{+}X (NC), E_{p} = 575 GeV @XTitle: x @YTitle: #sigma_{red}  @Title:Q^{2} = 45  @Xlog
Plot14@Experiment:HERA1+2@ExtraLabel:e^{+}p #rightarrow e^{+}X (NC), E_{p} = 575 GeV @XTitle: x @YTitle: #sigma_{red}  @Title:Q^{2} = 60  @Xlog
Plot15@Experiment:HERA1+2@ExtraLabel:e^{+}p #rightarrow e^{+}X (NC), E_{p} = 575 GeV @XTitle: x @YTitle: #sigma_{red}  @Title:Q^{2} = 90  @Xlog
Plot16@Experiment:HERA1+2@ExtraLabel:e^{+}p #rightarrow e^{+}X (NC), E_{p} = 575 GeV @XTitle: x @YTitle: #sigma_{red}  @Title:Q^{2} = 120 @Xlog
Plot17@Experiment:HERA1+2@ExtraLabel:e^{+}p #rightarrow e^{+}X (NC), E_{p} = 575 GeV @XTitle: x @YTitle: #sigma_{red}  @Title:Q^{2} = 150 @Xlog
Plot18@Experiment:HERA1+2@ExtraLabel:e^{+}p #rightarrow e^{+}X (NC), E_{p} = 575 GeV @XTitle: x @YTitle: #sigma_{red}  @Title:Q^{2} = 200 @Xlog
Plot19@Experiment:HERA1+2@ExtraLabel:e^{+}p #rightarrow e^{+}X (NC), E_{p} = 575 GeV @XTitle: x @YTitle: #sigma_{red}  @Title:Q^{2} = 250 @Xlog
Plot20@Experiment:HERA1+2@ExtraLabel:e^{+}p #rightarrow e^{+}X (NC), E_{p} = 575 GeV @XTitle: x @YTitle: #sigma_{red}  @Title:Q^{2} = 300 @Xlog
Plot21@Experiment:HERA1+2@ExtraLabel:e^{+}p #rightarrow e^{+}X (NC), E_{p} = 575 GeV @XTitle: x @YTitle: #sigma_{red}  @Title:Q^{2} = 400 @Xlog
Plot22@Experiment:HERA1+2@ExtraLabel:e^{+}p #rightarrow e^{+}X (NC), E_{p} = 575 GeV @XTitle: x @YTitle: #sigma_{red}  @Title:Q^{2} = 500 @Xlog
Plot23@Experiment:HERA1+2@ExtraLabel:e^{+}p #rightarrow e^{+}X (NC), E_{p} = 575 GeV @XTitle: x @YTitle: #sigma_{red}  @Title:Q^{2} = 650 @Xlog
Plot24@Experiment:HERA1+2@ExtraLabel:e^{+}p #rightarrow e^{+}X (NC), E_{p} = 575 GeV @XTitle: x @YTitle: #sigma_{red}  @Title:Q^{2} = 800  @Xlog
 Q2          x           y              data      +- uncor     +- tot     th orig         th mod   therr+         therr-     pull    iset       iplot
 0.35000E+01 0.65100E-04 0.85002E+00 0.91286E+00 0.63793E-01 0.93643E-01 0.95691E+00 0.86494E+00 0.40242E-01 0.40242E-01 0.75118E+00      4737710   3/0.65100E-04
 0.35000E+01 0.72700E-04 0.76116E+00 0.89358E+00 0.42455E-01 0.50977E-01 0.95479E+00 0.92013E+00 0.15495E-01 0.15495E-01 -.62544E+00      4737710   3/0.72700E-04
 0.35000E+01 0.81200E-04 0.68148E+00 0.88886E+00 0.37086E-01 0.43680E-01 0.94911E+00 0.92575E+00 0.51045E-01 0.51045E-01 -.99483E+00      4737710   3/0.81200E-04
 0.35000E+01 0.92100E-04 0.60082E+00 0.94410E+00 0.40239E-01 0.43485E-01 0.93911E+00 0.92578E+00 0.78222E-01 0.78222E-01 0.45527E+00      4737710   3/0.92100E-04
 0.35000E+01 0.10620E-03 0.52105E+00 0.97008E+00 0.59016E-01 0.64610E-01 0.92430E+00 0.91189E+00 0.94860E-01 0.94860E-01 0.98604E+00      4737710   3/0.10620E-03
 0.50000E+01 0.93100E-04 0.84910E+00 0.88713E+00 0.73648E-01 0.98785E-01 0.10406E+01 0.93039E+00 0.11373E+00 0.11373E+00 -.58732E+00      4737710   4/0.93100E-04
 0.50000E+01 0.10380E-03 0.76157E+00 0.89632E+00 0.44859E-01 0.47345E-01 0.10413E+01 0.10043E+01 0.15047E+00 0.15047E+00 -.24066E+01      4737710   4/0.10380E-03
 0.50000E+01 0.11600E-03 0.68148E+00 0.10187E+01 0.36636E-01 0.42153E-01 0.10374E+01 0.10209E+01 0.17407E+00 0.17407E+00 -.59636E-01      4737710   4/0.11600E-03
 0.50000E+01 0.13150E-03 0.60115E+00 0.96509E+00 0.34833E-01 0.38773E-01 0.10283E+01 0.10162E+01 0.18806E+00 0.18806E+00 -.14675E+01      4737710   4/0.13150E-03
 0.50000E+01 0.15170E-03 0.52110E+00 0.10197E+01 0.32128E-01 0.36836E-01 0.10132E+01 0.10004E+01 0.19226E+00 0.19226E+00 0.60115E+00      4737710   4/0.15170E-03
 0.50000E+01 0.20130E-03 0.39270E+00 0.94852E+00 0.31822E-01 0.35493E-01 0.97436E+00 0.96683E+00 0.17961E+00 0.17961E+00 -.57551E+00      4737710   4/0.20130E-03
 0.65000E+01 0.12100E-03 0.84931E+00 0.93684E+00 0.84144E-01 0.11106E+00 0.11005E+01 0.98165E+00 0.18781E+00 0.18781E+00 -.53252E+00      4737710   5/0.12100E-03
 0.65000E+01 0.13500E-03 0.76124E+00 0.10053E+01 0.45796E-01 0.50818E-01 0.11035E+01 0.10695E+01 0.21491E+00 0.21491E+00 -.14027E+01      4737710   5/0.13500E-03
 0.65000E+01 0.15090E-03 0.68103E+00 0.11045E+01 0.36751E-01 0.44503E-01 0.11008E+01 0.10775E+01 0.23027E+00 0.23027E+00 0.73500E+00      4737710   5/0.15090E-03
 0.65000E+01 0.16300E-03 0.63047E+00 0.11798E+01 0.17867E+00 0.19100E+00 0.10961E+01 0.11030E+01 0.23579E+00 0.23579E+00 0.42969E+00      4737710   5/0.16300E-03
 0.65000E+01 0.17100E-03 0.60098E+00 0.10568E+01 0.35315E-01 0.38989E-01 0.10920E+01 0.10822E+01 0.23629E+00 0.23629E+00 -.71987E+00      4737710   5/0.17100E-03
 0.65000E+01 0.18300E-03 0.56157E+00 0.11842E+01 0.18800E+00 0.20427E+00 0.10853E+01 0.10824E+01 0.23640E+00 0.23640E+00 0.54143E+00      4737710   5/0.18300E-03
 0.65000E+01 0.19730E-03 0.52087E+00 0.11123E+01 0.30745E-01 0.36668E-01 0.10764E+01 0.10668E+01 0.23330E+00 0.23330E+00 0.14804E+01      4737710   5/0.19730E-03
 0.65000E+01 0.22800E-03 0.45073E+00 0.11380E+01 0.14517E+00 0.15534E+00 0.10564E+01 0.10319E+01 0.22358E+00 0.22358E+00 0.73080E+00      4737710   5/0.22800E-03
 0.65000E+01 0.26170E-03 0.39269E+00 0.10096E+01 0.23399E-01 0.28524E-01 0.10347E+01 0.10312E+01 0.21057E+00 0.21057E+00 -.92226E+00      4737710   5/0.26170E-03
 0.85000E+01 0.15820E-03 0.84948E+00 0.10313E+01 0.88416E-01 0.13842E+00 0.11575E+01 0.10147E+01 0.23638E+00 0.23638E+00 0.18790E+00      4737710   6/0.15820E-03
 0.85000E+01 0.17650E-03 0.76140E+00 0.10582E+01 0.48127E-01 0.50462E-01 0.11625E+01 0.11334E+01 0.25516E+00 0.25516E+00 -.15626E+01      4737710   6/0.17650E-03
 0.85000E+01 0.19730E-03 0.68113E+00 0.11123E+01 0.38208E-01 0.44297E-01 0.11608E+01 0.11422E+01 0.26332E+00 0.26332E+00 -.78247E+00      4737710   6/0.19730E-03
 0.85000E+01 0.22360E-03 0.60102E+00 0.11541E+01 0.33912E-01 0.40143E-01 0.11522E+01 0.11461E+01 0.26396E+00 0.26396E+00 0.23517E+00      4737710   6/0.22360E-03
 0.85000E+01 0.24000E-03 0.55995E+00 0.11455E+01 0.98275E-01 0.10123E+00 0.11447E+01 0.11393E+01 0.26026E+00 0.26026E+00 0.63138E-01      4737710   6/0.24000E-03
 0.85000E+01 0.25800E-03 0.52088E+00 0.10410E+01 0.31045E-01 0.35576E-01 0.11356E+01 0.11167E+01 0.25521E+00 0.25521E+00 -.24394E+01      4737710   6/0.25800E-03
 0.85000E+01 0.29900E-03 0.44946E+00 0.12170E+01 0.10594E+00 0.11624E+00 0.11134E+01 0.11184E+01 0.24032E+00 0.24032E+00 0.93025E+00      4737710   6/0.29900E-03
 0.85000E+01 0.34220E-03 0.39272E+00 0.10912E+01 0.23183E-01 0.29015E-01 0.10902E+01 0.10905E+01 0.22389E+00 0.22389E+00 0.30831E-01      4737710   6/0.34220E-03
 0.85000E+01 0.43300E-03 0.31036E+00 0.10921E+01 0.10680E+00 0.11254E+00 0.10459E+01 0.10348E+01 0.19267E+00 0.19267E+00 0.53693E+00      4737710   6/0.43300E-03
 0.85000E+01 0.54090E-03 0.24845E+00 0.10217E+01 0.22328E-01 0.27974E-01 0.10024E+01 0.10096E+01 0.16388E+00 0.16388E+00 0.54180E+00      4737710   6/0.54090E-03
 0.85000E+01 0.83840E-03 0.16029E+00 0.94610E+00 0.21783E-01 0.27371E-01 0.91724E+00 0.92310E+00 0.11309E+00 0.11309E+00 0.10557E+01      4737710   6/0.83840E-03
 0.85000E+01 0.10300E-02 0.13047E+00 0.67837E+00 0.15590E+00 0.12807E+00 0.87872E+00 0.86656E+00 0.92673E-01 0.92673E-01 -.12071E+01      4737710   6/0.10300E-02
 0.85000E+01 0.13970E-02 0.96197E-01 0.82340E+00 0.27203E-01 0.30650E-01 0.82432E+00 0.82832E+00 0.67075E-01 0.67075E-01 -.18081E+00      4737710   6/0.13970E-02
 0.12000E+02 0.22330E-03 0.84963E+00 0.12926E+01 0.83437E-01 0.13001E+00 0.12211E+01 0.11138E+01 0.26730E+00 0.26730E+00 0.21427E+01      4737710   7/0.22330E-03
 0.12000E+02 0.24920E-03 0.76133E+00 0.11477E+01 0.48407E-01 0.56077E-01 0.12281E+01 0.11958E+01 0.27714E+00 0.27714E+00 -.99438E+00      4737710   7/0.24920E-03
 0.12000E+02 0.27850E-03 0.68123E+00 0.11990E+01 0.38993E-01 0.45176E-01 0.12271E+01 0.12088E+01 0.27843E+00 0.27843E+00 -.25177E+00      4737710   7/0.27850E-03
 0.12000E+02 0.29540E-03 0.64226E+00 0.11757E+01 0.64318E-01 0.68972E-01 0.12237E+01 0.12143E+01 0.27652E+00 0.27652E+00 -.59973E+00      4737710   7/0.29540E-03
 0.12000E+02 0.31560E-03 0.60115E+00 0.11929E+01 0.42114E-01 0.47327E-01 0.12178E+01 0.12062E+01 0.27194E+00 0.27194E+00 -.31510E+00      4737710   7/0.31560E-03
 0.12000E+02 0.34300E-03 0.55313E+00 0.12277E+01 0.56203E-01 0.63203E-01 0.12080E+01 0.12083E+01 0.26483E+00 0.26483E+00 0.34475E+00      4737710   7/0.34300E-03
 0.12000E+02 0.36420E-03 0.52093E+00 0.11764E+01 0.34444E-01 0.39391E-01 0.11994E+01 0.11872E+01 0.25789E+00 0.25789E+00 -.31279E+00      4737710   7/0.36420E-03
 0.12000E+02 0.42300E-03 0.44852E+00 0.12263E+01 0.62686E-01 0.69643E-01 0.11741E+01 0.11698E+01 0.23886E+00 0.23886E+00 0.90069E+00      4737710   7/0.42300E-03
 0.12000E+02 0.48310E-03 0.39272E+00 0.11244E+01 0.23741E-01 0.29637E-01 0.11483E+01 0.11487E+01 0.21999E+00 0.21999E+00 -.10250E+01      4737710   7/0.48310E-03
 0.12000E+02 0.59200E-03 0.32048E+00 0.11448E+01 0.78644E-01 0.83664E-01 0.11055E+01 0.11008E+01 0.19074E+00 0.19074E+00 0.56004E+00      4737710   7/0.59200E-03
 0.12000E+02 0.76360E-03 0.24846E+00 0.10544E+01 0.23071E-01 0.28695E-01 0.10495E+01 0.10564E+01 0.15548E+00 0.15548E+00 -.88077E-01      4737710   7/0.76360E-03
 0.12000E+02 0.91000E-03 0.20849E+00 0.96455E+00 0.87518E-01 0.86628E-01 0.10109E+01 0.10102E+01 0.13325E+00 0.13325E+00 -.52106E+00      4737710   7/0.91000E-03
 0.12000E+02 0.11840E-02 0.16024E+00 0.10198E+01 0.21595E-01 0.28272E-01 0.95391E+00 0.96092E+00 0.10323E+00 0.10323E+00 0.27267E+01      4737710   7/0.11840E-02
 0.12000E+02 0.14600E-02 0.12995E+00 0.82793E+00 0.80468E-01 0.76786E-01 0.91028E+00 0.88779E+00 0.82715E-01 0.82715E-01 -.74385E+00      4737710   7/0.14600E-02
 0.12000E+02 0.19730E-02 0.96160E-01 0.87979E+00 0.25773E-01 0.31290E-01 0.85038E+00 0.85443E+00 0.57748E-01 0.57748E-01 0.98405E+00      4737710   7/0.19730E-02
 0.15000E+02 0.27920E-03 0.84941E+00 0.11474E+01 0.90037E-01 0.11098E+00 0.12551E+01 0.11615E+01 0.27169E+00 0.27169E+00 -.15647E+00      4737710   8/0.27920E-03
 0.15000E+02 0.31150E-03 0.76133E+00 0.12836E+01 0.46424E-01 0.54066E-01 0.12627E+01 0.12324E+01 0.27632E+00 0.27632E+00 0.11029E+01      4737710   8/0.31150E-03
 0.15000E+02 0.34810E-03 0.68128E+00 0.11874E+01 0.39657E-01 0.42506E-01 0.12618E+01 0.12482E+01 0.27498E+00 0.27498E+00 -.15336E+01      4737710   8/0.34810E-03
 0.15000E+02 0.39450E-03 0.60115E+00 0.11737E+01 0.36579E-01 0.41302E-01 0.12518E+01 0.12375E+01 0.26582E+00 0.26582E+00 -.17428E+01      4737710   8/0.39450E-03
 0.15000E+02 0.42200E-03 0.56198E+00 0.12419E+01 0.41873E-01 0.49141E-01 0.12433E+01 0.12400E+01 0.25793E+00 0.25793E+00 0.45119E-01      4737710   8/0.42200E-03
 0.15000E+02 0.45520E-03 0.52099E+00 0.12590E+01 0.38113E-01 0.44365E-01 0.12320E+01 0.12213E+01 0.24952E+00 0.24952E+00 0.98811E+00      4737710   8/0.45520E-03
 0.15000E+02 0.52900E-03 0.44831E+00 0.12042E+01 0.40248E-01 0.46646E-01 0.12046E+01 0.11956E+01 0.22888E+00 0.22888E+00 0.21452E+00      4737710   8/0.52900E-03
 0.15000E+02 0.60390E-03 0.39270E+00 0.11681E+01 0.22429E-01 0.30407E-01 0.11770E+01 0.11754E+01 0.20938E+00 0.20938E+00 -.32378E+00      4737710   8/0.60390E-03
 0.15000E+02 0.76300E-03 0.31082E+00 0.11451E+01 0.47441E-01 0.53234E-01 0.11236E+01 0.11177E+01 0.17446E+00 0.17446E+00 0.57819E+00      4737710   8/0.76300E-03
 0.15000E+02 0.95450E-03 0.24846E+00 0.10423E+01 0.23737E-01 0.28646E-01 0.10710E+01 0.10798E+01 0.14417E+00 0.14417E+00 -.15795E+01      4737710   8/0.95450E-03
 0.15000E+02 0.11400E-02 0.20803E+00 0.10926E+01 0.52595E-01 0.58640E-01 0.10291E+01 0.10212E+01 0.12164E+00 0.12164E+00 0.13582E+01      4737710   8/0.11400E-02
 0.15000E+02 0.14790E-02 0.16035E+00 0.97586E+00 0.21887E-01 0.28156E-01 0.96922E+00 0.97551E+00 0.92960E-01 0.92960E-01 0.15958E-01      4737710   8/0.14790E-02
 0.15000E+02 0.18200E-02 0.13030E+00 0.84737E+00 0.53496E-01 0.53027E-01 0.92287E+00 0.90456E+00 0.72690E-01 0.72690E-01 -.10691E+01      4737710   8/0.18200E-02
 0.15000E+02 0.24660E-02 0.96170E-01 0.86079E+00 0.25209E-01 0.30603E-01 0.85880E+00 0.86298E+00 0.48761E-01 0.48761E-01 -.86702E-01      4737710   8/0.24660E-02
 0.20000E+02 0.37220E-03 0.84956E+00 0.13322E+01 0.10097E+00 0.12423E+00 0.12896E+01 0.12176E+01 0.26430E+00 0.26430E+00 0.11345E+01      4737710   9/0.37220E-03
 0.20000E+02 0.41530E-03 0.76139E+00 0.12605E+01 0.59973E-01 0.65062E-01 0.12972E+01 0.12689E+01 0.26414E+00 0.26414E+00 -.14038E+00      4737710   9/0.41530E-03
 0.20000E+02 0.46420E-03 0.68118E+00 0.12937E+01 0.50634E-01 0.54639E-01 0.12956E+01 0.12853E+01 0.25877E+00 0.25877E+00 0.16515E+00      4737710   9/0.46420E-03
 0.20000E+02 0.52610E-03 0.60104E+00 0.11424E+01 0.49628E-01 0.50669E-01 0.12843E+01 0.12656E+01 0.24670E+00 0.24670E+00 -.24817E+01      4737710   9/0.52610E-03
 0.20000E+02 0.60700E-03 0.52093E+00 0.12257E+01 0.41199E-01 0.47147E-01 0.12623E+01 0.12477E+01 0.22875E+00 0.22875E+00 -.53358E+00      4737710   9/0.60700E-03
 0.20000E+02 0.80520E-03 0.39270E+00 0.12110E+01 0.27912E-01 0.34554E-01 0.12020E+01 0.12030E+01 0.18777E+00 0.18777E+00 0.28722E+00      4737710   9/0.80520E-03
 0.20000E+02 0.12730E-02 0.24839E+00 0.10909E+01 0.25099E-01 0.31323E-01 0.10871E+01 0.10958E+01 0.12413E+00 0.12413E+00 -.19338E+00      4737710   9/0.12730E-02
 0.20000E+02 0.19730E-02 0.16027E+00 0.98243E+00 0.22940E-01 0.28880E-01 0.97778E+00 0.98448E+00 0.76102E-01 0.76102E-01 -.89488E-01      4737710   9/0.19730E-02
 0.20000E+02 0.32880E-02 0.96170E-01 0.85845E+00 0.26909E-01 0.31218E-01 0.86028E+00 0.86507E+00 0.36218E-01 0.36218E-01 -.24585E+00      4737710   9/0.32880E-02
 0.25000E+02 0.49320E-03 0.80141E+00 0.13000E+01 0.49477E-01 0.54887E-01 0.13107E+01 0.12827E+01 0.24888E+00 0.24888E+00 0.35018E+00      4737710  10/0.49320E-03
 0.25000E+02 0.57000E-03 0.69343E+00 0.13297E+01 0.54631E-01 0.59527E-01 0.13116E+01 0.12927E+01 0.24063E+00 0.24063E+00 0.67762E+00      4737710  10/0.57000E-03
 0.25000E+02 0.61650E-03 0.64113E+00 0.12585E+01 0.32898E-01 0.37560E-01 0.13060E+01 0.12920E+01 0.23381E+00 0.23381E+00 -.10169E+01      4737710  10/0.61650E-03
 0.25000E+02 0.70000E-03 0.56465E+00 0.13251E+01 0.38360E-01 0.44654E-01 0.12891E+01 0.12779E+01 0.21861E+00 0.21861E+00 0.12301E+01      4737710  10/0.70000E-03
 0.25000E+02 0.75870E-03 0.52097E+00 0.12271E+01 0.41811E-01 0.46107E-01 0.12745E+01 0.12637E+01 0.20706E+00 0.20706E+00 -.87492E+00      4737710  10/0.75870E-03
 0.25000E+02 0.88000E-03 0.44916E+00 0.12476E+01 0.33590E-01 0.40081E-01 0.12429E+01 0.12330E+01 0.18601E+00 0.18601E+00 0.43437E+00      4737710  10/0.88000E-03
 0.25000E+02 0.10070E-02 0.39251E+00 0.12310E+01 0.21335E-01 0.29996E-01 0.12102E+01 0.12105E+01 0.16641E+00 0.16641E+00 0.96251E+00      4737710  10/0.10070E-02
 0.25000E+02 0.12700E-02 0.31123E+00 0.11204E+01 0.29931E-01 0.35677E-01 0.11502E+01 0.11353E+01 0.13508E+00 0.13508E+00 -.49668E+00      4737710  10/0.12700E-02
 0.25000E+02 0.15910E-02 0.24843E+00 0.11284E+01 0.26672E-01 0.32930E-01 0.10896E+01 0.10979E+01 0.10641E+00 0.10641E+00 0.11446E+01      4737710  10/0.15910E-02
 0.25000E+02 0.18400E-02 0.21481E+00 0.10422E+01 0.31524E-01 0.36896E-01 0.10509E+01 0.10389E+01 0.90115E-01 0.90115E-01 0.10513E+00      4737710  10/0.18400E-02
 0.25000E+02 0.24660E-02 0.16028E+00 0.10195E+01 0.24154E-01 0.32252E-01 0.97525E+00 0.98112E+00 0.61884E-01 0.61884E-01 0.15890E+01      4737710  10/0.24660E-02
 0.25000E+02 0.30000E-02 0.13175E+00 0.92016E+00 0.28848E-01 0.33985E-01 0.92708E+00 0.90687E+00 0.46580E-01 0.46580E-01 0.46062E+00      4737710  10/0.30000E-02
 0.25000E+02 0.41100E-02 0.96170E-01 0.89239E+00 0.29224E-01 0.34012E-01 0.85372E+00 0.86093E+00 0.26562E-01 0.26562E-01 0.10765E+01      4737710  10/0.41100E-02
 0.35000E+02 0.65140E-03 0.84949E+00 0.13221E+01 0.10519E+00 0.12263E+00 0.13210E+01 0.13334E+01 0.21967E+00 0.21967E+00 -.10744E+00      4737710  11/0.65140E-03
 0.35000E+02 0.72680E-03 0.76136E+00 0.13017E+01 0.68296E-01 0.71101E-01 0.13270E+01 0.12978E+01 0.21410E+00 0.21410E+00 0.57180E-01      4737710  11/0.72680E-03
 0.35000E+02 0.81230E-03 0.68123E+00 0.13272E+01 0.43753E-01 0.48330E-01 0.13225E+01 0.13063E+01 0.20414E+00 0.20414E+00 0.47799E+00      4737710  11/0.81230E-03
 0.35000E+02 0.92060E-03 0.60109E+00 0.13285E+01 0.39881E-01 0.44845E-01 0.13074E+01 0.13003E+01 0.19002E+00 0.19002E+00 0.70781E+00      4737710  11/0.92060E-03
 0.35000E+02 0.10000E-02 0.55336E+00 0.12166E+01 0.43612E-01 0.45268E-01 0.12926E+01 0.12769E+01 0.17901E+00 0.17901E+00 -.13829E+01      4737710  11/0.10000E-02
 0.35000E+02 0.10620E-02 0.52105E+00 0.13193E+01 0.44542E-01 0.51061E-01 0.12806E+01 0.12739E+01 0.17149E+00 0.17149E+00 0.10190E+01      4737710  11/0.10620E-02
 0.35000E+02 0.12300E-02 0.44989E+00 0.12474E+01 0.35914E-01 0.40609E-01 0.12462E+01 0.12418E+01 0.15159E+00 0.15159E+00 0.15485E+00      4737710  11/0.12300E-02
 0.35000E+02 0.14090E-02 0.39273E+00 0.12406E+01 0.21983E-01 0.29070E-01 0.12105E+01 0.12070E+01 0.13339E+00 0.13339E+00 0.15270E+01      4737710  11/0.14090E-02
 0.35000E+02 0.18000E-02 0.30742E+00 0.11199E+01 0.25700E-01 0.31192E-01 0.11417E+01 0.11319E+01 0.10247E+00 0.10247E+00 -.46562E+00      4737710  11/0.18000E-02
 0.35000E+02 0.22270E-02 0.24848E+00 0.11111E+01 0.27515E-01 0.33574E-01 0.10813E+01 0.10894E+01 0.79413E-01 0.79413E-01 0.78943E+00      4737710  11/0.22270E-02
 0.35000E+02 0.27000E-02 0.20495E+00 0.98176E+00 0.25244E-01 0.29569E-01 0.10273E+01 0.10093E+01 0.61007E-01 0.61007E-01 -.10911E+01      4737710  11/0.27000E-02
 0.35000E+02 0.34520E-02 0.16030E+00 0.96409E+00 0.25460E-01 0.30149E-01 0.96076E+00 0.96886E+00 0.41354E-01 0.41354E-01 -.18738E+00      4737710  11/0.34520E-02
 0.35000E+02 0.43000E-02 0.12869E+00 0.86229E+00 0.19159E-01 0.24615E-01 0.90404E+00 0.88328E+00 0.27054E-01 0.27054E-01 -.10957E+01      4737710  11/0.43000E-02
 0.35000E+02 0.57540E-02 0.96170E-01 0.86065E+00 0.31285E-01 0.37616E-01 0.83368E+00 0.83669E+00 0.12846E-01 0.12846E-01 0.76600E+00      4737710  11/0.57540E-02
 0.45000E+02 0.83750E-03 0.84951E+00 0.14321E+01 0.93663E-01 0.11170E+00 0.13208E+01 0.13449E+01 0.19319E+00 0.19319E+00 0.93099E+00      4737710  12/0.83750E-03
 0.45000E+02 0.93440E-03 0.76141E+00 0.13197E+01 0.71211E-01 0.74812E-01 0.13249E+01 0.13324E+01 0.18596E+00 0.18596E+00 -.17865E+00      4737710  12/0.93440E-03
 0.45000E+02 0.10440E-02 0.68148E+00 0.13485E+01 0.54999E-01 0.58289E-01 0.13183E+01 0.13155E+01 0.17510E+00 0.17510E+00 0.60015E+00      4737710  12/0.10440E-02
 0.45000E+02 0.11840E-02 0.60090E+00 0.12982E+01 0.42821E-01 0.46329E-01 0.13008E+01 0.12936E+01 0.16049E+00 0.16049E+00 0.10687E+00      4737710  12/0.11840E-02
 0.45000E+02 0.12700E-02 0.56021E+00 0.12859E+01 0.46436E-01 0.49254E-01 0.12878E+01 0.12835E+01 0.15231E+00 0.15231E+00 0.51107E-01      4737710  12/0.12700E-02
 0.45000E+02 0.13660E-02 0.52084E+00 0.12921E+01 0.48376E-01 0.52954E-01 0.12716E+01 0.12659E+01 0.14265E+00 0.14265E+00 0.54227E+00      4737710  12/0.13660E-02
 0.45000E+02 0.15850E-02 0.44887E+00 0.11919E+01 0.43733E-01 0.45368E-01 0.12345E+01 0.12271E+01 0.12387E+00 0.12387E+00 -.80398E+00      4737710  12/0.15850E-02
 0.45000E+02 0.18120E-02 0.39264E+00 0.11783E+01 0.22323E-01 0.27670E-01 0.11974E+01 0.11968E+01 0.10733E+00 0.10733E+00 -.82964E+00      4737710  12/0.18120E-02
 0.45000E+02 0.22900E-02 0.31068E+00 0.11136E+01 0.27152E-01 0.31106E-01 0.11296E+01 0.11163E+01 0.81469E-01 0.81469E-01 -.97891E-01      4737710  12/0.22900E-02
 0.45000E+02 0.28640E-02 0.24842E+00 0.11026E+01 0.27432E-01 0.33477E-01 0.10635E+01 0.10725E+01 0.59425E-01 0.59425E-01 0.10969E+01      4737710  12/0.28640E-02
 0.45000E+02 0.33000E-02 0.21559E+00 0.10060E+01 0.24657E-01 0.28664E-01 0.10224E+01 0.10052E+01 0.47447E-01 0.47447E-01 0.30563E-01      4737710  12/0.33000E-02
 0.45000E+02 0.44390E-02 0.16028E+00 0.94015E+00 0.25209E-01 0.29881E-01 0.93977E+00 0.94734E+00 0.26934E-01 0.26934E-01 -.28539E+00      4737710  12/0.44390E-02
 0.45000E+02 0.55000E-02 0.12936E+00 0.89033E+00 0.19593E-01 0.24948E-01 0.88374E+00 0.86321E+00 0.15869E-01 0.15869E-01 0.13841E+01      4737710  12/0.55000E-02
 0.45000E+02 0.73980E-02 0.96170E-01 0.82825E+00 0.31441E-01 0.37023E-01 0.81106E+00 0.81484E+00 0.58158E-02 0.58158E-02 0.42647E+00      4737710  12/0.73980E-02
 0.60000E+02 0.11170E-02 0.84925E+00 0.12762E+01 0.10029E+00 0.10810E+00 0.13078E+01 0.13356E+01 0.16074E+00 0.16074E+00 -.59250E+00      4737710  13/0.11170E-02
 0.60000E+02 0.12460E-02 0.76133E+00 0.14192E+01 0.64322E-01 0.73935E-01 0.13089E+01 0.13177E+01 0.15204E+00 0.15204E+00 0.15779E+01      4737710  13/0.12460E-02
 0.60000E+02 0.13920E-02 0.68148E+00 0.13581E+01 0.63471E-01 0.69014E-01 0.12998E+01 0.13065E+01 0.14086E+00 0.14086E+00 0.81315E+00      4737710  13/0.13920E-02
 0.60000E+02 0.15780E-02 0.60115E+00 0.13242E+01 0.61667E-01 0.65125E-01 0.12798E+01 0.12719E+01 0.12685E+00 0.12685E+00 0.84842E+00      4737710  13/0.15780E-02
 0.60000E+02 0.17100E-02 0.55475E+00 0.12972E+01 0.54223E-01 0.58133E-01 0.12635E+01 0.12674E+01 0.11833E+00 0.11833E+00 0.54869E+00      4737710  13/0.17100E-02
 0.60000E+02 0.18210E-02 0.52093E+00 0.12600E+01 0.61854E-01 0.65401E-01 0.12483E+01 0.12488E+01 0.11052E+00 0.11052E+00 0.18030E+00      4737710  13/0.18210E-02
 0.60000E+02 0.21100E-02 0.44958E+00 0.11150E+01 0.45542E-01 0.45526E-01 0.12094E+01 0.12082E+01 0.93851E-01 0.93851E-01 -.20469E+01      4737710  13/0.21100E-02
 0.60000E+02 0.24160E-02 0.39264E+00 0.11691E+01 0.24633E-01 0.29156E-01 0.11704E+01 0.11718E+01 0.79339E-01 0.79339E-01 -.10976E+00      4737710  13/0.24160E-02
 0.60000E+02 0.30500E-02 0.31102E+00 0.10977E+01 0.30767E-01 0.33692E-01 0.11006E+01 0.10878E+01 0.57259E-01 0.57259E-01 0.32272E+00      4737710  13/0.30500E-02
 0.60000E+02 0.38180E-02 0.24846E+00 0.10154E+01 0.28519E-01 0.32654E-01 0.10324E+01 0.10405E+01 0.38635E-01 0.38635E-01 -.88184E+00      4737710  13/0.38180E-02
 0.60000E+02 0.46000E-02 0.20622E+00 0.94876E+00 0.26666E-01 0.29090E-01 0.97789E+00 0.96203E+00 0.26427E-01 0.26427E-01 -.49772E+00      4737710  13/0.46000E-02
 0.60000E+02 0.59180E-02 0.16029E+00 0.99360E+00 0.25793E-01 0.32165E-01 0.90682E+00 0.91330E+00 0.13118E-01 0.13118E-01 0.31134E+01      4737710  13/0.59180E-02
 0.60000E+02 0.73000E-02 0.12995E+00 0.81661E+00 0.19130E-01 0.23493E-01 0.85165E+00 0.82725E+00 0.63405E-02 0.63405E-02 -.55628E+00      4737710  13/0.73000E-02
 0.60000E+02 0.98640E-02 0.96170E-01 0.77303E+00 0.31797E-01 0.34485E-01 0.77757E+00 0.78457E+00 0.73331E-02 0.73331E-02 -.36279E+00      4737710  13/0.98640E-02
 0.90000E+02 0.16719E-02 0.85108E+00 0.13269E+01 0.10778E+00 0.11936E+00 0.12668E+01 0.12939E+01 0.11486E+00 0.11486E+00 0.30623E+00      4737710  14/0.16719E-02
 0.90000E+02 0.18690E-02 0.76133E+00 0.13915E+01 0.67613E-01 0.76665E-01 0.12639E+01 0.12804E+01 0.10572E+00 0.10572E+00 0.16431E+01      4737710  14/0.18690E-02
 0.90000E+02 0.20890E-02 0.68115E+00 0.12992E+01 0.59097E-01 0.65115E-01 0.12512E+01 0.12697E+01 0.95305E-01 0.95305E-01 0.49969E+00      4737710  14/0.20890E-02
 0.90000E+02 0.23670E-02 0.60115E+00 0.13050E+01 0.60680E-01 0.67348E-01 0.12286E+01 0.12477E+01 0.83508E-01 0.83508E-01 0.94494E+00      4737710  14/0.23670E-02
 0.90000E+02 0.25000E-02 0.56917E+00 0.11533E+01 0.62990E-01 0.62394E-01 0.12162E+01 0.12007E+01 0.78120E-01 0.78120E-01 -.75230E+00      4737710  14/0.25000E-02
 0.90000E+02 0.30000E-02 0.47431E+00 0.11593E+01 0.52816E-01 0.54823E-01 0.11684E+01 0.11706E+01 0.60967E-01 0.60967E-01 -.21313E+00      4737710  14/0.30000E-02
 0.90000E+02 0.36230E-02 0.39275E+00 0.11243E+01 0.29963E-01 0.33226E-01 0.11127E+01 0.11090E+01 0.45005E-01 0.45005E-01 0.51115E+00      4737710  14/0.36230E-02
 0.90000E+02 0.46000E-02 0.30933E+00 0.10178E+01 0.33766E-01 0.35670E-01 0.10390E+01 0.10238E+01 0.27623E-01 0.27623E-01 -.17913E+00      4737710  14/0.46000E-02
 0.90000E+02 0.57270E-02 0.24846E+00 0.92170E+00 0.29754E-01 0.32175E-01 0.97236E+00 0.97974E+00 0.15404E-01 0.15404E-01 -.19508E+01      4737710  14/0.57270E-02
 0.90000E+02 0.64000E-02 0.22233E+00 0.94845E+00 0.28677E-01 0.31682E-01 0.93948E+00 0.92079E+00 0.10552E-01 0.10552E-01 0.96450E+00      4737710  14/0.64000E-02
 0.90000E+02 0.88770E-02 0.16029E+00 0.87069E+00 0.26198E-01 0.30373E-01 0.84754E+00 0.85354E+00 0.63292E-02 0.63292E-02 0.65471E+00      4737710  14/0.88770E-02
 0.90000E+02 0.10900E-01 0.13054E+00 0.75796E+00 0.20423E-01 0.23165E-01 0.79341E+00 0.77287E+00 0.99527E-02 0.99527E-02 -.73012E+00      4737710  14/0.10900E-01
 0.90000E+02 0.14800E-01 0.96144E-01 0.75583E+00 0.33441E-01 0.36601E-01 0.72019E+00 0.72545E+00 0.13765E-01 0.13765E-01 0.90837E+00      4737710  14/0.14800E-01
 0.12000E+03 0.22000E-02 0.86238E+00 0.13897E+01 0.11426E+00 0.12995E+00 0.12242E+01 0.12549E+01 0.85948E-01 0.85948E-01 0.11797E+01      4737710  15/0.22000E-02
 0.12000E+03 0.25000E-02 0.75889E+00 0.11837E+01 0.95633E-01 0.99890E-01 0.12179E+01 0.12557E+01 0.75924E-01 0.75924E-01 -.75301E+00      4737710  15/0.25000E-02
 0.12000E+03 0.27000E-02 0.70268E+00 0.10805E+01 0.11225E+00 0.10476E+00 0.12084E+01 0.11973E+01 0.69555E-01 0.69555E-01 -.10409E+01      4737710  15/0.27000E-02
 0.12000E+03 0.28000E-02 0.67758E+00 0.11758E+01 0.85214E-01 0.90249E-01 0.12022E+01 0.12423E+01 0.66251E-01 0.66251E-01 -.78044E+00      4737710  15/0.28000E-02
 0.12000E+03 0.30000E-02 0.63241E+00 0.11813E+01 0.93839E-01 0.95318E-01 0.11895E+01 0.11966E+01 0.60651E-01 0.60651E-01 -.16354E+00      4737710  15/0.30000E-02
 0.12000E+03 0.32000E-02 0.59289E+00 0.11183E+01 0.77201E-01 0.81310E-01 0.11752E+01 0.12158E+01 0.55211E-01 0.55211E-01 -.12634E+01      4737710  15/0.32000E-02
 0.12000E+03 0.34000E-02 0.55801E+00 0.11340E+01 0.69294E-01 0.69795E-01 0.11606E+01 0.11611E+01 0.50346E-01 0.50346E-01 -.39045E+00      4737710  15/0.34000E-02
 0.12000E+03 0.36000E-02 0.52701E+00 0.11921E+01 0.69243E-01 0.78184E-01 0.11457E+01 0.11863E+01 0.45760E-01 0.45760E-01 0.84421E-01      4737710  15/0.36000E-02
 0.12000E+03 0.42000E-02 0.45172E+00 0.11385E+01 0.58528E-01 0.61421E-01 0.11021E+01 0.10960E+01 0.34260E-01 0.34260E-01 0.72690E+00      4737710  15/0.42000E-02
 0.12000E+03 0.48000E-02 0.39526E+00 0.10714E+01 0.36413E-01 0.40063E-01 0.10619E+01 0.10663E+01 0.25379E-01 0.25379E-01 0.13885E+00      4737710  15/0.48000E-02
 0.12000E+03 0.59000E-02 0.32157E+00 0.98536E+00 0.36636E-01 0.38459E-01 0.99820E+00 0.98454E+00 0.13996E-01 0.13996E-01 0.22328E-01      4737710  15/0.59000E-02
 0.12000E+03 0.80000E-02 0.23715E+00 0.86922E+00 0.29237E-01 0.31133E-01 0.90671E+00 0.88843E+00 0.58391E-02 0.58391E-02 -.65704E+00      4737710  15/0.80000E-02
 0.12000E+03 0.13000E-01 0.14594E+00 0.72207E+00 0.23692E-01 0.25671E-01 0.77335E+00 0.75189E+00 0.13286E-01 0.13286E-01 -.12585E+01      4737710  15/0.13000E-01
 0.15000E+03 0.28000E-02 0.84698E+00 0.13125E+01 0.13113E+00 0.14624E+00 0.11838E+01 0.12083E+01 0.63327E-01 0.63327E-01 0.79465E+00      4737710  16/0.28000E-02
 0.15000E+03 0.31000E-02 0.76501E+00 0.11836E+01 0.11378E+00 0.11909E+00 0.11767E+01 0.12110E+01 0.56123E-01 0.56123E-01 -.24086E+00      4737710  16/0.31000E-02
 0.15000E+03 0.35000E-02 0.67758E+00 0.13349E+01 0.97224E-01 0.11120E+00 0.11588E+01 0.11983E+01 0.47166E-01 0.47166E-01 0.14055E+01      4737710  16/0.35000E-02
 0.15000E+03 0.39000E-02 0.60809E+00 0.12567E+01 0.85143E-01 0.96309E-01 0.11361E+01 0.11762E+01 0.39208E-01 0.39208E-01 0.94578E+00      4737710  16/0.39000E-02
 0.15000E+03 0.45000E-02 0.52701E+00 0.10503E+01 0.75952E-01 0.79620E-01 0.10999E+01 0.11385E+01 0.29368E-01 0.29368E-01 -.11609E+01      4737710  16/0.45000E-02
 0.15000E+03 0.60000E-02 0.39526E+00 0.10250E+01 0.39551E-01 0.48943E-01 0.10158E+01 0.10528E+01 0.13176E-01 0.13176E-01 -.70391E+00      4737710  16/0.60000E-02
 0.15000E+03 0.80000E-02 0.29644E+00 0.97292E+00 0.38879E-01 0.48308E-01 0.92846E+00 0.96220E+00 0.60595E-02 0.60595E-02 0.27579E+00      4737710  16/0.80000E-02
 0.15000E+03 0.13000E-01 0.18243E+00 0.86345E+00 0.45358E-01 0.53441E-01 0.79022E+00 0.81965E+00 0.13917E-01 0.13917E-01 0.96560E+00      4737710  16/0.13000E-01
 0.15000E+03 0.20000E-01 0.11858E+00 0.79350E+00 0.54837E-01 0.63849E-01 0.68444E+00 0.70983E+00 0.16636E-01 0.16636E-01 0.15257E+01      4737710  16/0.20000E-01
 0.20000E+03 0.37000E-02 0.85461E+00 0.13183E+01 0.15878E+00 0.17949E+00 0.11260E+01 0.11466E+01 0.40561E-01 0.40561E-01 0.10813E+01      4737710  17/0.37000E-02
 0.20000E+03 0.41000E-02 0.77123E+00 0.13112E+01 0.14041E+00 0.15744E+00 0.11168E+01 0.11492E+01 0.34260E-01 0.34260E-01 0.11539E+01      4737710  17/0.41000E-02
 0.20000E+03 0.46000E-02 0.68740E+00 0.10679E+01 0.12150E+00 0.12329E+00 0.10985E+01 0.11364E+01 0.27163E-01 0.27163E-01 -.56375E+00      4737710  17/0.46000E-02
 0.20000E+03 0.52000E-02 0.60809E+00 0.11802E+01 0.10191E+00 0.11202E+00 0.10719E+01 0.11109E+01 0.20000E-01 0.20000E-01 0.67995E+00      4737710  17/0.52000E-02
 0.20000E+03 0.61000E-02 0.51837E+00 0.11162E+01 0.88606E-01 0.97415E-01 0.10306E+01 0.10677E+01 0.12157E-01 0.12157E-01 0.54789E+00      4737710  17/0.61000E-02
 0.20000E+03 0.80000E-02 0.39526E+00 0.96912E+00 0.45746E-01 0.53506E-01 0.95175E+00 0.98609E+00 0.63535E-02 0.63535E-02 -.37085E+00      4737710  17/0.80000E-02
 0.20000E+03 0.13000E-01 0.24324E+00 0.87552E+00 0.38569E-01 0.47092E-01 0.81017E+00 0.83979E+00 0.14729E-01 0.14729E-01 0.92650E+00      4737710  17/0.13000E-01
 0.20000E+03 0.20000E-01 0.15810E+00 0.76545E+00 0.36487E-01 0.43820E-01 0.69914E+00 0.72294E+00 0.17437E-01 0.17437E-01 0.11649E+01      4737710  17/0.20000E-01
 0.20000E+03 0.32000E-01 0.98814E-01 0.61888E+00 0.33701E-01 0.38418E-01 0.59657E+00 0.61748E+00 0.15782E-01 0.15782E-01 0.41588E-01      4737710  17/0.32000E-01
 0.20000E+03 0.50000E-01 0.63241E-01 0.50726E+00 0.32989E-01 0.35640E-01 0.51597E+00 0.53446E+00 0.12081E-01 0.12081E-01 -.82452E+00      4737710  17/0.50000E-01
 0.20000E+03 0.80000E-01 0.39526E-01 0.41852E+00 0.32690E-01 0.33776E-01 0.44488E+00 0.45853E+00 0.83779E-02 0.83779E-02 -.12241E+01      4737710  17/0.80000E-01
 0.20000E+03 0.13000E+00 0.24324E-01 0.38393E+00 0.28251E-01 0.30480E-01 0.37894E+00 0.39023E+00 0.69062E-02 0.69062E-02 -.22312E+00      4737710  17/0.13000E+00
 0.20000E+03 0.18000E+00 0.17567E-01 0.31120E+00 0.30779E-01 0.31124E-01 0.33250E+00 0.34953E+00 0.67720E-02 0.67720E-02 -.12455E+01      4737710  17/0.18000E+00
 0.20000E+03 0.40000E+00 0.79051E-02 0.19826E+00 0.19991E-01 0.23570E-01 0.15841E+00 0.16817E+00 0.34253E-02 0.34253E-02 0.15052E+01      4737710  17/0.40000E+00
 0.25000E+03 0.46000E-02 0.85925E+00 0.87541E+00 0.18870E+00 0.17416E+00 0.10770E+01 0.10907E+01 0.25847E-01 0.25847E-01 -.11409E+01      4737710  18/0.46000E-02
 0.25000E+03 0.52000E-02 0.76011E+00 0.10977E+01 0.15214E+00 0.15859E+00 0.10630E+01 0.10914E+01 0.19192E-01 0.19192E-01 0.41206E-01      4737710  18/0.52000E-02
 0.25000E+03 0.58000E-02 0.68148E+00 0.95633E+00 0.13841E+00 0.13495E+00 0.10435E+01 0.10803E+01 0.13736E-01 0.13736E-01 -.89600E+00      4737710  18/0.58000E-02
 0.25000E+03 0.66000E-02 0.59887E+00 0.95445E+00 0.11408E+00 0.11367E+00 0.10147E+01 0.10516E+01 0.87465E-02 0.87465E-02 -.85192E+00      4737710  18/0.66000E-02
 0.25000E+03 0.76000E-02 0.52007E+00 0.10249E+01 0.97721E-01 0.10406E+00 0.97795E+00 0.10129E+01 0.63125E-02 0.63125E-02 0.12314E+00      4737710  18/0.76000E-02
 0.25000E+03 0.10000E-01 0.39526E+00 0.95951E+00 0.48626E-01 0.56952E-01 0.89967E+00 0.93281E+00 0.10677E-01 0.10677E-01 0.54900E+00      4737710  18/0.10000E-01
 0.25000E+03 0.13000E-01 0.30404E+00 0.85384E+00 0.43599E-01 0.50384E-01 0.82371E+00 0.85420E+00 0.15330E-01 0.15330E-01 -.82921E-02      4737710  18/0.13000E-01
 0.25000E+03 0.20000E-01 0.19763E+00 0.76978E+00 0.39980E-01 0.46979E-01 0.70961E+00 0.73573E+00 0.18031E-01 0.18031E-01 0.85175E+00      4737710  18/0.20000E-01
 0.25000E+03 0.32000E-01 0.12352E+00 0.62960E+00 0.35777E-01 0.40640E-01 0.60330E+00 0.62365E+00 0.16248E-01 0.16248E-01 0.16637E+00      4737710  18/0.32000E-01
 0.25000E+03 0.50000E-01 0.79051E-01 0.54922E+00 0.31959E-01 0.36334E-01 0.51966E+00 0.53737E+00 0.12392E-01 0.12392E-01 0.37064E+00      4737710  18/0.50000E-01
 0.25000E+03 0.80000E-01 0.49407E-01 0.46487E+00 0.29609E-01 0.32949E-01 0.44597E+00 0.45983E+00 0.85234E-02 0.85234E-02 0.17033E+00      4737710  18/0.80000E-01
 0.25000E+03 0.13000E+00 0.30404E-01 0.39288E+00 0.24365E-01 0.27233E-01 0.37796E+00 0.38875E+00 0.69037E-02 0.69037E-02 0.16962E+00      4737710  18/0.13000E+00
 0.25000E+03 0.18000E+00 0.21959E-01 0.36459E+00 0.24919E-01 0.28411E-01 0.33037E+00 0.34519E+00 0.67144E-02 0.67144E-02 0.77837E+00      4737710  18/0.18000E+00
 0.25000E+03 0.40000E+00 0.98814E-02 0.16729E+00 0.16952E-01 0.18749E-01 0.15497E+00 0.16516E+00 0.33390E-02 0.33390E-02 0.12566E+00      4737710  18/0.40000E+00
 0.30000E+03 0.56000E-02 0.84698E+00 0.12260E+01 0.17722E+00 0.19905E+00 0.10329E+01 0.10542E+01 0.14893E-01 0.14893E-01 0.96963E+00      4737710  19/0.56000E-02
 0.30000E+03 0.62000E-02 0.76501E+00 0.88208E+00 0.17076E+00 0.16095E+00 0.10200E+01 0.10473E+01 0.10671E-01 0.10671E-01 -.96742E+00      4737710  19/0.62000E-02
 0.30000E+03 0.69000E-02 0.68740E+00 0.97889E+00 0.14746E+00 0.14836E+00 0.10005E+01 0.10371E+01 0.73011E-02 0.73011E-02 -.39494E+00      4737710  19/0.69000E-02
 0.30000E+03 0.79000E-02 0.60039E+00 0.10459E+01 0.12884E+00 0.13702E+00 0.96986E+00 0.10058E+01 0.65613E-02 0.65613E-02 0.31145E+00      4737710  19/0.79000E-02
 0.30000E+03 0.91000E-02 0.52122E+00 0.86827E+00 0.10886E+00 0.10764E+00 0.93350E+00 0.96778E+00 0.90185E-02 0.90185E-02 -.91409E+00      4737710  19/0.91000E-02
 0.30000E+03 0.12100E-01 0.39199E+00 0.91173E+00 0.53744E-01 0.61140E-01 0.85307E+00 0.88448E+00 0.14769E-01 0.14769E-01 0.50701E+00      4737710  19/0.12100E-01
 0.30000E+03 0.20000E-01 0.23715E+00 0.66705E+00 0.44252E-01 0.46525E-01 0.71738E+00 0.74376E+00 0.18493E-01 0.18493E-01 -.17334E+01      4737710  19/0.20000E-01
 0.30000E+03 0.32000E-01 0.14822E+00 0.62543E+00 0.40803E-01 0.44911E-01 0.60841E+00 0.62936E+00 0.16610E-01 0.16610E-01 -.96343E-01      4737710  19/0.32000E-01
 0.30000E+03 0.50000E-01 0.94862E-01 0.54525E+00 0.36509E-01 0.40339E-01 0.52243E+00 0.54035E+00 0.12633E-01 0.12633E-01 0.13423E+00      4737710  19/0.50000E-01
 0.30000E+03 0.80000E-01 0.59289E-01 0.48650E+00 0.33998E-01 0.38074E-01 0.44673E+00 0.46115E+00 0.86352E-02 0.86352E-02 0.74577E+00      4737710  19/0.80000E-01
 0.30000E+03 0.13000E+00 0.36485E-01 0.37936E+00 0.27787E-01 0.29889E-01 0.37711E+00 0.38774E+00 0.69011E-02 0.69011E-02 -.30157E+00      4737710  19/0.13000E+00
 0.30000E+03 0.18000E+00 0.26350E-01 0.33025E+00 0.27329E-01 0.29087E-01 0.32863E+00 0.34218E+00 0.66690E-02 0.66690E-02 -.43648E+00      4737710  19/0.18000E+00
 0.30000E+03 0.40000E+00 0.11858E-01 0.15995E+00 0.19378E-01 0.20950E-01 0.15227E+00 0.16320E+00 0.32718E-02 0.32718E-02 -.16793E+00      4737710  19/0.40000E+00
 0.40000E+03 0.74000E-02 0.85461E+00 0.82658E+00 0.20369E+00 0.19153E+00 0.96343E+00 0.98001E+00 0.61199E-02 0.61199E-02 -.75326E+00      4737710  20/0.74000E-02
 0.40000E+03 0.83000E-02 0.76194E+00 0.60217E+00 0.17370E+00 0.13917E+00 0.94712E+00 0.97734E+00 0.71700E-02 0.71700E-02 -.21598E+01      4737710  20/0.83000E-02
 0.40000E+03 0.93000E-02 0.68001E+00 0.10262E+01 0.15583E+00 0.16667E+00 0.92524E+00 0.95866E+00 0.96633E-02 0.96633E-02 0.43340E+00      4737710  20/0.93000E-02
 0.40000E+03 0.10500E-01 0.60230E+00 0.88735E+00 0.13838E+00 0.13985E+00 0.89653E+00 0.92953E+00 0.12656E-01 0.12656E-01 -.30483E+00      4737710  20/0.10500E-01
 0.40000E+03 0.12100E-01 0.52265E+00 0.10127E+01 0.12069E+00 0.13409E+00 0.86081E+00 0.89245E+00 0.15277E-01 0.15277E-01 0.99638E+00      4737710  20/0.12100E-01
 0.40000E+03 0.16100E-01 0.39280E+00 0.88429E+00 0.58808E-01 0.67201E-01 0.78464E+00 0.81358E+00 0.18445E-01 0.18445E-01 0.12024E+01      4737710  20/0.16100E-01
 0.40000E+03 0.32000E-01 0.19763E+00 0.65000E+00 0.45773E-01 0.50454E-01 0.61556E+00 0.63816E+00 0.17148E-01 0.17148E-01 0.25870E+00      4737710  20/0.32000E-01
 0.40000E+03 0.50000E-01 0.12648E+00 0.51898E+00 0.41306E-01 0.43533E-01 0.52629E+00 0.54445E+00 0.12989E-01 0.12989E-01 -.61670E+00      4737710  20/0.50000E-01
 0.40000E+03 0.80000E-01 0.79051E-01 0.45273E+00 0.38219E-01 0.40500E-01 0.44772E+00 0.46263E+00 0.88001E-02 0.88001E-02 -.25895E+00      4737710  20/0.80000E-01
 0.40000E+03 0.13000E+00 0.48647E-01 0.37996E+00 0.31211E-01 0.33169E-01 0.37568E+00 0.38682E+00 0.68962E-02 0.68962E-02 -.21995E+00      4737710  20/0.13000E+00
 0.40000E+03 0.18000E+00 0.35134E-01 0.35323E+00 0.29367E-01 0.32289E-01 0.32592E+00 0.33890E+00 0.66005E-02 0.66005E-02 0.48783E+00      4737710  20/0.18000E+00
 0.40000E+03 0.40000E+00 0.15810E-01 0.16276E+00 0.21052E-01 0.23133E-01 0.14821E+00 0.15876E+00 0.31717E-02 0.31717E-02 0.19022E+00      4737710  20/0.40000E+00
 0.50000E+03 0.93000E-02 0.85002E+00 0.74414E+00 0.22526E+00 0.20595E+00 0.90636E+00 0.92452E+00 0.94820E-02 0.94820E-02 -.80076E+00      4737710  21/0.93000E-02
 0.50000E+03 0.10400E-01 0.76011E+00 0.73913E+00 0.18416E+00 0.16907E+00 0.88815E+00 0.92027E+00 0.12350E-01 0.12350E-01 -.98360E+00      4737710  21/0.10400E-01
 0.50000E+03 0.11600E-01 0.68148E+00 0.11883E+01 0.16331E+00 0.19440E+00 0.86688E+00 0.89895E+00 0.14610E-01 0.14610E-01 0.17718E+01      4737710  21/0.11600E-01
 0.50000E+03 0.13100E-01 0.60345E+00 0.86231E+00 0.15006E+00 0.15397E+00 0.83949E+00 0.86948E+00 0.16655E-01 0.16655E-01 -.47811E-01      4737710  21/0.13100E-01
 0.50000E+03 0.15200E-01 0.52007E+00 0.10466E+01 0.12954E+00 0.15101E+00 0.80306E+00 0.83273E+00 0.18356E-01 0.18356E-01 0.16509E+01      4737710  21/0.15200E-01
 0.50000E+03 0.20100E-01 0.39329E+00 0.73830E+00 0.66602E-01 0.69980E-01 0.73176E+00 0.75881E+00 0.19574E-01 0.19574E-01 -.30801E+00      4737710  21/0.20100E-01
 0.50000E+03 0.32000E-01 0.24704E+00 0.69086E+00 0.54665E-01 0.60871E-01 0.62008E+00 0.64310E+00 0.17530E-01 0.17530E-01 0.87367E+00      4737710  21/0.32000E-01
 0.50000E+03 0.50000E-01 0.15810E+00 0.56712E+00 0.48382E-01 0.52557E-01 0.52875E+00 0.54724E+00 0.13247E-01 0.13247E-01 0.41081E+00      4737710  21/0.50000E-01
 0.50000E+03 0.80000E-01 0.98814E-01 0.45383E+00 0.43589E-01 0.45658E-01 0.44820E+00 0.46414E+00 0.89180E-02 0.89180E-02 -.23642E+00      4737710  21/0.80000E-01
 0.50000E+03 0.13000E+00 0.60809E-01 0.38745E+00 0.43261E-01 0.45335E-01 0.37449E+00 0.38666E+00 0.68917E-02 0.68917E-02 0.18305E-01      4737710  21/0.13000E+00
 0.50000E+03 0.18000E+00 0.43917E-01 0.35110E+00 0.38283E-01 0.41117E-01 0.32382E+00 0.33325E+00 0.65494E-02 0.65494E-02 0.46619E+00      4737710  21/0.18000E+00
 0.50000E+03 0.25000E+00 0.31621E-01 0.23686E+00 0.33634E-01 0.32571E-01 0.26339E+00 0.27436E+00 0.57844E-02 0.57844E-02 -.11149E+01      4737710  21/0.25000E+00
 0.50000E+03 0.40000E+00 0.19763E-01 0.18242E+00 0.26223E-01 0.30318E-01 0.14522E+00 0.15419E+00 0.30987E-02 0.30987E-02 0.10764E+01      4737710  21/0.40000E+00
 0.50000E+03 0.65000E+00 0.12162E-01 0.22579E-01 0.59902E-02 0.63783E-02 0.20550E-01 0.22268E-01 0.47421E-03 0.47421E-03 0.51988E-01      4737710  21/0.65000E+00
 0.65000E+03 0.12100E-01 0.84931E+00 0.50105E+00 0.24828E+00 0.19219E+00 0.83790E+00 0.86191E+00 0.15039E-01 0.15039E-01 -.14534E+01      4737710  22/0.12100E-01
 0.65000E+03 0.13500E-01 0.76124E+00 0.70451E+00 0.21410E+00 0.19927E+00 0.82034E+00 0.84866E+00 0.16858E-01 0.16858E-01 -.67326E+00      4737710  22/0.13500E-01
 0.65000E+03 0.15100E-01 0.68057E+00 0.68769E+00 0.18533E+00 0.17296E+00 0.79844E+00 0.82658E+00 0.18320E-01 0.18320E-01 -.74940E+00      4737710  22/0.15100E-01
 0.65000E+03 0.17100E-01 0.60098E+00 0.70065E+00 0.15652E+00 0.15037E+00 0.77138E+00 0.79993E+00 0.19314E-01 0.19314E-01 -.63427E+00      4737710  22/0.17100E-01
 0.65000E+03 0.19700E-01 0.52166E+00 0.48422E+00 0.13527E+00 0.11016E+00 0.73823E+00 0.76551E+00 0.19846E-01 0.19846E-01 -.20794E+01      4737710  22/0.19700E-01
 0.65000E+03 0.26100E-01 0.39374E+00 0.64016E+00 0.70503E-01 0.71111E-01 0.67079E+00 0.69558E+00 0.19290E-01 0.19290E-01 -.78611E+00      4737710  22/0.26100E-01
 0.65000E+03 0.50000E-01 0.20553E+00 0.46856E+00 0.58129E-01 0.56117E-01 0.53082E+00 0.55040E+00 0.13528E-01 0.13528E-01 -.14080E+01      4737710  22/0.50000E-01
 0.65000E+03 0.80000E-01 0.12846E+00 0.46097E+00 0.51079E-01 0.53388E-01 0.44835E+00 0.46385E+00 0.90469E-02 0.90469E-02 -.56289E-01      4737710  22/0.80000E-01
 0.65000E+03 0.13000E+00 0.79051E-01 0.40376E+00 0.51275E-01 0.54565E-01 0.37294E+00 0.38548E+00 0.68849E-02 0.68849E-02 0.35649E+00      4737710  22/0.13000E+00
 0.65000E+03 0.18000E+00 0.57093E-01 0.33215E+00 0.45319E-01 0.47021E-01 0.32131E+00 0.33125E+00 0.64912E-02 0.64912E-02 0.19787E-01      4737710  22/0.18000E+00
 0.65000E+03 0.25000E+00 0.41107E-01 0.24762E+00 0.38523E-01 0.38235E-01 0.26011E+00 0.27004E+00 0.56991E-02 0.56991E-02 -.58188E+00      4737710  22/0.25000E+00
 0.65000E+03 0.40000E+00 0.25692E-01 0.16918E+00 0.28848E-01 0.32264E-01 0.14188E+00 0.14993E+00 0.30178E-02 0.30178E-02 0.66718E+00      4737710  22/0.40000E+00
 0.65000E+03 0.65000E+00 0.15810E-01 0.25337E-01 0.71278E-02 0.82160E-02 0.19641E-01 0.21289E-01 0.45553E-03 0.45553E-03 0.56787E+00      4737710  22/0.65000E+00
 0.80000E+03 0.14900E-01 0.84887E+00 0.67167E+00 0.23099E+00 0.21436E+00 0.78467E+00 0.81338E+00 0.17725E-01 0.17725E-01 -.61346E+00      4737710  23/0.14900E-01
 0.80000E+03 0.16600E-01 0.76194E+00 0.49282E+00 0.23504E+00 0.18867E+00 0.76683E+00 0.79522E+00 0.18893E-01 0.18893E-01 -.12866E+01      4737710  23/0.16600E-01
 0.80000E+03 0.18500E-01 0.68369E+00 0.68273E+00 0.19238E+00 0.18495E+00 0.74608E+00 0.77381E+00 0.19621E-01 0.19621E-01 -.47343E+00      4737710  23/0.18500E-01
 0.80000E+03 0.21000E-01 0.60230E+00 0.66634E+00 0.16864E+00 0.16332E+00 0.71932E+00 0.74588E+00 0.19962E-01 0.19962E-01 -.47169E+00      4737710  23/0.21000E-01
 0.80000E+03 0.24200E-01 0.52265E+00 0.65095E+00 0.14576E+00 0.14295E+00 0.68761E+00 0.71289E+00 0.19794E-01 0.19794E-01 -.42495E+00      4737710  23/0.24200E-01
 0.80000E+03 0.32200E-01 0.39280E+00 0.49570E+00 0.75287E-01 0.68461E-01 0.62308E+00 0.64627E+00 0.18125E-01 0.18125E-01 -.20000E+01      4737710  23/0.32200E-01
 0.80000E+03 0.50000E-01 0.25296E+00 0.58519E+00 0.66534E-01 0.71726E-01 0.53153E+00 0.55120E+00 0.13735E-01 0.13735E-01 0.51094E+00      4737710  23/0.50000E-01
 0.80000E+03 0.80000E-01 0.15810E+00 0.56182E+00 0.59677E-01 0.68708E-01 0.44800E+00 0.46462E+00 0.91432E-02 0.91432E-02 0.16287E+01      4737710  23/0.80000E-01
 0.80000E+03 0.13000E+00 0.97294E-01 0.29744E+00 0.60401E-01 0.54644E-01 0.37152E+00 0.38420E+00 0.68779E-02 0.68779E-02 -.14364E+01      4737710  23/0.13000E+00
 0.80000E+03 0.18000E+00 0.70268E-01 0.26735E+00 0.54092E-01 0.50038E-01 0.31927E+00 0.32936E+00 0.64459E-02 0.64459E-02 -.11464E+01      4737710  23/0.18000E+00
 0.80000E+03 0.25000E+00 0.50593E-01 0.18681E+00 0.44355E-01 0.38088E-01 0.25756E+00 0.26733E+00 0.56344E-02 0.56344E-02 -.18154E+01      4737710  23/0.25000E+00
 0.80000E+03 0.40000E+00 0.31621E-01 0.17199E+00 0.32417E-01 0.36554E-01 0.13935E+00 0.14706E+00 0.29574E-02 0.29574E-02 0.76909E+00      4737710  23/0.40000E+00
 0.80000E+03 0.65000E+00 0.19459E-01 0.24235E-01 0.83039E-02 0.94921E-02 0.18972E-01 0.20573E-01 0.44170E-03 0.44170E-03 0.44097E+00      4737710  23/0.65000E+00
      720949
 HERA1+2 NCep 460                                                                
Plot1@Experiment:HERA1+2@ExtraLabel:e^{+}p #rightarrow e^{+}X (NC), E_{p} = 460 GeV @XTitle: x @YTitle: #sigma_{red}  @Title:Q^{2} = 1.5 @Xlog
Plot2@Experiment:HERA1+2@ExtraLabel:e^{+}p #rightarrow e^{+}X (NC), E_{p} = 460 GeV @XTitle: x @YTitle: #sigma_{red}  @Title:Q^{2} = 2.0 @Xlog
Plot3@Experiment:HERA1+2@ExtraLabel:e^{+}p #rightarrow e^{+}X (NC), E_{p} = 460 GeV @XTitle: x @YTitle: #sigma_{red}  @Title:Q^{2} = 2.5 @Xlog
Plot4@Experiment:HERA1+2@ExtraLabel:e^{+}p #rightarrow e^{+}X (NC), E_{p} = 460 GeV @XTitle: x @YTitle: #sigma_{red}  @Title:Q^{2} = 3.5 @Xlog
Plot5@Experiment:HERA1+2@ExtraLabel:e^{+}p #rightarrow e^{+}X (NC), E_{p} = 460 GeV @XTitle: x @YTitle: #sigma_{red}  @Title:Q^{2} = 5 @Xlog
Plot6@Experiment:HERA1+2@ExtraLabel:e^{+}p #rightarrow e^{+}X (NC), E_{p} = 460 GeV @XTitle: x @YTitle: #sigma_{red}  @Title:Q^{2} = 6.5 @Xlog
Plot7@Experiment:HERA1+2@ExtraLabel:e^{+}p #rightarrow e^{+}X (NC), E_{p} = 460 GeV @XTitle: x @YTitle: #sigma_{red}  @Title:Q^{2} = 8.5 @Xlog
Plot8@Experiment:HERA1+2@ExtraLabel:e^{+}p #rightarrow e^{+}X (NC), E_{p} = 460 GeV @XTitle: x @YTitle: #sigma_{red}  @Title:Q^{2} = 12  @Xlog
Plot9@Experiment:HERA1+2@ExtraLabel:e^{+}p #rightarrow e^{+}X (NC), E_{p} = 460 GeV @XTitle: x @YTitle: #sigma_{red}  @Title:Q^{2} = 15  @Xlog
Plot10@Experiment:HERA1+2@ExtraLabel:e^{+}p #rightarrow e^{+}X (NC), E_{p} = 460 GeV @XTitle: x @YTitle: #sigma_{red}  @Title:Q^{2} = 20  @Xlog
Plot11@Experiment:HERA1+2@ExtraLabel:e^{+}p #rightarrow e^{+}X (NC), E_{p} = 460 GeV @XTitle: x @YTitle: #sigma_{red}  @Title:Q^{2} = 25  @Xlog
Plot12@Experiment:HERA1+2@ExtraLabel:e^{+}p #rightarrow e^{+}X (NC), E_{p} = 460 GeV @XTitle: x @YTitle: #sigma_{red}  @Title:Q^{2} = 35  @Xlog
Plot13@Experiment:HERA1+2@ExtraLabel:e^{+}p #rightarrow e^{+}X (NC), E_{p} = 460 GeV @XTitle: x @YTitle: #sigma_{red}  @Title:Q^{2} = 45  @Xlog
Plot14@Experiment:HERA1+2@ExtraLabel:e^{+}p #rightarrow e^{+}X (NC), E_{p} = 460 GeV @XTitle: x @YTitle: #sigma_{red}  @Title:Q^{2} = 60  @Xlog
Plot15@Experiment:HERA1+2@ExtraLabel:e^{+}p #rightarrow e^{+}X (NC), E_{p} = 460 GeV @XTitle: x @YTitle: #sigma_{red}  @Title:Q^{2} = 90  @Xlog
Plot16@Experiment:HERA1+2@ExtraLabel:e^{+}p #rightarrow e^{+}X (NC), E_{p} = 460 GeV @XTitle: x @YTitle: #sigma_{red}  @Title:Q^{2} = 120 @Xlog
Plot17@Experiment:HERA1+2@ExtraLabel:e^{+}p #rightarrow e^{+}X (NC), E_{p} = 460 GeV @XTitle: x @YTitle: #sigma_{red}  @Title:Q^{2} = 150 @Xlog
Plot18@Experiment:HERA1+2@ExtraLabel:e^{+}p #rightarrow e^{+}X (NC), E_{p} = 460 GeV @XTitle: x @YTitle: #sigma_{red}  @Title:Q^{2} = 200 @Xlog
Plot19@Experiment:HERA1+2@ExtraLabel:e^{+}p #rightarrow e^{+}X (NC), E_{p} = 460 GeV @XTitle: x @YTitle: #sigma_{red}  @Title:Q^{2} = 250 @Xlog
Plot20@Experiment:HERA1+2@ExtraLabel:e^{+}p #rightarrow e^{+}X (NC), E_{p} = 460 GeV @XTitle: x @YTitle: #sigma_{red}  @Title:Q^{2} = 300 @Xlog
Plot21@Experiment:HERA1+2@ExtraLabel:e^{+}p #rightarrow e^{+}X (NC), E_{p} = 460 GeV @XTitle: x @YTitle: #sigma_{red}  @Title:Q^{2} = 400 @Xlog
Plot22@Experiment:HERA1+2@ExtraLabel:e^{+}p #rightarrow e^{+}X (NC), E_{p} = 460 GeV @XTitle: x @YTitle: #sigma_{red}  @Title:Q^{2} = 500 @Xlog
Plot23@Experiment:HERA1+2@ExtraLabel:e^{+}p #rightarrow e^{+}X (NC), E_{p} = 460 GeV @XTitle: x @YTitle: #sigma_{red}  @Title:Q^{2} = 650 @Xlog
Plot24@Experiment:HERA1+2@ExtraLabel:e^{+}p #rightarrow e^{+}X (NC), E_{p} = 460 GeV @XTitle: x @YTitle: #sigma_{red}  @Title:Q^{2} = 800  @Xlog
 Q2          x           y              data      +- uncor     +- tot     th orig         th mod   therr+         therr-     pull    iset       iplot
 0.35000E+01 0.81200E-04 0.85185E+00 0.81942E+00 0.51669E-01 0.72721E-01 0.91765E+00 0.83550E+00 0.48014E-01 0.48014E-01 -.31118E+00       720949   3/0.81200E-04
 0.35000E+01 0.92100E-04 0.75103E+00 0.83846E+00 0.32473E-01 0.41728E-01 0.91541E+00 0.88158E+00 0.10354E-01 0.10354E-01 -.13280E+01       720949   3/0.92100E-04
 0.35000E+01 0.10620E-03 0.65132E+00 0.87477E+00 0.28677E-01 0.36652E-01 0.90756E+00 0.88430E+00 0.47556E-01 0.47556E-01 -.33231E+00       720949   3/0.10620E-03
 0.35000E+01 0.14090E-03 0.49092E+00 0.80965E+00 0.30343E-01 0.34824E-01 0.88021E+00 0.85849E+00 0.80956E-01 0.80956E-01 -.16096E+01       720949   3/0.14090E-03
 0.50000E+01 0.11600E-03 0.85185E+00 0.98048E+00 0.56869E-01 0.95234E-01 0.99653E+00 0.89984E+00 0.89157E-01 0.89157E-01 0.14180E+01       720949   4/0.11600E-03
 0.50000E+01 0.13150E-03 0.75144E+00 0.93991E+00 0.34268E-01 0.42869E-01 0.99740E+00 0.96411E+00 0.12693E+00 0.12693E+00 -.70624E+00       720949   4/0.13150E-03
 0.50000E+01 0.14300E-03 0.69101E+00 0.10477E+01 0.13915E+00 0.14673E+00 0.99469E+00 0.10146E+01 0.14376E+00 0.14376E+00 0.23807E+00       720949   4/0.14300E-03
 0.50000E+01 0.15170E-03 0.65138E+00 0.98382E+00 0.27252E-01 0.33371E-01 0.99138E+00 0.97561E+00 0.15138E+00 0.15138E+00 0.30128E+00       720949   4/0.15170E-03
 0.50000E+01 0.20130E-03 0.49088E+00 0.91968E+00 0.21055E-01 0.25987E-01 0.96376E+00 0.95100E+00 0.16177E+00 0.16177E+00 -.14876E+01       720949   4/0.20130E-03
 0.65000E+01 0.15090E-03 0.85128E+00 0.10698E+01 0.61313E-01 0.10072E+00 0.10522E+01 0.95176E+00 0.15495E+00 0.15495E+00 0.19252E+01       720949   5/0.15090E-03
 0.65000E+01 0.17100E-03 0.75122E+00 0.10118E+01 0.33644E-01 0.44158E-01 0.10554E+01 0.10236E+01 0.18227E+00 0.18227E+00 -.35095E+00       720949   5/0.17100E-03
 0.65000E+01 0.18300E-03 0.70196E+00 0.10429E+01 0.10557E+00 0.11128E+00 0.10543E+01 0.10419E+01 0.19177E+00 0.19177E+00 0.92816E-02       720949   5/0.18300E-03
 0.65000E+01 0.19730E-03 0.65108E+00 0.10259E+01 0.28132E-01 0.33301E-01 0.10506E+01 0.10379E+01 0.19738E+00 0.19738E+00 -.42814E+00       720949   5/0.19730E-03
 0.65000E+01 0.22800E-03 0.56341E+00 0.10672E+01 0.10502E+00 0.10946E+00 0.10385E+01 0.10394E+01 0.20014E+00 0.20014E+00 0.26462E+00       720949   5/0.22800E-03
 0.65000E+01 0.26170E-03 0.49086E+00 0.10086E+01 0.20280E-01 0.26454E-01 0.10222E+01 0.10110E+01 0.19505E+00 0.19505E+00 -.11752E+00       720949   5/0.26170E-03
 0.65000E+01 0.33000E-03 0.38927E+00 0.99041E+00 0.11279E+00 0.11423E+00 0.98830E+00 0.99578E+00 0.17665E+00 0.17665E+00 -.47621E-01       720949   5/0.33000E-03
 0.65000E+01 0.41360E-03 0.31059E+00 0.96883E+00 0.20714E-01 0.26685E-01 0.95110E+00 0.95674E+00 0.15393E+00 0.15393E+00 0.58371E+00       720949   5/0.41360E-03
 0.85000E+01 0.19730E-03 0.85142E+00 0.10107E+01 0.65557E-01 0.10882E+00 0.11044E+01 0.98146E+00 0.19744E+00 0.19744E+00 0.44599E+00       720949   6/0.19730E-03
 0.85000E+01 0.22360E-03 0.75127E+00 0.10637E+01 0.33843E-01 0.44710E-01 0.11099E+01 0.10894E+01 0.21696E+00 0.21696E+00 -.75796E+00       720949   6/0.22360E-03
 0.85000E+01 0.24000E-03 0.69993E+00 0.11947E+01 0.59117E-01 0.72729E-01 0.11092E+01 0.11099E+01 0.22185E+00 0.22185E+00 0.14351E+01       720949   6/0.24000E-03
 0.85000E+01 0.25800E-03 0.65110E+00 0.11188E+01 0.27374E-01 0.37442E-01 0.11060E+01 0.10977E+01 0.22413E+00 0.22413E+00 0.77131E+00       720949   6/0.25800E-03
 0.85000E+01 0.29900E-03 0.56182E+00 0.11882E+01 0.62805E-01 0.70538E-01 0.10932E+01 0.11053E+01 0.22034E+00 0.22034E+00 0.13207E+01       720949   6/0.29900E-03
 0.85000E+01 0.34220E-03 0.49089E+00 0.10570E+01 0.20590E-01 0.27390E-01 0.10759E+01 0.10652E+01 0.21062E+00 0.21062E+00 -.39911E+00       720949   6/0.34220E-03
 0.85000E+01 0.43300E-03 0.38795E+00 0.11513E+01 0.79751E-01 0.88973E-01 0.10382E+01 0.10478E+01 0.18617E+00 0.18617E+00 0.12979E+01       720949   6/0.43300E-03
 0.85000E+01 0.54090E-03 0.31056E+00 0.10201E+01 0.19566E-01 0.25586E-01 0.99797E+00 0.10046E+01 0.16055E+00 0.16055E+00 0.79334E+00       720949   6/0.54090E-03
 0.85000E+01 0.83840E-03 0.20036E+00 0.94303E+00 0.18660E-01 0.24577E-01 0.91575E+00 0.92125E+00 0.11218E+00 0.11218E+00 0.11670E+01       720949   6/0.83840E-03
 0.85000E+01 0.13970E-02 0.12025E+00 0.86446E+00 0.18153E-01 0.24071E-01 0.82388E+00 0.82786E+00 0.66868E-01 0.66868E-01 0.20162E+01       720949   6/0.13970E-02
 0.12000E+02 0.27850E-03 0.85154E+00 0.11616E+01 0.64230E-01 0.95528E-01 0.11620E+01 0.10725E+01 0.22407E+00 0.22407E+00 0.13874E+01       720949   7/0.27850E-03
 0.12000E+02 0.31560E-03 0.75144E+00 0.11775E+01 0.33275E-01 0.46389E-01 0.11692E+01 0.11446E+01 0.23340E+00 0.23340E+00 0.98989E+00       720949   7/0.31560E-03
 0.12000E+02 0.34300E-03 0.69141E+00 0.11660E+01 0.49972E-01 0.58847E-01 0.11685E+01 0.11712E+01 0.23460E+00 0.23460E+00 -.10364E+00       720949   7/0.34300E-03
 0.12000E+02 0.36420E-03 0.65116E+00 0.11273E+01 0.27844E-01 0.35345E-01 0.11655E+01 0.11595E+01 0.23263E+00 0.23263E+00 -.11581E+01       720949   7/0.36420E-03
 0.12000E+02 0.42300E-03 0.56065E+00 0.12347E+01 0.38752E-01 0.50021E-01 0.11512E+01 0.11658E+01 0.22287E+00 0.22287E+00 0.17785E+01       720949   7/0.42300E-03
 0.12000E+02 0.48310E-03 0.49090E+00 0.11199E+01 0.20272E-01 0.28240E-01 0.11321E+01 0.11291E+01 0.20939E+00 0.20939E+00 -.45191E+00       720949   7/0.48310E-03
 0.12000E+02 0.59200E-03 0.40060E+00 0.11422E+01 0.47767E-01 0.53589E-01 0.10961E+01 0.11017E+01 0.18510E+00 0.18510E+00 0.84799E+00       720949   7/0.59200E-03
 0.12000E+02 0.76360E-03 0.31057E+00 0.10325E+01 0.19387E-01 0.25768E-01 0.10446E+01 0.10504E+01 0.15290E+00 0.15290E+00 -.92101E+00       720949   7/0.76360E-03
 0.12000E+02 0.11840E-02 0.20030E+00 0.97922E+00 0.18377E-01 0.24597E-01 0.95228E+00 0.95771E+00 0.10256E+00 0.10256E+00 0.11702E+01       720949   7/0.11840E-02
 0.12000E+02 0.19730E-02 0.12020E+00 0.87972E+00 0.17131E-01 0.23903E-01 0.84990E+00 0.85266E+00 0.57604E-01 0.57604E-01 0.15797E+01       720949   7/0.19730E-02
 0.15000E+02 0.34810E-03 0.85160E+00 0.12427E+01 0.67445E-01 0.88095E-01 0.11921E+01 0.11283E+01 0.22759E+00 0.22759E+00 0.16959E+01       720949   8/0.34810E-03
 0.15000E+02 0.39450E-03 0.75144E+00 0.11382E+01 0.32983E-01 0.39662E-01 0.11999E+01 0.11783E+01 0.23240E+00 0.23240E+00 -.12153E+01       720949   8/0.39450E-03
 0.15000E+02 0.42200E-03 0.70247E+00 0.11906E+01 0.40691E-01 0.47931E-01 0.11994E+01 0.12024E+01 0.23052E+00 0.23052E+00 -.29033E+00       720949   8/0.42200E-03
 0.15000E+02 0.45520E-03 0.65124E+00 0.11743E+01 0.26652E-01 0.35309E-01 0.11959E+01 0.11886E+01 0.22773E+00 0.22773E+00 -.53661E+00       720949   8/0.45520E-03
 0.15000E+02 0.52900E-03 0.56038E+00 0.12540E+01 0.27923E-01 0.38997E-01 0.11804E+01 0.11901E+01 0.21520E+00 0.21520E+00 0.22875E+01       720949   8/0.52900E-03
 0.15000E+02 0.60390E-03 0.49088E+00 0.11704E+01 0.18211E-01 0.28085E-01 0.11599E+01 0.11586E+01 0.20036E+00 0.20036E+00 0.64524E+00       720949   8/0.60390E-03
 0.15000E+02 0.76300E-03 0.38852E+00 0.11680E+01 0.29716E-01 0.38641E-01 0.11145E+01 0.11222E+01 0.17015E+00 0.17015E+00 0.15424E+01       720949   8/0.76300E-03
 0.15000E+02 0.95450E-03 0.31057E+00 0.10831E+01 0.18023E-01 0.26380E-01 0.10659E+01 0.10714E+01 0.14203E+00 0.14203E+00 0.65191E+00       720949   8/0.95450E-03
 0.15000E+02 0.14790E-02 0.20043E+00 0.94294E+00 0.17426E-01 0.23363E-01 0.96753E+00 0.97249E+00 0.92414E-01 0.92414E-01 -.16955E+01       720949   8/0.14790E-02
 0.15000E+02 0.24660E-02 0.12021E+00 0.85624E+00 0.16224E-01 0.23129E-01 0.85831E+00 0.85886E+00 0.48651E-01 0.48651E-01 -.16121E+00       720949   8/0.24660E-02
 0.20000E+02 0.46420E-03 0.85148E+00 0.10297E+01 0.78308E-01 0.86428E-01 0.12216E+01 0.11418E+01 0.21977E+00 0.21977E+00 -.14320E+01       720949   9/0.46420E-03
 0.20000E+02 0.52610E-03 0.75130E+00 0.12138E+01 0.44770E-01 0.51282E-01 0.12293E+01 0.12029E+01 0.21939E+00 0.21939E+00 0.24320E+00       720949   9/0.52610E-03
 0.20000E+02 0.60700E-03 0.65116E+00 0.11796E+01 0.37625E-01 0.41178E-01 0.12242E+01 0.12110E+01 0.21110E+00 0.21110E+00 -.83509E+00       720949   9/0.60700E-03
 0.20000E+02 0.80520E-03 0.49088E+00 0.11713E+01 0.25203E-01 0.32673E-01 0.11842E+01 0.11776E+01 0.18060E+00 0.18060E+00 -.24911E+00       720949   9/0.80520E-03
 0.20000E+02 0.12730E-02 0.31049E+00 0.10893E+01 0.22676E-01 0.29228E-01 0.10819E+01 0.10893E+01 0.12250E+00 0.12250E+00 -.56726E-03       720949   9/0.12730E-02
 0.20000E+02 0.19730E-02 0.20033E+00 0.98618E+00 0.20651E-01 0.26346E-01 0.97607E+00 0.98324E+00 0.75704E-01 0.75704E-01 0.14231E+00       720949   9/0.19730E-02
 0.20000E+02 0.32880E-02 0.12021E+00 0.87679E+00 0.18880E-01 0.24629E-01 0.85980E+00 0.86568E+00 0.36144E-01 0.36144E-01 0.58822E+00       720949   9/0.32880E-02
 0.25000E+02 0.61650E-03 0.80141E+00 0.12106E+01 0.46947E-01 0.51787E-01 0.12394E+01 0.12155E+01 0.20597E+00 0.20597E+00 -.10441E+00       720949  10/0.61650E-03
 0.25000E+02 0.65700E-03 0.75201E+00 0.12095E+01 0.48949E-01 0.54021E-01 0.12413E+01 0.12276E+01 0.20277E+00 0.20277E+00 -.37076E+00       720949  10/0.65700E-03
 0.25000E+02 0.70000E-03 0.70582E+00 0.12513E+01 0.40164E-01 0.45894E-01 0.12407E+01 0.12431E+01 0.19960E+00 0.19960E+00 0.20484E+00       720949  10/0.70000E-03
 0.25000E+02 0.75870E-03 0.65121E+00 0.12230E+01 0.25617E-01 0.32195E-01 0.12352E+01 0.12354E+01 0.19230E+00 0.19230E+00 -.48360E+00       720949  10/0.75870E-03
 0.25000E+02 0.88000E-03 0.56144E+00 0.12374E+01 0.27704E-01 0.35466E-01 0.12166E+01 0.12252E+01 0.17686E+00 0.17686E+00 0.43893E+00       720949  10/0.88000E-03
 0.25000E+02 0.10070E-02 0.49064E+00 0.11879E+01 0.17581E-01 0.27020E-01 0.11920E+01 0.11924E+01 0.16053E+00 0.16053E+00 -.25623E+00       720949  10/0.10070E-02
 0.25000E+02 0.12700E-02 0.38903E+00 0.11461E+01 0.20885E-01 0.29970E-01 0.11405E+01 0.11486E+01 0.13235E+00 0.13235E+00 -.12017E+00       720949  10/0.12700E-02
 0.25000E+02 0.15910E-02 0.31054E+00 0.10781E+01 0.15434E-01 0.24229E-01 0.10843E+01 0.10876E+01 0.10512E+00 0.10512E+00 -.61783E+00       720949  10/0.15910E-02
 0.25000E+02 0.24660E-02 0.20035E+00 0.98870E+00 0.15224E-01 0.23259E-01 0.97353E+00 0.97686E+00 0.61583E-01 0.61583E-01 0.77795E+00       720949  10/0.24660E-02
 0.25000E+02 0.41100E-02 0.12021E+00 0.85212E+00 0.14003E-01 0.20710E-01 0.85324E+00 0.85045E+00 0.26510E-01 0.26510E-01 0.11918E+00       720949  10/0.41100E-02
 0.35000E+02 0.81230E-03 0.85153E+00 0.13358E+01 0.74582E-01 0.91866E-01 0.12449E+01 0.12254E+01 0.17912E+00 0.17912E+00 0.14797E+01       720949  11/0.81230E-03
 0.35000E+02 0.92060E-03 0.75136E+00 0.12102E+01 0.39570E-01 0.45836E-01 0.12502E+01 0.12277E+01 0.17280E+00 0.17280E+00 -.44175E+00       720949  11/0.92060E-03
 0.35000E+02 0.10000E-02 0.69170E+00 0.13627E+01 0.41411E-01 0.47780E-01 0.12465E+01 0.12516E+01 0.16575E+00 0.16575E+00 0.26836E+01       720949  11/0.10000E-02
 0.35000E+02 0.10620E-02 0.65132E+00 0.12367E+01 0.27816E-01 0.33717E-01 0.12413E+01 0.12387E+01 0.16058E+00 0.16058E+00 -.73265E-01       720949  11/0.10620E-02
 0.35000E+02 0.12300E-02 0.56236E+00 0.12222E+01 0.29095E-01 0.34060E-01 0.12198E+01 0.12242E+01 0.14489E+00 0.14489E+00 -.67747E-01       720949  11/0.12300E-02
 0.35000E+02 0.14090E-02 0.49092E+00 0.12185E+01 0.17918E-01 0.26524E-01 0.11924E+01 0.11927E+01 0.12916E+00 0.12916E+00 0.14400E+01       720949  11/0.14090E-02
 0.35000E+02 0.18000E-02 0.38428E+00 0.11433E+01 0.21940E-01 0.28725E-01 0.11324E+01 0.11393E+01 0.10065E+00 0.10065E+00 0.18202E+00       720949  11/0.18000E-02
 0.35000E+02 0.22270E-02 0.31060E+00 0.10656E+01 0.13871E-01 0.21964E-01 0.10761E+01 0.10819E+01 0.78541E-01 0.78541E-01 -.11738E+01       720949  11/0.22270E-02
 0.35000E+02 0.31000E-02 0.22313E+00 0.98448E+00 0.20084E-01 0.26090E-01 0.98730E+00 0.98355E+00 0.49152E-01 0.49152E-01 0.46228E-01       720949  11/0.31000E-02
 0.35000E+02 0.34520E-02 0.20038E+00 0.97699E+00 0.22093E-01 0.28162E-01 0.95911E+00 0.96810E+00 0.41170E-01 0.41170E-01 0.40220E+00       720949  11/0.34520E-02
 0.35000E+02 0.57540E-02 0.12021E+00 0.83266E+00 0.12653E-01 0.19893E-01 0.83322E+00 0.82891E+00 0.12821E-01 0.12821E-01 0.29603E+00       720949  11/0.57540E-02
 0.45000E+02 0.10440E-02 0.85185E+00 0.11690E+01 0.70754E-01 0.77478E-01 0.12416E+01 0.12256E+01 0.15532E+00 0.15532E+00 -.80051E+00       720949  12/0.10440E-02
 0.45000E+02 0.11840E-02 0.75112E+00 0.12051E+01 0.45363E-01 0.47955E-01 0.12445E+01 0.12405E+01 0.14704E+00 0.14704E+00 -.78057E+00       720949  12/0.11840E-02
 0.45000E+02 0.12700E-02 0.70026E+00 0.12808E+01 0.47968E-01 0.51827E-01 0.12409E+01 0.12402E+01 0.14159E+00 0.14159E+00 0.84540E+00       720949  12/0.12700E-02
 0.45000E+02 0.13660E-02 0.65105E+00 0.12430E+01 0.31568E-01 0.35635E-01 0.12330E+01 0.12340E+01 0.13423E+00 0.13423E+00 0.28537E+00       720949  12/0.13660E-02
 0.45000E+02 0.15850E-02 0.56109E+00 0.12574E+01 0.30742E-01 0.35576E-01 0.12089E+01 0.12186E+01 0.11881E+00 0.11881E+00 0.12629E+01       720949  12/0.15850E-02
 0.45000E+02 0.18120E-02 0.49080E+00 0.11579E+01 0.19188E-01 0.25162E-01 0.11798E+01 0.11807E+01 0.10416E+00 0.10416E+00 -.11875E+01       720949  12/0.18120E-02
 0.45000E+02 0.22900E-02 0.38835E+00 0.10938E+01 0.21863E-01 0.26295E-01 0.11204E+01 0.11254E+01 0.80093E-01 0.80093E-01 -.14458E+01       720949  12/0.22900E-02
 0.45000E+02 0.28640E-02 0.31052E+00 0.10848E+01 0.14312E-01 0.21430E-01 0.10584E+01 0.10633E+01 0.58813E-01 0.58813E-01 0.14999E+01       720949  12/0.28640E-02
 0.45000E+02 0.44390E-02 0.20034E+00 0.92948E+00 0.14396E-01 0.19968E-01 0.93819E+00 0.93988E+00 0.26819E-01 0.26819E-01 -.72273E+00       720949  12/0.44390E-02
 0.45000E+02 0.73980E-02 0.12021E+00 0.80197E+00 0.11400E-01 0.17747E-01 0.81062E+00 0.80461E+00 0.58072E-02 0.58072E-02 -.23194E+00       720949  12/0.73980E-02
 0.60000E+02 0.13920E-02 0.85185E+00 0.11852E+01 0.70678E-01 0.75768E-01 0.12256E+01 0.12153E+01 0.12629E+00 0.12629E+00 -.42553E+00       720949  13/0.13920E-02
 0.60000E+02 0.15780E-02 0.75144E+00 0.11418E+01 0.41326E-01 0.43705E-01 0.12254E+01 0.12199E+01 0.11707E+00 0.11707E+00 -.18908E+01       720949  13/0.15780E-02
 0.60000E+02 0.17100E-02 0.69343E+00 0.12549E+01 0.55314E-01 0.58737E-01 0.12196E+01 0.12234E+01 0.11087E+00 0.11087E+00 0.57012E+00       720949  13/0.17100E-02
 0.60000E+02 0.18210E-02 0.65116E+00 0.11897E+01 0.55650E-01 0.56985E-01 0.12112E+01 0.12118E+01 0.10451E+00 0.10451E+00 -.39661E+00       720949  13/0.18210E-02
 0.60000E+02 0.21100E-02 0.56198E+00 0.12092E+01 0.36383E-01 0.39778E-01 0.11847E+01 0.11920E+01 0.90301E-01 0.90301E-01 0.47219E+00       720949  13/0.21100E-02
 0.60000E+02 0.24160E-02 0.49080E+00 0.11840E+01 0.21811E-01 0.27545E-01 0.11535E+01 0.11529E+01 0.77178E-01 0.77178E-01 0.14277E+01       720949  13/0.24160E-02
 0.60000E+02 0.30500E-02 0.38878E+00 0.10973E+01 0.25818E-01 0.29359E-01 0.10918E+01 0.10982E+01 0.56361E-01 0.56361E-01 -.33775E-01       720949  13/0.30500E-02
 0.60000E+02 0.38180E-02 0.31057E+00 0.10209E+01 0.15662E-01 0.20858E-01 0.10276E+01 0.10332E+01 0.38261E-01 0.38261E-01 -.78367E+00       720949  13/0.38180E-02
 0.60000E+02 0.59180E-02 0.20037E+00 0.89388E+00 0.14575E-01 0.18841E-01 0.90534E+00 0.90726E+00 0.13063E-01 0.13063E-01 -.91784E+00       720949  13/0.59180E-02
 0.60000E+02 0.98640E-02 0.12021E+00 0.75760E+00 0.11239E-01 0.16274E-01 0.77717E+00 0.76973E+00 0.73304E-02 0.73304E-02 -.10796E+01       720949  13/0.98640E-02
 0.90000E+02 0.20890E-02 0.85144E+00 0.12617E+01 0.73068E-01 0.81913E-01 0.11827E+01 0.11739E+01 0.86592E-01 0.86592E-01 0.12017E+01       720949  14/0.20890E-02
 0.90000E+02 0.23670E-02 0.75144E+00 0.12064E+01 0.42669E-01 0.46980E-01 0.11785E+01 0.11810E+01 0.77819E-01 0.77819E-01 0.59489E+00       720949  14/0.23670E-02
 0.90000E+02 0.25000E-02 0.71146E+00 0.10779E+01 0.63325E-01 0.61759E-01 0.11729E+01 0.11849E+01 0.73449E-01 0.73449E-01 -.16903E+01       720949  14/0.25000E-02
 0.90000E+02 0.27310E-02 0.65128E+00 0.11486E+01 0.36044E-01 0.39332E-01 0.11602E+01 0.11672E+01 0.66411E-01 0.66411E-01 -.51604E+00       720949  14/0.27310E-02
 0.90000E+02 0.31700E-02 0.56109E+00 0.10940E+01 0.40920E-01 0.42380E-01 0.11303E+01 0.11375E+01 0.54286E-01 0.54286E-01 -.10637E+01       720949  14/0.31700E-02
 0.90000E+02 0.36230E-02 0.49093E+00 0.11058E+01 0.26929E-01 0.30323E-01 0.10974E+01 0.11005E+01 0.43912E-01 0.43912E-01 0.19561E+00       720949  14/0.36230E-02
 0.90000E+02 0.46000E-02 0.38666E+00 0.10207E+01 0.27057E-01 0.29577E-01 0.10313E+01 0.10330E+01 0.27233E-01 0.27233E-01 -.45632E+00       720949  14/0.46000E-02
 0.90000E+02 0.57270E-02 0.31057E+00 0.95683E+00 0.16594E-01 0.20364E-01 0.96813E+00 0.97156E+00 0.15267E-01 0.15267E-01 -.88756E+00       720949  14/0.57270E-02
 0.90000E+02 0.80000E-02 0.22233E+00 0.90591E+00 0.19516E-01 0.23169E-01 0.87399E+00 0.86946E+00 0.55594E-02 0.55594E-02 0.18678E+01       720949  14/0.80000E-02
 0.90000E+02 0.88770E-02 0.20037E+00 0.83577E+00 0.22400E-01 0.26079E-01 0.84624E+00 0.85234E+00 0.63194E-02 0.63194E-02 -.73972E+00       720949  14/0.88770E-02
 0.90000E+02 0.13600E-01 0.13078E+00 0.71227E+00 0.14360E-01 0.17781E-01 0.73923E+00 0.72959E+00 0.12947E-01 0.12947E-01 -.12065E+01       720949  14/0.13600E-01
 0.90000E+02 0.14800E-01 0.12018E+00 0.71746E+00 0.20370E-01 0.23509E-01 0.71983E+00 0.72511E+00 0.13755E-01 0.13755E-01 -.37579E+00       720949  14/0.14800E-01
 0.12000E+03 0.28000E-02 0.84698E+00 0.12458E+01 0.78570E-01 0.87863E-01 0.11395E+01 0.11318E+01 0.60781E-01 0.60781E-01 0.14506E+01       720949  15/0.28000E-02
 0.12000E+03 0.32000E-02 0.74111E+00 0.10539E+01 0.51679E-01 0.52162E-01 0.11307E+01 0.11341E+01 0.51878E-01 0.51878E-01 -.15523E+01       720949  15/0.32000E-02
 0.12000E+03 0.34000E-02 0.69751E+00 0.11854E+01 0.70986E-01 0.75135E-01 0.11228E+01 0.11342E+01 0.47723E-01 0.47723E-01 0.72176E+00       720949  15/0.34000E-02
 0.12000E+03 0.36000E-02 0.65876E+00 0.10959E+01 0.40970E-01 0.43369E-01 0.11135E+01 0.11189E+01 0.43684E-01 0.43684E-01 -.56259E+00       720949  15/0.36000E-02
 0.12000E+03 0.42000E-02 0.56465E+00 0.10438E+01 0.43830E-01 0.44880E-01 0.10812E+01 0.10894E+01 0.33191E-01 0.33191E-01 -.10411E+01       720949  15/0.42000E-02
 0.12000E+03 0.48000E-02 0.49407E+00 0.10287E+01 0.33510E-01 0.38003E-01 0.10476E+01 0.10539E+01 0.24803E-01 0.24803E-01 -.75137E+00       720949  15/0.48000E-02
 0.12000E+03 0.50000E-02 0.47431E+00 0.10977E+01 0.37447E-01 0.41076E-01 0.10365E+01 0.10434E+01 0.22343E-01 0.22343E-01 0.14497E+01       720949  15/0.50000E-02
 0.12000E+03 0.59000E-02 0.40196E+00 0.99268E+00 0.30480E-01 0.32836E-01 0.99030E+00 0.99139E+00 0.13797E-01 0.13797E-01 0.42177E-01       720949  15/0.59000E-02
 0.12000E+03 0.76000E-02 0.31205E+00 0.89439E+00 0.23598E-01 0.25812E-01 0.91801E+00 0.91572E+00 0.60023E-02 0.60023E-02 -.90381E+00       720949  15/0.76000E-02
 0.12000E+03 0.11000E-01 0.21559E+00 0.81789E+00 0.19926E-01 0.22997E-01 0.81551E+00 0.80866E+00 0.10804E-01 0.10804E-01 0.46329E+00       720949  15/0.11000E-01
 0.12000E+03 0.18000E-01 0.13175E+00 0.67065E+00 0.16097E-01 0.19269E-01 0.69507E+00 0.68377E+00 0.15760E-01 0.15760E-01 -.81495E+00       720949  15/0.18000E-01
 0.15000E+03 0.35000E-02 0.84698E+00 0.12266E+01 0.87612E-01 0.98620E-01 0.11004E+01 0.10914E+01 0.43581E-01 0.43581E-01 0.15437E+01       720949  16/0.35000E-02
 0.15000E+03 0.39000E-02 0.76011E+00 0.10170E+01 0.64285E-01 0.64104E-01 0.10919E+01 0.10949E+01 0.36887E-01 0.36887E-01 -.12110E+01       720949  16/0.39000E-02
 0.15000E+03 0.45000E-02 0.65876E+00 0.10012E+01 0.55863E-01 0.56424E-01 0.10700E+01 0.10765E+01 0.28137E-01 0.28137E-01 -.13485E+01       720949  16/0.45000E-02
 0.15000E+03 0.60000E-02 0.49407E+00 0.10482E+01 0.31740E-01 0.37650E-01 0.10027E+01 0.10091E+01 0.12903E-01 0.12903E-01 0.12312E+01       720949  16/0.60000E-02
 0.15000E+03 0.80000E-02 0.37055E+00 0.96366E+00 0.27367E-01 0.33409E-01 0.92269E+00 0.92879E+00 0.60091E-02 0.60091E-02 0.12740E+01       720949  16/0.80000E-02
 0.15000E+03 0.13000E-01 0.22803E+00 0.82278E+00 0.29274E-01 0.33653E-01 0.78869E+00 0.79431E+00 0.13878E-01 0.13878E-01 0.97265E+00       720949  16/0.13000E-01
 0.15000E+03 0.20000E-01 0.14822E+00 0.68984E+00 0.34300E-01 0.37141E-01 0.68392E+00 0.68901E+00 0.16618E-01 0.16618E-01 0.24149E-01       720949  16/0.20000E-01
 0.20000E+03 0.46000E-02 0.85925E+00 0.11165E+01 0.10148E+00 0.11014E+00 0.10441E+01 0.10340E+01 0.25290E-01 0.25290E-01 0.81340E+00       720949  17/0.46000E-02
 0.20000E+03 0.52000E-02 0.76011E+00 0.10113E+01 0.81537E-01 0.82790E-01 0.10322E+01 0.10329E+01 0.18969E-01 0.18969E-01 -.26439E+00       720949  17/0.52000E-02
 0.20000E+03 0.61000E-02 0.64796E+00 0.98944E+00 0.67855E-01 0.69468E-01 0.10051E+01 0.10116E+01 0.11743E-01 0.11743E-01 -.32704E+00       720949  17/0.61000E-02
 0.20000E+03 0.80000E-02 0.49407E+00 0.94718E+00 0.35970E-01 0.39882E-01 0.94006E+00 0.94614E+00 0.62441E-02 0.62441E-02 0.28943E-01       720949  17/0.80000E-02
 0.20000E+03 0.13000E-01 0.30404E+00 0.83133E+00 0.27026E-01 0.31462E-01 0.80720E+00 0.81290E+00 0.14648E-01 0.14648E-01 0.68181E+00       720949  17/0.13000E-01
 0.20000E+03 0.20000E-01 0.19763E+00 0.63813E+00 0.26505E-01 0.27737E-01 0.69817E+00 0.70306E+00 0.17401E-01 0.17401E-01 -.24498E+01       720949  17/0.20000E-01
 0.20000E+03 0.32000E-01 0.12352E+00 0.52289E+00 0.23113E-01 0.23556E-01 0.59622E+00 0.59981E+00 0.15771E-01 0.15771E-01 -.33282E+01       720949  17/0.32000E-01
 0.20000E+03 0.50000E-01 0.79051E-01 0.52264E+00 0.22356E-01 0.24293E-01 0.51582E+00 0.51870E+00 0.12078E-01 0.12078E-01 0.17623E+00       720949  17/0.50000E-01
 0.20000E+03 0.80000E-01 0.49407E-01 0.45167E+00 0.22143E-01 0.23859E-01 0.44479E+00 0.44677E+00 0.83774E-02 0.83774E-02 0.22110E+00       720949  17/0.80000E-01
 0.20000E+03 0.13000E+00 0.30404E-01 0.35199E+00 0.20043E-01 0.20316E-01 0.37889E+00 0.37929E+00 0.69058E-02 0.69058E-02 -.13623E+01       720949  17/0.13000E+00
 0.20000E+03 0.18000E+00 0.21959E-01 0.31895E+00 0.20420E-01 0.21005E-01 0.33246E+00 0.33745E+00 0.67715E-02 0.67715E-02 -.90586E+00       720949  17/0.18000E+00
 0.20000E+03 0.40000E+00 0.98814E-02 0.17759E+00 0.15180E-01 0.17428E-01 0.15840E+00 0.16576E+00 0.34252E-02 0.34252E-02 0.77917E+00       720949  17/0.40000E+00
 0.25000E+03 0.58000E-02 0.85185E+00 0.10499E+01 0.10943E+00 0.11691E+00 0.99498E+00 0.98445E+00 0.12941E-01 0.12941E-01 0.59813E+00       720949  18/0.58000E-02
 0.25000E+03 0.66000E-02 0.74859E+00 0.10288E+01 0.90897E-01 0.95405E-01 0.98004E+00 0.97883E+00 0.83871E-02 0.83871E-02 0.54980E+00       720949  18/0.66000E-02
 0.25000E+03 0.76000E-02 0.65009E+00 0.93833E+00 0.75735E-01 0.76720E-01 0.95455E+00 0.96057E+00 0.61058E-02 0.61058E-02 -.29367E+00       720949  18/0.76000E-02
 0.25000E+03 0.10000E-01 0.49407E+00 0.87409E+00 0.38097E-01 0.40781E-01 0.88907E+00 0.89510E+00 0.10477E-01 0.10477E-01 -.55144E+00       720949  18/0.10000E-01
 0.25000E+03 0.13000E-01 0.38005E+00 0.81769E+00 0.32251E-01 0.35342E-01 0.81868E+00 0.82459E+00 0.15187E-01 0.15187E-01 -.21409E+00       720949  18/0.13000E-01
 0.25000E+03 0.20000E-01 0.24704E+00 0.67007E+00 0.27448E-01 0.29348E-01 0.70801E+00 0.71316E+00 0.17972E-01 0.17972E-01 -.15699E+01       720949  18/0.20000E-01
 0.25000E+03 0.32000E-01 0.15440E+00 0.57910E+00 0.25291E-01 0.27024E-01 0.60275E+00 0.60611E+00 0.16230E-01 0.16230E-01 -.10681E+01       720949  18/0.32000E-01
 0.25000E+03 0.50000E-01 0.98814E-01 0.49947E+00 0.22145E-01 0.23564E-01 0.51941E+00 0.52184E+00 0.12387E-01 0.12387E-01 -.10104E+01       720949  18/0.50000E-01
 0.25000E+03 0.80000E-01 0.61759E-01 0.44149E+00 0.20435E-01 0.21953E-01 0.44583E+00 0.44745E+00 0.85226E-02 0.85226E-02 -.29159E+00       720949  18/0.80000E-01
 0.25000E+03 0.13000E+00 0.38005E-01 0.37144E+00 0.17307E-01 0.18455E-01 0.37788E+00 0.37802E+00 0.69030E-02 0.69030E-02 -.38032E+00       720949  18/0.13000E+00
 0.25000E+03 0.18000E+00 0.27448E-01 0.36092E+00 0.16880E-01 0.19181E-01 0.33032E+00 0.33350E+00 0.67137E-02 0.67137E-02 0.16243E+01       720949  18/0.18000E+00
 0.25000E+03 0.40000E+00 0.12352E-01 0.17969E+00 0.13070E-01 0.15964E-01 0.15496E+00 0.16233E+00 0.33388E-02 0.33388E-02 0.13279E+01       720949  18/0.40000E+00
 0.30000E+03 0.69000E-02 0.85925E+00 0.87240E+00 0.12339E+00 0.12161E+00 0.95481E+00 0.94209E+00 0.69300E-02 0.69300E-02 -.56477E+00       720949  19/0.69000E-02
 0.30000E+03 0.79000E-02 0.75049E+00 0.82271E+00 0.97713E-01 0.92500E-01 0.93775E+00 0.93788E+00 0.62326E-02 0.62326E-02 -.11786E+01       720949  19/0.79000E-02
 0.30000E+03 0.91000E-02 0.65152E+00 0.83525E+00 0.85380E-01 0.82853E-01 0.91185E+00 0.91774E+00 0.86712E-02 0.86712E-02 -.96617E+00       720949  19/0.91000E-02
 0.30000E+03 0.12100E-01 0.48999E+00 0.89474E+00 0.41697E-01 0.45843E-01 0.84351E+00 0.84964E+00 0.14510E-01 0.14510E-01 0.10816E+01       720949  19/0.12100E-01
 0.30000E+03 0.20000E-01 0.29644E+00 0.71886E+00 0.31240E-01 0.33864E-01 0.71496E+00 0.72028E+00 0.18402E-01 0.18402E-01 -.45315E-01       720949  19/0.20000E-01
 0.30000E+03 0.32000E-01 0.18528E+00 0.61968E+00 0.28397E-01 0.30722E-01 0.60759E+00 0.61160E+00 0.16584E-01 0.16584E-01 0.28450E+00       720949  19/0.32000E-01
 0.30000E+03 0.50000E-01 0.11858E+00 0.51861E+00 0.25310E-01 0.26976E-01 0.52206E+00 0.52498E+00 0.12626E-01 0.12626E-01 -.25152E+00       720949  19/0.50000E-01
 0.30000E+03 0.80000E-01 0.74111E-01 0.45827E+00 0.23145E-01 0.25058E-01 0.44653E+00 0.44864E+00 0.86341E-02 0.86341E-02 0.41598E+00       720949  19/0.80000E-01
 0.30000E+03 0.13000E+00 0.45607E-01 0.36671E+00 0.19797E-01 0.20730E-01 0.37700E+00 0.37728E+00 0.69002E-02 0.69002E-02 -.53410E+00       720949  19/0.13000E+00
 0.30000E+03 0.18000E+00 0.32938E-01 0.33547E+00 0.18808E-01 0.20252E-01 0.32856E+00 0.33084E+00 0.66681E-02 0.66681E-02 0.24636E+00       720949  19/0.18000E+00
 0.30000E+03 0.40000E+00 0.14822E-01 0.16839E+00 0.14198E-01 0.16534E-01 0.15226E+00 0.15907E+00 0.32715E-02 0.32715E-02 0.65667E+00       720949  19/0.40000E+00
 0.40000E+03 0.93000E-02 0.85002E+00 0.10255E+01 0.12861E+00 0.14293E+00 0.88667E+00 0.87583E+00 0.89434E-02 0.89434E-02 0.11638E+01       720949  20/0.93000E-02
 0.40000E+03 0.10500E-01 0.75287E+00 0.10707E+01 0.99638E-01 0.11250E+00 0.86840E+00 0.87168E+00 0.11990E-01 0.11990E-01 0.19974E+01       720949  20/0.10500E-01
 0.40000E+03 0.12100E-01 0.65332E+00 0.91756E+00 0.87729E-01 0.93023E-01 0.84181E+00 0.84754E+00 0.14732E-01 0.14732E-01 0.79817E+00       720949  20/0.12100E-01
 0.40000E+03 0.16100E-01 0.49100E+00 0.80594E+00 0.45110E-01 0.48225E-01 0.77616E+00 0.78194E+00 0.18140E-01 0.18140E-01 0.53200E+00       720949  20/0.16100E-01
 0.40000E+03 0.32000E-01 0.24704E+00 0.62115E+00 0.31988E-01 0.34059E-01 0.61404E+00 0.61869E+00 0.17099E-01 0.17099E-01 0.76869E-01       720949  20/0.32000E-01
 0.40000E+03 0.50000E-01 0.15810E+00 0.56798E+00 0.28997E-01 0.31976E-01 0.52562E+00 0.52854E+00 0.12978E-01 0.12978E-01 0.13600E+01       720949  20/0.50000E-01
 0.40000E+03 0.80000E-01 0.98814E-01 0.44788E+00 0.25720E-01 0.26963E-01 0.44737E+00 0.45034E+00 0.87981E-02 0.87981E-02 -.95721E-01       720949  20/0.80000E-01
 0.40000E+03 0.13000E+00 0.60809E-01 0.42742E+00 0.21960E-01 0.24732E-01 0.37548E+00 0.37640E+00 0.68946E-02 0.68946E-02 0.23233E+01       720949  20/0.13000E+00
 0.40000E+03 0.18000E+00 0.43917E-01 0.33931E+00 0.20168E-01 0.21626E-01 0.32579E+00 0.32813E+00 0.65988E-02 0.65988E-02 0.55412E+00       720949  20/0.18000E+00
 0.40000E+03 0.40000E+00 0.19763E-01 0.16009E+00 0.14705E-01 0.16451E-01 0.14818E+00 0.15441E+00 0.31712E-02 0.31712E-02 0.38636E+00       720949  20/0.40000E+00
 0.50000E+03 0.11600E-01 0.85185E+00 0.10060E+01 0.13478E+00 0.15146E+00 0.83239E+00 0.82647E+00 0.13624E-01 0.13624E-01 0.13320E+01       720949  21/0.11600E-01
 0.50000E+03 0.13100E-01 0.75431E+00 0.74999E+00 0.10846E+00 0.10475E+00 0.81426E+00 0.81958E+00 0.15840E-01 0.15840E-01 -.64163E+00       720949  21/0.13100E-01
 0.50000E+03 0.15200E-01 0.65009E+00 0.68643E+00 0.91410E-01 0.86102E-01 0.78623E+00 0.79227E+00 0.17752E-01 0.17752E-01 -.11579E+01       720949  21/0.15200E-01
 0.50000E+03 0.20100E-01 0.49161E+00 0.73304E+00 0.49076E-01 0.51050E-01 0.72395E+00 0.72944E+00 0.19268E-01 0.19268E-01 0.73293E-01       720949  21/0.20100E-01
 0.50000E+03 0.32000E-01 0.30879E+00 0.64854E+00 0.38726E-01 0.41352E-01 0.61759E+00 0.62236E+00 0.17448E-01 0.17448E-01 0.67593E+00       720949  21/0.32000E-01
 0.50000E+03 0.50000E-01 0.19763E+00 0.59870E+00 0.33962E-01 0.37830E-01 0.52769E+00 0.53159E+00 0.13228E-01 0.13228E-01 0.19761E+01       720949  21/0.50000E-01
 0.50000E+03 0.80000E-01 0.12352E+00 0.47085E+00 0.29486E-01 0.31449E-01 0.44765E+00 0.45040E+00 0.89150E-02 0.89150E-02 0.69340E+00       720949  21/0.80000E-01
 0.50000E+03 0.13000E+00 0.76011E-01 0.40988E+00 0.29855E-01 0.32214E-01 0.37418E+00 0.37536E+00 0.68892E-02 0.68892E-02 0.11563E+01       720949  21/0.13000E+00
 0.50000E+03 0.18000E+00 0.54897E-01 0.30352E+00 0.26902E-01 0.26630E-01 0.32361E+00 0.32431E+00 0.65468E-02 0.65468E-02 -.77298E+00       720949  21/0.18000E+00
 0.50000E+03 0.25000E+00 0.39526E-01 0.27834E+00 0.22781E-01 0.24097E-01 0.26326E+00 0.26533E+00 0.57824E-02 0.57824E-02 0.57091E+00       720949  21/0.25000E+00
 0.50000E+03 0.40000E+00 0.24704E-01 0.13829E+00 0.17286E-01 0.17306E-01 0.14518E+00 0.14925E+00 0.30980E-02 0.30980E-02 -.63407E+00       720949  21/0.40000E+00
 0.50000E+03 0.65000E+00 0.15202E-01 0.19075E-01 0.45197E-02 0.44644E-02 0.20546E-01 0.21898E-01 0.47414E-03 0.47414E-03 -.62469E+00       720949  21/0.65000E+00
 0.65000E+03 0.15100E-01 0.85072E+00 0.80412E+00 0.15411E+00 0.15833E+00 0.76861E+00 0.76877E+00 0.17207E-01 0.17207E-01 0.22940E+00       720949  22/0.15100E-01
 0.65000E+03 0.17100E-01 0.75122E+00 0.91393E+00 0.11608E+00 0.12935E+00 0.74953E+00 0.75478E+00 0.18456E-01 0.18456E-01 0.13711E+01       720949  22/0.17100E-01
 0.65000E+03 0.19700E-01 0.65207E+00 0.90458E+00 0.98213E-01 0.11121E+00 0.72317E+00 0.72822E+00 0.19238E-01 0.19238E-01 0.17957E+01       720949  22/0.19700E-01
 0.65000E+03 0.26100E-01 0.49218E+00 0.60233E+00 0.50778E-01 0.49402E-01 0.66353E+00 0.66851E+00 0.19011E-01 0.19011E-01 -.13034E+01       720949  22/0.26100E-01
 0.65000E+03 0.50000E-01 0.25692E+00 0.48789E+00 0.40418E-01 0.39774E-01 0.52896E+00 0.53291E+00 0.13496E-01 0.13496E-01 -.11138E+01       720949  22/0.50000E-01
 0.65000E+03 0.80000E-01 0.16057E+00 0.45057E+00 0.35236E-01 0.36297E-01 0.44740E+00 0.45029E+00 0.90418E-02 0.90418E-02 0.79462E-02       720949  22/0.80000E-01
 0.65000E+03 0.13000E+00 0.98814E-01 0.37402E+00 0.35218E-01 0.35963E-01 0.37241E+00 0.37454E+00 0.68807E-02 0.68807E-02 -.14838E-01       720949  22/0.13000E+00
 0.65000E+03 0.18000E+00 0.71366E-01 0.33851E+00 0.31731E-01 0.33198E-01 0.32096E+00 0.32212E+00 0.64868E-02 0.64868E-02 0.51659E+00       720949  22/0.18000E+00
 0.65000E+03 0.25000E+00 0.51383E-01 0.25211E+00 0.26277E-01 0.26271E-01 0.25990E+00 0.26162E+00 0.56959E-02 0.56959E-02 -.36208E+00       720949  22/0.25000E+00
 0.65000E+03 0.40000E+00 0.32115E-01 0.20084E+00 0.19250E-01 0.23982E-01 0.14180E+00 0.14502E+00 0.30167E-02 0.30167E-02 0.29000E+01       720949  22/0.40000E+00
 0.65000E+03 0.65000E+00 0.19763E-01 0.27076E-01 0.50764E-02 0.62512E-02 0.19635E-01 0.20865E-01 0.45541E-03 0.45541E-03 0.12234E+01       720949  22/0.65000E+00
 0.80000E+03 0.18500E-01 0.85461E+00 0.28611E+00 0.17007E+00 0.10648E+00 0.71916E+00 0.72305E+00 0.18500E-01 0.18500E-01 -.25691E+01       720949  23/0.18500E-01
 0.80000E+03 0.21000E-01 0.75287E+00 0.65795E+00 0.13072E+00 0.12722E+00 0.69945E+00 0.70502E+00 0.19130E-01 0.19130E-01 -.36005E+00       720949  23/0.21000E-01
 0.80000E+03 0.24200E-01 0.65332E+00 0.65562E+00 0.10686E+00 0.10598E+00 0.67365E+00 0.67902E+00 0.19225E-01 0.19225E-01 -.21898E+00       720949  23/0.24200E-01
 0.80000E+03 0.32200E-01 0.49100E+00 0.61029E+00 0.54075E-01 0.54826E-01 0.61607E+00 0.62089E+00 0.17885E-01 0.17885E-01 -.19606E+00       720949  23/0.32200E-01
 0.80000E+03 0.50000E-01 0.31621E+00 0.47882E+00 0.45826E-01 0.44353E-01 0.52862E+00 0.53288E+00 0.13683E-01 0.13683E-01 -.11797E+01       720949  23/0.50000E-01
 0.80000E+03 0.80000E-01 0.19763E+00 0.44652E+00 0.41564E-01 0.42329E-01 0.44655E+00 0.44990E+00 0.91353E-02 0.91353E-02 -.81318E-01       720949  23/0.80000E-01
 0.80000E+03 0.13000E+00 0.12162E+00 0.38790E+00 0.40530E-01 0.42099E-01 0.37072E+00 0.37268E+00 0.68716E-02 0.68716E-02 0.37562E+00       720949  23/0.13000E+00
 0.80000E+03 0.18000E+00 0.87835E-01 0.36312E+00 0.37468E-01 0.40549E-01 0.31874E+00 0.32064E+00 0.64394E-02 0.64394E-02 0.11338E+01       720949  23/0.18000E+00
 0.80000E+03 0.25000E+00 0.63241E-01 0.27571E+00 0.31042E-01 0.32569E-01 0.25724E+00 0.25839E+00 0.56296E-02 0.56296E-02 0.55787E+00       720949  23/0.25000E+00
 0.80000E+03 0.40000E+00 0.39526E-01 0.13119E+00 0.21551E-01 0.21128E-01 0.13924E+00 0.14206E+00 0.29557E-02 0.29557E-02 -.50418E+00       720949  23/0.40000E+00
 0.80000E+03 0.65000E+00 0.24324E-01 0.21659E-01 0.57129E-02 0.62076E-02 0.18963E-01 0.19978E-01 0.44152E-03 0.44152E-03 0.29432E+00       720949  23/0.65000E+00
     4347215
 HERA1+2 NCem                                                                    
Plot1@Experiment:HERA1+2@ExtraLabel:e^{-}p #rightarrow e^{-}X (NC) @XTitle: x @YTitle: #sigma_{red}  @Title:Q^{2} = 60  @Xlog
Plot2@Experiment:HERA1+2@ExtraLabel:e^{-}p #rightarrow e^{-}X (NC) @XTitle: x @YTitle: #sigma_{red}  @Title:Q^{2} = 90  @Xlog
Plot3@Experiment:HERA1+2@ExtraLabel:e^{-}p #rightarrow e^{-}X (NC) @XTitle: x @YTitle: #sigma_{red}  @Title:Q^{2} = 120 @Xlog
Plot4@Experiment:HERA1+2@ExtraLabel:e^{-}p #rightarrow e^{-}X (NC) @XTitle: x @YTitle: #sigma_{red}  @Title:Q^{2} = 150 @Xlog
Plot5@Experiment:HERA1+2@ExtraLabel:e^{-}p #rightarrow e^{-}X (NC) @XTitle: x @YTitle: #sigma_{red}  @Title:Q^{2} = 200 @Xlog
Plot6@Experiment:HERA1+2@ExtraLabel:e^{-}p #rightarrow e^{-}X (NC) @XTitle: x @YTitle: #sigma_{red}  @Title:Q^{2} = 250 @Xlog
Plot7@Experiment:HERA1+2@ExtraLabel:e^{-}p #rightarrow e^{-}X (NC) @XTitle: x @YTitle: #sigma_{red}  @Title:Q^{2} = 300 @Xlog
Plot8@Experiment:HERA1+2@ExtraLabel:e^{-}p #rightarrow e^{-}X (NC) @XTitle: x @YTitle: #sigma_{red}  @Title:Q^{2} = 400 @Xlog
Plot9@Experiment:HERA1+2@ExtraLabel:e^{-}p #rightarrow e^{-}X (NC) @XTitle: x @YTitle: #sigma_{red}  @Title:Q^{2} = 500 @Xlog
Plot10@Experiment:HERA1+2@ExtraLabel:e^{-}p #rightarrow e^{-}X (NC) @XTitle: x @YTitle: #sigma_{red}  @Title:Q^{2} = 650 @Xlog
Plot11@Experiment:HERA1+2@ExtraLabel:e^{-}p #rightarrow e^{-}X (NC) @XTitle: x @YTitle: #sigma_{red}  @Title:Q^{2} = 800  @Xlog
Plot12@Experiment:HERA1+2@ExtraLabel:e^{-}p #rightarrow e^{-}X (NC) @XTitle: x @YTitle: #sigma_{red}  @Title:Q^{2} = 1000 @Xlog
Plot13@Experiment:HERA1+2@ExtraLabel:e^{-}p #rightarrow e^{-}X (NC) @XTitle: x @YTitle: #sigma_{red}  @Title:Q^{2} = 1200 @Xlog
Plot14@Experiment:HERA1+2@ExtraLabel:e^{-}p #rightarrow e^{-}X (NC) @XTitle: x @YTitle: #sigma_{red}  @Title:Q^{2} = 1500 @Xlog
Plot15@Experiment:HERA1+2@ExtraLabel:e^{-}p #rightarrow e^{-}X (NC) @XTitle: x @YTitle: #sigma_{red}  @Title:Q^{2} = 2000 @Xlog
Plot16@Experiment:HERA1+2@ExtraLabel:e^{-}p #rightarrow e^{-}X (NC) @XTitle: x @YTitle: #sigma_{red}  @Title:Q^{2} = 3000 @Xlog
Plot17@Experiment:HERA1+2@ExtraLabel:e^{-}p #rightarrow e^{-}X (NC) @XTitle: x @YTitle: #sigma_{red}  @Title:Q^{2} = 5000 @Xlog
Plot18@Experiment:HERA1+2@ExtraLabel:e^{-}p #rightarrow e^{-}X (NC) @XTitle: x @YTitle: #sigma_{red}  @Title:Q^{2} = 8000 @Xlog
Plot19@Experiment:HERA1+2@ExtraLabel:e^{-}p #rightarrow e^{-}X (NC) @XTitle: x @YTitle: #sigma_{red}  @Title:Q^{2} = 12000@Xlog
Plot20@Experiment:HERA1+2@ExtraLabel:e^{-}p #rightarrow e^{-}X (NC) @XTitle: x @YTitle: #sigma_{red}  @Title:Q^{2} = 20000@Xlog
Plot21@Experiment:HERA1+2@ExtraLabel:e^{-}p #rightarrow e^{-}X (NC) @XTitle: x @YTitle: #sigma_{red}  @Title:Q^{2} = 30000@Xlog
Plot22@Experiment:HERA1+2@ExtraLabel:e^{-}p #rightarrow e^{-}X (NC) @XTitle: x @YTitle: #sigma_{red}  @Title:Q^{2} = 50000@Xlog
 Q2          x           y              data      +- uncor     +- tot     th orig         th mod   therr+         therr-     pull    iset       iplot
 0.60000E+02 0.80000E-03 0.74111E+00 0.14831E+01 0.31402E-01 0.35885E-01 0.14972E+01 0.14802E+01 0.23895E+00 0.23895E+00 0.92960E-01      4347215   1/0.80000E-03
 0.90000E+02 0.13000E-02 0.68410E+00 0.14660E+01 0.26492E-01 0.31445E-01 0.14479E+01 0.14315E+01 0.16763E+00 0.16763E+00 0.13029E+01      4347215   2/0.13000E-02
 0.90000E+02 0.15000E-02 0.59289E+00 0.14219E+01 0.23087E-01 0.37416E-01 0.14191E+01 0.14136E+01 0.14851E+00 0.14851E+00 0.35852E+00      4347215   2/0.15000E-02
 0.90000E+02 0.20000E-02 0.44466E+00 0.12700E+01 0.62532E-01 0.65166E-01 0.13344E+01 0.13243E+01 0.10979E+00 0.10979E+00 -.86877E+00      4347215   2/0.20000E-02
 0.12000E+03 0.16000E-02 0.74111E+00 0.14388E+01 0.27493E-01 0.32153E-01 0.14131E+01 0.13969E+01 0.13683E+00 0.13683E+00 0.15228E+01      4347215   3/0.16000E-02
 0.12000E+03 0.20000E-02 0.59289E+00 0.13558E+01 0.15727E-01 0.26046E-01 0.13698E+01 0.13613E+01 0.11041E+00 0.11041E+00 -.35270E+00      4347215   3/0.20000E-02
 0.12000E+03 0.32000E-02 0.37055E+00 0.12184E+01 0.17628E-01 0.22016E-01 0.12184E+01 0.12065E+01 0.58382E-01 0.58382E-01 0.67436E+00      4347215   3/0.32000E-02
 0.15000E+03 0.20000E-02 0.74111E+00 0.13552E+01 0.28027E-01 0.31361E-01 0.13705E+01 0.13556E+01 0.10799E+00 0.10799E+00 -.15268E-01      4347215   4/0.20000E-02
 0.15000E+03 0.32000E-02 0.46319E+00 0.12286E+01 0.12853E-01 0.19494E-01 0.12479E+01 0.12377E+01 0.58797E-01 0.58797E-01 -.70810E+00      4347215   4/0.32000E-02
 0.15000E+03 0.50000E-02 0.29644E+00 0.11088E+01 0.14608E-01 0.18856E-01 0.10918E+01 0.10813E+01 0.23379E-01 0.23379E-01 0.18846E+01      4347215   4/0.50000E-02
 0.15000E+03 0.80000E-02 0.18528E+00 0.95164E+00 0.18511E-01 0.21718E-01 0.93478E+00 0.92640E+00 0.61189E-02 0.61189E-02 0.13636E+01      4347215   4/0.80000E-02
 0.15000E+03 0.13000E-01 0.11402E+00 0.80578E+00 0.26048E-01 0.28319E-01 0.79235E+00 0.78586E+00 0.13960E-01 0.13960E-01 0.76458E+00      4347215   4/0.13000E-01
 0.20000E+03 0.26000E-02 0.76011E+00 0.12836E+01 0.29606E-01 0.32118E-01 0.13111E+01 0.12967E+01 0.77576E-01 0.77576E-01 -.44146E+00      4347215   5/0.26000E-02
 0.20000E+03 0.32000E-02 0.61759E+00 0.12495E+01 0.17232E-01 0.23110E-01 0.12678E+01 0.12586E+01 0.58125E-01 0.58125E-01 -.52716E+00      4347215   5/0.32000E-02
 0.20000E+03 0.50000E-02 0.39526E+00 0.11112E+01 0.89136E-02 0.14430E-01 0.11252E+01 0.11139E+01 0.23260E-01 0.23260E-01 -.29868E+00      4347215   5/0.50000E-02
 0.20000E+03 0.80000E-02 0.24704E+00 0.94415E+00 0.85329E-02 0.12829E-01 0.96420E+00 0.95433E+00 0.64771E-02 0.64771E-02 -.11930E+01      4347215   5/0.80000E-02
 0.20000E+03 0.13000E-01 0.15202E+00 0.79922E+00 0.65197E-02 0.10390E-01 0.81418E+00 0.80507E+00 0.14815E-01 0.14815E-01 -.89787E+00      4347215   5/0.13000E-01
 0.20000E+03 0.20000E-01 0.98814E-01 0.69621E+00 0.63876E-02 0.95437E-02 0.70100E+00 0.69231E+00 0.17474E-01 0.17474E-01 0.61064E+00      4347215   5/0.20000E-01
 0.20000E+03 0.32000E-01 0.61759E-01 0.57972E+00 0.59441E-02 0.87535E-02 0.59760E+00 0.58628E+00 0.15793E-01 0.15793E-01 -.11032E+01      4347215   5/0.32000E-01
 0.20000E+03 0.50000E-01 0.39526E-01 0.51327E+00 0.56239E-02 0.77787E-02 0.51666E+00 0.50682E+00 0.12082E-01 0.12082E-01 0.11467E+01      4347215   5/0.50000E-01
 0.20000E+03 0.80000E-01 0.24704E-01 0.43830E+00 0.47095E-02 0.70563E-02 0.44534E+00 0.43526E+00 0.83778E-02 0.83778E-02 0.64625E+00      4347215   5/0.80000E-01
 0.20000E+03 0.13000E+00 0.15202E-01 0.36412E+00 0.10242E-01 0.10887E-01 0.37924E+00 0.37644E+00 0.69084E-02 0.69084E-02 -.12031E+01      4347215   5/0.13000E+00
 0.20000E+03 0.18000E+00 0.10979E-01 0.32897E+00 0.43893E-02 0.60223E-02 0.33271E+00 0.32598E+00 0.67746E-02 0.67746E-02 0.68222E+00      4347215   5/0.18000E+00
 0.25000E+03 0.33000E-02 0.74859E+00 0.12701E+01 0.29791E-01 0.32977E-01 0.12542E+01 0.12405E+01 0.53823E-01 0.53823E-01 0.99362E+00      4347215   6/0.33000E-02
 0.25000E+03 0.50000E-02 0.49407E+00 0.11238E+01 0.13419E-01 0.17940E-01 0.11439E+01 0.11344E+01 0.22933E-01 0.22933E-01 -.79306E+00      4347215   6/0.50000E-02
 0.25000E+03 0.80000E-02 0.30879E+00 0.96093E+00 0.84583E-02 0.12800E-01 0.98495E+00 0.97554E+00 0.67847E-02 0.67847E-02 -.17272E+01      4347215   6/0.80000E-02
 0.25000E+03 0.13000E-01 0.19003E+00 0.81748E+00 0.72186E-02 0.11169E-01 0.83031E+00 0.82197E+00 0.15478E-01 0.15478E-01 -.62168E+00      4347215   6/0.13000E-01
 0.25000E+03 0.20000E-01 0.12352E+00 0.69030E+00 0.69621E-02 0.98827E-02 0.71259E+00 0.70262E+00 0.18092E-01 0.18092E-01 -.17690E+01      4347215   6/0.20000E-01
 0.25000E+03 0.32000E-01 0.77199E-01 0.58859E+00 0.61643E-02 0.88736E-02 0.60493E+00 0.59402E+00 0.16264E-01 0.16264E-01 -.88065E+00      4347215   6/0.32000E-01
 0.25000E+03 0.50000E-01 0.49407E-01 0.50803E+00 0.52811E-02 0.75028E-02 0.52073E+00 0.51203E+00 0.12394E-01 0.12394E-01 -.75709E+00      4347215   6/0.50000E-01
 0.25000E+03 0.80000E-01 0.30879E-01 0.43120E+00 0.42512E-02 0.64680E-02 0.44669E+00 0.43651E+00 0.85232E-02 0.85232E-02 -.12482E+01      4347215   6/0.80000E-01
 0.25000E+03 0.13000E+00 0.19003E-01 0.37135E+00 0.77974E-02 0.88121E-02 0.37843E+00 0.37498E+00 0.69071E-02 0.69071E-02 -.46569E+00      4347215   6/0.13000E+00
 0.25000E+03 0.18000E+00 0.13724E-01 0.32754E+00 0.44316E-02 0.60076E-02 0.33070E+00 0.32274E+00 0.67185E-02 0.67185E-02 0.10832E+01      4347215   6/0.18000E+00
 0.25000E+03 0.25000E+00 0.98814E-02 0.23527E+00 0.29912E-01 0.27019E-01 0.27269E+00 0.27033E+00 0.60340E-02 0.60340E-02 -.11721E+01      4347215   6/0.25000E+00
 0.25000E+03 0.40000E+00 0.61759E-02 0.14096E+00 0.17211E-01 0.16233E-01 0.15505E+00 0.15361E+00 0.33403E-02 0.33403E-02 -.73498E+00      4347215   6/0.40000E+00
 0.30000E+03 0.39000E-02 0.76011E+00 0.12157E+01 0.30309E-01 0.33006E-01 0.12102E+01 0.11971E+01 0.39503E-01 0.39503E-01 0.61263E+00      4347215   7/0.39000E-02
 0.30000E+03 0.50000E-02 0.59289E+00 0.11566E+01 0.20011E-01 0.24079E-01 0.11514E+01 0.11421E+01 0.22487E-01 0.22487E-01 0.72663E+00      4347215   7/0.50000E-02
 0.30000E+03 0.80000E-02 0.37055E+00 0.98719E+00 0.95334E-02 0.14148E-01 0.99994E+00 0.99300E+00 0.70413E-02 0.70413E-02 -.60928E+00      4347215   7/0.80000E-02
 0.30000E+03 0.13000E-01 0.22803E+00 0.82711E+00 0.78038E-02 0.11546E-01 0.84288E+00 0.83546E+00 0.16012E-01 0.16012E-01 -.10699E+01      4347215   7/0.13000E-01
 0.30000E+03 0.20000E-01 0.14822E+00 0.71235E+00 0.70203E-02 0.10065E-01 0.72179E+00 0.71239E+00 0.18585E-01 0.18585E-01 -.58846E-02      4347215   7/0.20000E-01
 0.30000E+03 0.32000E-01 0.92638E-01 0.60799E+00 0.63447E-02 0.88863E-02 0.61078E+00 0.60331E+00 0.16635E-01 0.16635E-01 0.73733E+00      4347215   7/0.32000E-01
 0.30000E+03 0.50000E-01 0.59289E-01 0.51723E+00 0.55418E-02 0.77146E-02 0.52398E+00 0.51592E+00 0.12635E-01 0.12635E-01 0.23578E+00      4347215   7/0.50000E-01
 0.30000E+03 0.80000E-01 0.37055E-01 0.43642E+00 0.47202E-02 0.64762E-02 0.44777E+00 0.43880E+00 0.86350E-02 0.86350E-02 -.50350E+00      4347215   7/0.80000E-01
 0.30000E+03 0.13000E+00 0.22803E-01 0.36568E+00 0.84295E-02 0.92437E-02 0.37779E+00 0.37273E+00 0.69060E-02 0.69060E-02 -.83686E+00      4347215   7/0.13000E+00
 0.30000E+03 0.18000E+00 0.16469E-01 0.31448E+00 0.42510E-02 0.60371E-02 0.32911E+00 0.32130E+00 0.66749E-02 0.66749E-02 -.16045E+01      4347215   7/0.18000E+00
 0.30000E+03 0.25000E+00 0.11858E-01 0.29312E+00 0.31642E-01 0.34650E-01 0.27032E+00 0.26762E+00 0.59674E-02 0.59674E-02 0.80594E+00      4347215   7/0.25000E+00
 0.30000E+03 0.40000E+00 0.74111E-02 0.15709E+00 0.60287E-02 0.69598E-02 0.15238E+00 0.15352E+00 0.32736E-02 0.32736E-02 0.59172E+00      4347215   7/0.40000E+00
 0.40000E+03 0.53000E-02 0.74577E+00 0.11528E+01 0.29611E-01 0.32343E-01 0.11297E+01 0.11176E+01 0.18395E-01 0.18395E-01 0.11904E+01      4347215   8/0.53000E-02
 0.40000E+03 0.80000E-02 0.49407E+00 0.10323E+01 0.10663E-01 0.17405E-01 0.10175E+01 0.10146E+01 0.74279E-02 0.74279E-02 0.16582E+01      4347215   8/0.80000E-02
 0.40000E+03 0.13000E-01 0.30404E+00 0.86568E+00 0.93298E-02 0.12980E-01 0.86131E+00 0.85432E+00 0.16813E-01 0.16813E-01 0.12179E+01      4347215   8/0.13000E-01
 0.40000E+03 0.20000E-01 0.19763E+00 0.71222E+00 0.90242E-02 0.11547E-01 0.73587E+00 0.72810E+00 0.19330E-01 0.19330E-01 -.17601E+01      4347215   8/0.20000E-01
 0.40000E+03 0.32000E-01 0.12352E+00 0.60799E+00 0.72354E-02 0.95393E-02 0.61986E+00 0.61150E+00 0.17192E-01 0.17192E-01 -.48510E+00      4347215   8/0.32000E-01
 0.40000E+03 0.50000E-01 0.79051E-01 0.51927E+00 0.60277E-02 0.80179E-02 0.52907E+00 0.52155E+00 0.12994E-01 0.12994E-01 -.37868E+00      4347215   8/0.50000E-01
 0.40000E+03 0.80000E-01 0.49407E-01 0.43146E+00 0.53470E-02 0.68438E-02 0.44958E+00 0.44079E+00 0.87996E-02 0.87996E-02 -.17450E+01      4347215   8/0.80000E-01
 0.40000E+03 0.13000E+00 0.30404E-01 0.36709E+00 0.48344E-02 0.62792E-02 0.37687E+00 0.36938E+00 0.69048E-02 0.69048E-02 -.47404E+00      4347215   8/0.13000E+00
 0.40000E+03 0.18000E+00 0.21959E-01 0.32088E+00 0.10144E-01 0.11119E-01 0.32675E+00 0.32652E+00 0.66108E-02 0.66108E-02 -.55603E+00      4347215   8/0.18000E+00
 0.40000E+03 0.25000E+00 0.15810E-01 0.26418E+00 0.52854E-02 0.65129E-02 0.26677E+00 0.26135E+00 0.58681E-02 0.58681E-02 0.53510E+00      4347215   8/0.25000E+00
 0.40000E+03 0.40000E+00 0.98814E-02 0.15657E+00 0.58736E-02 0.69393E-02 0.14840E+00 0.15016E+00 0.31747E-02 0.31747E-02 0.10921E+01      4347215   8/0.40000E+00
 0.50000E+03 0.66000E-02 0.74859E+00 0.10587E+01 0.28967E-01 0.30793E-01 0.10691E+01 0.10588E+01 0.83085E-02 0.83085E-02 -.35047E-02      4347215   9/0.66000E-02
 0.50000E+03 0.80000E-02 0.61759E+00 0.10065E+01 0.22953E-01 0.25104E-01 0.10223E+01 0.10133E+01 0.76434E-02 0.76434E-02 -.29815E+00      4347215   9/0.80000E-02
 0.50000E+03 0.13000E-01 0.38005E+00 0.89862E+00 0.15083E-01 0.17937E-01 0.87386E+00 0.86552E+00 0.17372E-01 0.17372E-01 0.21944E+01      4347215   9/0.13000E-01
 0.50000E+03 0.20000E-01 0.24704E+00 0.73144E+00 0.13433E-01 0.15290E-01 0.74647E+00 0.73935E+00 0.19873E-01 0.19873E-01 -.58893E+00      4347215   9/0.20000E-01
 0.50000E+03 0.32000E-01 0.15440E+00 0.62977E+00 0.11242E-01 0.13064E-01 0.62693E+00 0.61959E+00 0.17602E-01 0.17602E-01 0.90570E+00      4347215   9/0.32000E-01
 0.50000E+03 0.50000E-01 0.98814E-01 0.55070E+00 0.10205E-01 0.11999E-01 0.53312E+00 0.52666E+00 0.13253E-01 0.13253E-01 0.23557E+01      4347215   9/0.50000E-01
 0.50000E+03 0.80000E-01 0.61759E-01 0.43243E+00 0.91977E-02 0.10135E-01 0.45110E+00 0.44420E+00 0.89172E-02 0.89172E-02 -.12797E+01      4347215   9/0.80000E-01
 0.50000E+03 0.13000E+00 0.38005E-01 0.37705E+00 0.90930E-02 0.10020E-01 0.37633E+00 0.37043E+00 0.69050E-02 0.69050E-02 0.72834E+00      4347215   9/0.13000E+00
 0.50000E+03 0.18000E+00 0.27448E-01 0.33842E+00 0.93057E-02 0.10499E-01 0.32509E+00 0.32141E+00 0.65653E-02 0.65653E-02 0.18275E+01      4347215   9/0.18000E+00
 0.50000E+03 0.25000E+00 0.19763E-01 0.26715E+00 0.94136E-02 0.10443E-01 0.26419E+00 0.26464E+00 0.57966E-02 0.57966E-02 0.26639E+00      4347215   9/0.25000E+00
 0.50000E+03 0.40000E+00 0.12352E-01 0.14869E+00 0.27984E-01 0.29099E-01 0.14551E+00 0.14450E+00 0.31033E-02 0.31033E-02 0.14966E+00      4347215   9/0.40000E+00
 0.50000E+03 0.65000E+00 0.76011E-02 0.27157E-01 0.50221E-02 0.59797E-02 0.20575E-01 0.20328E-01 0.47470E-03 0.47470E-03 0.13597E+01      4347215   9/0.65000E+00
 0.65000E+03 0.85000E-02 0.75564E+00 0.98713E+00 0.26689E-01 0.28345E-01 0.99995E+00 0.98990E+00 0.88089E-02 0.88089E-02 -.10370E+00      4347215  10/0.85000E-02
 0.65000E+03 0.13000E-01 0.49407E+00 0.90475E+00 0.10027E-01 0.14028E-01 0.88527E+00 0.87996E+00 0.17882E-01 0.17882E-01 0.24720E+01      4347215  10/0.13000E-01
 0.65000E+03 0.20000E-01 0.32115E+00 0.77797E+00 0.97790E-02 0.12669E-01 0.75859E+00 0.75148E+00 0.20446E-01 0.20446E-01 0.27086E+01      4347215  10/0.20000E-01
 0.65000E+03 0.32000E-01 0.20072E+00 0.62508E+00 0.90350E-02 0.11073E-01 0.63556E+00 0.62666E+00 0.18055E-01 0.18055E-01 -.17487E+00      4347215  10/0.32000E-01
 0.65000E+03 0.50000E-01 0.12846E+00 0.53435E+00 0.75818E-02 0.93203E-02 0.53827E+00 0.53086E+00 0.13541E-01 0.13541E-01 0.46022E+00      4347215  10/0.50000E-01
 0.65000E+03 0.80000E-01 0.80287E-01 0.43531E+00 0.72010E-02 0.83395E-02 0.45323E+00 0.44652E+00 0.90456E-02 0.90456E-02 -.15563E+01      4347215  10/0.80000E-01
 0.65000E+03 0.13000E+00 0.49407E-01 0.36181E+00 0.65600E-02 0.74410E-02 0.37601E+00 0.36997E+00 0.69072E-02 0.69072E-02 -.12440E+01      4347215  10/0.13000E+00
 0.65000E+03 0.18000E+00 0.35683E-01 0.33341E+00 0.96625E-02 0.10551E-01 0.32343E+00 0.31994E+00 0.65176E-02 0.65176E-02 0.13936E+01      4347215  10/0.18000E+00
 0.65000E+03 0.25000E+00 0.25692E-01 0.25646E+00 0.54781E-02 0.64449E-02 0.26144E+00 0.25754E+00 0.57193E-02 0.57193E-02 -.19728E+00      4347215  10/0.25000E+00
 0.65000E+03 0.40000E+00 0.16057E-01 0.12565E+00 0.79284E-02 0.76463E-02 0.14235E+00 0.14294E+00 0.30252E-02 0.30252E-02 -.21805E+01      4347215  10/0.40000E+00
 0.80000E+03 0.10500E-01 0.75287E+00 0.96275E+00 0.31176E-01 0.33142E-01 0.94207E+00 0.93289E+00 0.14175E-01 0.14175E-01 0.95764E+00      4347215  11/0.10500E-01
 0.80000E+03 0.13000E-01 0.60809E+00 0.88824E+00 0.13321E-01 0.17083E-01 0.88979E+00 0.88776E+00 0.18089E-01 0.18089E-01 0.36054E-01      4347215  11/0.13000E-01
 0.80000E+03 0.20000E-01 0.39526E+00 0.75247E+00 0.11518E-01 0.13737E-01 0.76778E+00 0.75874E+00 0.20831E-01 0.20831E-01 -.54472E+00      4347215  11/0.20000E-01
 0.80000E+03 0.32000E-01 0.24704E+00 0.64142E+00 0.99639E-02 0.11876E-01 0.64287E+00 0.63669E+00 0.18389E-01 0.18389E-01 0.47481E+00      4347215  11/0.32000E-01
 0.80000E+03 0.50000E-01 0.15810E+00 0.54669E+00 0.80661E-02 0.99186E-02 0.54290E+00 0.53461E+00 0.13755E-01 0.13755E-01 0.14975E+01      4347215  11/0.50000E-01
 0.80000E+03 0.80000E-01 0.98814E-01 0.45181E+00 0.74166E-02 0.88129E-02 0.45537E+00 0.44883E+00 0.91413E-02 0.91413E-02 0.40215E+00      4347215  11/0.80000E-01
 0.80000E+03 0.13000E+00 0.60809E-01 0.37330E+00 0.69948E-02 0.79543E-02 0.37612E+00 0.36975E+00 0.69113E-02 0.69113E-02 0.50694E+00      4347215  11/0.13000E+00
 0.80000E+03 0.18000E+00 0.43917E-01 0.32606E+00 0.11341E-01 0.12031E-01 0.32243E+00 0.31865E+00 0.64854E-02 0.64854E-02 0.65331E+00      4347215  11/0.18000E+00
 0.80000E+03 0.25000E+00 0.31621E-01 0.25374E+00 0.57900E-02 0.64837E-02 0.25953E+00 0.25453E+00 0.56644E-02 0.56644E-02 -.13700E+00      4347215  11/0.25000E+00
 0.80000E+03 0.40000E+00 0.19763E-01 0.14051E+00 0.85333E-02 0.91468E-02 0.14004E+00 0.14104E+00 0.29682E-02 0.29682E-02 -.62651E-01      4347215  11/0.40000E+00
 0.80000E+03 0.65000E+00 0.12162E-01 0.15845E-01 0.43816E-02 0.39446E-02 0.19030E-01 0.18850E-01 0.44284E-03 0.44284E-03 -.68578E+00      4347215  11/0.65000E+00
 0.10000E+04 0.13000E-01 0.76011E+00 0.86202E+00 0.27486E-01 0.31555E-01 0.88696E+00 0.88457E+00 0.17978E-01 0.17978E-01 -.82044E+00      4347215  12/0.13000E-01
 0.10000E+04 0.20000E-01 0.49407E+00 0.76995E+00 0.19277E-01 0.20771E-01 0.77688E+00 0.76995E+00 0.21132E-01 0.21132E-01 -.13814E-03      4347215  12/0.20000E-01
 0.10000E+04 0.32000E-01 0.30879E+00 0.65796E+00 0.16651E-01 0.18039E-01 0.65155E+00 0.64544E+00 0.18717E-01 0.18717E-01 0.75170E+00      4347215  12/0.32000E-01
 0.10000E+04 0.50000E-01 0.19763E+00 0.51651E+00 0.15295E-01 0.15690E-01 0.54877E+00 0.54332E+00 0.13973E-01 0.13973E-01 -.17530E+01      4347215  12/0.50000E-01
 0.10000E+04 0.80000E-01 0.12352E+00 0.44019E+00 0.13055E-01 0.13548E-01 0.45843E+00 0.45311E+00 0.92403E-02 0.92403E-02 -.98975E+00      4347215  12/0.80000E-01
 0.10000E+04 0.13000E+00 0.76011E-01 0.36865E+00 0.12915E-01 0.13375E-01 0.37680E+00 0.37099E+00 0.69201E-02 0.69201E-02 -.18121E+00      4347215  12/0.13000E+00
 0.10000E+04 0.18000E+00 0.54897E-01 0.34453E+00 0.11928E-01 0.13006E-01 0.32180E+00 0.31785E+00 0.64580E-02 0.64580E-02 0.22371E+01      4347215  12/0.18000E+00
 0.10000E+04 0.25000E+00 0.39526E-01 0.28083E+00 0.10875E-01 0.12002E-01 0.25782E+00 0.25595E+00 0.56128E-02 0.56128E-02 0.22883E+01      4347215  12/0.25000E+00
 0.10000E+04 0.40000E+00 0.24704E-01 0.13688E+00 0.89607E-02 0.93793E-02 0.13778E+00 0.13895E+00 0.29122E-02 0.29122E-02 -.23116E+00      4347215  12/0.40000E+00
 0.12000E+04 0.14000E-01 0.84698E+00 0.91602E+00 0.17644E-01 0.23543E-01 0.86400E+00 0.87603E+00 0.18696E-01 0.18696E-01 0.22664E+01      4347215  13/0.14000E-01
 0.12000E+04 0.20000E-01 0.59289E+00 0.80103E+00 0.13197E-01 0.15912E-01 0.78303E+00 0.77507E+00 0.21236E-01 0.21236E-01 0.19671E+01      4347215  13/0.20000E-01
 0.12000E+04 0.32000E-01 0.37055E+00 0.63869E+00 0.10706E-01 0.12364E-01 0.65955E+00 0.65332E+00 0.18951E-01 0.18951E-01 -.13670E+01      4347215  13/0.32000E-01
 0.12000E+04 0.50000E-01 0.23715E+00 0.55735E+00 0.84339E-02 0.10185E-01 0.55461E+00 0.54724E+00 0.14141E-01 0.14141E-01 0.11990E+01      4347215  13/0.50000E-01
 0.12000E+04 0.80000E-01 0.14822E+00 0.46241E+00 0.72783E-02 0.86977E-02 0.46175E+00 0.45396E+00 0.93187E-02 0.93187E-02 0.11609E+01      4347215  13/0.80000E-01
 0.12000E+04 0.13000E+00 0.91213E-01 0.37632E+00 0.68408E-02 0.78191E-02 0.37795E+00 0.37187E+00 0.69319E-02 0.69319E-02 0.65047E+00      4347215  13/0.13000E+00
 0.12000E+04 0.18000E+00 0.65876E-01 0.31918E+00 0.13099E-01 0.13499E-01 0.32175E+00 0.31799E+00 0.64428E-02 0.64428E-02 0.90741E-01      4347215  13/0.18000E+00
 0.12000E+04 0.25000E+00 0.47431E-01 0.24677E+00 0.52189E-02 0.57428E-02 0.25678E+00 0.25266E+00 0.55777E-02 0.55777E-02 -.11290E+01      4347215  13/0.25000E+00
 0.12000E+04 0.40000E+00 0.29644E-01 0.12513E+00 0.45251E-02 0.55699E-02 0.13614E+00 0.13258E+00 0.28708E-02 0.28708E-02 -.16471E+01      4347215  13/0.40000E+00
 0.15000E+04 0.20000E-01 0.74111E+00 0.80501E+00 0.18059E-01 0.22065E-01 0.78720E+00 0.79470E+00 0.21088E-01 0.21088E-01 0.57114E+00      4347215  14/0.20000E-01
 0.15000E+04 0.32000E-01 0.46319E+00 0.66054E+00 0.13645E-01 0.15045E-01 0.67082E+00 0.66460E+00 0.19171E-01 0.19171E-01 -.29720E+00      4347215  14/0.32000E-01
 0.15000E+04 0.50000E-01 0.29644E+00 0.54454E+00 0.10561E-01 0.11756E-01 0.56363E+00 0.55719E+00 0.14332E-01 0.14332E-01 -.11978E+01      4347215  14/0.50000E-01
 0.15000E+04 0.80000E-01 0.18528E+00 0.48967E+00 0.89603E-02 0.10402E-01 0.46731E+00 0.46227E+00 0.94134E-02 0.94134E-02 0.30577E+01      4347215  14/0.80000E-01
 0.15000E+04 0.13000E+00 0.11402E+00 0.37787E+00 0.91092E-02 0.99046E-02 0.38041E+00 0.37551E+00 0.69550E-02 0.69550E-02 0.25961E+00      4347215  14/0.13000E+00
 0.15000E+04 0.18000E+00 0.82345E-01 0.31308E+00 0.80931E-02 0.85746E-02 0.32249E+00 0.31907E+00 0.64359E-02 0.64359E-02 -.73967E+00      4347215  14/0.18000E+00
 0.15000E+04 0.25000E+00 0.59289E-01 0.25961E+00 0.75887E-02 0.81134E-02 0.25608E+00 0.25258E+00 0.55456E-02 0.55456E-02 0.92673E+00      4347215  14/0.25000E+00
 0.15000E+04 0.40000E+00 0.37055E-01 0.12966E+00 0.60276E-02 0.71582E-02 0.13441E+00 0.13176E+00 0.28263E-02 0.28263E-02 -.34817E+00      4347215  14/0.40000E+00
 0.15000E+04 0.65000E+00 0.22803E-01 0.15968E-01 0.21491E-02 0.21281E-02 0.17356E-01 0.17836E-01 0.40775E-03 0.40775E-03 -.86937E+00      4347215  14/0.65000E+00
 0.20000E+04 0.21900E-01 0.90241E+00 0.87821E+00 0.48312E-01 0.56022E-01 0.76812E+00 0.76762E+00 0.20631E-01 0.20631E-01 0.22891E+01      4347215  15/0.21900E-01
 0.20000E+04 0.32000E-01 0.61759E+00 0.65822E+00 0.16642E-01 0.18051E-01 0.68780E+00 0.68264E+00 0.19268E-01 0.19268E-01 -.14674E+01      4347215  15/0.32000E-01
 0.20000E+04 0.50000E-01 0.39526E+00 0.56966E+00 0.13083E-01 0.14163E-01 0.57973E+00 0.57303E+00 0.14542E-01 0.14542E-01 -.25795E+00      4347215  15/0.50000E-01
 0.20000E+04 0.80000E-01 0.24704E+00 0.46439E+00 0.10738E-01 0.11604E-01 0.47806E+00 0.47038E+00 0.95358E-02 0.95358E-02 -.55782E+00      4347215  15/0.80000E-01
 0.20000E+04 0.13000E+00 0.15202E+00 0.37034E+00 0.10392E-01 0.10843E-01 0.38604E+00 0.38016E+00 0.70058E-02 0.70058E-02 -.94460E+00      4347215  15/0.13000E+00
 0.20000E+04 0.18000E+00 0.10979E+00 0.31010E+00 0.96022E-02 0.99576E-02 0.32525E+00 0.32216E+00 0.64531E-02 0.64531E-02 -.12563E+01      4347215  15/0.18000E+00
 0.20000E+04 0.25000E+00 0.79051E-01 0.25130E+00 0.87401E-02 0.90426E-02 0.25642E+00 0.25227E+00 0.55275E-02 0.55275E-02 -.11104E+00      4347215  15/0.25000E+00
 0.20000E+04 0.40000E+00 0.49407E-01 0.12339E+00 0.62554E-02 0.62099E-02 0.13278E+00 0.13093E+00 0.27810E-02 0.27810E-02 -.12051E+01      4347215  15/0.40000E+00
 0.20000E+04 0.65000E+00 0.30404E-01 0.11157E-01 0.25379E-02 0.20230E-02 0.16749E-01 0.17236E-01 0.39477E-03 0.39477E-03 -.23955E+01      4347215  15/0.65000E+00
 0.30000E+04 0.32000E-01 0.92638E+00 0.73112E+00 0.29765E-01 0.31843E-01 0.70949E+00 0.70542E+00 0.18736E-01 0.18736E-01 0.86333E+00      4347215  16/0.32000E-01
 0.30000E+04 0.50000E-01 0.59289E+00 0.59879E+00 0.14803E-01 0.15973E-01 0.61477E+00 0.60885E+00 0.14685E-01 0.14685E-01 -.67962E+00      4347215  16/0.50000E-01
 0.30000E+04 0.80000E-01 0.37055E+00 0.50755E+00 0.12193E-01 0.13248E-01 0.50441E+00 0.49766E+00 0.97106E-02 0.97106E-02 0.81082E+00      4347215  16/0.80000E-01
 0.30000E+04 0.13000E+00 0.22803E+00 0.39384E+00 0.11556E-01 0.12085E-01 0.40152E+00 0.39690E+00 0.71442E-02 0.71442E-02 -.26451E+00      4347215  16/0.13000E+00
 0.30000E+04 0.18000E+00 0.16469E+00 0.31678E+00 0.10499E-01 0.10689E-01 0.33454E+00 0.33106E+00 0.65544E-02 0.65544E-02 -.13598E+01      4347215  16/0.18000E+00
 0.30000E+04 0.25000E+00 0.11858E+00 0.26471E+00 0.93083E-02 0.99729E-02 0.26049E+00 0.25559E+00 0.55663E-02 0.55663E-02 0.97980E+00      4347215  16/0.25000E+00
 0.30000E+04 0.40000E+00 0.74111E-01 0.13087E+00 0.65394E-02 0.67027E-02 0.13198E+00 0.13068E+00 0.27468E-02 0.27468E-02 0.28366E-01      4347215  16/0.40000E+00
 0.30000E+04 0.65000E+00 0.45607E-01 0.15162E-01 0.15057E-02 0.15057E-02 0.16090E-01 0.16187E-01 0.38039E-03 0.38039E-03 -.68079E+00      4347215  16/0.65000E+00
 0.50000E+04 0.54700E-01 0.90324E+00 0.64239E+00 0.34826E-01 0.35425E-01 0.65517E+00 0.65105E+00 0.13421E-01 0.13421E-01 -.24858E+00      4347215  17/0.54700E-01
 0.50000E+04 0.80000E-01 0.61759E+00 0.54571E+00 0.13423E-01 0.14414E-01 0.56802E+00 0.56373E+00 0.99020E-02 0.99020E-02 -.13428E+01      4347215  17/0.80000E-01
 0.50000E+04 0.13000E+00 0.38005E+00 0.47130E+00 0.13405E-01 0.14633E-01 0.44310E+00 0.43767E+00 0.75256E-02 0.75256E-02 0.25085E+01      4347215  17/0.13000E+00
 0.50000E+04 0.18000E+00 0.27448E+00 0.36470E+00 0.11806E-01 0.12403E-01 0.36164E+00 0.35755E+00 0.69021E-02 0.69021E-02 0.60521E+00      4347215  17/0.18000E+00
 0.50000E+04 0.25000E+00 0.19763E+00 0.24890E+00 0.11311E-01 0.11073E-01 0.27533E+00 0.27119E+00 0.57841E-02 0.57841E-02 -.19704E+01      4347215  17/0.25000E+00
 0.50000E+04 0.40000E+00 0.12352E+00 0.13002E+00 0.72018E-02 0.72738E-02 0.13467E+00 0.13264E+00 0.27728E-02 0.27728E-02 -.36410E+00      4347215  17/0.40000E+00
 0.50000E+04 0.65000E+00 0.76011E-01 0.14706E-01 0.21519E-02 0.21050E-02 0.15650E-01 0.15737E-01 0.37028E-03 0.37028E-03 -.47922E+00      4347215  17/0.65000E+00
 0.80000E+04 0.87500E-01 0.90344E+00 0.64366E+00 0.49490E-01 0.51385E-01 0.62701E+00 0.62452E+00 0.94438E-02 0.94438E-02 0.38672E+00      4347215  18/0.87500E-01
 0.80000E+04 0.13000E+00 0.60809E+00 0.55872E+00 0.17831E-01 0.19648E-01 0.51689E+00 0.51471E+00 0.82549E-02 0.82549E-02 0.24680E+01      4347215  18/0.13000E+00
 0.80000E+04 0.18000E+00 0.43917E+00 0.41651E+00 0.16882E-01 0.17488E-01 0.41270E+00 0.40742E+00 0.76095E-02 0.76095E-02 0.53824E+00      4347215  18/0.18000E+00
 0.80000E+04 0.25000E+00 0.31621E+00 0.29676E+00 0.14383E-01 0.14541E-01 0.30500E+00 0.30287E+00 0.62578E-02 0.62578E-02 -.42468E+00      4347215  18/0.25000E+00
 0.80000E+04 0.40000E+00 0.19763E+00 0.12136E+00 0.99822E-02 0.92680E-02 0.14258E+00 0.14083E+00 0.28937E-02 0.28937E-02 -.19506E+01      4347215  18/0.40000E+00
 0.80000E+04 0.65000E+00 0.12162E+00 0.15898E-01 0.19525E-02 0.19889E-02 0.15716E-01 0.15678E-01 0.37117E-03 0.37117E-03 0.11279E+00      4347215  18/0.65000E+00
 0.12000E+05 0.13000E+00 0.91213E+00 0.73310E+00 0.86933E-01 0.98172E-01 0.59727E+00 0.59608E+00 0.91301E-02 0.91301E-02 0.15761E+01      4347215  19/0.13000E+00
 0.12000E+05 0.18000E+00 0.65876E+00 0.48247E+00 0.22721E-01 0.23823E-01 0.48460E+00 0.48061E+00 0.86625E-02 0.86625E-02 0.81975E-01      4347215  19/0.18000E+00
 0.12000E+05 0.25000E+00 0.47431E+00 0.33417E+00 0.20482E-01 0.20408E-01 0.34979E+00 0.34418E+00 0.69915E-02 0.69915E-02 -.48890E+00      4347215  19/0.25000E+00
 0.12000E+05 0.40000E+00 0.29644E+00 0.17141E+00 0.13444E-01 0.14338E-01 0.15556E+00 0.15465E+00 0.31021E-02 0.31021E-02 0.12465E+01      4347215  19/0.40000E+00
 0.12000E+05 0.65000E+00 0.18243E+00 0.14910E-01 0.36722E-02 0.35251E-02 0.16213E-01 0.16119E-01 0.38205E-03 0.38205E-03 -.32917E+00      4347215  19/0.65000E+00
 0.20000E+05 0.25000E+00 0.79051E+00 0.47861E+00 0.32081E-01 0.35345E-01 0.43167E+00 0.43731E+00 0.83551E-02 0.83551E-02 0.12875E+01      4347215  20/0.25000E+00
 0.20000E+05 0.40000E+00 0.49407E+00 0.20599E+00 0.19257E-01 0.20625E-01 0.18368E+00 0.18159E+00 0.35553E-02 0.35553E-02 0.12672E+01      4347215  20/0.40000E+00
 0.20000E+05 0.65000E+00 0.30404E+00 0.17364E-01 0.59097E-02 0.58822E-02 0.17595E-01 0.17632E-01 0.41362E-03 0.41362E-03 -.45402E-01      4347215  20/0.65000E+00
 0.30000E+05 0.40000E+00 0.74111E+00 0.23073E+00 0.30355E-01 0.32085E-01 0.21508E+00 0.20710E+00 0.40584E-02 0.40584E-02 0.77848E+00      4347215  21/0.40000E+00
 0.30000E+05 0.65000E+00 0.45607E+00 0.44179E-01 0.91796E-02 0.14342E-01 0.19519E-01 0.19441E-01 0.45838E-03 0.45838E-03 0.26949E+01      4347215  21/0.65000E+00
 0.50000E+05 0.65000E+00 0.76011E+00 0.82210E-01 0.24305E-01 0.46667E-01 0.22893E-01 0.22769E-01 0.53787E-03 0.53787E-03 0.24456E+01      4347215  22/0.65000E+00
     2045511
 HERA1+2 CCep                                                                    
Plot1@Experiment:HERA1+2@ExtraLabel:e^{+}p #rightarrow #bar{#nu}X (CC) @XTitle: x @YTitle: d^{2}#sigma/dxdQ^{2} @Title:Q^{2} = 300  @Ymin:0.01@Xlog@Ylog
Plot2@Experiment:HERA1+2@ExtraLabel:e^{+}p #rightarrow #bar{#nu}X (CC) @XTitle: x @YTitle: d^{2}#sigma/dxdQ^{2} @Title:Q^{2} = 500  @Ymin:0.01@Xlog@Ylog
Plot3@Experiment:HERA1+2@ExtraLabel:e^{+}p #rightarrow #bar{#nu}X (CC) @XTitle: x @YTitle: d^{2}#sigma/dxdQ^{2} @Title:Q^{2} = 1000 @Ymin:0.001@Xlog@Ylog
Plot4@Experiment:HERA1+2@ExtraLabel:e^{+}p #rightarrow #bar{#nu}X (CC) @XTitle: x @YTitle: d^{2}#sigma/dxdQ^{2} @Title:Q^{2} = 1500 @Ymin:0.001@Xlog@Ylog
Plot5@Experiment:HERA1+2@ExtraLabel:e^{+}p #rightarrow #bar{#nu}X (CC) @XTitle: x @YTitle: d^{2}#sigma/dxdQ^{2} @Title:Q^{2} = 2000 @Ymin:0.001@Xlog@Ylog
Plot6@Experiment:HERA1+2@ExtraLabel:e^{+}p #rightarrow #bar{#nu}X (CC) @XTitle: x @YTitle: d^{2}#sigma/dxdQ^{2} @Title:Q^{2} = 3000 @Ymin:0.0005@Xlog@Ylog
Plot7@Experiment:HERA1+2@ExtraLabel:e^{+}p #rightarrow #bar{#nu}X (CC) @XTitle: x @YTitle: d^{2}#sigma/dxdQ^{2} @Title:Q^{2} = 5000 @Ymin:0.0001@Xlog@Ylog
Plot8@Experiment:HERA1+2@ExtraLabel:e^{+}p #rightarrow #bar{#nu}X (CC) @XTitle: x @YTitle: d^{2}#sigma/dxdQ^{2} @Title:Q^{2} = 8000 @Ymin:0.0001@Xlog@Ylog
Plot9@Experiment:HERA1+2@ExtraLabel:e^{+}p #rightarrow #bar{#nu}X (CC) @XTitle: x @YTitle: d^{2}#sigma/dxdQ^{2} @Title:Q^{2} = 15000@Ymin:0.00001@Xlog@Ylog
Plot10@Experiment:HERA1+2@ExtraLabel:e^{+}p #rightarrow #bar{#nu}X (CC) @XTitle: x @YTitle: d^{2}#sigma/dxdQ^{2} @Title:Q^{2} = 30000@Ymin:0.00001@Xlog@Ylog
 Q2          x           y              data      +- uncor     +- tot     th orig         th mod   therr+         therr-     pull    iset       iplot
 0.30000E+03 0.80000E-02 0.37055E+00 0.11422E+01 0.13660E+00 0.14321E+00 0.11185E+01 0.11142E+01 0.85195E-02 0.85195E-02 0.20490E+00      2045511   1/0.80000E-02
 0.30000E+03 0.13000E-01 0.22803E+00 0.72565E+00 0.42972E-01 0.50373E-01 0.66081E+00 0.66263E+00 0.12878E-01 0.12878E-01 0.14665E+01      2045511   1/0.13000E-01
 0.30000E+03 0.32000E-01 0.92638E-01 0.20678E+00 0.11682E-01 0.12367E-01 0.21019E+00 0.20884E+00 0.62002E-02 0.62002E-02 -.17598E+00      2045511   1/0.32000E-01
 0.30000E+03 0.80000E-01 0.37055E-01 0.46781E-01 0.38316E-02 0.35421E-02 0.57568E-01 0.57490E-01 0.12717E-02 0.12717E-02 -.27950E+01      2045511   1/0.80000E-01
 0.30000E+03 0.13000E+00 0.22803E-01 0.33700E-01 0.83281E-02 0.92797E-02 0.27307E-01 0.26999E-01 0.63628E-03 0.63628E-03 0.80466E+00      2045511   1/0.13000E+00
 0.50000E+03 0.80000E-02 0.61759E+00 0.66582E+00 0.19123E+00 0.17336E+00 0.84010E+00 0.83629E+00 0.57307E-02 0.57307E-02 -.89145E+00      2045511   2/0.80000E-02
 0.50000E+03 0.13000E-01 0.38005E+00 0.52424E+00 0.29947E-01 0.32238E-01 0.53864E+00 0.53816E+00 0.11143E-01 0.11143E-01 -.46488E+00      2045511   2/0.13000E-01
 0.50000E+03 0.32000E-01 0.15440E+00 0.19580E+00 0.82564E-02 0.90224E-02 0.18667E+00 0.18519E+00 0.57632E-02 0.57632E-02 0.12848E+01      2045511   2/0.32000E-01
 0.50000E+03 0.80000E-01 0.61759E-01 0.52823E-01 0.25411E-02 0.26115E-02 0.52415E-01 0.51881E-01 0.12003E-02 0.12003E-02 0.37054E+00      2045511   2/0.80000E-01
 0.50000E+03 0.13000E+00 0.38005E-01 0.23908E-01 0.21034E-02 0.21473E-02 0.24865E-01 0.24837E-01 0.58754E-03 0.58754E-03 -.44184E+00      2045511   2/0.13000E+00
 0.10000E+04 0.13000E-01 0.76011E+00 0.31717E+00 0.21391E-01 0.22497E-01 0.32881E+00 0.32754E+00 0.75732E-02 0.75732E-02 -.48462E+00      2045511   3/0.13000E-01
 0.10000E+04 0.32000E-01 0.30879E+00 0.14431E+00 0.49849E-02 0.54755E-02 0.13572E+00 0.13480E+00 0.45935E-02 0.45935E-02 0.19081E+01      2045511   3/0.32000E-01
 0.10000E+04 0.80000E-01 0.12352E+00 0.40671E-01 0.16452E-02 0.16772E-02 0.41533E-01 0.41099E-01 0.10214E-02 0.10214E-02 -.26034E+00      2045511   3/0.80000E-01
 0.10000E+04 0.13000E+00 0.76011E-01 0.20941E-01 0.11666E-02 0.12147E-02 0.20016E-01 0.19895E-01 0.48839E-03 0.48839E-03 0.89708E+00      2045511   3/0.13000E+00
 0.10000E+04 0.25000E+00 0.39526E-01 0.58808E-02 0.69585E-03 0.70716E-03 0.57755E-02 0.57299E-02 0.22243E-03 0.22243E-03 0.21688E+00      2045511   3/0.25000E+00
 0.15000E+04 0.32000E-01 0.46319E+00 0.98212E-01 0.54540E-02 0.57531E-02 0.98593E-01 0.97881E-01 0.36618E-02 0.36618E-02 0.60645E-01      2045511   4/0.32000E-01
 0.15000E+04 0.80000E-01 0.18528E+00 0.32999E-01 0.17145E-02 0.17670E-02 0.33096E-01 0.32894E-01 0.87171E-03 0.87171E-03 0.61243E-01      2045511   4/0.80000E-01
 0.15000E+04 0.13000E+00 0.11402E+00 0.14766E-01 0.11465E-02 0.11024E-02 0.16330E-01 0.16163E-01 0.41172E-03 0.41172E-03 -.12184E+01      2045511   4/0.13000E+00
 0.15000E+04 0.25000E+00 0.59289E-01 0.50457E-02 0.45478E-03 0.47067E-03 0.47738E-02 0.47284E-02 0.18510E-03 0.18510E-03 0.69764E+00      2045511   4/0.25000E+00
 0.15000E+04 0.40000E+00 0.37055E-01 0.10004E-02 0.45204E-03 0.42080E-03 0.11548E-02 0.11416E-02 0.64287E-04 0.64287E-04 -.31235E+00      2045511   4/0.40000E+00
 0.20000E+04 0.32000E-01 0.61759E+00 0.79423E-01 0.40023E-02 0.43664E-02 0.72843E-01 0.71950E-01 0.29774E-02 0.29774E-02 0.18671E+01      2045511   5/0.32000E-01
 0.20000E+04 0.80000E-01 0.24704E+00 0.26220E-01 0.13156E-02 0.13355E-02 0.26518E-01 0.26176E-01 0.75074E-03 0.75074E-03 0.33079E-01      2045511   5/0.80000E-01
 0.20000E+04 0.13000E+00 0.15202E+00 0.13023E-01 0.91463E-03 0.91036E-03 0.13441E-01 0.13285E-01 0.35105E-03 0.35105E-03 -.28662E+00      2045511   5/0.13000E+00
 0.20000E+04 0.25000E+00 0.79051E-01 0.42520E-02 0.44447E-03 0.49167E-03 0.40033E-02 0.40544E-02 0.15642E-03 0.15642E-03 0.44461E+00      2045511   5/0.25000E+00
 0.30000E+04 0.32000E-01 0.92638E+00 0.47224E-01 0.58912E-02 0.62284E-02 0.45370E-01 0.45175E-01 0.21281E-02 0.21281E-02 0.34774E+00      2045511   6/0.32000E-01
 0.30000E+04 0.80000E-01 0.37055E+00 0.18553E-01 0.65764E-03 0.73650E-03 0.17274E-01 0.17089E-01 0.57360E-03 0.57360E-03 0.22268E+01      2045511   6/0.80000E-01
 0.30000E+04 0.13000E+00 0.22803E+00 0.94418E-02 0.42305E-03 0.44006E-03 0.92830E-02 0.91813E-02 0.26280E-03 0.26280E-03 0.61578E+00      2045511   6/0.13000E+00
 0.30000E+04 0.25000E+00 0.11858E+00 0.26184E-02 0.17962E-03 0.17276E-03 0.28964E-02 0.28771E-02 0.11516E-03 0.11516E-03 -.14400E+01      2045511   6/0.25000E+00
 0.30000E+04 0.40000E+00 0.74111E-01 0.61961E-03 0.10750E-03 0.10303E-03 0.71145E-03 0.71217E-03 0.40401E-04 0.40401E-04 -.86101E+00      2045511   6/0.40000E+00
 0.50000E+04 0.80000E-01 0.61759E+00 0.75414E-02 0.46019E-03 0.48372E-03 0.78028E-02 0.76816E-02 0.37047E-03 0.37047E-03 -.30457E+00      2045511   7/0.80000E-01
 0.50000E+04 0.13000E+00 0.38005E+00 0.45257E-02 0.24144E-03 0.24967E-03 0.46612E-02 0.45887E-02 0.16241E-03 0.16241E-03 -.26076E+00      2045511   7/0.13000E+00
 0.50000E+04 0.25000E+00 0.19763E+00 0.15381E-02 0.10065E-03 0.10011E-03 0.16299E-02 0.16092E-02 0.67683E-04 0.67683E-04 -.70617E+00      2045511   7/0.25000E+00
 0.50000E+04 0.40000E+00 0.12352E+00 0.56331E-03 0.53009E-04 0.63177E-04 0.41762E-03 0.41646E-03 0.24220E-04 0.24220E-04 0.27703E+01      2045511   7/0.40000E+00
 0.80000E+04 0.13000E+00 0.60809E+00 0.15093E-02 0.14247E-03 0.13777E-03 0.18071E-02 0.17675E-02 0.94854E-04 0.94854E-04 -.18125E+01      2045511   8/0.13000E+00
 0.80000E+04 0.25000E+00 0.31621E+00 0.74339E-03 0.57856E-04 0.59627E-04 0.76311E-03 0.75018E-03 0.34776E-04 0.34776E-04 -.11739E+00      2045511   8/0.25000E+00
 0.80000E+04 0.40000E+00 0.19763E+00 0.20493E-03 0.30164E-04 0.30062E-04 0.21341E-03 0.21202E-03 0.12774E-04 0.12774E-04 -.23506E+00      2045511   8/0.40000E+00
 0.15000E+05 0.25000E+00 0.59289E+00 0.13735E-03 0.21023E-04 0.20530E-04 0.15724E-03 0.15271E-03 0.10955E-04 0.10955E-04 -.73063E+00      2045511   9/0.25000E+00
 0.15000E+05 0.40000E+00 0.37055E+00 0.59554E-04 0.94880E-05 0.98190E-05 0.58867E-04 0.57911E-04 0.39153E-05 0.39153E-05 0.17321E+00      2045511   9/0.40000E+00
 0.30000E+05 0.40000E+00 0.74111E+00 0.54400E-05 0.35394E-05 0.39421E-05 0.47853E-05 0.44428E-05 0.68068E-06 0.68068E-06 0.28175E+00      2045511  10/0.40000E+00
     4493380
 HERA1+2 CCem                                                                    
Plot1@Experiment:HERA1+2@ExtraLabel:e^{-}p #rightarrow #nuX (CC) @XTitle: x @YTitle: d^{2}#sigma/dxdQ^{2} @Title:Q^{2} = 300  @Ymin:0.01@Xlog@Ylog
Plot2@Experiment:HERA1+2@ExtraLabel:e^{-}p #rightarrow #nuX (CC) @XTitle: x @YTitle: d^{2}#sigma/dxdQ^{2} @Title:Q^{2} = 500  @Ymin:0.01@Xlog@Ylog
Plot3@Experiment:HERA1+2@ExtraLabel:e^{-}p #rightarrow #nuX (CC) @XTitle: x @YTitle: d^{2}#sigma/dxdQ^{2} @Title:Q^{2} = 1000 @Ymin:0.001@Xlog@Ylog
Plot4@Experiment:HERA1+2@ExtraLabel:e^{-}p #rightarrow #nuX (CC) @XTitle: x @YTitle: d^{2}#sigma/dxdQ^{2} @Title:Q^{2} = 1500 @Ymin:0.001@Xlog@Ylog
Plot5@Experiment:HERA1+2@ExtraLabel:e^{-}p #rightarrow #nuX (CC) @XTitle: x @YTitle: d^{2}#sigma/dxdQ^{2} @Title:Q^{2} = 2000 @Ymin:0.001@Xlog@Ylog
Plot6@Experiment:HERA1+2@ExtraLabel:e^{-}p #rightarrow #nuX (CC) @XTitle: x @YTitle: d^{2}#sigma/dxdQ^{2} @Title:Q^{2} = 3000 @Ymin:0.0005@Xlog@Ylog
Plot7@Experiment:HERA1+2@ExtraLabel:e^{-}p #rightarrow #nuX (CC) @XTitle: x @YTitle: d^{2}#sigma/dxdQ^{2} @Title:Q^{2} = 5000 @Ymin:0.0001@Xlog@Ylog
Plot8@Experiment:HERA1+2@ExtraLabel:e^{-}p #rightarrow #nuX (CC) @XTitle: x @YTitle: d^{2}#sigma/dxdQ^{2} @Title:Q^{2} = 8000 @Ymin:0.0001@Xlog@Ylog
Plot9@Experiment:HERA1+2@ExtraLabel:e^{-}p #rightarrow #nuX (CC) @XTitle: x @YTitle: d^{2}#sigma/dxdQ^{2} @Title:Q^{2} = 15000@Ymin:0.00001@Xlog@Ylog
Plot10@Experiment:HERA1+2@ExtraLabel:e^{-}p #rightarrow #nuX (CC) @XTitle: x @YTitle: d^{2}#sigma/dxdQ^{2} @Title:Q^{2} = 30000@Ymin:0.00001@Xlog@Ylog
 Q2          x           y              data      +- uncor     +- tot     th orig         th mod   therr+         therr-     pull    iset       iplot
 0.30000E+03 0.80000E-02 0.37055E+00 0.18618E+01 0.57334E+00 0.76722E+00 0.12580E+01 0.12872E+01 0.87912E-02 0.87912E-02 0.10021E+01      4493380   1/0.80000E-02
 0.30000E+03 0.13000E-01 0.22803E+00 0.70388E+00 0.63449E-01 0.63197E-01 0.75837E+00 0.73548E+00 0.12958E-01 0.12958E-01 -.49808E+00      4493380   1/0.13000E-01
 0.30000E+03 0.32000E-01 0.92638E-01 0.26247E+00 0.20270E-01 0.21503E-01 0.25866E+00 0.25346E+00 0.59440E-02 0.59440E-02 0.44446E+00      4493380   1/0.32000E-01
 0.30000E+03 0.80000E-01 0.37055E-01 0.91028E-01 0.66287E-02 0.80511E-02 0.80110E-01 0.79138E-01 0.11930E-02 0.11930E-02 0.17937E+01      4493380   1/0.80000E-01
 0.30000E+03 0.13000E+00 0.22803E-01 0.38063E-01 0.10647E-01 0.10125E-01 0.42301E-01 0.40654E-01 0.55494E-03 0.55494E-03 -.24335E+00      4493380   1/0.13000E+00
 0.50000E+03 0.13000E-01 0.38005E+00 0.61064E+00 0.39854E-01 0.41412E-01 0.64536E+00 0.62790E+00 0.11438E-01 0.11438E-01 -.43316E+00      4493380   2/0.13000E-01
 0.50000E+03 0.32000E-01 0.15440E+00 0.21978E+00 0.13223E-01 0.13186E-01 0.23751E+00 0.23288E+00 0.55323E-02 0.55323E-02 -.99065E+00      4493380   2/0.32000E-01
 0.50000E+03 0.80000E-01 0.61759E-01 0.63485E-01 0.42222E-02 0.39577E-02 0.74938E-01 0.73306E-01 0.11026E-02 0.11026E-02 -.23259E+01      4493380   2/0.80000E-01
 0.50000E+03 0.13000E+00 0.38005E-01 0.46285E-01 0.36391E-02 0.45989E-02 0.39482E-01 0.39202E-01 0.50577E-03 0.50577E-03 0.19463E+01      4493380   2/0.13000E+00
 0.10000E+04 0.13000E-01 0.76011E+00 0.43228E+00 0.28580E-01 0.30069E-01 0.44179E+00 0.42970E+00 0.79631E-02 0.79631E-02 0.90126E-01      4493380   3/0.13000E-01
 0.10000E+04 0.32000E-01 0.30879E+00 0.18144E+00 0.88413E-02 0.89278E-02 0.18963E+00 0.18596E+00 0.43999E-02 0.43999E-02 -.51078E+00      4493380   3/0.32000E-01
 0.10000E+04 0.80000E-01 0.12352E+00 0.58715E-01 0.28082E-02 0.27668E-02 0.63669E-01 0.62278E-01 0.90435E-03 0.90435E-03 -.12687E+01      4493380   3/0.80000E-01
 0.10000E+04 0.13000E+00 0.76011E-01 0.33102E-01 0.18424E-02 0.19271E-02 0.33714E-01 0.33195E-01 0.41803E-03 0.41803E-03 -.50229E-01      4493380   3/0.13000E+00
 0.10000E+04 0.25000E+00 0.39526E-01 0.13116E-01 0.14573E-02 0.14917E-02 0.12694E-01 0.12402E-01 0.19944E-03 0.19944E-03 0.49010E+00      4493380   3/0.25000E+00
 0.15000E+04 0.32000E-01 0.46319E+00 0.14347E+00 0.11100E-01 0.10743E-01 0.15272E+00 0.14897E+00 0.34904E-02 0.34904E-02 -.49552E+00      4493380   4/0.32000E-01
 0.15000E+04 0.80000E-01 0.18528E+00 0.52158E-01 0.31529E-02 0.31241E-02 0.54580E-01 0.53351E-01 0.75184E-03 0.75184E-03 -.37822E+00      4493380   4/0.80000E-01
 0.15000E+04 0.13000E+00 0.11402E+00 0.27866E-01 0.17663E-02 0.17720E-02 0.29172E-01 0.28355E-01 0.35549E-03 0.35549E-03 -.27698E+00      4493380   4/0.13000E+00
 0.15000E+04 0.25000E+00 0.59289E-01 0.11505E-01 0.82137E-03 0.85273E-03 0.10936E-01 0.10805E-01 0.17191E-03 0.17191E-03 0.85255E+00      4493380   4/0.25000E+00
 0.15000E+04 0.40000E+00 0.37055E-01 0.48258E-02 0.71744E-03 0.82105E-03 0.37695E-02 0.37652E-02 0.64344E-04 0.64344E-04 0.14783E+01      4493380   4/0.40000E+00
 0.20000E+04 0.32000E-01 0.61759E+00 0.12372E+00 0.68116E-02 0.70199E-02 0.12528E+00 0.12414E+00 0.28224E-02 0.28224E-02 -.62028E-01      4493380   5/0.32000E-01
 0.20000E+04 0.80000E-01 0.24704E+00 0.46340E-01 0.22813E-02 0.23187E-02 0.47201E-01 0.46600E-01 0.63611E-03 0.63611E-03 -.11376E+00      4493380   5/0.80000E-01
 0.20000E+04 0.13000E+00 0.15202E+00 0.23176E-01 0.16986E-02 0.16359E-02 0.25494E-01 0.25246E-01 0.30804E-03 0.30804E-03 -.12185E+01      4493380   5/0.13000E+00
 0.20000E+04 0.25000E+00 0.79051E-01 0.10108E-01 0.10957E-02 0.13568E-02 0.95478E-02 0.98391E-02 0.15037E-03 0.15037E-03 0.24547E+00      4493380   5/0.25000E+00
 0.30000E+04 0.32000E-01 0.92638E+00 0.86065E-01 0.10696E-01 0.10349E-01 0.90920E-01 0.88288E-01 0.20000E-02 0.20000E-02 -.20787E+00      4493380   6/0.32000E-01
 0.30000E+04 0.80000E-01 0.37055E+00 0.32522E-01 0.12946E-02 0.12631E-02 0.36148E-01 0.35675E-01 0.48035E-03 0.48035E-03 -.24358E+01      4493380   6/0.80000E-01
 0.30000E+04 0.13000E+00 0.22803E+00 0.18460E-01 0.87022E-03 0.85372E-03 0.19936E-01 0.19639E-01 0.24140E-03 0.24140E-03 -.13550E+01      4493380   6/0.13000E+00
 0.30000E+04 0.25000E+00 0.11858E+00 0.75154E-02 0.38115E-03 0.39179E-03 0.74845E-02 0.74447E-02 0.11852E-03 0.11852E-03 0.18537E+00      4493380   6/0.25000E+00
 0.30000E+04 0.40000E+00 0.74111E-01 0.26072E-02 0.23013E-03 0.24189E-03 0.25237E-02 0.25422E-02 0.43044E-04 0.43044E-04 0.28240E+00      4493380   6/0.40000E+00
 0.50000E+04 0.80000E-01 0.61759E+00 0.21095E-01 0.10274E-02 0.10125E-02 0.22968E-01 0.22702E-01 0.32306E-03 0.32306E-03 -.15642E+01      4493380   7/0.80000E-01
 0.50000E+04 0.13000E+00 0.38005E+00 0.11992E-01 0.56311E-03 0.55035E-03 0.13093E-01 0.12947E-01 0.16692E-03 0.16692E-03 -.16955E+01      4493380   7/0.13000E+00
 0.50000E+04 0.25000E+00 0.19763E+00 0.46471E-02 0.23606E-03 0.23416E-03 0.49670E-02 0.49444E-02 0.79754E-04 0.79754E-04 -.12596E+01      4493380   7/0.25000E+00
 0.50000E+04 0.40000E+00 0.12352E+00 0.19005E-02 0.13486E-03 0.15312E-03 0.16524E-02 0.16842E-02 0.28221E-04 0.28221E-04 0.16040E+01      4493380   7/0.40000E+00
 0.50000E+04 0.65000E+00 0.76011E-01 0.32341E-03 0.57007E-04 0.99958E-04 0.12569E-03 0.13421E-03 0.32952E-05 0.32952E-05 0.33190E+01      4493380   7/0.65000E+00
 0.80000E+04 0.13000E+00 0.60809E+00 0.82050E-02 0.43165E-03 0.47261E-03 0.78905E-02 0.78602E-02 0.11220E-03 0.11220E-03 0.79880E+00      4493380   8/0.13000E+00
 0.80000E+04 0.25000E+00 0.31621E+00 0.28236E-02 0.16152E-03 0.16185E-03 0.30395E-02 0.30253E-02 0.49923E-04 0.49923E-04 -.12487E+01      4493380   8/0.25000E+00
 0.80000E+04 0.40000E+00 0.19763E+00 0.10278E-02 0.81440E-04 0.86718E-04 0.10012E-02 0.10174E-02 0.17154E-04 0.17154E-04 0.12777E+00      4493380   8/0.40000E+00
 0.80000E+04 0.65000E+00 0.12162E+00 0.91788E-04 0.43349E-04 0.50413E-04 0.73993E-04 0.81405E-04 0.19564E-05 0.19564E-05 0.23952E+00      4493380   8/0.65000E+00
 0.15000E+05 0.25000E+00 0.59289E+00 0.13893E-02 0.88506E-04 0.10237E-03 0.13286E-02 0.13458E-02 0.22857E-04 0.22857E-04 0.49124E+00      4493380   9/0.25000E+00
 0.15000E+05 0.40000E+00 0.37055E+00 0.39046E-03 0.34740E-04 0.35413E-04 0.43344E-03 0.44150E-03 0.74871E-05 0.74871E-05 -.14693E+01      4493380   9/0.40000E+00
 0.15000E+05 0.65000E+00 0.22803E+00 0.42399E-04 0.18353E-04 0.22762E-04 0.30916E-04 0.34615E-04 0.82621E-06 0.82621E-06 0.42412E+00      4493380   9/0.65000E+00
 0.30000E+05 0.40000E+00 0.74111E+00 0.15339E-03 0.21105E-04 0.24377E-04 0.14250E-03 0.14717E-03 0.24913E-05 0.24913E-05 0.29454E+00      4493380  10/0.40000E+00
 0.30000E+05 0.65000E+00 0.45607E+00 0.16313E-04 0.62009E-05 0.91931E-05 0.98131E-05 0.11887E-04 0.26512E-06 0.26512E-06 0.71379E+00      4493380  10/0.65000E+00
