           7
     5078562
 HERA1+2 NCep 920                                                                
Plot1@Experiment:HERA1+2@ExtraLabel:e^{+}p #rightarrow e^{+}X (NC) @XTitle: x @YTitle: #sigma_{red}  @Title:Q^{2} = 0.15 @Xlog
Plot2@Experiment:HERA1+2@ExtraLabel:e^{+}p #rightarrow e^{+}X (NC) @XTitle: x @YTitle: #sigma_{red}  @Title:Q^{2} = 0.20 @Xlog
Plot3@Experiment:HERA1+2@ExtraLabel:e^{+}p #rightarrow e^{+}X (NC) @XTitle: x @YTitle: #sigma_{red}  @Title:Q^{2} = 0.25 @Xlog
Plot4@Experiment:HERA1+2@ExtraLabel:e^{+}p #rightarrow e^{+}X (NC) @XTitle: x @YTitle: #sigma_{red}  @Title:Q^{2} = 0.35 @Xlog
Plot5@Experiment:HERA1+2@ExtraLabel:e^{+}p #rightarrow e^{+}X (NC) @XTitle: x @YTitle: #sigma_{red}  @Title:Q^{2} = 0.40  @Xlog
Plot6@Experiment:HERA1+2@ExtraLabel:e^{+}p #rightarrow e^{+}X (NC) @XTitle: x @YTitle: #sigma_{red}  @Title:Q^{2} = 0.50  @Xlog
Plot7@Experiment:HERA1+2@ExtraLabel:e^{+}p #rightarrow e^{+}X (NC) @XTitle: x @YTitle: #sigma_{red}  @Title:Q^{2} = 0.65  @Xlog
Plot8@Experiment:HERA1+2@ExtraLabel:e^{+}p #rightarrow e^{+}X (NC) @XTitle: x @YTitle: #sigma_{red}  @Title:Q^{2} = 0.85 @Xlog
Plot9@Experiment:HERA1+2@ExtraLabel:e^{+}p #rightarrow e^{+}X (NC) @XTitle: x @YTitle: #sigma_{red}  @Title:Q^{2} = 1.2 @Xlog
Plot10@Experiment:HERA1+2@ExtraLabel:e^{+}p #rightarrow e^{+}X (NC) @XTitle: x @YTitle: #sigma_{red}  @Title:Q^{2} = 1.5 @Xlog
Plot11@Experiment:HERA1+2@ExtraLabel:e^{+}p #rightarrow e^{+}X (NC) @XTitle: x @YTitle: #sigma_{red}  @Title:Q^{2} = 2.0  @Xlog
Plot12@Experiment:HERA1+2@ExtraLabel:e^{+}p #rightarrow e^{+}X (NC) @XTitle: x @YTitle: #sigma_{red}  @Title:Q^{2} = 2.5 @Xlog
Plot13@Experiment:HERA1+2@ExtraLabel:e^{+}p #rightarrow e^{+}X (NC) @XTitle: x @YTitle: #sigma_{red}  @Title:Q^{2} = 3.5 @Xlog
Plot14@Experiment:HERA1+2@ExtraLabel:e^{+}p #rightarrow e^{+}X (NC) @XTitle: x @YTitle: #sigma_{red}  @Title:Q^{2} = 4.5 @Xlog
Plot15@Experiment:HERA1+2@ExtraLabel:e^{+}p #rightarrow e^{+}X (NC) @XTitle: x @YTitle: #sigma_{red}  @Title:Q^{2} = 6.5 @Xlog
Plot16@Experiment:HERA1+2@ExtraLabel:e^{+}p #rightarrow e^{+}X (NC) @XTitle: x @YTitle: #sigma_{red}  @Title:Q^{2} = 8.5 @Xlog
Plot17@Experiment:HERA1+2@ExtraLabel:e^{+}p #rightarrow e^{+}X (NC) @XTitle: x @YTitle: #sigma_{red}  @Title:Q^{2} = 10 @Xlog
Plot18@Experiment:HERA1+2@ExtraLabel:e^{+}p #rightarrow e^{+}X (NC) @XTitle: x @YTitle: #sigma_{red}  @Title:Q^{2} = 12  @Xlog
Plot19@Experiment:HERA1+2@ExtraLabel:e^{+}p #rightarrow e^{+}X (NC) @XTitle: x @YTitle: #sigma_{red}  @Title:Q^{2} = 15  @Xlog
Plot20@Experiment:HERA1+2@ExtraLabel:e^{+}p #rightarrow e^{+}X (NC) @XTitle: x @YTitle: #sigma_{red}  @Title:Q^{2} = 18  @Xlog
Plot21@Experiment:HERA1+2@ExtraLabel:e^{+}p #rightarrow e^{+}X (NC) @XTitle: x @YTitle: #sigma_{red}  @Title:Q^{2} = 22  @Xlog
Plot22@Experiment:HERA1+2@ExtraLabel:e^{+}p #rightarrow e^{+}X (NC) @XTitle: x @YTitle: #sigma_{red}  @Title:Q^{2} = 27  @Xlog
Plot23@Experiment:HERA1+2@ExtraLabel:e^{+}p #rightarrow e^{+}X (NC) @XTitle: x @YTitle: #sigma_{red}  @Title:Q^{2} = 35  @Xlog
Plot24@Experiment:HERA1+2@ExtraLabel:e^{+}p #rightarrow e^{+}X (NC) @XTitle: x @YTitle: #sigma_{red}  @Title:Q^{2} = 45  @Xlog
 Q2          x           y              data      +- uncor     +- tot     th orig         th mod   therr+         therr-     pull    iset       iplot
 0.35000E+01 0.40600E-04 0.85185E+00 0.80554E+00 0.71143E-01 0.61623E-01 0.10437E+01 0.10011E+01 0.00000E+00 0.00000E+00 -.27486E+01      5078562  13/0.40600E-04
 0.35000E+01 0.43230E-04 0.80002E+00 0.88079E+00 0.41734E-01 0.63948E-01 0.10427E+01 0.91624E+00 0.00000E+00 0.00000E+00 -.84948E+00      5078562  13/0.43230E-04
 0.35000E+01 0.46000E-04 0.75185E+00 0.96533E+00 0.43586E-01 0.42990E-01 0.10405E+01 0.99989E+00 0.00000E+00 0.00000E+00 -.79290E+00      5078562  13/0.46000E-04
 0.35000E+01 0.51240E-04 0.67496E+00 0.94011E+00 0.31556E-01 0.37938E-01 0.10339E+01 0.98106E+00 0.00000E+00 0.00000E+00 -.12977E+01      5078562  13/0.51240E-04
 0.35000E+01 0.53100E-04 0.65132E+00 0.88015E+00 0.40162E-01 0.37144E-01 0.10311E+01 0.99868E+00 0.00000E+00 0.00000E+00 -.29512E+01      5078562  13/0.53100E-04
 0.35000E+01 0.80000E-04 0.43231E+00 0.95226E+00 0.19486E-01 0.21373E-01 0.98260E+00 0.96768E+00 0.00000E+00 0.00000E+00 -.79140E+00      5078562  13/0.80000E-04
 0.35000E+01 0.13000E-03 0.26604E+00 0.91787E+00 0.98310E-02 0.13414E-01 0.90881E+00 0.90826E+00 0.00000E+00 0.00000E+00 0.97789E+00      5078562  13/0.13000E-03
 0.35000E+01 0.20000E-03 0.17292E+00 0.85416E+00 0.91023E-02 0.12506E-01 0.84224E+00 0.84305E+00 0.00000E+00 0.00000E+00 0.12211E+01      5078562  13/0.20000E-03
 0.35000E+01 0.32000E-03 0.10808E+00 0.79091E+00 0.88190E-02 0.12111E-01 0.77361E+00 0.77565E+00 0.00000E+00 0.00000E+00 0.17298E+01      5078562  13/0.32000E-03
 0.35000E+01 0.50000E-03 0.69170E-01 0.74923E+00 0.10011E-01 0.13136E-01 0.71370E+00 0.71759E+00 0.00000E+00 0.00000E+00 0.31605E+01      5078562  13/0.50000E-03
 0.35000E+01 0.80000E-03 0.43231E-01 0.65903E+00 0.88308E-02 0.11157E-01 0.65670E+00 0.65855E+00 0.00000E+00 0.00000E+00 0.54668E-01      5078562  13/0.80000E-03
 0.35000E+01 0.13000E-02 0.26604E-01 0.62339E+00 0.98905E-02 0.12237E-01 0.60437E+00 0.60869E+00 0.00000E+00 0.00000E+00 0.14861E+01      5078562  13/0.13000E-02
 0.35000E+01 0.20000E-02 0.17292E-01 0.56840E+00 0.56715E-02 0.79950E-02 0.56333E+00 0.56686E+00 0.00000E+00 0.00000E+00 0.27078E+00      5078562  13/0.20000E-02
 0.35000E+01 0.80000E-02 0.43231E-02 0.46195E+00 0.58733E-02 0.86079E-02 0.46264E+00 0.46035E+00 0.00000E+00 0.00000E+00 0.27301E+00      5078562  13/0.80000E-02
 0.45000E+01 0.52200E-04 0.85185E+00 0.91607E+00 0.79144E-01 0.72384E-01 0.11096E+01 0.10563E+01 0.00000E+00 0.00000E+00 -.17723E+01      5078562  14/0.52200E-04
 0.45000E+01 0.59200E-04 0.75112E+00 0.97144E+00 0.43383E-01 0.41358E-01 0.11086E+01 0.10627E+01 0.00000E+00 0.00000E+00 -.21027E+01      5078562  14/0.59200E-04
 0.45000E+01 0.61760E-04 0.71999E+00 0.97035E+00 0.43148E-01 0.67269E-01 0.11070E+01 0.98125E+00 0.00000E+00 0.00000E+00 -.25273E+00      5078562  14/0.61760E-04
 0.45000E+01 0.68300E-04 0.65105E+00 0.10796E+01 0.30499E-01 0.33251E-01 0.11006E+01 0.10627E+01 0.00000E+00 0.00000E+00 0.55422E+00      5078562  14/0.68300E-04
 0.45000E+01 0.73200E-04 0.60746E+00 0.10187E+01 0.29496E-01 0.32075E-01 0.10946E+01 0.10624E+01 0.00000E+00 0.00000E+00 -.14815E+01      5078562  14/0.73200E-04
 0.45000E+01 0.81800E-04 0.54360E+00 0.10795E+01 0.16903E+00 0.16933E+00 0.10826E+01 0.10577E+01 0.00000E+00 0.00000E+00 0.12893E+00      5078562  14/0.81800E-04
 0.45000E+01 0.13000E-03 0.34205E+00 0.10204E+01 0.15363E-01 0.18799E-01 0.10143E+01 0.10018E+01 0.00000E+00 0.00000E+00 0.12098E+01      5078562  14/0.13000E-03
 0.45000E+01 0.20000E-03 0.22233E+00 0.96119E+00 0.11056E-01 0.15214E-01 0.94200E+00 0.94586E+00 0.00000E+00 0.00000E+00 0.13861E+01      5078562  14/0.20000E-03
 0.45000E+01 0.32000E-03 0.13896E+00 0.89331E+00 0.10882E-01 0.13764E-01 0.86449E+00 0.86434E+00 0.00000E+00 0.00000E+00 0.26618E+01      5078562  14/0.32000E-03
 0.45000E+01 0.50000E-03 0.88933E-01 0.79708E+00 0.96587E-02 0.12844E-01 0.79553E+00 0.79785E+00 0.00000E+00 0.00000E+00 -.79830E-01      5078562  14/0.50000E-03
 0.45000E+01 0.80000E-03 0.55583E-01 0.72028E+00 0.11126E-01 0.13144E-01 0.72905E+00 0.73240E+00 0.00000E+00 0.00000E+00 -.10890E+01      5078562  14/0.80000E-03
 0.45000E+01 0.13000E-02 0.34205E-01 0.66549E+00 0.10407E-01 0.12812E-01 0.66725E+00 0.67416E+00 0.00000E+00 0.00000E+00 -.83274E+00      5078562  14/0.13000E-02
 0.45000E+01 0.20000E-02 0.22233E-01 0.61540E+00 0.97583E-02 0.11718E-01 0.61824E+00 0.61884E+00 0.00000E+00 0.00000E+00 -.35268E+00      5078562  14/0.20000E-02
 0.45000E+01 0.32000E-02 0.13896E-01 0.57189E+00 0.79740E-02 0.10259E-01 0.57068E+00 0.57228E+00 0.00000E+00 0.00000E+00 -.48430E-01      5078562  14/0.32000E-02
 0.45000E+01 0.13000E-01 0.34205E-02 0.43009E+00 0.91660E-02 0.13033E-01 0.46334E+00 0.45005E+00 0.00000E+00 0.00000E+00 -.21771E+01      5078562  14/0.13000E-01
 0.65000E+01 0.75400E-04 0.85185E+00 0.11174E+01 0.88373E-01 0.85472E-01 0.12070E+01 0.11648E+01 0.00000E+00 0.00000E+00 -.53631E+00      5078562  15/0.75400E-04
 0.65000E+01 0.80290E-04 0.79997E+00 0.10851E+01 0.47756E-01 0.62896E-01 0.12094E+01 0.11196E+01 0.00000E+00 0.00000E+00 -.72284E+00      5078562  15/0.80290E-04
 0.65000E+01 0.85500E-04 0.75122E+00 0.10970E+01 0.41204E-01 0.45701E-01 0.12099E+01 0.11605E+01 0.00000E+00 0.00000E+00 -.15409E+01      5078562  15/0.85500E-04
 0.65000E+01 0.95150E-04 0.67503E+00 0.10838E+01 0.40635E-01 0.46201E-01 0.12063E+01 0.11492E+01 0.00000E+00 0.00000E+00 -.16094E+01      5078562  15/0.95150E-04
 0.65000E+01 0.98600E-04 0.65141E+00 0.11774E+01 0.34999E-01 0.38284E-01 0.12041E+01 0.11667E+01 0.00000E+00 0.00000E+00 0.30486E+00      5078562  15/0.98600E-04
 0.65000E+01 0.13000E-03 0.49407E+00 0.11134E+01 0.20292E-01 0.22277E-01 0.11729E+01 0.11473E+01 0.00000E+00 0.00000E+00 -.16717E+01      5078562  15/0.13000E-03
 0.65000E+01 0.20000E-03 0.32115E+00 0.11119E+01 0.12416E-01 0.16415E-01 0.10985E+01 0.10880E+01 0.00000E+00 0.00000E+00 0.19221E+01      5078562  15/0.20000E-03
 0.65000E+01 0.32000E-03 0.20072E+00 0.10013E+01 0.10061E-01 0.13625E-01 0.10080E+01 0.10040E+01 0.00000E+00 0.00000E+00 -.26842E+00      5078562  15/0.32000E-03
 0.65000E+01 0.50000E-03 0.12846E+00 0.93276E+00 0.12740E-01 0.15680E-01 0.92405E+00 0.92257E+00 0.00000E+00 0.00000E+00 0.80025E+00      5078562  15/0.50000E-03
 0.65000E+01 0.80000E-03 0.80287E-01 0.84903E+00 0.97945E-02 0.13357E-01 0.84160E+00 0.84260E+00 0.00000E+00 0.00000E+00 0.65681E+00      5078562  15/0.80000E-03
 0.65000E+01 0.13000E-02 0.49407E-01 0.75842E+00 0.10273E-01 0.12358E-01 0.76399E+00 0.76768E+00 0.00000E+00 0.00000E+00 -.90105E+00      5078562  15/0.13000E-02
 0.65000E+01 0.20000E-02 0.32115E-01 0.69498E+00 0.80835E-02 0.10161E-01 0.70180E+00 0.70120E+00 0.00000E+00 0.00000E+00 -.76944E+00      5078562  15/0.20000E-02
 0.65000E+01 0.32000E-02 0.20072E-01 0.64107E+00 0.88410E-02 0.11042E-01 0.64088E+00 0.64258E+00 0.00000E+00 0.00000E+00 -.17128E+00      5078562  15/0.32000E-02
 0.65000E+01 0.50000E-02 0.12846E-01 0.57884E+00 0.74246E-02 0.97174E-02 0.58961E+00 0.58942E+00 0.00000E+00 0.00000E+00 -.14243E+01      5078562  15/0.50000E-02
 0.65000E+01 0.13000E-01 0.49407E-02 0.48263E+00 0.97049E-02 0.14032E-01 0.50040E+00 0.48850E+00 0.00000E+00 0.00000E+00 -.60536E+00      5078562  15/0.13000E-01
 0.65000E+01 0.20000E-01 0.32115E-02 0.49769E+00 0.10442E-01 0.14369E-01 0.46902E+00 0.47368E+00 0.00000E+00 0.00000E+00 0.22994E+01      5078562  15/0.20000E-01
 0.85000E+01 0.98600E-04 0.85185E+00 0.11609E+01 0.47382E-01 0.46707E-01 0.12744E+01 0.12236E+01 0.00000E+00 0.00000E+00 -.13236E+01      5078562  16/0.98600E-04
 0.85000E+01 0.10499E-03 0.80000E+00 0.11832E+01 0.58038E-01 0.71952E-01 0.12784E+01 0.11855E+01 0.00000E+00 0.00000E+00 -.38965E-01      5078562  16/0.10499E-03
 0.85000E+01 0.11180E-03 0.75127E+00 0.11798E+01 0.39677E-01 0.47557E-01 0.12800E+01 0.12403E+01 0.00000E+00 0.00000E+00 -.15248E+01      5078562  16/0.11180E-03
 0.85000E+01 0.12443E-03 0.67501E+00 0.12585E+01 0.31850E-01 0.37888E-01 0.12776E+01 0.12488E+01 0.00000E+00 0.00000E+00 0.30611E+00      5078562  16/0.12443E-03
 0.85000E+01 0.12900E-03 0.65110E+00 0.12318E+01 0.30193E-01 0.34759E-01 0.12754E+01 0.12398E+01 0.00000E+00 0.00000E+00 -.26595E+00      5078562  16/0.12900E-03
 0.85000E+01 0.13900E-03 0.60426E+00 0.12565E+01 0.72985E-01 0.76827E-01 0.12692E+01 0.12576E+01 0.00000E+00 0.00000E+00 -.14889E-01      5078562  16/0.13900E-03
 0.85000E+01 0.20000E-03 0.41996E+00 0.11948E+01 0.19180E-01 0.22217E-01 0.12145E+01 0.11919E+01 0.00000E+00 0.00000E+00 0.14921E+00      5078562  16/0.20000E-03
 0.85000E+01 0.32000E-03 0.26248E+00 0.11070E+01 0.11587E-01 0.15480E-01 0.11183E+01 0.11080E+01 0.00000E+00 0.00000E+00 -.88768E-01      5078562  16/0.32000E-03
 0.85000E+01 0.50000E-03 0.16798E+00 0.10137E+01 0.12601E-01 0.15571E-01 0.10233E+01 0.10171E+01 0.00000E+00 0.00000E+00 -.27033E+00      5078562  16/0.50000E-03
 0.85000E+01 0.80000E-03 0.10499E+00 0.93089E+00 0.11025E-01 0.13862E-01 0.92810E+00 0.92649E+00 0.00000E+00 0.00000E+00 0.39904E+00      5078562  16/0.80000E-03
 0.85000E+01 0.13000E-02 0.64609E-01 0.83932E+00 0.10327E-01 0.13010E-01 0.83771E+00 0.83729E+00 0.00000E+00 0.00000E+00 0.19631E+00      5078562  16/0.13000E-02
 0.85000E+01 0.20000E-02 0.41996E-01 0.76863E+00 0.12585E-01 0.14594E-01 0.76493E+00 0.76624E+00 0.00000E+00 0.00000E+00 0.19021E+00      5078562  16/0.20000E-02
 0.85000E+01 0.32000E-02 0.26248E-01 0.66098E+00 0.11543E-01 0.13065E-01 0.69339E+00 0.69243E+00 0.00000E+00 0.00000E+00 -.27250E+01      5078562  16/0.32000E-02
 0.85000E+01 0.50000E-02 0.16798E-01 0.63241E+00 0.92961E-02 0.11693E-01 0.63299E+00 0.63256E+00 0.00000E+00 0.00000E+00 -.16052E-01      5078562  16/0.50000E-02
 0.85000E+01 0.20000E-01 0.41996E-02 0.45624E+00 0.98530E-02 0.13502E-01 0.48972E+00 0.47147E+00 0.00000E+00 0.00000E+00 -.15460E+01      5078562  16/0.20000E-01
 0.10000E+02 0.32000E-03 0.30879E+00 0.11381E+01 0.25961E-01 0.28421E-01 0.11862E+01 0.11629E+01 0.00000E+00 0.00000E+00 -.95599E+00      5078562  17/0.32000E-03
 0.10000E+02 0.50000E-03 0.19763E+00 0.10581E+01 0.23019E-01 0.24758E-01 0.10852E+01 0.10694E+01 0.00000E+00 0.00000E+00 -.49130E+00      5078562  17/0.50000E-03
 0.10000E+02 0.80000E-03 0.12352E+00 0.97675E+00 0.22126E-01 0.23789E-01 0.98210E+00 0.97028E+00 0.00000E+00 0.00000E+00 0.29232E+00      5078562  17/0.80000E-03
 0.10000E+02 0.13000E-02 0.76011E-01 0.88846E+00 0.21653E-01 0.23643E-01 0.88353E+00 0.86613E+00 0.00000E+00 0.00000E+00 0.10311E+01      5078562  17/0.13000E-02
 0.10000E+02 0.20000E-02 0.49407E-01 0.80175E+00 0.21701E-01 0.23352E-01 0.80399E+00 0.79441E+00 0.00000E+00 0.00000E+00 0.33823E+00      5078562  17/0.20000E-02
 0.10000E+02 0.50000E-02 0.19763E-01 0.62751E+00 0.88010E-02 0.11049E-01 0.65951E+00 0.65390E+00 0.00000E+00 0.00000E+00 -.29982E+01      5078562  17/0.50000E-02
 0.10000E+02 0.20000E-01 0.49407E-02 0.51306E+00 0.83246E-02 0.11652E-01 0.50212E+00 0.50030E+00 0.00000E+00 0.00000E+00 0.15328E+01      5078562  17/0.20000E-01
 0.12000E+02 0.13920E-03 0.85185E+00 0.12808E+01 0.45846E-01 0.46993E-01 0.13521E+01 0.13020E+01 0.00000E+00 0.00000E+00 -.46252E+00      5078562  18/0.13920E-03
 0.12000E+02 0.16100E-03 0.73650E+00 0.13400E+01 0.22822E-01 0.32495E-01 0.13608E+01 0.13230E+01 0.00000E+00 0.00000E+00 0.74643E+00      5078562  18/0.16100E-03
 0.12000E+02 0.18210E-03 0.65116E+00 0.12951E+01 0.28718E-01 0.35765E-01 0.13567E+01 0.13299E+01 0.00000E+00 0.00000E+00 -.12126E+01      5078562  18/0.18210E-03
 0.12000E+02 0.20000E-03 0.59289E+00 0.12935E+01 0.14408E-01 0.28281E-01 0.13479E+01 0.13033E+01 0.00000E+00 0.00000E+00 -.68252E+00      5078562  18/0.20000E-03
 0.12000E+02 0.32000E-03 0.37055E+00 0.12227E+01 0.11916E-01 0.17262E-01 0.12617E+01 0.12376E+01 0.00000E+00 0.00000E+00 -.12498E+01      5078562  18/0.32000E-03
 0.12000E+02 0.50000E-03 0.23715E+00 0.11453E+01 0.97091E-02 0.14219E-01 0.11557E+01 0.11371E+01 0.00000E+00 0.00000E+00 0.84631E+00      5078562  18/0.50000E-03
 0.12000E+02 0.80000E-03 0.14822E+00 0.10454E+01 0.90686E-02 0.13079E-01 0.10438E+01 0.10291E+01 0.00000E+00 0.00000E+00 0.17939E+01      5078562  18/0.80000E-03
 0.12000E+02 0.13000E-02 0.91213E-01 0.93471E+00 0.12353E-01 0.14886E-01 0.93590E+00 0.92837E+00 0.00000E+00 0.00000E+00 0.51317E+00      5078562  18/0.13000E-02
 0.12000E+02 0.20000E-02 0.59289E-01 0.85138E+00 0.11836E-01 0.13868E-01 0.84847E+00 0.84528E+00 0.00000E+00 0.00000E+00 0.51556E+00      5078562  18/0.20000E-02
 0.12000E+02 0.32000E-02 0.37055E-01 0.75383E+00 0.13412E-01 0.15220E-01 0.76233E+00 0.76122E+00 0.00000E+00 0.00000E+00 -.55112E+00      5078562  18/0.32000E-02
 0.12000E+02 0.50000E-02 0.23715E-01 0.67921E+00 0.10474E-01 0.12415E-01 0.68948E+00 0.68917E+00 0.00000E+00 0.00000E+00 -.95096E+00      5078562  18/0.50000E-02
 0.12000E+02 0.20000E-01 0.59289E-02 0.49046E+00 0.10543E-01 0.13759E-01 0.51592E+00 0.50129E+00 0.00000E+00 0.00000E+00 -.10275E+01      5078562  18/0.20000E-01
 0.15000E+02 0.17410E-03 0.85136E+00 0.13403E+01 0.55060E-01 0.56049E-01 0.13954E+01 0.13428E+01 0.00000E+00 0.00000E+00 -.45789E-01      5078562  19/0.17410E-03
 0.15000E+02 0.20000E-03 0.74111E+00 0.13862E+01 0.39310E-01 0.41927E-01 0.14050E+01 0.13588E+01 0.00000E+00 0.00000E+00 0.69711E+00      5078562  19/0.20000E-03
 0.15000E+02 0.22760E-03 0.65124E+00 0.13300E+01 0.40908E-01 0.42004E-01 0.14009E+01 0.13559E+01 0.00000E+00 0.00000E+00 -.63404E+00      5078562  19/0.22760E-03
 0.15000E+02 0.32000E-03 0.46319E+00 0.13127E+01 0.14714E-01 0.24341E-01 0.13493E+01 0.13112E+01 0.00000E+00 0.00000E+00 0.10521E+00      5078562  19/0.32000E-03
 0.15000E+02 0.50000E-03 0.29644E+00 0.12068E+01 0.98986E-02 0.14930E-01 0.12423E+01 0.12209E+01 0.00000E+00 0.00000E+00 -.14214E+01      5078562  19/0.50000E-03
 0.15000E+02 0.80000E-03 0.18528E+00 0.11049E+01 0.88116E-02 0.13169E-01 0.11209E+01 0.11030E+01 0.00000E+00 0.00000E+00 0.21755E+00      5078562  19/0.80000E-03
 0.15000E+02 0.13000E-02 0.11402E+00 0.97884E+00 0.82953E-02 0.12194E-01 0.10013E+01 0.98337E+00 0.00000E+00 0.00000E+00 -.54652E+00      5078562  19/0.13000E-02
 0.15000E+02 0.20000E-02 0.74111E-01 0.86832E+00 0.76213E-02 0.11523E-01 0.90387E+00 0.88591E+00 0.00000E+00 0.00000E+00 -.23078E+01      5078562  19/0.20000E-02
 0.15000E+02 0.32000E-02 0.46319E-01 0.78328E+00 0.76838E-02 0.10529E-01 0.80774E+00 0.79291E+00 0.00000E+00 0.00000E+00 -.12529E+01      5078562  19/0.32000E-02
 0.15000E+02 0.50000E-02 0.29644E-01 0.71299E+00 0.62035E-02 0.89716E-02 0.72643E+00 0.71478E+00 0.00000E+00 0.00000E+00 -.28874E+00      5078562  19/0.50000E-02
 0.15000E+02 0.80000E-02 0.18528E-01 0.63212E+00 0.57309E-02 0.79770E-02 0.65101E+00 0.64107E+00 0.00000E+00 0.00000E+00 -.15625E+01      5078562  19/0.80000E-02
 0.15000E+02 0.20000E-01 0.74111E-02 0.52935E+00 0.61586E-02 0.94764E-02 0.53265E+00 0.53135E+00 0.00000E+00 0.00000E+00 -.32525E+00      5078562  19/0.20000E-01
 0.18000E+02 0.20900E-03 0.85103E+00 0.13704E+01 0.57292E-01 0.57958E-01 0.14261E+01 0.13759E+01 0.00000E+00 0.00000E+00 -.96580E-01      5078562  20/0.20900E-03
 0.18000E+02 0.23700E-03 0.75049E+00 0.13788E+01 0.30740E-01 0.35736E-01 0.14359E+01 0.13912E+01 0.00000E+00 0.00000E+00 -.40283E+00      5078562  20/0.23700E-03
 0.18000E+02 0.26800E-03 0.66368E+00 0.13718E+01 0.19162E-01 0.27789E-01 0.14329E+01 0.14038E+01 0.00000E+00 0.00000E+00 -.16725E+01      5078562  20/0.26800E-03
 0.18000E+02 0.32800E-03 0.54227E+00 0.13825E+01 0.18053E-01 0.29130E-01 0.14077E+01 0.13906E+01 0.00000E+00 0.00000E+00 -.44808E+00      5078562  20/0.32800E-03
 0.18000E+02 0.50000E-03 0.35573E+00 0.12806E+01 0.11130E-01 0.18437E-01 0.13118E+01 0.12887E+01 0.00000E+00 0.00000E+00 -.72520E+00      5078562  20/0.50000E-03
 0.18000E+02 0.80000E-03 0.22233E+00 0.11553E+01 0.86357E-02 0.13572E-01 0.11843E+01 0.11639E+01 0.00000E+00 0.00000E+00 -.10012E+01      5078562  20/0.80000E-03
 0.18000E+02 0.13000E-02 0.13682E+00 0.10378E+01 0.80209E-02 0.12327E-01 0.10555E+01 0.10377E+01 0.00000E+00 0.00000E+00 0.14784E-01      5078562  20/0.13000E-02
 0.18000E+02 0.20000E-02 0.88933E-01 0.93994E+00 0.75943E-02 0.11449E-01 0.94974E+00 0.93412E+00 0.00000E+00 0.00000E+00 0.76687E+00      5078562  20/0.20000E-02
 0.18000E+02 0.32000E-02 0.55583E-01 0.82948E+00 0.70394E-02 0.10324E-01 0.84525E+00 0.83039E+00 0.00000E+00 0.00000E+00 -.12988E+00      5078562  20/0.32000E-02
 0.18000E+02 0.50000E-02 0.35573E-01 0.74380E+00 0.61668E-02 0.89575E-02 0.75683E+00 0.74461E+00 0.00000E+00 0.00000E+00 -.13059E+00      5078562  20/0.50000E-02
 0.18000E+02 0.80000E-02 0.22233E-01 0.66400E+00 0.54070E-02 0.84352E-02 0.67483E+00 0.66313E+00 0.00000E+00 0.00000E+00 0.16091E+00      5078562  20/0.80000E-02
 0.18000E+02 0.20000E-01 0.88933E-02 0.53574E+00 0.10055E-01 0.13519E-01 0.54616E+00 0.54151E+00 0.00000E+00 0.00000E+00 -.57401E+00      5078562  20/0.20000E-01
 0.22000E+02 0.29000E-03 0.74963E+00 0.14338E+01 0.38329E-01 0.44225E-01 0.14607E+01 0.14257E+01 0.00000E+00 0.00000E+00 0.21031E+00      5078562  21/0.29000E-03
 0.22000E+02 0.32000E-03 0.67935E+00 0.14306E+01 0.44796E-01 0.48074E-01 0.14589E+01 0.14277E+01 0.00000E+00 0.00000E+00 0.64500E-01      5078562  21/0.32000E-03
 0.22000E+02 0.34500E-03 0.63012E+00 0.14102E+01 0.26811E-01 0.32039E-01 0.14528E+01 0.14295E+01 0.00000E+00 0.00000E+00 -.71842E+00      5078562  21/0.34500E-03
 0.22000E+02 0.38800E-03 0.56029E+00 0.13925E+01 0.19317E-01 0.27496E-01 0.14365E+01 0.14196E+01 0.00000E+00 0.00000E+00 -.14025E+01      5078562  21/0.38800E-03
 0.22000E+02 0.50000E-03 0.43478E+00 0.13823E+01 0.17670E-01 0.26795E-01 0.13821E+01 0.13627E+01 0.00000E+00 0.00000E+00 0.11073E+01      5078562  21/0.50000E-03
 0.22000E+02 0.59200E-03 0.36721E+00 0.13265E+01 0.15980E-01 0.25419E-01 0.13379E+01 0.13200E+01 0.00000E+00 0.00000E+00 0.40488E+00      5078562  21/0.59200E-03
 0.22000E+02 0.80000E-03 0.27174E+00 0.12290E+01 0.12461E-01 0.20136E-01 0.12527E+01 0.12332E+01 0.00000E+00 0.00000E+00 -.33665E+00      5078562  21/0.80000E-03
 0.22000E+02 0.13000E-02 0.16722E+00 0.10574E+01 0.29162E-01 0.30380E-01 0.11144E+01 0.10907E+01 0.00000E+00 0.00000E+00 -.11414E+01      5078562  21/0.13000E-02
 0.22000E+02 0.20000E-02 0.10870E+00 0.99039E+00 0.16826E-01 0.21166E-01 0.99974E+00 0.97548E+00 0.00000E+00 0.00000E+00 0.88623E+00      5078562  21/0.20000E-02
 0.22000E+02 0.32000E-02 0.67935E-01 0.90023E+00 0.25112E-01 0.26555E-01 0.88592E+00 0.87962E+00 0.00000E+00 0.00000E+00 0.82084E+00      5078562  21/0.32000E-02
 0.22000E+02 0.50000E-02 0.43478E-01 0.76900E+00 0.19783E-01 0.21034E-01 0.78966E+00 0.78332E+00 0.00000E+00 0.00000E+00 -.72387E+00      5078562  21/0.50000E-02
 0.22000E+02 0.80000E-02 0.27174E-01 0.65607E+00 0.17719E-01 0.18783E-01 0.70048E+00 0.69689E+00 0.00000E+00 0.00000E+00 -.23035E+01      5078562  21/0.80000E-02
 0.22000E+02 0.13000E-01 0.16722E-01 0.58566E+00 0.16321E-01 0.17156E-01 0.62086E+00 0.61562E+00 0.00000E+00 0.00000E+00 -.18357E+01      5078562  21/0.13000E-01
 0.22000E+02 0.32000E-01 0.67935E-02 0.51943E+00 0.12321E-01 0.15794E-01 0.50503E+00 0.50206E+00 0.00000E+00 0.00000E+00 0.14097E+01      5078562  21/0.32000E-01
 0.27000E+02 0.31400E-03 0.84968E+00 0.14802E+01 0.67538E-01 0.70218E-01 0.14738E+01 0.14208E+01 0.00000E+00 0.00000E+00 0.87876E+00      5078562  22/0.31400E-03
 0.27000E+02 0.35500E-03 0.75154E+00 0.14408E+01 0.41231E-01 0.43426E-01 0.14834E+01 0.14378E+01 0.00000E+00 0.00000E+00 0.71981E-01      5078562  22/0.35500E-03
 0.27000E+02 0.41000E-03 0.65073E+00 0.14618E+01 0.33672E-01 0.37741E-01 0.14772E+01 0.14315E+01 0.00000E+00 0.00000E+00 0.89938E+00      5078562  22/0.41000E-03
 0.27000E+02 0.50000E-03 0.53360E+00 0.14108E+01 0.14621E-01 0.22133E-01 0.14462E+01 0.14090E+01 0.00000E+00 0.00000E+00 0.12042E+00      5078562  22/0.50000E-03
 0.27000E+02 0.80000E-03 0.33350E+00 0.12885E+01 0.10523E-01 0.15719E-01 0.13223E+01 0.12995E+01 0.00000E+00 0.00000E+00 -.10438E+01      5078562  22/0.80000E-03
 0.27000E+02 0.13000E-02 0.20523E+00 0.11536E+01 0.94164E-02 0.14039E-01 0.11763E+01 0.11571E+01 0.00000E+00 0.00000E+00 -.37274E+00      5078562  22/0.13000E-02
 0.27000E+02 0.20000E-02 0.13340E+00 0.10437E+01 0.86832E-02 0.12726E-01 0.10523E+01 0.10350E+01 0.00000E+00 0.00000E+00 0.99864E+00      5078562  22/0.20000E-02
 0.27000E+02 0.32000E-02 0.83374E-01 0.91323E+00 0.78164E-02 0.11391E-01 0.92875E+00 0.91396E+00 0.00000E+00 0.00000E+00 -.93970E-01      5078562  22/0.32000E-02
 0.27000E+02 0.50000E-02 0.53360E-01 0.79956E+00 0.69494E-02 0.10060E-01 0.82411E+00 0.81024E+00 0.00000E+00 0.00000E+00 -.15368E+01      5078562  22/0.50000E-02
 0.27000E+02 0.80000E-02 0.33350E-01 0.70730E+00 0.63525E-02 0.88412E-02 0.72719E+00 0.71524E+00 0.00000E+00 0.00000E+00 -.12504E+01      5078562  22/0.80000E-02
 0.27000E+02 0.13000E-01 0.20523E-01 0.63457E+00 0.55115E-02 0.83836E-02 0.64080E+00 0.63064E+00 0.00000E+00 0.00000E+00 0.71269E+00      5078562  22/0.13000E-01
 0.27000E+02 0.20000E-01 0.13340E-01 0.57643E+00 0.65738E-02 0.10149E-01 0.57544E+00 0.56382E+00 0.00000E+00 0.00000E+00 0.19190E+01      5078562  22/0.20000E-01
 0.27000E+02 0.32000E-01 0.83374E-02 0.52693E+00 0.97323E-02 0.13438E-01 0.51521E+00 0.51478E+00 0.00000E+00 0.00000E+00 0.12480E+01      5078562  22/0.32000E-01
 0.35000E+02 0.46030E-03 0.75136E+00 0.14273E+01 0.33325E-01 0.36389E-01 0.15019E+01 0.14587E+01 0.00000E+00 0.00000E+00 -.94226E+00      5078562  23/0.46030E-03
 0.35000E+02 0.50000E-03 0.69170E+00 0.14719E+01 0.35256E-01 0.38662E-01 0.14990E+01 0.14673E+01 0.00000E+00 0.00000E+00 0.13061E+00      5078562  23/0.50000E-03
 0.35000E+02 0.53110E-03 0.65120E+00 0.14398E+01 0.21826E-01 0.26501E-01 0.14933E+01 0.14612E+01 0.00000E+00 0.00000E+00 -.97886E+00      5078562  23/0.53110E-03
 0.35000E+02 0.61600E-03 0.56144E+00 0.14580E+01 0.23223E-01 0.29329E-01 0.14693E+01 0.14499E+01 0.00000E+00 0.00000E+00 0.34929E+00      5078562  23/0.61600E-03
 0.35000E+02 0.65700E-03 0.52641E+00 0.14332E+01 0.19017E-01 0.26541E-01 0.14553E+01 0.14382E+01 0.00000E+00 0.00000E+00 -.26531E+00      5078562  23/0.65700E-03
 0.35000E+02 0.80000E-03 0.43231E+00 0.13864E+01 0.10755E-01 0.18071E-01 0.14041E+01 0.13779E+01 0.00000E+00 0.00000E+00 0.79258E+00      5078562  23/0.80000E-03
 0.35000E+02 0.10000E-02 0.34585E+00 0.13115E+01 0.13635E-01 0.21757E-01 0.13366E+01 0.13157E+01 0.00000E+00 0.00000E+00 -.30544E+00      5078562  23/0.10000E-02
 0.35000E+02 0.13000E-02 0.26604E+00 0.12224E+01 0.79669E-02 0.13980E-01 0.12536E+01 0.12326E+01 0.00000E+00 0.00000E+00 -.12864E+01      5078562  23/0.13000E-02
 0.35000E+02 0.20000E-02 0.17292E+00 0.10990E+01 0.84072E-02 0.12932E-01 0.11190E+01 0.11001E+01 0.00000E+00 0.00000E+00 -.13346E+00      5078562  23/0.20000E-02
 0.35000E+02 0.32000E-02 0.10808E+00 0.96333E+00 0.72766E-02 0.11427E-01 0.98311E+00 0.96394E+00 0.00000E+00 0.00000E+00 -.83238E-01      5078562  23/0.32000E-02
 0.35000E+02 0.50000E-02 0.69170E-01 0.85070E+00 0.69625E-02 0.10254E-01 0.86773E+00 0.85377E+00 0.00000E+00 0.00000E+00 -.44111E+00      5078562  23/0.50000E-02
 0.35000E+02 0.80000E-02 0.43231E-01 0.74595E+00 0.63193E-02 0.92532E-02 0.76104E+00 0.74803E+00 0.00000E+00 0.00000E+00 -.32940E+00      5078562  23/0.80000E-02
 0.35000E+02 0.13000E-01 0.26604E-01 0.66090E+00 0.60037E-02 0.84116E-02 0.66583E+00 0.65622E+00 0.00000E+00 0.00000E+00 0.77896E+00      5078562  23/0.13000E-01
 0.35000E+02 0.20000E-01 0.17292E-01 0.59057E+00 0.53513E-02 0.86579E-02 0.59400E+00 0.58246E+00 0.00000E+00 0.00000E+00 0.15162E+01      5078562  23/0.20000E-01
 0.35000E+02 0.32000E-01 0.10808E-01 0.51678E+00 0.64730E-02 0.99770E-02 0.52782E+00 0.52365E+00 0.00000E+00 0.00000E+00 -.10614E+01      5078562  23/0.32000E-01
 0.35000E+02 0.80000E-01 0.43231E-02 0.44824E+00 0.17080E-01 0.23200E-01 0.42864E+00 0.43173E+00 0.00000E+00 0.00000E+00 0.96651E+00      5078562  23/0.80000E-01
 0.45000E+02 0.59000E-03 0.75367E+00 0.14678E+01 0.50162E-01 0.53265E-01 0.15073E+01 0.14774E+01 0.00000E+00 0.00000E+00 -.19063E+00      5078562  24/0.59000E-03
 0.45000E+02 0.63410E-03 0.70125E+00 0.14511E+01 0.28587E-01 0.32104E-01 0.15037E+01 0.14622E+01 0.00000E+00 0.00000E+00 -.38794E+00      5078562  24/0.63410E-03
 0.45000E+02 0.70000E-03 0.63523E+00 0.14853E+01 0.37186E-01 0.41217E-01 0.14925E+01 0.14710E+01 0.00000E+00 0.00000E+00 0.38574E+00      5078562  24/0.70000E-03
 0.45000E+02 0.80000E-03 0.55583E+00 0.14601E+01 0.15824E-01 0.21514E-01 0.14669E+01 0.14387E+01 0.00000E+00 0.00000E+00 0.13552E+01      5078562  24/0.80000E-03
 0.45000E+02 0.92000E-03 0.48333E+00 0.13877E+01 0.22304E-01 0.27818E-01 0.14316E+01 0.14163E+01 0.00000E+00 0.00000E+00 -.12826E+01      5078562  24/0.92000E-03
 0.45000E+02 0.11000E-02 0.40424E+00 0.13707E+01 0.19772E-01 0.25378E-01 0.13786E+01 0.13598E+01 0.00000E+00 0.00000E+00 0.55063E+00      5078562  24/0.11000E-02
 0.45000E+02 0.13000E-02 0.34205E+00 0.12940E+01 0.93642E-02 0.15710E-01 0.13248E+01 0.13030E+01 0.00000E+00 0.00000E+00 -.95939E+00      5078562  24/0.13000E-02
 0.45000E+02 0.20000E-02 0.22233E+00 0.11521E+01 0.81133E-02 0.13142E-01 0.11825E+01 0.11623E+01 0.00000E+00 0.00000E+00 -.12569E+01      5078562  24/0.20000E-02
 0.45000E+02 0.32000E-02 0.13896E+00 0.10050E+01 0.73492E-02 0.11817E-01 0.10352E+01 0.10146E+01 0.00000E+00 0.00000E+00 -.13004E+01      5078562  24/0.32000E-02
 0.45000E+02 0.50000E-02 0.88933E-01 0.89644E+00 0.75464E-02 0.10698E-01 0.90947E+00 0.89712E+00 0.00000E+00 0.00000E+00 -.90738E-01      5078562  24/0.50000E-02
 0.45000E+02 0.80000E-02 0.55583E-01 0.78040E+00 0.67253E-02 0.92873E-02 0.79321E+00 0.78226E+00 0.00000E+00 0.00000E+00 -.27590E+00      5078562  24/0.80000E-02
 0.45000E+02 0.13000E-01 0.34205E-01 0.67916E+00 0.63861E-02 0.87862E-02 0.68950E+00 0.67998E+00 0.00000E+00 0.00000E+00 -.12883E+00      5078562  24/0.13000E-01
 0.45000E+02 0.20000E-01 0.22233E-01 0.60058E+00 0.55480E-02 0.80253E-02 0.61139E+00 0.60124E+00 0.00000E+00 0.00000E+00 -.11876E+00      5078562  24/0.20000E-01
 0.45000E+02 0.32000E-01 0.13896E-01 0.53286E+00 0.74479E-02 0.95520E-02 0.53957E+00 0.52976E+00 0.00000E+00 0.00000E+00 0.41623E+00      5078562  24/0.32000E-01
 0.45000E+02 0.50000E-01 0.88933E-02 0.48495E+00 0.98442E-02 0.12701E-01 0.48283E+00 0.48204E+00 0.00000E+00 0.00000E+00 0.29525E+00      5078562  24/0.50000E-01
 0.60000E+02 0.80000E-03 0.74111E+00 0.14700E+01 0.27656E-01 0.30380E-01 0.14974E+01 0.14774E+01 0.00000E+00 0.00000E+00 -.26714E+00      5078562 999/0.80000E-03
 0.60000E+02 0.86000E-03 0.68940E+00 0.15457E+01 0.42435E-01 0.47861E-01 0.14908E+01 0.14663E+01 0.00000E+00 0.00000E+00 0.18705E+01      5078562 999/0.86000E-03
 0.60000E+02 0.94000E-03 0.63073E+00 0.15253E+01 0.41873E-01 0.47577E-01 0.14781E+01 0.14596E+01 0.00000E+00 0.00000E+00 0.15698E+01      5078562 999/0.94000E-03
 0.60000E+02 0.11000E-02 0.53899E+00 0.14591E+01 0.27400E-01 0.34967E-01 0.14433E+01 0.14296E+01 0.00000E+00 0.00000E+00 0.10752E+01      5078562 999/0.11000E-02
 0.60000E+02 0.13000E-02 0.45607E+00 0.13909E+01 0.13685E-01 0.19034E-01 0.13955E+01 0.13720E+01 0.00000E+00 0.00000E+00 0.13824E+01      5078562 999/0.13000E-02
 0.60000E+02 0.15000E-02 0.39526E+00 0.13166E+01 0.22608E-01 0.26797E-01 0.13496E+01 0.13280E+01 0.00000E+00 0.00000E+00 -.50373E+00      5078562 999/0.15000E-02
 0.60000E+02 0.20000E-02 0.29644E+00 0.12342E+01 0.82335E-02 0.13935E-01 0.12517E+01 0.12327E+01 0.00000E+00 0.00000E+00 0.17885E+00      5078562 999/0.20000E-02
 0.60000E+02 0.32000E-02 0.18528E+00 0.10771E+01 0.77802E-02 0.12054E-01 0.10936E+01 0.10744E+01 0.00000E+00 0.00000E+00 0.34494E+00      5078562 999/0.32000E-02
 0.60000E+02 0.50000E-02 0.11858E+00 0.93215E+00 0.71994E-02 0.10806E-01 0.95638E+00 0.93827E+00 0.00000E+00 0.00000E+00 -.85017E+00      5078562 999/0.50000E-02
 0.60000E+02 0.80000E-02 0.74111E-01 0.81850E+00 0.76116E-02 0.10677E-01 0.82907E+00 0.81793E+00 0.00000E+00 0.00000E+00 0.74670E-01      5078562 999/0.80000E-02
 0.60000E+02 0.13000E-01 0.45607E-01 0.70548E+00 0.71269E-02 0.95323E-02 0.71576E+00 0.70541E+00 0.00000E+00 0.00000E+00 0.10242E-01      5078562 999/0.13000E-01
 0.60000E+02 0.20000E-01 0.29644E-01 0.63101E+00 0.66544E-02 0.90430E-02 0.63054E+00 0.62081E+00 0.00000E+00 0.00000E+00 0.15328E+01      5078562 999/0.20000E-01
 0.60000E+02 0.32000E-01 0.18528E-01 0.55175E+00 0.62840E-02 0.84676E-02 0.55225E+00 0.54227E+00 0.00000E+00 0.00000E+00 0.15079E+01      5078562 999/0.32000E-01
 0.60000E+02 0.50000E-01 0.11858E-01 0.50917E+00 0.86046E-02 0.11387E-01 0.49048E+00 0.48931E+00 0.00000E+00 0.00000E+00 0.23082E+01      5078562 999/0.50000E-01
 0.60000E+02 0.13000E+00 0.45607E-02 0.39468E+00 0.18750E-01 0.22624E-01 0.38259E+00 0.38371E+00 0.00000E+00 0.00000E+00 0.58531E+00      5078562 999/0.13000E+00
 0.70000E+02 0.92200E-03 0.75022E+00 0.13851E+01 0.91961E-01 0.88454E-01 0.14865E+01 0.14479E+01 0.00000E+00 0.00000E+00 -.68279E+00      5078562 999/0.92200E-03
 0.70000E+02 0.10000E-02 0.69170E+00 0.14335E+01 0.49327E-01 0.51574E-01 0.14787E+01 0.14517E+01 0.00000E+00 0.00000E+00 -.36942E+00      5078562 999/0.10000E-02
 0.70000E+02 0.11000E-02 0.62882E+00 0.15062E+01 0.41566E-01 0.47249E-01 0.14639E+01 0.14477E+01 0.00000E+00 0.00000E+00 0.14069E+01      5078562 999/0.11000E-02
 0.70000E+02 0.12400E-02 0.55782E+00 0.14447E+01 0.33526E-01 0.38468E-01 0.14368E+01 0.14152E+01 0.00000E+00 0.00000E+00 0.87925E+00      5078562 999/0.12400E-02
 0.70000E+02 0.13000E-02 0.53208E+00 0.14142E+01 0.26591E-01 0.33457E-01 0.14244E+01 0.14087E+01 0.00000E+00 0.00000E+00 0.20672E+00      5078562 999/0.13000E-02
 0.70000E+02 0.20000E-02 0.34585E+00 0.12456E+01 0.22728E-01 0.27225E-01 0.12860E+01 0.12667E+01 0.00000E+00 0.00000E+00 -.92920E+00      5078562 999/0.20000E-02
 0.70000E+02 0.25000E-02 0.27668E+00 0.11900E+01 0.16419E-01 0.21672E-01 0.12080E+01 0.11879E+01 0.00000E+00 0.00000E+00 0.12749E+00      5078562 999/0.25000E-02
 0.70000E+02 0.32000E-02 0.21616E+00 0.10842E+01 0.13327E-01 0.16581E-01 0.11238E+01 0.11016E+01 0.00000E+00 0.00000E+00 -.13060E+01      5078562 999/0.32000E-02
 0.70000E+02 0.50000E-02 0.13834E+00 0.95805E+00 0.10817E-01 0.14486E-01 0.98088E+00 0.95525E+00 0.00000E+00 0.00000E+00 0.25846E+00      5078562 999/0.50000E-02
 0.70000E+02 0.80000E-02 0.86462E-01 0.81942E+00 0.14070E-01 0.15381E-01 0.84788E+00 0.83602E+00 0.00000E+00 0.00000E+00 -.11798E+01      5078562 999/0.80000E-02
 0.70000E+02 0.13000E-01 0.53208E-01 0.71615E+00 0.14153E-01 0.16283E-01 0.72938E+00 0.72221E+00 0.00000E+00 0.00000E+00 -.42839E+00      5078562 999/0.13000E-01
 0.70000E+02 0.20000E-01 0.34585E-01 0.63677E+00 0.12090E-01 0.13658E-01 0.64039E+00 0.63330E+00 0.00000E+00 0.00000E+00 0.28680E+00      5078562 999/0.20000E-01
 0.70000E+02 0.32000E-01 0.21616E-01 0.56107E+00 0.12841E-01 0.13829E-01 0.55875E+00 0.55162E+00 0.00000E+00 0.00000E+00 0.73575E+00      5078562 999/0.32000E-01
 0.70000E+02 0.50000E-01 0.13834E-01 0.51168E+00 0.92484E-02 0.11591E-01 0.49439E+00 0.49329E+00 0.00000E+00 0.00000E+00 0.19879E+01      5078562 999/0.50000E-01
 0.90000E+02 0.13000E-02 0.68410E+00 0.14785E+01 0.23546E-01 0.27687E-01 0.14478E+01 0.14365E+01 0.00000E+00 0.00000E+00 0.17855E+01      5078562 999/0.13000E-02
 0.90000E+02 0.15000E-02 0.59289E+00 0.14175E+01 0.21541E-01 0.36329E-01 0.14190E+01 0.14094E+01 0.00000E+00 0.00000E+00 0.37395E+00      5078562 999/0.15000E-02
 0.90000E+02 0.20000E-02 0.44466E+00 0.13275E+01 0.16485E-01 0.20857E-01 0.13344E+01 0.13136E+01 0.00000E+00 0.00000E+00 0.84310E+00      5078562 999/0.20000E-02
 0.90000E+02 0.32000E-02 0.27791E+00 0.11653E+01 0.10634E-01 0.14976E-01 0.11705E+01 0.11534E+01 0.00000E+00 0.00000E+00 0.11177E+01      5078562 999/0.32000E-02
 0.90000E+02 0.50000E-02 0.17787E+00 0.10233E+01 0.93433E-02 0.13033E-01 0.10196E+01 0.10042E+01 0.00000E+00 0.00000E+00 0.20489E+01      5078562 999/0.50000E-02
 0.90000E+02 0.80000E-02 0.11117E+00 0.88253E+00 0.90891E-02 0.12083E-01 0.87765E+00 0.86425E+00 0.00000E+00 0.00000E+00 0.20111E+01      5078562 999/0.80000E-02
 0.90000E+02 0.13000E-01 0.68410E-01 0.75350E+00 0.85378E-02 0.11051E-01 0.75088E+00 0.74347E+00 0.00000E+00 0.00000E+00 0.11748E+01      5078562 999/0.13000E-01
 0.90000E+02 0.20000E-01 0.44466E-01 0.64913E+00 0.73947E-02 0.95196E-02 0.65584E+00 0.64546E+00 0.00000E+00 0.00000E+00 0.49691E+00      5078562 999/0.20000E-01
 0.90000E+02 0.32000E-01 0.27791E-01 0.55688E+00 0.70169E-02 0.86173E-02 0.56880E+00 0.55891E+00 0.00000E+00 0.00000E+00 -.28860E+00      5078562 999/0.32000E-01
 0.90000E+02 0.50000E-01 0.17787E-01 0.48827E+00 0.72336E-02 0.89000E-02 0.50030E+00 0.49295E+00 0.00000E+00 0.00000E+00 -.64651E+00      5078562 999/0.50000E-01
 0.90000E+02 0.80000E-01 0.11117E-01 0.43610E+00 0.67708E-02 0.84500E-02 0.43940E+00 0.43629E+00 0.00000E+00 0.00000E+00 -.28694E-01      5078562 999/0.80000E-01
 0.90000E+02 0.18000E+00 0.49407E-02 0.34268E+00 0.14690E-01 0.17584E-01 0.34002E+00 0.33528E+00 0.00000E+00 0.00000E+00 0.50344E+00      5078562 999/0.18000E+00
 0.12000E+03 0.16000E-02 0.74111E+00 0.14098E+01 0.22705E-01 0.26055E-01 0.14126E+01 0.14010E+01 0.00000E+00 0.00000E+00 0.38921E+00      5078562 999/0.16000E-02
 0.12000E+03 0.17200E-02 0.68940E+00 0.14442E+01 0.56477E-01 0.60674E-01 0.14022E+01 0.13757E+01 0.00000E+00 0.00000E+00 0.12138E+01      5078562 999/0.17200E-02
 0.12000E+03 0.18800E-02 0.63073E+00 0.14127E+01 0.47925E-01 0.52110E-01 0.13844E+01 0.13624E+01 0.00000E+00 0.00000E+00 0.10495E+01      5078562 999/0.18800E-02
 0.12000E+03 0.20000E-02 0.59289E+00 0.13613E+01 0.13024E-01 0.23049E-01 0.13694E+01 0.13581E+01 0.00000E+00 0.00000E+00 0.24871E+00      5078562 999/0.20000E-02
 0.12000E+03 0.21200E-02 0.55933E+00 0.13859E+01 0.37720E-01 0.42435E-01 0.13535E+01 0.13302E+01 0.00000E+00 0.00000E+00 0.14779E+01      5078562 999/0.21200E-02
 0.12000E+03 0.27000E-02 0.43917E+00 0.12459E+01 0.34087E-01 0.37139E-01 0.12773E+01 0.12587E+01 0.00000E+00 0.00000E+00 -.37600E+00      5078562 999/0.27000E-02
 0.12000E+03 0.32000E-02 0.37055E+00 0.12083E+01 0.10398E-01 0.14629E-01 0.12181E+01 0.12010E+01 0.00000E+00 0.00000E+00 0.69915E+00      5078562 999/0.32000E-02
 0.12000E+03 0.50000E-02 0.23715E+00 0.10415E+01 0.11552E-01 0.15111E-01 0.10614E+01 0.10452E+01 0.00000E+00 0.00000E+00 -.32143E+00      5078562 999/0.50000E-02
 0.12000E+03 0.80000E-02 0.14822E+00 0.89275E+00 0.87986E-02 0.12330E-01 0.91027E+00 0.89047E+00 0.00000E+00 0.00000E+00 0.25935E+00      5078562 999/0.80000E-02
 0.12000E+03 0.13000E-01 0.91213E-01 0.77383E+00 0.10074E-01 0.12473E-01 0.77448E+00 0.76379E+00 0.00000E+00 0.00000E+00 0.99656E+00      5078562 999/0.13000E-01
 0.12000E+03 0.20000E-01 0.59289E-01 0.66608E+00 0.86163E-02 0.11150E-01 0.67271E+00 0.66671E+00 0.00000E+00 0.00000E+00 -.72591E-01      5078562 999/0.20000E-01
 0.12000E+03 0.32000E-01 0.37055E-01 0.57394E+00 0.84040E-02 0.10094E-01 0.57957E+00 0.57033E+00 0.00000E+00 0.00000E+00 0.42939E+00      5078562 999/0.32000E-01
 0.12000E+03 0.50000E-01 0.23715E-01 0.48591E+00 0.71337E-02 0.87393E-02 0.50647E+00 0.49837E+00 0.00000E+00 0.00000E+00 -.17470E+01      5078562 999/0.50000E-01
 0.12000E+03 0.80000E-01 0.14822E-01 0.44081E+00 0.65811E-02 0.92918E-02 0.44174E+00 0.44003E+00 0.00000E+00 0.00000E+00 0.11827E+00      5078562 999/0.80000E-01
 0.12000E+03 0.18000E+00 0.65876E-02 0.33234E+00 0.12064E-01 0.13234E-01 0.33735E+00 0.33205E+00 0.00000E+00 0.00000E+00 0.24075E-01      5078562 999/0.18000E+00
 0.15000E+03 0.20000E-02 0.74111E+00 0.13807E+01 0.23983E-01 0.27270E-01 0.13696E+01 0.13581E+01 0.00000E+00 0.00000E+00 0.94310E+00      5078562 999/0.20000E-02
 0.15000E+03 0.32000E-02 0.46319E+00 0.12348E+01 0.11216E-01 0.16862E-01 0.12472E+01 0.12342E+01 0.00000E+00 0.00000E+00 0.49983E-01      5078562 999/0.32000E-02
 0.15000E+03 0.50000E-02 0.29644E+00 0.10778E+01 0.10197E-01 0.13349E-01 0.10912E+01 0.10765E+01 0.00000E+00 0.00000E+00 0.12337E+00      5078562 999/0.50000E-02
 0.15000E+03 0.80000E-02 0.18528E+00 0.92693E+00 0.11883E-01 0.14157E-01 0.93430E+00 0.92330E+00 0.00000E+00 0.00000E+00 0.30524E+00      5078562 999/0.80000E-02
 0.15000E+03 0.13000E-01 0.11402E+00 0.79740E+00 0.13497E-01 0.16036E-01 0.79197E+00 0.78530E+00 0.00000E+00 0.00000E+00 0.89663E+00      5078562 999/0.13000E-01
 0.15000E+03 0.20000E-01 0.74111E-01 0.68714E+00 0.12445E-01 0.15065E-01 0.68514E+00 0.68166E+00 0.00000E+00 0.00000E+00 0.44001E+00      5078562 999/0.20000E-01
 0.15000E+03 0.32000E-01 0.46319E-01 0.58336E+00 0.11957E-01 0.13959E-01 0.58747E+00 0.58534E+00 0.00000E+00 0.00000E+00 -.16557E+00      5078562 999/0.32000E-01
 0.15000E+03 0.50000E-01 0.29644E-01 0.50911E+00 0.10646E-01 0.11863E-01 0.51090E+00 0.50624E+00 0.00000E+00 0.00000E+00 0.26961E+00      5078562 999/0.50000E-01
 0.15000E+03 0.80000E-01 0.18528E-01 0.44360E+00 0.85822E-02 0.10138E-01 0.44329E+00 0.44219E+00 0.00000E+00 0.00000E+00 0.16476E+00      5078562 999/0.80000E-01
 0.15000E+03 0.18000E+00 0.82345E-02 0.32437E+00 0.11184E-01 0.12136E-01 0.33526E+00 0.33144E+00 0.00000E+00 0.00000E+00 -.63210E+00      5078562 999/0.18000E+00
 0.20000E+03 0.26000E-02 0.76011E+00 0.13123E+01 0.24955E-01 0.27623E-01 0.13094E+01 0.12979E+01 0.00000E+00 0.00000E+00 0.57903E+00      5078562 999/0.26000E-02
 0.20000E+03 0.32000E-02 0.61759E+00 0.12484E+01 0.14702E-01 0.21159E-01 0.12661E+01 0.12552E+01 0.00000E+00 0.00000E+00 -.46317E+00      5078562 999/0.32000E-02
 0.20000E+03 0.50000E-02 0.39526E+00 0.11099E+01 0.86590E-02 0.12935E-01 0.11238E+01 0.11117E+01 0.00000E+00 0.00000E+00 -.20604E+00      5078562 999/0.50000E-02
 0.20000E+03 0.80000E-02 0.24704E+00 0.94762E+00 0.62920E-02 0.10164E-01 0.96314E+00 0.95258E+00 0.00000E+00 0.00000E+00 -.78815E+00      5078562 999/0.80000E-02
 0.20000E+03 0.13000E-01 0.15202E+00 0.80850E+00 0.49051E-02 0.84217E-02 0.81335E+00 0.80431E+00 0.00000E+00 0.00000E+00 0.85386E+00      5078562 999/0.13000E-01
 0.20000E+03 0.20000E-01 0.98814E-01 0.70105E+00 0.46527E-02 0.76577E-02 0.70033E+00 0.69273E+00 0.00000E+00 0.00000E+00 0.17874E+01      5078562 999/0.20000E-01
 0.20000E+03 0.32000E-01 0.61759E-01 0.58242E+00 0.43771E-02 0.67766E-02 0.59707E+00 0.58830E+00 0.00000E+00 0.00000E+00 -.13444E+01      5078562 999/0.32000E-01
 0.20000E+03 0.50000E-01 0.39526E-01 0.51982E+00 0.39241E-02 0.60171E-02 0.51624E+00 0.50882E+00 0.00000E+00 0.00000E+00 0.28026E+01      5078562 999/0.50000E-01
 0.20000E+03 0.80000E-01 0.24704E-01 0.43827E+00 0.29633E-02 0.49851E-02 0.44503E+00 0.43736E+00 0.00000E+00 0.00000E+00 0.30623E+00      5078562 999/0.80000E-01
 0.20000E+03 0.13000E+00 0.15202E-01 0.36173E+00 0.84620E-02 0.88818E-02 0.37902E+00 0.37496E+00 0.00000E+00 0.00000E+00 -.15635E+01      5078562 999/0.13000E+00
 0.20000E+03 0.18000E+00 0.10979E-01 0.34253E+00 0.31069E-02 0.54325E-02 0.33255E+00 0.33201E+00 0.00000E+00 0.00000E+00 0.33856E+01      5078562 999/0.18000E+00
 0.20000E+03 0.25000E+00 0.79051E-02 0.27760E+00 0.15226E-01 0.16529E-01 0.27560E+00 0.27394E+00 0.00000E+00 0.00000E+00 0.24067E+00      5078562 999/0.25000E+00
 0.20000E+03 0.40000E+00 0.49407E-02 0.13952E+00 0.96539E-02 0.10327E-01 0.15842E+00 0.15875E+00 0.00000E+00 0.00000E+00 -.19923E+01      5078562 999/0.40000E+00
 0.25000E+03 0.33000E-02 0.74859E+00 0.12800E+01 0.24963E-01 0.27868E-01 0.12515E+01 0.12396E+01 0.00000E+00 0.00000E+00 0.16201E+01      5078562 999/0.33000E-02
 0.25000E+03 0.50000E-02 0.49407E+00 0.11266E+01 0.11596E-01 0.15513E-01 0.11416E+01 0.11296E+01 0.00000E+00 0.00000E+00 -.26202E+00      5078562 999/0.50000E-02
 0.25000E+03 0.80000E-02 0.30879E+00 0.95192E+00 0.68257E-02 0.10512E-01 0.98313E+00 0.96939E+00 0.00000E+00 0.00000E+00 -.25602E+01      5078562 999/0.80000E-02
 0.25000E+03 0.13000E-01 0.19003E+00 0.82679E+00 0.57438E-02 0.91438E-02 0.82888E+00 0.81935E+00 0.00000E+00 0.00000E+00 0.12947E+01      5078562 999/0.13000E-01
 0.25000E+03 0.20000E-01 0.12352E+00 0.70742E+00 0.57589E-02 0.82938E-02 0.71146E+00 0.70348E+00 0.00000E+00 0.00000E+00 0.68401E+00      5078562 999/0.20000E-01
 0.25000E+03 0.32000E-01 0.77199E-01 0.59220E+00 0.52748E-02 0.73550E-02 0.60404E+00 0.59578E+00 0.00000E+00 0.00000E+00 -.67827E+00      5078562 999/0.32000E-01
 0.25000E+03 0.50000E-01 0.49407E-01 0.51873E+00 0.43372E-02 0.63332E-02 0.52004E+00 0.51215E+00 0.00000E+00 0.00000E+00 0.15161E+01      5078562 999/0.50000E-01
 0.25000E+03 0.80000E-01 0.30879E-01 0.44019E+00 0.31700E-02 0.51297E-02 0.44619E+00 0.43837E+00 0.00000E+00 0.00000E+00 0.57318E+00      5078562 999/0.80000E-01
 0.25000E+03 0.13000E+00 0.19003E-01 0.36738E+00 0.65904E-02 0.73470E-02 0.37809E+00 0.37378E+00 0.00000E+00 0.00000E+00 -.97072E+00      5078562 999/0.13000E+00
 0.25000E+03 0.18000E+00 0.13724E-01 0.33173E+00 0.35500E-02 0.53069E-02 0.33045E+00 0.32890E+00 0.00000E+00 0.00000E+00 0.79716E+00      5078562 999/0.18000E+00
 0.25000E+03 0.25000E+00 0.98814E-02 0.26745E+00 0.11544E-01 0.12478E-01 0.27253E+00 0.27095E+00 0.00000E+00 0.00000E+00 -.30322E+00      5078562 999/0.25000E+00
 0.25000E+03 0.40000E+00 0.61759E-02 0.14200E+00 0.76905E-02 0.88115E-02 0.15499E+00 0.15536E+00 0.00000E+00 0.00000E+00 -.17373E+01      5078562 999/0.40000E+00
 0.30000E+03 0.39000E-02 0.76011E+00 0.12182E+01 0.25182E-01 0.27546E-01 0.12064E+01 0.11949E+01 0.00000E+00 0.00000E+00 0.92606E+00      5078562 999/0.39000E-02
 0.30000E+03 0.50000E-02 0.59289E+00 0.11418E+01 0.17171E-01 0.20798E-01 0.11479E+01 0.11361E+01 0.00000E+00 0.00000E+00 0.33068E+00      5078562 999/0.50000E-02
 0.30000E+03 0.80000E-02 0.37055E+00 0.96895E+00 0.80140E-02 0.11505E-01 0.99714E+00 0.98369E+00 0.00000E+00 0.00000E+00 -.18398E+01      5078562 999/0.80000E-02
 0.30000E+03 0.13000E-01 0.22803E+00 0.81291E+00 0.62113E-02 0.91127E-02 0.84072E+00 0.83000E+00 0.00000E+00 0.00000E+00 -.27520E+01      5078562 999/0.13000E-01
 0.30000E+03 0.20000E-01 0.14822E+00 0.70310E+00 0.59414E-02 0.83927E-02 0.72007E+00 0.70973E+00 0.00000E+00 0.00000E+00 -.11154E+01      5078562 999/0.20000E-01
 0.30000E+03 0.32000E-01 0.92638E-01 0.59769E+00 0.60829E-02 0.79330E-02 0.60945E+00 0.60139E+00 0.00000E+00 0.00000E+00 -.60816E+00      5078562 999/0.32000E-01
 0.30000E+03 0.50000E-01 0.59289E-01 0.50663E+00 0.48773E-02 0.64822E-02 0.52296E+00 0.51523E+00 0.00000E+00 0.00000E+00 -.17630E+01      5078562 999/0.50000E-01
 0.30000E+03 0.80000E-01 0.37055E-01 0.43264E+00 0.38409E-02 0.54341E-02 0.44703E+00 0.43868E+00 0.00000E+00 0.00000E+00 -.15732E+01      5078562 999/0.80000E-01
 0.30000E+03 0.13000E+00 0.22803E-01 0.37132E+00 0.71839E-02 0.80386E-02 0.37728E+00 0.37172E+00 0.00000E+00 0.00000E+00 -.55156E-01      5078562 999/0.13000E+00
 0.30000E+03 0.18000E+00 0.16469E-01 0.32720E+00 0.33709E-02 0.46401E-02 0.32875E+00 0.32309E+00 0.00000E+00 0.00000E+00 0.12206E+01      5078562 999/0.18000E+00
 0.30000E+03 0.25000E+00 0.11858E-01 0.26834E+00 0.13296E-01 0.14604E-01 0.27008E+00 0.26871E+00 0.00000E+00 0.00000E+00 -.28185E-01      5078562 999/0.25000E+00
 0.30000E+03 0.40000E+00 0.74111E-02 0.15900E+00 0.53553E-02 0.66169E-02 0.15230E+00 0.15335E+00 0.00000E+00 0.00000E+00 0.10551E+01      5078562 999/0.40000E+00
 0.40000E+03 0.53000E-02 0.74577E+00 0.11812E+01 0.24668E-01 0.27578E-01 0.11235E+01 0.11129E+01 0.00000E+00 0.00000E+00 0.27705E+01      5078562 999/0.53000E-02
 0.40000E+03 0.80000E-02 0.49407E+00 0.10179E+01 0.10495E-01 0.14002E-01 0.10122E+01 0.10014E+01 0.00000E+00 0.00000E+00 0.15735E+01      5078562 999/0.80000E-02
 0.40000E+03 0.13000E-01 0.30404E+00 0.84354E+00 0.82647E-02 0.10779E-01 0.85722E+00 0.84776E+00 0.00000E+00 0.00000E+00 -.51050E+00      5078562 999/0.13000E-01
 0.40000E+03 0.20000E-01 0.19763E+00 0.71427E+00 0.73108E-02 0.92585E-02 0.73265E+00 0.72258E+00 0.00000E+00 0.00000E+00 -.11366E+01      5078562 999/0.20000E-01
 0.40000E+03 0.32000E-01 0.12352E+00 0.60189E+00 0.60050E-02 0.78402E-02 0.61741E+00 0.60859E+00 0.00000E+00 0.00000E+00 -.11160E+01      5078562 999/0.32000E-01
 0.40000E+03 0.50000E-01 0.79051E-01 0.51198E+00 0.50698E-02 0.67402E-02 0.52721E+00 0.51910E+00 0.00000E+00 0.00000E+00 -.14037E+01      5078562 999/0.50000E-01
 0.40000E+03 0.80000E-01 0.49407E-01 0.43587E+00 0.43622E-02 0.57040E-02 0.44824E+00 0.44024E+00 0.00000E+00 0.00000E+00 -.10028E+01      5078562 999/0.80000E-01
 0.40000E+03 0.13000E+00 0.30404E-01 0.36703E+00 0.40072E-02 0.50970E-02 0.37598E+00 0.36939E+00 0.00000E+00 0.00000E+00 -.58968E+00      5078562 999/0.13000E+00
 0.40000E+03 0.18000E+00 0.21959E-01 0.31959E+00 0.97893E-02 0.10606E-01 0.32612E+00 0.32568E+00 0.00000E+00 0.00000E+00 -.62194E+00      5078562 999/0.18000E+00
 0.40000E+03 0.25000E+00 0.15810E-01 0.26134E+00 0.39481E-02 0.47774E-02 0.26636E+00 0.26089E+00 0.00000E+00 0.00000E+00 0.11467E+00      5078562 999/0.25000E+00
 0.40000E+03 0.40000E+00 0.98814E-02 0.16017E+00 0.47268E-02 0.61100E-02 0.14826E+00 0.14949E+00 0.00000E+00 0.00000E+00 0.22594E+01      5078562 999/0.40000E+00
 0.50000E+03 0.66000E-02 0.74859E+00 0.10516E+01 0.24081E-01 0.25579E-01 0.10601E+01 0.10493E+01 0.00000E+00 0.00000E+00 0.97530E-01      5078562 999/0.66000E-02
 0.50000E+03 0.80000E-02 0.61759E+00 0.99848E+00 0.19655E-01 0.21582E-01 0.10139E+01 0.10031E+01 0.00000E+00 0.00000E+00 -.23446E+00      5078562 999/0.80000E-02
 0.50000E+03 0.13000E-01 0.38005E+00 0.87521E+00 0.12596E-01 0.14736E-01 0.86721E+00 0.85811E+00 0.00000E+00 0.00000E+00 0.13572E+01      5078562 999/0.13000E-01
 0.50000E+03 0.20000E-01 0.24704E+00 0.74136E+00 0.10870E-01 0.12507E-01 0.74127E+00 0.73255E+00 0.00000E+00 0.00000E+00 0.81027E+00      5078562 999/0.20000E-01
 0.50000E+03 0.32000E-01 0.15440E+00 0.61906E+00 0.92075E-02 0.10587E-01 0.62301E+00 0.61568E+00 0.00000E+00 0.00000E+00 0.36729E+00      5078562 999/0.32000E-01
 0.50000E+03 0.50000E-01 0.98814E-01 0.53349E+00 0.84301E-02 0.97849E-02 0.53017E+00 0.52282E+00 0.00000E+00 0.00000E+00 0.12661E+01      5078562 999/0.50000E-01
 0.50000E+03 0.80000E-01 0.61759E-01 0.44276E+00 0.71729E-02 0.81469E-02 0.44900E+00 0.44194E+00 0.00000E+00 0.00000E+00 0.11444E+00      5078562 999/0.80000E-01
 0.50000E+03 0.13000E+00 0.38005E-01 0.37672E+00 0.71822E-02 0.80929E-02 0.37495E+00 0.36875E+00 0.00000E+00 0.00000E+00 0.11099E+01      5078562 999/0.13000E+00
 0.50000E+03 0.18000E+00 0.27448E-01 0.31275E+00 0.73197E-02 0.78087E-02 0.32412E+00 0.32040E+00 0.00000E+00 0.00000E+00 -.10451E+01      5078562 999/0.18000E+00
 0.50000E+03 0.25000E+00 0.19763E-01 0.26133E+00 0.78941E-02 0.90092E-02 0.26358E+00 0.26414E+00 0.00000E+00 0.00000E+00 -.35646E+00      5078562 999/0.25000E+00
 0.50000E+03 0.40000E+00 0.12352E-01 0.17198E+00 0.11622E-01 0.15225E-01 0.14529E+00 0.14636E+00 0.00000E+00 0.00000E+00 0.22043E+01      5078562 999/0.40000E+00
 0.65000E+03 0.85000E-02 0.75564E+00 0.10003E+01 0.25177E-01 0.26778E-01 0.98624E+00 0.97590E+00 0.00000E+00 0.00000E+00 0.96897E+00      5078562 999/0.85000E-02
 0.65000E+03 0.13000E-01 0.49407E+00 0.86196E+00 0.10454E-01 0.12763E-01 0.87369E+00 0.86252E+00 0.00000E+00 0.00000E+00 -.53172E-01      5078562 999/0.13000E-01
 0.65000E+03 0.20000E-01 0.32115E+00 0.74569E+00 0.89000E-02 0.10784E-01 0.74954E+00 0.74128E+00 0.00000E+00 0.00000E+00 0.49544E+00      5078562 999/0.20000E-01
 0.65000E+03 0.32000E-01 0.20072E+00 0.62722E+00 0.77049E-02 0.92779E-02 0.62880E+00 0.62049E+00 0.00000E+00 0.00000E+00 0.87344E+00      5078562 999/0.32000E-01
 0.65000E+03 0.50000E-01 0.12846E+00 0.52044E+00 0.64369E-02 0.77868E-02 0.53324E+00 0.52751E+00 0.00000E+00 0.00000E+00 -.10979E+01      5078562 999/0.50000E-01
 0.65000E+03 0.80000E-01 0.80287E-01 0.43784E+00 0.56563E-02 0.66954E-02 0.44967E+00 0.44438E+00 0.00000E+00 0.00000E+00 -.11570E+01      5078562 999/0.80000E-01
 0.65000E+03 0.13000E+00 0.49407E-01 0.36151E+00 0.51902E-02 0.60279E-02 0.37370E+00 0.36686E+00 0.00000E+00 0.00000E+00 -.10302E+01      5078562 999/0.13000E+00
 0.65000E+03 0.18000E+00 0.35683E-01 0.33431E+00 0.78547E-02 0.87918E-02 0.32182E+00 0.31702E+00 0.00000E+00 0.00000E+00 0.22018E+01      5078562 999/0.18000E+00
 0.65000E+03 0.25000E+00 0.25692E-01 0.24797E+00 0.43995E-02 0.49549E-02 0.26042E+00 0.25853E+00 0.00000E+00 0.00000E+00 -.24013E+01      5078562 999/0.25000E+00
 0.65000E+03 0.40000E+00 0.16057E-01 0.14541E+00 0.58917E-02 0.67458E-02 0.14199E+00 0.14143E+00 0.00000E+00 0.00000E+00 0.67596E+00      5078562 999/0.40000E+00
 0.65000E+03 0.65000E+00 0.98814E-02 0.22762E-01 0.32848E-02 0.37682E-02 0.19649E-01 0.19774E-01 0.00000E+00 0.00000E+00 0.90973E+00      5078562 999/0.65000E+00
 0.80000E+03 0.10500E-01 0.75287E+00 0.93246E+00 0.26716E-01 0.28077E-01 0.92317E+00 0.91411E+00 0.00000E+00 0.00000E+00 0.68674E+00      5078562 999/0.10500E-01
 0.80000E+03 0.13000E-01 0.60809E+00 0.84371E+00 0.13541E-01 0.15477E-01 0.87218E+00 0.86232E+00 0.00000E+00 0.00000E+00 -.13741E+01      5078562 999/0.13000E-01
 0.80000E+03 0.20000E-01 0.39526E+00 0.73302E+00 0.10784E-01 0.12264E-01 0.75382E+00 0.74566E+00 0.00000E+00 0.00000E+00 -.11725E+01      5078562 999/0.20000E-01
 0.80000E+03 0.32000E-01 0.24704E+00 0.62669E+00 0.86178E-02 0.10018E-01 0.63250E+00 0.62624E+00 0.00000E+00 0.00000E+00 0.52638E-01      5078562 999/0.32000E-01
 0.80000E+03 0.50000E-01 0.15810E+00 0.52486E+00 0.70462E-02 0.82651E-02 0.53524E+00 0.52840E+00 0.00000E+00 0.00000E+00 -.50299E+00      5078562 999/0.50000E-01
 0.80000E+03 0.80000E-01 0.98814E-01 0.45793E+00 0.63754E-02 0.76190E-02 0.45001E+00 0.44489E+00 0.00000E+00 0.00000E+00 0.20451E+01      5078562 999/0.80000E-01
 0.80000E+03 0.13000E+00 0.60809E-01 0.35825E+00 0.57910E-02 0.64815E-02 0.37267E+00 0.36589E+00 0.00000E+00 0.00000E+00 -.13201E+01      5078562 999/0.13000E+00
 0.80000E+03 0.18000E+00 0.43917E-01 0.33130E+00 0.85879E-02 0.93292E-02 0.32003E+00 0.31576E+00 0.00000E+00 0.00000E+00 0.18100E+01      5078562 999/0.18000E+00
 0.80000E+03 0.25000E+00 0.31621E-01 0.25179E+00 0.48187E-02 0.53720E-02 0.25802E+00 0.25388E+00 0.00000E+00 0.00000E+00 -.43459E+00      5078562 999/0.25000E+00
 0.80000E+03 0.40000E+00 0.19763E-01 0.13194E+00 0.62553E-02 0.65501E-02 0.13951E+00 0.13930E+00 0.00000E+00 0.00000E+00 -.11765E+01      5078562 999/0.40000E+00
 0.80000E+03 0.65000E+00 0.12162E-01 0.20694E-01 0.27329E-02 0.30504E-02 0.18984E-01 0.19157E-01 0.00000E+00 0.00000E+00 0.56246E+00      5078562 999/0.65000E+00
 0.10000E+04 0.13000E-01 0.76011E+00 0.82262E+00 0.22948E-01 0.26292E-01 0.86045E+00 0.85309E+00 0.00000E+00 0.00000E+00 -.13280E+01      5078562 999/0.13000E-01
 0.10000E+04 0.20000E-01 0.49407E+00 0.73614E+00 0.15864E-01 0.16876E-01 0.75485E+00 0.74676E+00 0.00000E+00 0.00000E+00 -.66932E+00      5078562 999/0.20000E-01
 0.10000E+04 0.32000E-01 0.30879E+00 0.62490E+00 0.13080E-01 0.14018E-01 0.63517E+00 0.62781E+00 0.00000E+00 0.00000E+00 -.22220E+00      5078562 999/0.32000E-01
 0.10000E+04 0.50000E-01 0.19763E+00 0.53197E+00 0.12167E-01 0.12884E-01 0.53677E+00 0.53047E+00 0.00000E+00 0.00000E+00 0.12356E+00      5078562 999/0.50000E-01
 0.10000E+04 0.80000E-01 0.12352E+00 0.44693E+00 0.10196E-01 0.10864E-01 0.45011E+00 0.44343E+00 0.00000E+00 0.00000E+00 0.34351E+00      5078562 999/0.80000E-01
 0.10000E+04 0.13000E+00 0.76011E-01 0.36188E+00 0.10326E-01 0.10701E-01 0.37148E+00 0.36599E+00 0.00000E+00 0.00000E+00 -.39800E+00      5078562 999/0.13000E+00
 0.10000E+04 0.18000E+00 0.54897E-01 0.31330E+00 0.91817E-02 0.95193E-02 0.31813E+00 0.31302E+00 0.00000E+00 0.00000E+00 0.30178E-01      5078562 999/0.18000E+00
 0.10000E+04 0.25000E+00 0.39526E-01 0.25532E+00 0.85798E-02 0.90246E-02 0.25554E+00 0.25350E+00 0.00000E+00 0.00000E+00 0.21215E+00      5078562 999/0.25000E+00
 0.10000E+04 0.40000E+00 0.24704E-01 0.13439E+00 0.75444E-02 0.79279E-02 0.13698E+00 0.13712E+00 0.00000E+00 0.00000E+00 -.36249E+00      5078562 999/0.40000E+00
 0.10000E+04 0.65000E+00 0.15202E-01 0.19892E-01 0.29704E-02 0.32667E-02 0.18317E-01 0.18465E-01 0.00000E+00 0.00000E+00 0.48037E+00      5078562 999/0.65000E+00
 0.12000E+04 0.14000E-01 0.84698E+00 0.83181E+00 0.19171E-01 0.23977E-01 0.82898E+00 0.81648E+00 0.00000E+00 0.00000E+00 0.79968E+00      5078562 999/0.14000E-01
 0.12000E+04 0.20000E-01 0.59289E+00 0.75510E+00 0.13019E-01 0.14691E-01 0.75150E+00 0.74108E+00 0.00000E+00 0.00000E+00 0.10772E+01      5078562 999/0.20000E-01
 0.12000E+04 0.32000E-01 0.37055E+00 0.63185E+00 0.99537E-02 0.11275E-01 0.63584E+00 0.62896E+00 0.00000E+00 0.00000E+00 0.29034E+00      5078562 999/0.32000E-01
 0.12000E+04 0.50000E-01 0.23715E+00 0.51863E+00 0.73576E-02 0.84129E-02 0.53734E+00 0.52994E+00 0.00000E+00 0.00000E+00 -.15378E+01      5078562 999/0.50000E-01
 0.12000E+04 0.80000E-01 0.14822E+00 0.44089E+00 0.63848E-02 0.73448E-02 0.44987E+00 0.44427E+00 0.00000E+00 0.00000E+00 -.52891E+00      5078562 999/0.80000E-01
 0.12000E+04 0.13000E+00 0.91213E-01 0.36077E+00 0.57306E-02 0.64528E-02 0.37041E+00 0.36570E+00 0.00000E+00 0.00000E+00 -.86071E+00      5078562 999/0.13000E+00
 0.12000E+04 0.18000E+00 0.65876E-01 0.32772E+00 0.10522E-01 0.11176E-01 0.31657E+00 0.31118E+00 0.00000E+00 0.00000E+00 0.15719E+01      5078562 999/0.18000E+00
 0.12000E+04 0.25000E+00 0.47431E-01 0.25170E+00 0.45157E-02 0.50207E-02 0.25358E+00 0.25094E+00 0.00000E+00 0.00000E+00 0.16781E+00      5078562 999/0.25000E+00
 0.12000E+04 0.40000E+00 0.29644E-01 0.13115E+00 0.37605E-02 0.40419E-02 0.13503E+00 0.13481E+00 0.00000E+00 0.00000E+00 -.97446E+00      5078562 999/0.40000E+00
 0.12000E+04 0.65000E+00 0.18243E-01 0.22323E-01 0.30273E-02 0.36449E-02 0.17807E-01 0.17850E-01 0.00000E+00 0.00000E+00 0.14776E+01      5078562 999/0.65000E+00
 0.15000E+04 0.20000E-01 0.74111E+00 0.70902E+00 0.16546E-01 0.19309E-01 0.74006E+00 0.72205E+00 0.00000E+00 0.00000E+00 -.78730E+00      5078562 999/0.20000E-01
 0.15000E+04 0.32000E-01 0.46319E+00 0.60267E+00 0.12705E-01 0.13468E-01 0.63382E+00 0.62202E+00 0.00000E+00 0.00000E+00 -.15229E+01      5078562 999/0.32000E-01
 0.15000E+04 0.50000E-01 0.29644E+00 0.54392E+00 0.90549E-02 0.10221E-01 0.53674E+00 0.53225E+00 0.00000E+00 0.00000E+00 0.12886E+01      5078562 999/0.50000E-01
 0.15000E+04 0.80000E-01 0.18528E+00 0.45264E+00 0.78200E-02 0.87520E-02 0.44896E+00 0.44342E+00 0.00000E+00 0.00000E+00 0.11790E+01      5078562 999/0.80000E-01
 0.15000E+04 0.13000E+00 0.11402E+00 0.35463E+00 0.76875E-02 0.81359E-02 0.36888E+00 0.36486E+00 0.00000E+00 0.00000E+00 -.13309E+01      5078562 999/0.13000E+00
 0.15000E+04 0.18000E+00 0.82345E-01 0.31309E+00 0.67494E-02 0.72502E-02 0.31462E+00 0.31104E+00 0.00000E+00 0.00000E+00 0.30372E+00      5078562 999/0.18000E+00
 0.15000E+04 0.25000E+00 0.59289E-01 0.24839E+00 0.63953E-02 0.67675E-02 0.25124E+00 0.24762E+00 0.00000E+00 0.00000E+00 0.12054E+00      5078562 999/0.25000E+00
 0.15000E+04 0.40000E+00 0.37055E-01 0.12606E+00 0.47248E-02 0.50779E-02 0.13275E+00 0.13096E+00 0.00000E+00 0.00000E+00 -.10363E+01      5078562 999/0.40000E+00
 0.15000E+04 0.65000E+00 0.22803E-01 0.15759E-01 0.17366E-02 0.17252E-02 0.17223E-01 0.17572E-01 0.00000E+00 0.00000E+00 -.10441E+01      5078562 999/0.65000E+00
 0.20000E+04 0.21900E-01 0.90241E+00 0.70965E+00 0.42660E-01 0.45799E-01 0.69721E+00 0.69224E+00 0.00000E+00 0.00000E+00 0.40806E+00      5078562 999/0.21900E-01
 0.20000E+04 0.32000E-01 0.61759E+00 0.58911E+00 0.15309E-01 0.16357E-01 0.62394E+00 0.60754E+00 0.00000E+00 0.00000E+00 -.12036E+01      5078562 999/0.32000E-01
 0.20000E+04 0.50000E-01 0.39526E+00 0.51570E+00 0.11886E-01 0.12481E-01 0.53251E+00 0.52405E+00 0.00000E+00 0.00000E+00 -.70220E+00      5078562 999/0.50000E-01
 0.20000E+04 0.80000E-01 0.24704E+00 0.44851E+00 0.89868E-02 0.97721E-02 0.44613E+00 0.44195E+00 0.00000E+00 0.00000E+00 0.72984E+00      5078562 999/0.80000E-01
 0.20000E+04 0.13000E+00 0.15202E+00 0.36230E+00 0.89349E-02 0.94080E-02 0.36623E+00 0.36101E+00 0.00000E+00 0.00000E+00 0.14433E+00      5078562 999/0.13000E+00
 0.20000E+04 0.18000E+00 0.10979E+00 0.29953E+00 0.79036E-02 0.81555E-02 0.31183E+00 0.30865E+00 0.00000E+00 0.00000E+00 -.11539E+01      5078562 999/0.18000E+00
 0.20000E+04 0.25000E+00 0.79051E-01 0.24422E+00 0.71861E-02 0.74768E-02 0.24824E+00 0.24544E+00 0.00000E+00 0.00000E+00 -.16996E+00      5078562 999/0.25000E+00
 0.20000E+04 0.40000E+00 0.49407E-01 0.12850E+00 0.52967E-02 0.55353E-02 0.13001E+00 0.12851E+00 0.00000E+00 0.00000E+00 -.25908E-02      5078562 999/0.40000E+00
 0.20000E+04 0.65000E+00 0.30404E-01 0.17377E-01 0.19815E-02 0.21495E-02 0.16533E-01 0.16878E-01 0.00000E+00 0.00000E+00 0.25171E+00      5078562 999/0.65000E+00
 0.30000E+04 0.32000E-01 0.92638E+00 0.60299E+00 0.24420E-01 0.26122E-01 0.59204E+00 0.58701E+00 0.00000E+00 0.00000E+00 0.65436E+00      5078562 999/0.32000E-01
 0.30000E+04 0.50000E-01 0.59289E+00 0.51780E+00 0.12251E-01 0.13089E-01 0.51437E+00 0.50884E+00 0.00000E+00 0.00000E+00 0.73132E+00      5078562 999/0.50000E-01
 0.30000E+04 0.80000E-01 0.37055E+00 0.43286E+00 0.10283E-01 0.10893E-01 0.43577E+00 0.43181E+00 0.00000E+00 0.00000E+00 0.10184E+00      5078562 999/0.80000E-01
 0.30000E+04 0.13000E+00 0.22803E+00 0.35226E+00 0.93118E-02 0.96905E-02 0.35963E+00 0.35567E+00 0.00000E+00 0.00000E+00 -.36574E+00      5078562 999/0.13000E+00
 0.30000E+04 0.18000E+00 0.16469E+00 0.29823E+00 0.88356E-02 0.91128E-02 0.30653E+00 0.30254E+00 0.00000E+00 0.00000E+00 -.48780E+00      5078562 999/0.18000E+00
 0.30000E+04 0.25000E+00 0.11858E+00 0.23086E+00 0.74089E-02 0.74923E-02 0.24364E+00 0.24157E+00 0.00000E+00 0.00000E+00 -.14455E+01      5078562 999/0.25000E+00
 0.30000E+04 0.40000E+00 0.74111E-01 0.12438E+00 0.52906E-02 0.54344E-02 0.12641E+00 0.12532E+00 0.00000E+00 0.00000E+00 -.17750E+00      5078562 999/0.40000E+00
 0.30000E+04 0.65000E+00 0.45607E-01 0.15536E-01 0.13620E-02 0.14391E-02 0.15672E-01 0.15453E-01 0.00000E+00 0.00000E+00 0.61010E-01      5078562 999/0.65000E+00
 0.50000E+04 0.54700E-01 0.90324E+00 0.47677E+00 0.25119E-01 0.27110E-01 0.45248E+00 0.44939E+00 0.00000E+00 0.00000E+00 0.10899E+01      5078562 999/0.54700E-01
 0.50000E+04 0.80000E-01 0.61759E+00 0.41478E+00 0.10183E-01 0.11094E-01 0.39963E+00 0.39410E+00 0.00000E+00 0.00000E+00 0.20307E+01      5078562 999/0.80000E-01
 0.50000E+04 0.13000E+00 0.38005E+00 0.34268E+00 0.10475E-01 0.10941E-01 0.33904E+00 0.33587E+00 0.00000E+00 0.00000E+00 0.65025E+00      5078562 999/0.13000E+00
 0.50000E+04 0.18000E+00 0.27448E+00 0.28281E+00 0.89181E-02 0.90791E-02 0.29305E+00 0.29116E+00 0.00000E+00 0.00000E+00 -.93640E+00      5078562 999/0.18000E+00
 0.50000E+04 0.25000E+00 0.19763E+00 0.22525E+00 0.83210E-02 0.83844E-02 0.23482E+00 0.23224E+00 0.00000E+00 0.00000E+00 -.84049E+00      5078562 999/0.25000E+00
 0.50000E+04 0.40000E+00 0.12352E+00 0.12089E+00 0.55851E-02 0.56891E-02 0.12166E+00 0.12016E+00 0.00000E+00 0.00000E+00 0.13002E+00      5078562 999/0.40000E+00
 0.50000E+04 0.65000E+00 0.76011E-01 0.10709E-01 0.18357E-02 0.15465E-02 0.14718E-01 0.14647E-01 0.00000E+00 0.00000E+00 -.21454E+01      5078562 999/0.65000E+00
 0.80000E+04 0.87500E-01 0.90344E+00 0.35613E+00 0.31055E-01 0.33657E-01 0.33183E+00 0.33000E+00 0.00000E+00 0.00000E+00 0.84126E+00      5078562 999/0.87500E-01
 0.80000E+04 0.13000E+00 0.60809E+00 0.30928E+00 0.11938E-01 0.12733E-01 0.29294E+00 0.28881E+00 0.00000E+00 0.00000E+00 0.17148E+01      5078562 999/0.13000E+00
 0.80000E+04 0.18000E+00 0.43917E+00 0.26745E+00 0.11698E-01 0.12056E-01 0.26319E+00 0.26211E+00 0.00000E+00 0.00000E+00 0.45611E+00      5078562 999/0.18000E+00
 0.80000E+04 0.25000E+00 0.31621E+00 0.21655E+00 0.11331E-01 0.11487E-01 0.21769E+00 0.21583E+00 0.00000E+00 0.00000E+00 0.63404E-01      5078562 999/0.25000E+00
 0.80000E+04 0.40000E+00 0.19763E+00 0.10345E+00 0.70943E-02 0.67697E-02 0.11535E+00 0.11420E+00 0.00000E+00 0.00000E+00 -.15152E+01      5078562 999/0.40000E+00
 0.80000E+04 0.65000E+00 0.12162E+00 0.16222E-01 0.16977E-02 0.19106E-02 0.13844E-01 0.13634E-01 0.00000E+00 0.00000E+00 0.15245E+01      5078562 999/0.65000E+00
 0.12000E+05 0.13000E+00 0.91213E+00 0.21178E+00 0.45921E-01 0.43596E-01 0.23557E+00 0.23368E+00 0.00000E+00 0.00000E+00 -.47681E+00      5078562 999/0.13000E+00
 0.12000E+05 0.18000E+00 0.65876E+00 0.22943E+00 0.13659E-01 0.14447E-01 0.21280E+00 0.20983E+00 0.00000E+00 0.00000E+00 0.14348E+01      5078562 999/0.18000E+00
 0.12000E+05 0.25000E+00 0.47431E+00 0.15549E+00 0.13315E-01 0.12208E-01 0.18735E+00 0.18612E+00 0.00000E+00 0.00000E+00 -.23004E+01      5078562 999/0.25000E+00
 0.12000E+05 0.40000E+00 0.29644E+00 0.94955E-01 0.91195E-02 0.86368E-02 0.10570E+00 0.10475E+00 0.00000E+00 0.00000E+00 -.10741E+01      5078562 999/0.40000E+00
 0.12000E+05 0.65000E+00 0.18243E+00 0.16924E-01 0.27427E-02 0.32085E-02 0.12909E-01 0.12739E-01 0.00000E+00 0.00000E+00 0.15260E+01      5078562 999/0.65000E+00
 0.20000E+05 0.25000E+00 0.79051E+00 0.12605E+00 0.14687E-01 0.15026E-01 0.12258E+00 0.12061E+00 0.00000E+00 0.00000E+00 0.37015E+00      5078562 999/0.25000E+00
 0.20000E+05 0.40000E+00 0.49407E+00 0.77991E-01 0.13119E-01 0.12772E-01 0.82306E-01 0.82010E-01 0.00000E+00 0.00000E+00 -.30633E+00      5078562 999/0.40000E+00
 0.20000E+05 0.65000E+00 0.30404E+00 0.11947E-01 0.40383E-02 0.42259E-02 0.11101E-01 0.11026E-01 0.00000E+00 0.00000E+00 0.22799E+00      5078562 999/0.65000E+00
 0.30000E+05 0.40000E+00 0.74111E+00 0.59638E-01 0.13836E-01 0.14893E-01 0.53231E-01 0.54672E-01 0.00000E+00 0.00000E+00 0.35892E+00      5078562 999/0.40000E+00
 0.30000E+05 0.65000E+00 0.45607E+00 0.85041E-02 0.60281E-02 0.59317E-02 0.87828E-02 0.86908E-02 0.00000E+00 0.00000E+00 -.30978E-01      5078562 999/0.65000E+00
     3085473
 HERA1+2 NCep 820                                                                
Plot1@Experiment:HERA1+2@ExtraLabel:e^{+}p #rightarrow e^{+}X (NC), E_{p} = 820 GeV @XTitle: x @YTitle: #sigma_{red}  @Title:Q^{2} = 0.045 @Xlog
Plot2@Experiment:HERA1+2@ExtraLabel:e^{+}p #rightarrow e^{+}X (NC), E_{p} = 820 GeV @XTitle: x @YTitle: #sigma_{red}  @Title:Q^{2} = 0.065 @Xlog
Plot3@Experiment:HERA1+2@ExtraLabel:e^{+}p #rightarrow e^{+}X (NC), E_{p} = 820 GeV @XTitle: x @YTitle: #sigma_{red}  @Title:Q^{2} = 0.085 @Xlog
Plot4@Experiment:HERA1+2@ExtraLabel:e^{+}p #rightarrow e^{+}X (NC), E_{p} = 820 GeV @XTitle: x @YTitle: #sigma_{red}  @Title:Q^{2} = 0.11 @Xlog
Plot5@Experiment:HERA1+2@ExtraLabel:e^{+}p #rightarrow e^{+}X (NC), E_{p} = 820 GeV @XTitle: x @YTitle: #sigma_{red}  @Title:Q^{2} = 0.15 @Xlog
Plot6@Experiment:HERA1+2@ExtraLabel:e^{+}p #rightarrow e^{+}X (NC), E_{p} = 820 GeV @XTitle: x @YTitle: #sigma_{red}  @Title:Q^{2} = 0.20  @Xlog
Plot7@Experiment:HERA1+2@ExtraLabel:e^{+}p #rightarrow e^{+}X (NC), E_{p} = 820 GeV @XTitle: x @YTitle: #sigma_{red}  @Title:Q^{2} = 0.25 @Xlog
Plot8@Experiment:HERA1+2@ExtraLabel:e^{+}p #rightarrow e^{+}X (NC), E_{p} = 820 GeV @XTitle: x @YTitle: #sigma_{red}  @Title:Q^{2} = 0.35 @Xlog
Plot9@Experiment:HERA1+2@ExtraLabel:e^{+}p #rightarrow e^{+}X (NC), E_{p} = 820 GeV @XTitle: x @YTitle: #sigma_{red}  @Title:Q^{2} = 0.40 @Xlog
Plot10@Experiment:HERA1+2@ExtraLabel:e^{+}p #rightarrow e^{+}X (NC), E_{p} = 820 GeV @XTitle: x @YTitle: #sigma_{red}  @Title:Q^{2} = 0.50 @Xlog
Plot11@Experiment:HERA1+2@ExtraLabel:e^{+}p #rightarrow e^{+}X (NC), E_{p} = 820 GeV @XTitle: x @YTitle: #sigma_{red}  @Title:Q^{2} = 0.60 @Xlog
Plot12@Experiment:HERA1+2@ExtraLabel:e^{+}p #rightarrow e^{+}X (NC), E_{p} = 820 GeV @XTitle: x @YTitle: #sigma_{red}  @Title:Q^{2} = 0.85 @Xlog
Plot13@Experiment:HERA1+2@ExtraLabel:e^{+}p #rightarrow e^{+}X (NC), E_{p} = 820 GeV @XTitle: x @YTitle: #sigma_{red}  @Title:Q^{2} = 1.2 @Xlog
Plot14@Experiment:HERA1+2@ExtraLabel:e^{+}p #rightarrow e^{+}X (NC), E_{p} = 820 GeV @XTitle: x @YTitle: #sigma_{red}  @Title:Q^{2} = 1.5 @Xlog
Plot15@Experiment:HERA1+2@ExtraLabel:e^{+}p #rightarrow e^{+}X (NC), E_{p} = 820 GeV @XTitle: x @YTitle: #sigma_{red}  @Title:Q^{2} = 2.0 @Xlog
Plot16@Experiment:HERA1+2@ExtraLabel:e^{+}p #rightarrow e^{+}X (NC), E_{p} = 820 GeV @XTitle: x @YTitle: #sigma_{red}  @Title:Q^{2} = 2.7 @Xlog
Plot17@Experiment:HERA1+2@ExtraLabel:e^{+}p #rightarrow e^{+}X (NC), E_{p} = 820 GeV @XTitle: x @YTitle: #sigma_{red}  @Title:Q^{2} = 3.5 @Xlog
Plot18@Experiment:HERA1+2@ExtraLabel:e^{+}p #rightarrow e^{+}X (NC), E_{p} = 820 GeV @XTitle: x @YTitle: #sigma_{red}  @Title:Q^{2} = 4.5 @Xlog
Plot19@Experiment:HERA1+2@ExtraLabel:e^{+}p #rightarrow e^{+}X (NC), E_{p} = 820 GeV @XTitle: x @YTitle: #sigma_{red}  @Title:Q^{2} = 6.5 @Xlog
Plot20@Experiment:HERA1+2@ExtraLabel:e^{+}p #rightarrow e^{+}X (NC), E_{p} = 820 GeV @XTitle: x @YTitle: #sigma_{red}  @Title:Q^{2} = 8.5 @Xlog
Plot21@Experiment:HERA1+2@ExtraLabel:e^{+}p #rightarrow e^{+}X (NC), E_{p} = 820 GeV @XTitle: x @YTitle: #sigma_{red}  @Title:Q^{2} = 10 @Xlog
Plot22@Experiment:HERA1+2@ExtraLabel:e^{+}p #rightarrow e^{+}X (NC), E_{p} = 820 GeV @XTitle: x @YTitle: #sigma_{red}  @Title:Q^{2} = 12  @Xlog
Plot23@Experiment:HERA1+2@ExtraLabel:e^{+}p #rightarrow e^{+}X (NC), E_{p} = 820 GeV @XTitle: x @YTitle: #sigma_{red}  @Title:Q^{2} = 15  @Xlog
Plot24@Experiment:HERA1+2@ExtraLabel:e^{+}p #rightarrow e^{+}X (NC), E_{p} = 820 GeV @XTitle: x @YTitle: #sigma_{red}  @Title:Q^{2} = 18  @Xlog
Plot25@Experiment:HERA1+2@ExtraLabel:e^{+}p #rightarrow e^{+}X (NC), E_{p} = 820 GeV @XTitle: x @YTitle: #sigma_{red}  @Title:Q^{2} = 22  @Xlog
Plot26@Experiment:HERA1+2@ExtraLabel:e^{+}p #rightarrow e^{+}X (NC), E_{p} = 820 GeV @XTitle: x @YTitle: #sigma_{red}  @Title:Q^{2} = 27  @Xlog
Plot27@Experiment:HERA1+2@ExtraLabel:e^{+}p #rightarrow e^{+}X (NC), E_{p} = 820 GeV @XTitle: x @YTitle: #sigma_{red}  @Title:Q^{2} = 35  @Xlog
Plot28@Experiment:HERA1+2@ExtraLabel:e^{+}p #rightarrow e^{+}X (NC), E_{p} = 820 GeV @XTitle: x @YTitle: #sigma_{red}  @Title:Q^{2} = 45  @Xlog
Plot29@Experiment:HERA1+2@ExtraLabel:e^{+}p #rightarrow e^{+}X (NC), E_{p} = 820 GeV @XTitle: x @YTitle: #sigma_{red}  @Title:Q^{2} = 60  @Xlog
Plot30@Experiment:HERA1+2@ExtraLabel:e^{+}p #rightarrow e^{+}X (NC), E_{p} = 820 GeV @XTitle: x @YTitle: #sigma_{red}  @Title:Q^{2} = 70  @Xlog
Plot31@Experiment:HERA1+2@ExtraLabel:e^{+}p #rightarrow e^{+}X (NC), E_{p} = 820 GeV @XTitle: x @YTitle: #sigma_{red}  @Title:Q^{2} = 90  @Xlog
Plot32@Experiment:HERA1+2@ExtraLabel:e^{+}p #rightarrow e^{+}X (NC), E_{p} = 820 GeV @XTitle: x @YTitle: #sigma_{red}  @Title:Q^{2} = 120 @Xlog
Plot33@Experiment:HERA1+2@ExtraLabel:e^{+}p #rightarrow e^{+}X (NC), E_{p} = 820 GeV @XTitle: x @YTitle: #sigma_{red}  @Title:Q^{2} = 150 @Xlog
Plot34@Experiment:HERA1+2@ExtraLabel:e^{+}p #rightarrow e^{+}X (NC), E_{p} = 820 GeV @XTitle: x @YTitle: #sigma_{red}  @Title:Q^{2} = 200 @Xlog
Plot35@Experiment:HERA1+2@ExtraLabel:e^{+}p #rightarrow e^{+}X (NC), E_{p} = 820 GeV @XTitle: x @YTitle: #sigma_{red}  @Title:Q^{2} = 250 @Xlog
Plot36@Experiment:HERA1+2@ExtraLabel:e^{+}p #rightarrow e^{+}X (NC), E_{p} = 820 GeV @XTitle: x @YTitle: #sigma_{red}  @Title:Q^{2} = 300 @Xlog
Plot37@Experiment:HERA1+2@ExtraLabel:e^{+}p #rightarrow e^{+}X (NC), E_{p} = 820 GeV @XTitle: x @YTitle: #sigma_{red}  @Title:Q^{2} = 400 @Xlog
Plot38@Experiment:HERA1+2@ExtraLabel:e^{+}p #rightarrow e^{+}X (NC), E_{p} = 820 GeV @XTitle: x @YTitle: #sigma_{red}  @Title:Q^{2} = 500 @Xlog
Plot39@Experiment:HERA1+2@ExtraLabel:e^{+}p #rightarrow e^{+}X (NC), E_{p} = 820 GeV @XTitle: x @YTitle: #sigma_{red}  @Title:Q^{2} = 650 @Xlog
Plot40@Experiment:HERA1+2@ExtraLabel:e^{+}p #rightarrow e^{+}X (NC), E_{p} = 820 GeV @XTitle: x @YTitle: #sigma_{red}  @Title:Q^{2} = 800  @Xlog
 Q2          x           y              data      +- uncor     +- tot     th orig         th mod   therr+         therr-     pull    iset       iplot
 0.35000E+01 0.57300E-04 0.67718E+00 0.10082E+01 0.39140E-01 0.57738E-01 0.10128E+01 0.10015E+01 0.00000E+00 0.00000E+00 0.17192E+00      3085473  16/0.57300E-04
 0.35000E+01 0.80000E-04 0.48503E+00 0.98010E+00 0.14062E-01 0.22975E-01 0.97771E+00 0.96410E+00 0.00000E+00 0.00000E+00 0.11376E+01      3085473  16/0.80000E-04
 0.45000E+01 0.81800E-04 0.60989E+00 0.11151E+01 0.20792E-01 0.35875E-01 0.10721E+01 0.10727E+01 0.00000E+00 0.00000E+00 0.20381E+01      3085473  17/0.81800E-04
 0.45000E+01 0.13000E-03 0.38376E+00 0.10100E+01 0.19881E-01 0.23466E-01 0.10111E+01 0.10094E+01 0.00000E+00 0.00000E+00 0.31633E-01      3085473  17/0.13000E-03
 0.65000E+01 0.98600E-04 0.73085E+00 0.11653E+01 0.30650E-01 0.53654E-01 0.11830E+01 0.11691E+01 0.00000E+00 0.00000E+00 -.12520E+00      3085473  19/0.98600E-04
 0.65000E+01 0.13000E-03 0.55432E+00 0.11735E+01 0.14674E-01 0.26501E-01 0.11623E+01 0.11571E+01 0.00000E+00 0.00000E+00 0.11199E+01      3085473  19/0.13000E-03
 0.65000E+01 0.20000E-03 0.36031E+00 0.11112E+01 0.19992E-01 0.24713E-01 0.10949E+01 0.10984E+01 0.00000E+00 0.00000E+00 0.64124E+00      3085473  19/0.20000E-03
 0.85000E+01 0.13900E-03 0.67795E+00 0.11770E+01 0.24821E-01 0.63302E-01 0.12486E+01 0.12073E+01 0.00000E+00 0.00000E+00 -.12206E+01      3085473  20/0.13900E-03
 0.85000E+01 0.20000E-03 0.47118E+00 0.12119E+01 0.16239E-01 0.23183E-01 0.12064E+01 0.11919E+01 0.00000E+00 0.00000E+00 0.12344E+01      3085473  20/0.20000E-03
 0.10000E+02 0.13000E-03 0.85281E+00 0.11488E+01 0.56041E-01 0.74702E-01 0.12814E+01 0.12614E+01 0.00000E+00 0.00000E+00 -.20093E+01      3085473  21/0.13000E-03
 0.10000E+02 0.20000E-03 0.55432E+00 0.12448E+01 0.31344E-01 0.38075E-01 0.12680E+01 0.12462E+01 0.00000E+00 0.00000E+00 -.45366E-01      3085473  21/0.20000E-03
 0.12000E+02 0.16100E-03 0.82632E+00 0.12263E+01 0.72466E-01 0.70273E-01 0.13223E+01 0.12992E+01 0.00000E+00 0.00000E+00 -.10064E+01      3085473  22/0.16100E-03
 0.12000E+02 0.20000E-03 0.66519E+00 0.12828E+01 0.23643E-01 0.41147E-01 0.13249E+01 0.12878E+01 0.00000E+00 0.00000E+00 -.21140E+00      3085473  22/0.20000E-03
 0.12000E+02 0.32000E-03 0.41574E+00 0.12251E+01 0.21252E-01 0.25757E-01 0.12549E+01 0.12339E+01 0.00000E+00 0.00000E+00 -.41396E+00      3085473  22/0.32000E-03
 0.15000E+02 0.20000E-03 0.83149E+00 0.12583E+01 0.64673E-01 0.62772E-01 0.13628E+01 0.13384E+01 0.00000E+00 0.00000E+00 -.12391E+01      3085473  23/0.20000E-03
 0.15000E+02 0.24600E-03 0.67600E+00 0.13604E+01 0.26232E-01 0.38342E-01 0.13677E+01 0.13376E+01 0.00000E+00 0.00000E+00 0.86820E+00      3085473  23/0.24600E-03
 0.15000E+02 0.32000E-03 0.51968E+00 0.12898E+01 0.22013E-01 0.27982E-01 0.13363E+01 0.13132E+01 0.00000E+00 0.00000E+00 -.10622E+01      3085473  23/0.32000E-03
 0.18000E+02 0.26800E-03 0.74461E+00 0.13182E+01 0.67676E-01 0.66655E-01 0.13984E+01 0.13740E+01 0.00000E+00 0.00000E+00 -.82388E+00      3085473  24/0.26800E-03
 0.18000E+02 0.32800E-03 0.60840E+00 0.13620E+01 0.28828E-01 0.35102E-01 0.13871E+01 0.13672E+01 0.00000E+00 0.00000E+00 -.18113E+00      3085473  24/0.32800E-03
 0.18000E+02 0.50000E-03 0.39911E+00 0.12656E+01 0.17764E-01 0.23974E-01 0.13051E+01 0.12816E+01 0.00000E+00 0.00000E+00 -.90247E+00      3085473  24/0.50000E-03
 0.22000E+02 0.50000E-03 0.48780E+00 0.13347E+01 0.38582E-01 0.46716E-01 0.13702E+01 0.13529E+01 0.00000E+00 0.00000E+00 -.47099E+00      3085473  25/0.50000E-03
 0.27000E+02 0.33500E-03 0.89354E+00 0.13887E+01 0.80347E-01 0.80668E-01 0.14247E+01 0.13996E+01 0.00000E+00 0.00000E+00 -.13516E+00      3085473  26/0.33500E-03
 0.27000E+02 0.41000E-03 0.73008E+00 0.14046E+01 0.34465E-01 0.40083E-01 0.14417E+01 0.14163E+01 0.00000E+00 0.00000E+00 -.33871E+00      3085473  26/0.41000E-03
 0.27000E+02 0.50000E-03 0.59867E+00 0.14071E+01 0.26405E-01 0.32622E-01 0.14250E+01 0.14023E+01 0.00000E+00 0.00000E+00 0.18363E+00      3085473  26/0.50000E-03
 0.27000E+02 0.80000E-03 0.37417E+00 0.12857E+01 0.33786E-01 0.37219E-01 0.13164E+01 0.13037E+01 0.00000E+00 0.00000E+00 -.53163E+00      3085473  26/0.80000E-03
 0.35000E+02 0.57400E-03 0.67600E+00 0.15068E+01 0.35505E-01 0.41642E-01 0.14527E+01 0.14279E+01 0.00000E+00 0.00000E+00 0.22230E+01      3085473  27/0.57400E-03
 0.35000E+02 0.80000E-03 0.48503E+00 0.13985E+01 0.17400E-01 0.27137E-01 0.13920E+01 0.13757E+01 0.00000E+00 0.00000E+00 0.13106E+01      3085473  27/0.80000E-03
 0.45000E+02 0.80000E-03 0.62361E+00 0.14864E+01 0.33741E-01 0.46625E-01 0.14432E+01 0.14255E+01 0.00000E+00 0.00000E+00 0.18037E+01      3085473  28/0.80000E-03
 0.45000E+02 0.13000E-02 0.38376E+00 0.13055E+01 0.14866E-01 0.21070E-01 0.13185E+01 0.12948E+01 0.00000E+00 0.00000E+00 0.72235E+00      3085473  28/0.13000E-02
 0.60000E+02 0.13000E-02 0.51168E+00 0.13950E+01 0.19667E-01 0.28439E-01 0.13820E+01 0.13646E+01 0.00000E+00 0.00000E+00 0.15476E+01      3085473  29/0.13000E-02
 0.70000E+02 0.13000E-02 0.59696E+00 0.14434E+01 0.26528E-01 0.35727E-01 0.14043E+01 0.13894E+01 0.00000E+00 0.00000E+00 0.20344E+01      3085473  30/0.13000E-02
 0.70000E+02 0.20000E-02 0.38803E+00 0.12619E+01 0.22323E-01 0.26292E-01 0.12799E+01 0.12620E+01 0.00000E+00 0.00000E+00 -.64162E-02      3085473  30/0.20000E-02
 0.90000E+02 0.20000E-02 0.49889E+00 0.12516E+01 0.25876E-01 0.31612E-01 0.13228E+01 0.13120E+01 0.00000E+00 0.00000E+00 -.23352E+01      3085473  31/0.20000E-02
 0.12000E+03 0.21200E-02 0.62754E+00 0.13233E+01 0.31256E-01 0.39525E-01 0.13329E+01 0.13088E+01 0.00000E+00 0.00000E+00 0.46441E+00      3085473  32/0.21200E-02
 0.12000E+03 0.32000E-02 0.41574E+00 0.11778E+01 0.24653E-01 0.28569E-01 0.12117E+01 0.11931E+01 0.00000E+00 0.00000E+00 -.61903E+00      3085473  32/0.32000E-02
 0.15000E+03 0.32000E-02 0.51968E+00 0.12028E+01 0.24795E-01 0.29938E-01 0.12359E+01 0.12164E+01 0.00000E+00 0.00000E+00 -.54786E+00      3085473  33/0.32000E-02
 0.20000E+03 0.32000E-02 0.69290E+00 0.11698E+01 0.52116E-01 0.55804E-01 0.12431E+01 0.12196E+01 0.00000E+00 0.00000E+00 -.95522E+00      3085473  34/0.32000E-02
 0.20000E+03 0.50000E-02 0.44346E+00 0.10717E+01 0.22932E-01 0.25906E-01 0.11174E+01 0.10978E+01 0.00000E+00 0.00000E+00 -.11371E+01      3085473  34/0.50000E-02
 0.25000E+03 0.50000E-02 0.55432E+00 0.10783E+01 0.31231E-01 0.34450E-01 0.11303E+01 0.11123E+01 0.00000E+00 0.00000E+00 -.10885E+01      3085473  35/0.50000E-02
 0.30000E+03 0.50000E-02 0.66519E+00 0.11264E+01 0.44637E-01 0.46722E-01 0.11304E+01 0.11188E+01 0.00000E+00 0.00000E+00 0.16953E+00      3085473  36/0.50000E-02
 0.30000E+03 0.80000E-02 0.41574E+00 0.97717E+00 0.25176E-01 0.27630E-01 0.99258E+00 0.97553E+00 0.00000E+00 0.00000E+00 0.64953E-01      3085473  36/0.80000E-02
 0.40000E+03 0.80000E-02 0.55432E+00 0.95590E+00 0.31337E-01 0.32105E-01 0.10030E+01 0.99070E+00 0.00000E+00 0.00000E+00 -.11104E+01      3085473  37/0.80000E-02
 0.40000E+03 0.13000E-01 0.34112E+00 0.85514E+00 0.25768E-01 0.27143E-01 0.85486E+00 0.84170E+00 0.00000E+00 0.00000E+00 0.52148E+00      3085473  37/0.13000E-01
 0.50000E+03 0.80000E-02 0.69290E+00 0.10206E+01 0.65572E-01 0.67979E-01 0.99826E+00 0.98339E+00 0.00000E+00 0.00000E+00 0.56741E+00      3085473  38/0.80000E-02
 0.50000E+03 0.13000E-01 0.42640E+00 0.88499E+00 0.52111E-01 0.54126E-01 0.86322E+00 0.85021E+00 0.00000E+00 0.00000E+00 0.66735E+00      3085473  38/0.13000E-01
 0.65000E+03 0.85000E-02 0.84779E+00 0.92142E+00 0.47053E-01 0.49563E-01 0.96322E+00 0.95018E+00 0.00000E+00 0.00000E+00 -.61116E+00      3085473  39/0.85000E-02
 0.65000E+03 0.13000E-01 0.55432E+00 0.84297E+00 0.24667E-01 0.25596E-01 0.86626E+00 0.85074E+00 0.00000E+00 0.00000E+00 -.31502E+00      3085473  39/0.13000E-01
 0.65000E+03 0.20000E-01 0.36031E+00 0.70434E+00 0.40824E-01 0.39839E-01 0.74715E+00 0.73587E+00 0.00000E+00 0.00000E+00 -.77241E+00      3085473  39/0.20000E-01
 0.80000E+03 0.13000E-01 0.68224E+00 0.89010E+00 0.32782E-01 0.35282E-01 0.86024E+00 0.84575E+00 0.00000E+00 0.00000E+00 0.13529E+01      3085473  40/0.13000E-01
 0.80000E+03 0.20000E-01 0.44346E+00 0.73601E+00 0.35157E-01 0.35533E-01 0.74996E+00 0.74026E+00 0.00000E+00 0.00000E+00 -.12088E+00      3085473  40/0.20000E-01
 0.10000E+04 0.20000E-01 0.55432E+00 0.73976E+00 0.49123E-01 0.49489E-01 0.74844E+00 0.73741E+00 0.00000E+00 0.00000E+00 0.47783E-01      3085473 999/0.20000E-01
 0.12000E+04 0.14000E-01 0.95027E+00 0.87216E+00 0.47023E-01 0.51931E-01 0.80813E+00 0.79704E+00 0.00000E+00 0.00000E+00 0.15975E+01      3085473 999/0.14000E-01
 0.12000E+04 0.20000E-01 0.66519E+00 0.70292E+00 0.31394E-01 0.31285E-01 0.74200E+00 0.73269E+00 0.00000E+00 0.00000E+00 -.94833E+00      3085473 999/0.20000E-01
 0.12000E+04 0.32000E-01 0.41574E+00 0.58867E+00 0.25972E-01 0.25402E-01 0.63250E+00 0.62460E+00 0.00000E+00 0.00000E+00 -.13836E+01      3085473 999/0.32000E-01
 0.15000E+04 0.20000E-01 0.83149E+00 0.73388E+00 0.51962E-01 0.52939E-01 0.72575E+00 0.71530E+00 0.00000E+00 0.00000E+00 0.35747E+00      3085473 999/0.20000E-01
 0.15000E+04 0.32000E-01 0.51968E+00 0.55558E+00 0.40759E-01 0.38426E-01 0.62843E+00 0.61930E+00 0.00000E+00 0.00000E+00 -.15633E+01      3085473 999/0.32000E-01
 0.20000E+04 0.32000E-01 0.69290E+00 0.59557E+00 0.39913E-01 0.39564E-01 0.61455E+00 0.60397E+00 0.00000E+00 0.00000E+00 -.21053E+00      3085473 999/0.32000E-01
 0.20000E+04 0.50000E-01 0.44346E+00 0.49555E+00 0.30424E-01 0.29718E-01 0.52796E+00 0.52030E+00 0.00000E+00 0.00000E+00 -.81342E+00      3085473 999/0.50000E-01
 0.30000E+04 0.50000E-01 0.66519E+00 0.52194E+00 0.30958E-01 0.31951E-01 0.50498E+00 0.49866E+00 0.00000E+00 0.00000E+00 0.75211E+00      3085473 999/0.50000E-01
 0.30000E+04 0.80000E-01 0.41574E+00 0.44374E+00 0.26684E-01 0.27387E-01 0.43039E+00 0.42410E+00 0.00000E+00 0.00000E+00 0.73601E+00      3085473 999/0.80000E-01
 0.50000E+04 0.80000E-01 0.69290E+00 0.36217E+00 0.27127E-01 0.26402E-01 0.38779E+00 0.38200E+00 0.00000E+00 0.00000E+00 -.73091E+00      3085473 999/0.80000E-01
 0.50000E+04 0.13000E+00 0.42640E+00 0.33232E+00 0.26919E-01 0.27169E-01 0.33155E+00 0.32797E+00 0.00000E+00 0.00000E+00 0.16143E+00      3085473 999/0.13000E+00
 0.80000E+04 0.13000E+00 0.68224E+00 0.25662E+00 0.30467E-01 0.29225E-01 0.27890E+00 0.27545E+00 0.00000E+00 0.00000E+00 -.61816E+00      3085473 999/0.13000E+00
 0.80000E+04 0.18000E+00 0.49273E+00 0.27786E+00 0.30245E-01 0.32002E-01 0.25285E+00 0.25109E+00 0.00000E+00 0.00000E+00 0.88497E+00      3085473 999/0.18000E+00
 0.80000E+04 0.25000E+00 0.35477E+00 0.23180E+00 0.26904E-01 0.28418E-01 0.21164E+00 0.20716E+00 0.00000E+00 0.00000E+00 0.91591E+00      3085473 999/0.25000E+00
 0.12000E+05 0.18000E+00 0.73910E+00 0.20883E+00 0.35568E-01 0.36669E-01 0.19777E+00 0.19529E+00 0.00000E+00 0.00000E+00 0.38057E+00      3085473 999/0.18000E+00
 0.12000E+05 0.25000E+00 0.53215E+00 0.15012E+00 0.33450E-01 0.30803E-01 0.17648E+00 0.17481E+00 0.00000E+00 0.00000E+00 -.73797E+00      3085473 999/0.25000E+00
 0.20000E+05 0.25000E+00 0.88692E+00 0.13614E+00 0.37967E-01 0.41999E-01 0.11174E+00 0.10973E+00 0.00000E+00 0.00000E+00 0.69559E+00      3085473 999/0.25000E+00
 0.20000E+05 0.40000E+00 0.55432E+00 0.11634E+00 0.30225E-01 0.37902E-01 0.75694E-01 0.75006E-01 0.00000E+00 0.00000E+00 0.13675E+01      3085473 999/0.40000E+00
 0.30000E+05 0.40000E+00 0.83149E+00 0.11116E+00 0.47149E-01 0.73070E-01 0.46482E-01 0.45799E-01 0.00000E+00 0.00000E+00 0.13863E+01      3085473 999/0.40000E+00
     6054056
 HERA1+2 NCep 575                                                                
Plot1@Experiment:HERA1+2@ExtraLabel:e^{+}p #rightarrow e^{+}X (NC), E_{p} = 575 GeV @XTitle: x @YTitle: #sigma_{red}  @Title:Q^{2} = 1.5 @Xlog
Plot2@Experiment:HERA1+2@ExtraLabel:e^{+}p #rightarrow e^{+}X (NC), E_{p} = 575 GeV @XTitle: x @YTitle: #sigma_{red}  @Title:Q^{2} = 2.0 @Xlog
Plot3@Experiment:HERA1+2@ExtraLabel:e^{+}p #rightarrow e^{+}X (NC), E_{p} = 575 GeV @XTitle: x @YTitle: #sigma_{red}  @Title:Q^{2} = 2.5 @Xlog
Plot4@Experiment:HERA1+2@ExtraLabel:e^{+}p #rightarrow e^{+}X (NC), E_{p} = 575 GeV @XTitle: x @YTitle: #sigma_{red}  @Title:Q^{2} = 3.5 @Xlog
Plot5@Experiment:HERA1+2@ExtraLabel:e^{+}p #rightarrow e^{+}X (NC), E_{p} = 575 GeV @XTitle: x @YTitle: #sigma_{red}  @Title:Q^{2} = 5 @Xlog
Plot6@Experiment:HERA1+2@ExtraLabel:e^{+}p #rightarrow e^{+}X (NC), E_{p} = 575 GeV @XTitle: x @YTitle: #sigma_{red}  @Title:Q^{2} = 6.5 @Xlog
Plot7@Experiment:HERA1+2@ExtraLabel:e^{+}p #rightarrow e^{+}X (NC), E_{p} = 575 GeV @XTitle: x @YTitle: #sigma_{red}  @Title:Q^{2} = 8.5 @Xlog
Plot8@Experiment:HERA1+2@ExtraLabel:e^{+}p #rightarrow e^{+}X (NC), E_{p} = 575 GeV @XTitle: x @YTitle: #sigma_{red}  @Title:Q^{2} = 12  @Xlog
Plot9@Experiment:HERA1+2@ExtraLabel:e^{+}p #rightarrow e^{+}X (NC), E_{p} = 575 GeV @XTitle: x @YTitle: #sigma_{red}  @Title:Q^{2} = 15  @Xlog
Plot10@Experiment:HERA1+2@ExtraLabel:e^{+}p #rightarrow e^{+}X (NC), E_{p} = 575 GeV @XTitle: x @YTitle: #sigma_{red}  @Title:Q^{2} = 20  @Xlog
Plot11@Experiment:HERA1+2@ExtraLabel:e^{+}p #rightarrow e^{+}X (NC), E_{p} = 575 GeV @XTitle: x @YTitle: #sigma_{red}  @Title:Q^{2} = 25  @Xlog
Plot12@Experiment:HERA1+2@ExtraLabel:e^{+}p #rightarrow e^{+}X (NC), E_{p} = 575 GeV @XTitle: x @YTitle: #sigma_{red}  @Title:Q^{2} = 35  @Xlog
Plot13@Experiment:HERA1+2@ExtraLabel:e^{+}p #rightarrow e^{+}X (NC), E_{p} = 575 GeV @XTitle: x @YTitle: #sigma_{red}  @Title:Q^{2} = 45  @Xlog
Plot14@Experiment:HERA1+2@ExtraLabel:e^{+}p #rightarrow e^{+}X (NC), E_{p} = 575 GeV @XTitle: x @YTitle: #sigma_{red}  @Title:Q^{2} = 60  @Xlog
Plot15@Experiment:HERA1+2@ExtraLabel:e^{+}p #rightarrow e^{+}X (NC), E_{p} = 575 GeV @XTitle: x @YTitle: #sigma_{red}  @Title:Q^{2} = 90  @Xlog
Plot16@Experiment:HERA1+2@ExtraLabel:e^{+}p #rightarrow e^{+}X (NC), E_{p} = 575 GeV @XTitle: x @YTitle: #sigma_{red}  @Title:Q^{2} = 120 @Xlog
Plot17@Experiment:HERA1+2@ExtraLabel:e^{+}p #rightarrow e^{+}X (NC), E_{p} = 575 GeV @XTitle: x @YTitle: #sigma_{red}  @Title:Q^{2} = 150 @Xlog
Plot18@Experiment:HERA1+2@ExtraLabel:e^{+}p #rightarrow e^{+}X (NC), E_{p} = 575 GeV @XTitle: x @YTitle: #sigma_{red}  @Title:Q^{2} = 200 @Xlog
Plot19@Experiment:HERA1+2@ExtraLabel:e^{+}p #rightarrow e^{+}X (NC), E_{p} = 575 GeV @XTitle: x @YTitle: #sigma_{red}  @Title:Q^{2} = 250 @Xlog
Plot20@Experiment:HERA1+2@ExtraLabel:e^{+}p #rightarrow e^{+}X (NC), E_{p} = 575 GeV @XTitle: x @YTitle: #sigma_{red}  @Title:Q^{2} = 300 @Xlog
Plot21@Experiment:HERA1+2@ExtraLabel:e^{+}p #rightarrow e^{+}X (NC), E_{p} = 575 GeV @XTitle: x @YTitle: #sigma_{red}  @Title:Q^{2} = 400 @Xlog
Plot22@Experiment:HERA1+2@ExtraLabel:e^{+}p #rightarrow e^{+}X (NC), E_{p} = 575 GeV @XTitle: x @YTitle: #sigma_{red}  @Title:Q^{2} = 500 @Xlog
Plot23@Experiment:HERA1+2@ExtraLabel:e^{+}p #rightarrow e^{+}X (NC), E_{p} = 575 GeV @XTitle: x @YTitle: #sigma_{red}  @Title:Q^{2} = 650 @Xlog
Plot24@Experiment:HERA1+2@ExtraLabel:e^{+}p #rightarrow e^{+}X (NC), E_{p} = 575 GeV @XTitle: x @YTitle: #sigma_{red}  @Title:Q^{2} = 800  @Xlog
 Q2          x           y              data      +- uncor     +- tot     th orig         th mod   therr+         therr-     pull    iset       iplot
 0.35000E+01 0.65100E-04 0.85002E+00 0.91286E+00 0.63792E-01 0.93643E-01 0.95688E+00 0.86183E+00 0.00000E+00 0.00000E+00 0.79999E+00      6054056   3/0.65100E-04
 0.35000E+01 0.72700E-04 0.76116E+00 0.89358E+00 0.42457E-01 0.50977E-01 0.95485E+00 0.91863E+00 0.00000E+00 0.00000E+00 -.59008E+00      6054056   3/0.72700E-04
 0.35000E+01 0.81200E-04 0.68148E+00 0.88886E+00 0.37089E-01 0.43680E-01 0.94923E+00 0.92312E+00 0.00000E+00 0.00000E+00 -.92362E+00      6054056   3/0.81200E-04
 0.35000E+01 0.92100E-04 0.60082E+00 0.94410E+00 0.40244E-01 0.43485E-01 0.93927E+00 0.92584E+00 0.00000E+00 0.00000E+00 0.45383E+00      6054056   3/0.92100E-04
 0.35000E+01 0.10620E-03 0.52105E+00 0.97008E+00 0.59023E-01 0.64610E-01 0.92449E+00 0.91422E+00 0.00000E+00 0.00000E+00 0.94644E+00      6054056   3/0.10620E-03
 0.50000E+01 0.93100E-04 0.84910E+00 0.88713E+00 0.73658E-01 0.98785E-01 0.10408E+01 0.92779E+00 0.00000E+00 0.00000E+00 -.55206E+00      6054056   4/0.93100E-04
 0.50000E+01 0.10380E-03 0.76157E+00 0.89632E+00 0.44867E-01 0.47345E-01 0.10416E+01 0.10045E+01 0.00000E+00 0.00000E+00 -.24101E+01      6054056   4/0.10380E-03
 0.50000E+01 0.11600E-03 0.68148E+00 0.10187E+01 0.36644E-01 0.42153E-01 0.10377E+01 0.10196E+01 0.00000E+00 0.00000E+00 -.24839E-01      6054056   4/0.11600E-03
 0.50000E+01 0.13150E-03 0.60115E+00 0.96509E+00 0.34841E-01 0.38773E-01 0.10286E+01 0.10148E+01 0.00000E+00 0.00000E+00 -.14281E+01      6054056   4/0.13150E-03
 0.50000E+01 0.15170E-03 0.52110E+00 0.10197E+01 0.32135E-01 0.36836E-01 0.10135E+01 0.10022E+01 0.00000E+00 0.00000E+00 0.54596E+00      6054056   4/0.15170E-03
 0.50000E+01 0.20130E-03 0.39270E+00 0.94852E+00 0.31829E-01 0.35493E-01 0.97466E+00 0.96565E+00 0.00000E+00 0.00000E+00 -.53829E+00      6054056   4/0.20130E-03
 0.65000E+01 0.12100E-03 0.84931E+00 0.93684E+00 0.84159E-01 0.11106E+00 0.11008E+01 0.97948E+00 0.00000E+00 0.00000E+00 -.50667E+00      6054056   5/0.12100E-03
 0.65000E+01 0.13500E-03 0.76124E+00 0.10053E+01 0.45806E-01 0.50818E-01 0.11039E+01 0.10719E+01 0.00000E+00 0.00000E+00 -.14548E+01      6054056   5/0.13500E-03
 0.65000E+01 0.15090E-03 0.68103E+00 0.11045E+01 0.36760E-01 0.44503E-01 0.11012E+01 0.10785E+01 0.00000E+00 0.00000E+00 0.70856E+00      6054056   5/0.15090E-03
 0.65000E+01 0.16300E-03 0.63047E+00 0.11798E+01 0.17872E+00 0.19100E+00 0.10965E+01 0.10971E+01 0.00000E+00 0.00000E+00 0.46291E+00      6054056   5/0.16300E-03
 0.65000E+01 0.17100E-03 0.60098E+00 0.10568E+01 0.35325E-01 0.38989E-01 0.10924E+01 0.10812E+01 0.00000E+00 0.00000E+00 -.69155E+00      6054056   5/0.17100E-03
 0.65000E+01 0.18300E-03 0.56157E+00 0.11842E+01 0.18805E+00 0.20427E+00 0.10857E+01 0.10867E+01 0.00000E+00 0.00000E+00 0.51824E+00      6054056   5/0.18300E-03
 0.65000E+01 0.19730E-03 0.52087E+00 0.11123E+01 0.30752E-01 0.36668E-01 0.10767E+01 0.10683E+01 0.00000E+00 0.00000E+00 0.14293E+01      6054056   5/0.19730E-03
 0.65000E+01 0.22800E-03 0.45073E+00 0.11380E+01 0.14521E+00 0.15534E+00 0.10567E+01 0.10317E+01 0.00000E+00 0.00000E+00 0.73189E+00      6054056   5/0.22800E-03
 0.65000E+01 0.26170E-03 0.39269E+00 0.10096E+01 0.23405E-01 0.28524E-01 0.10351E+01 0.10311E+01 0.00000E+00 0.00000E+00 -.92012E+00      6054056   5/0.26170E-03
 0.85000E+01 0.15820E-03 0.84948E+00 0.10313E+01 0.88434E-01 0.13842E+00 0.11579E+01 0.10084E+01 0.00000E+00 0.00000E+00 0.25899E+00      6054056   6/0.15820E-03
 0.85000E+01 0.17650E-03 0.76140E+00 0.10582E+01 0.48139E-01 0.50462E-01 0.11630E+01 0.11368E+01 0.00000E+00 0.00000E+00 -.16318E+01      6054056   6/0.17650E-03
 0.85000E+01 0.19730E-03 0.68113E+00 0.11123E+01 0.38218E-01 0.44297E-01 0.11612E+01 0.11421E+01 0.00000E+00 0.00000E+00 -.78101E+00      6054056   6/0.19730E-03
 0.85000E+01 0.22360E-03 0.60102E+00 0.11541E+01 0.33921E-01 0.40143E-01 0.11526E+01 0.11459E+01 0.00000E+00 0.00000E+00 0.24139E+00      6054056   6/0.22360E-03
 0.85000E+01 0.24000E-03 0.55995E+00 0.11455E+01 0.98302E-01 0.10123E+00 0.11451E+01 0.11378E+01 0.00000E+00 0.00000E+00 0.77982E-01      6054056   6/0.24000E-03
 0.85000E+01 0.25800E-03 0.52088E+00 0.10410E+01 0.31053E-01 0.35576E-01 0.11360E+01 0.11226E+01 0.00000E+00 0.00000E+00 -.26291E+01      6054056   6/0.25800E-03
 0.85000E+01 0.29900E-03 0.44946E+00 0.12170E+01 0.10597E+00 0.11624E+00 0.11138E+01 0.11174E+01 0.00000E+00 0.00000E+00 0.94000E+00      6054056   6/0.29900E-03
 0.85000E+01 0.34220E-03 0.39272E+00 0.10912E+01 0.23190E-01 0.29015E-01 0.10905E+01 0.10895E+01 0.00000E+00 0.00000E+00 0.72143E-01      6054056   6/0.34220E-03
 0.85000E+01 0.43300E-03 0.31036E+00 0.10921E+01 0.10683E+00 0.11254E+00 0.10462E+01 0.10334E+01 0.00000E+00 0.00000E+00 0.54906E+00      6054056   6/0.43300E-03
 0.85000E+01 0.54090E-03 0.24845E+00 0.10217E+01 0.22334E-01 0.27974E-01 0.10027E+01 0.10086E+01 0.00000E+00 0.00000E+00 0.58523E+00      6054056   6/0.54090E-03
 0.85000E+01 0.83840E-03 0.16029E+00 0.94610E+00 0.21788E-01 0.27371E-01 0.91750E+00 0.92106E+00 0.00000E+00 0.00000E+00 0.11491E+01      6054056   6/0.83840E-03
 0.85000E+01 0.10300E-02 0.13047E+00 0.67837E+00 0.15593E+00 0.12807E+00 0.87896E+00 0.86413E+00 0.00000E+00 0.00000E+00 -.11913E+01      6054056   6/0.10300E-02
 0.85000E+01 0.13970E-02 0.96197E-01 0.82340E+00 0.27208E-01 0.30650E-01 0.82454E+00 0.82701E+00 0.00000E+00 0.00000E+00 -.13251E+00      6054056   6/0.13970E-02
 0.12000E+02 0.22330E-03 0.84963E+00 0.12926E+01 0.83457E-01 0.13001E+00 0.12215E+01 0.11101E+01 0.00000E+00 0.00000E+00 0.21871E+01      6054056   7/0.22330E-03
 0.12000E+02 0.24920E-03 0.76133E+00 0.11477E+01 0.48420E-01 0.56077E-01 0.12286E+01 0.11953E+01 0.00000E+00 0.00000E+00 -.98238E+00      6054056   7/0.24920E-03
 0.12000E+02 0.27850E-03 0.68123E+00 0.11990E+01 0.39003E-01 0.45176E-01 0.12275E+01 0.12105E+01 0.00000E+00 0.00000E+00 -.29535E+00      6054056   7/0.27850E-03
 0.12000E+02 0.29540E-03 0.64226E+00 0.11757E+01 0.64335E-01 0.68972E-01 0.12241E+01 0.12155E+01 0.00000E+00 0.00000E+00 -.61809E+00      6054056   7/0.29540E-03
 0.12000E+02 0.31560E-03 0.60115E+00 0.11929E+01 0.42126E-01 0.47327E-01 0.12182E+01 0.12072E+01 0.00000E+00 0.00000E+00 -.34002E+00      6054056   7/0.31560E-03
 0.12000E+02 0.34300E-03 0.55313E+00 0.12277E+01 0.56217E-01 0.63203E-01 0.12085E+01 0.12060E+01 0.00000E+00 0.00000E+00 0.38555E+00      6054056   7/0.34300E-03
 0.12000E+02 0.36420E-03 0.52093E+00 0.11764E+01 0.34453E-01 0.39391E-01 0.11998E+01 0.11917E+01 0.00000E+00 0.00000E+00 -.44418E+00      6054056   7/0.36420E-03
 0.12000E+02 0.42300E-03 0.44852E+00 0.12263E+01 0.62701E-01 0.69643E-01 0.11745E+01 0.11687E+01 0.00000E+00 0.00000E+00 0.91820E+00      6054056   7/0.42300E-03
 0.12000E+02 0.48310E-03 0.39272E+00 0.11244E+01 0.23748E-01 0.29637E-01 0.11487E+01 0.11489E+01 0.00000E+00 0.00000E+00 -.10302E+01      6054056   7/0.48310E-03
 0.12000E+02 0.59200E-03 0.32048E+00 0.11448E+01 0.78662E-01 0.83664E-01 0.11059E+01 0.11000E+01 0.00000E+00 0.00000E+00 0.56935E+00      6054056   7/0.59200E-03
 0.12000E+02 0.76360E-03 0.24846E+00 0.10544E+01 0.23077E-01 0.28695E-01 0.10498E+01 0.10558E+01 0.00000E+00 0.00000E+00 -.61291E-01      6054056   7/0.76360E-03
 0.12000E+02 0.91000E-03 0.20849E+00 0.96455E+00 0.87539E-01 0.86628E-01 0.10112E+01 0.10086E+01 0.00000E+00 0.00000E+00 -.50302E+00      6054056   7/0.91000E-03
 0.12000E+02 0.11840E-02 0.16024E+00 0.10198E+01 0.21600E-01 0.28272E-01 0.95418E+00 0.95958E+00 0.00000E+00 0.00000E+00 0.27878E+01      6054056   7/0.11840E-02
 0.12000E+02 0.14600E-02 0.12995E+00 0.82793E+00 0.80487E-01 0.76786E-01 0.91053E+00 0.88588E+00 0.00000E+00 0.00000E+00 -.72005E+00      6054056   7/0.14600E-02
 0.12000E+02 0.19730E-02 0.96160E-01 0.87979E+00 0.25778E-01 0.31290E-01 0.85061E+00 0.85228E+00 0.00000E+00 0.00000E+00 0.10673E+01      6054056   7/0.19730E-02
 0.15000E+02 0.27920E-03 0.84941E+00 0.11474E+01 0.90059E-01 0.11098E+00 0.12556E+01 0.11593E+01 0.00000E+00 0.00000E+00 -.13165E+00      6054056   8/0.27920E-03
 0.15000E+02 0.31150E-03 0.76133E+00 0.12836E+01 0.46436E-01 0.54066E-01 0.12631E+01 0.12323E+01 0.00000E+00 0.00000E+00 0.11053E+01      6054056   8/0.31150E-03
 0.15000E+02 0.34810E-03 0.68128E+00 0.11874E+01 0.39667E-01 0.42506E-01 0.12622E+01 0.12491E+01 0.00000E+00 0.00000E+00 -.15543E+01      6054056   8/0.34810E-03
 0.15000E+02 0.39450E-03 0.60115E+00 0.11737E+01 0.36589E-01 0.41302E-01 0.12523E+01 0.12377E+01 0.00000E+00 0.00000E+00 -.17481E+01      6054056   8/0.39450E-03
 0.15000E+02 0.42200E-03 0.56198E+00 0.12419E+01 0.41883E-01 0.49141E-01 0.12437E+01 0.12388E+01 0.00000E+00 0.00000E+00 0.74557E-01      6054056   8/0.42200E-03
 0.15000E+02 0.45520E-03 0.52099E+00 0.12590E+01 0.38122E-01 0.44365E-01 0.12324E+01 0.12243E+01 0.00000E+00 0.00000E+00 0.90897E+00      6054056   8/0.45520E-03
 0.15000E+02 0.52900E-03 0.44831E+00 0.12042E+01 0.40258E-01 0.46646E-01 0.12050E+01 0.11934E+01 0.00000E+00 0.00000E+00 0.26927E+00      6054056   8/0.52900E-03
 0.15000E+02 0.60390E-03 0.39270E+00 0.11681E+01 0.22435E-01 0.30407E-01 0.11774E+01 0.11748E+01 0.00000E+00 0.00000E+00 -.30048E+00      6054056   8/0.60390E-03
 0.15000E+02 0.76300E-03 0.31082E+00 0.11451E+01 0.47451E-01 0.53234E-01 0.11240E+01 0.11158E+01 0.00000E+00 0.00000E+00 0.61692E+00      6054056   8/0.76300E-03
 0.15000E+02 0.95450E-03 0.24846E+00 0.10423E+01 0.23743E-01 0.28646E-01 0.10713E+01 0.10792E+01 0.00000E+00 0.00000E+00 -.15535E+01      6054056   8/0.95450E-03
 0.15000E+02 0.11400E-02 0.20803E+00 0.10926E+01 0.52606E-01 0.58640E-01 0.10294E+01 0.10189E+01 0.00000E+00 0.00000E+00 0.14017E+01      6054056   8/0.11400E-02
 0.15000E+02 0.14790E-02 0.16035E+00 0.97586E+00 0.21892E-01 0.28156E-01 0.96949E+00 0.97466E+00 0.00000E+00 0.00000E+00 0.54917E-01      6054056   8/0.14790E-02
 0.15000E+02 0.18200E-02 0.13030E+00 0.84737E+00 0.53507E-01 0.53027E-01 0.92313E+00 0.90281E+00 0.00000E+00 0.00000E+00 -.10361E+01      6054056   8/0.18200E-02
 0.15000E+02 0.24660E-02 0.96170E-01 0.86079E+00 0.25214E-01 0.30603E-01 0.85903E+00 0.86243E+00 0.00000E+00 0.00000E+00 -.65214E-01      6054056   8/0.24660E-02
 0.20000E+02 0.37220E-03 0.84956E+00 0.13322E+01 0.10100E+00 0.12423E+00 0.12900E+01 0.12140E+01 0.00000E+00 0.00000E+00 0.11703E+01      6054056   9/0.37220E-03
 0.20000E+02 0.41530E-03 0.76139E+00 0.12605E+01 0.59988E-01 0.65062E-01 0.12977E+01 0.12688E+01 0.00000E+00 0.00000E+00 -.13831E+00      6054056   9/0.41530E-03
 0.20000E+02 0.46420E-03 0.68118E+00 0.12937E+01 0.50647E-01 0.54639E-01 0.12961E+01 0.12864E+01 0.00000E+00 0.00000E+00 0.14447E+00      6054056   9/0.46420E-03
 0.20000E+02 0.52610E-03 0.60104E+00 0.11424E+01 0.49640E-01 0.50669E-01 0.12847E+01 0.12667E+01 0.00000E+00 0.00000E+00 -.25031E+01      6054056   9/0.52610E-03
 0.20000E+02 0.60700E-03 0.52093E+00 0.12257E+01 0.41208E-01 0.47147E-01 0.12627E+01 0.12540E+01 0.00000E+00 0.00000E+00 -.68583E+00      6054056   9/0.60700E-03
 0.20000E+02 0.80520E-03 0.39270E+00 0.12110E+01 0.27920E-01 0.34554E-01 0.12024E+01 0.12038E+01 0.00000E+00 0.00000E+00 0.25763E+00      6054056   9/0.80520E-03
 0.20000E+02 0.12730E-02 0.24839E+00 0.10909E+01 0.25105E-01 0.31323E-01 0.10874E+01 0.10955E+01 0.00000E+00 0.00000E+00 -.18131E+00      6054056   9/0.12730E-02
 0.20000E+02 0.19730E-02 0.16027E+00 0.98243E+00 0.22946E-01 0.28880E-01 0.97805E+00 0.98385E+00 0.00000E+00 0.00000E+00 -.61989E-01      6054056   9/0.19730E-02
 0.20000E+02 0.32880E-02 0.96170E-01 0.85845E+00 0.26914E-01 0.31218E-01 0.86051E+00 0.86356E+00 0.00000E+00 0.00000E+00 -.19005E+00      6054056   9/0.32880E-02
 0.25000E+02 0.49320E-03 0.80141E+00 0.13000E+01 0.49490E-01 0.54887E-01 0.13111E+01 0.12840E+01 0.00000E+00 0.00000E+00 0.32343E+00      6054056  10/0.49320E-03
 0.25000E+02 0.57000E-03 0.69343E+00 0.13297E+01 0.54644E-01 0.59527E-01 0.13121E+01 0.12888E+01 0.00000E+00 0.00000E+00 0.74852E+00      6054056  10/0.57000E-03
 0.25000E+02 0.61650E-03 0.64113E+00 0.12585E+01 0.32907E-01 0.37560E-01 0.13064E+01 0.12922E+01 0.00000E+00 0.00000E+00 -.10233E+01      6054056  10/0.61650E-03
 0.25000E+02 0.70000E-03 0.56465E+00 0.13251E+01 0.38369E-01 0.44654E-01 0.12895E+01 0.12767E+01 0.00000E+00 0.00000E+00 0.12602E+01      6054056  10/0.70000E-03
 0.25000E+02 0.75870E-03 0.52097E+00 0.12271E+01 0.41820E-01 0.46107E-01 0.12749E+01 0.12659E+01 0.00000E+00 0.00000E+00 -.92865E+00      6054056  10/0.75870E-03
 0.25000E+02 0.88000E-03 0.44916E+00 0.12476E+01 0.33597E-01 0.40081E-01 0.12433E+01 0.12326E+01 0.00000E+00 0.00000E+00 0.44695E+00      6054056  10/0.88000E-03
 0.25000E+02 0.10070E-02 0.39251E+00 0.12310E+01 0.21340E-01 0.29996E-01 0.12106E+01 0.12100E+01 0.00000E+00 0.00000E+00 0.98174E+00      6054056  10/0.10070E-02
 0.25000E+02 0.12700E-02 0.31123E+00 0.11204E+01 0.29938E-01 0.35677E-01 0.11505E+01 0.11352E+01 0.00000E+00 0.00000E+00 -.49375E+00      6054056  10/0.12700E-02
 0.25000E+02 0.15910E-02 0.24843E+00 0.11284E+01 0.26678E-01 0.32930E-01 0.10899E+01 0.10977E+01 0.00000E+00 0.00000E+00 0.11505E+01      6054056  10/0.15910E-02
 0.25000E+02 0.18400E-02 0.21481E+00 0.10422E+01 0.31531E-01 0.36896E-01 0.10512E+01 0.10383E+01 0.00000E+00 0.00000E+00 0.12296E+00      6054056  10/0.18400E-02
 0.25000E+02 0.24660E-02 0.16028E+00 0.10195E+01 0.24160E-01 0.32252E-01 0.97551E+00 0.98017E+00 0.00000E+00 0.00000E+00 0.16280E+01      6054056  10/0.24660E-02
 0.25000E+02 0.30000E-02 0.13175E+00 0.92016E+00 0.28854E-01 0.33985E-01 0.92733E+00 0.90586E+00 0.00000E+00 0.00000E+00 0.49558E+00      6054056  10/0.30000E-02
 0.25000E+02 0.41100E-02 0.96170E-01 0.89239E+00 0.29229E-01 0.34012E-01 0.85394E+00 0.86120E+00 0.00000E+00 0.00000E+00 0.10671E+01      6054056  10/0.41100E-02
 0.35000E+02 0.65140E-03 0.84949E+00 0.13221E+01 0.10522E+00 0.12263E+00 0.13215E+01 0.13313E+01 0.00000E+00 0.00000E+00 -.87779E-01      6054056  11/0.65140E-03
 0.35000E+02 0.72680E-03 0.76136E+00 0.13017E+01 0.68312E-01 0.71101E-01 0.13275E+01 0.12974E+01 0.00000E+00 0.00000E+00 0.62842E-01      6054056  11/0.72680E-03
 0.35000E+02 0.81230E-03 0.68123E+00 0.13272E+01 0.43763E-01 0.48330E-01 0.13229E+01 0.13072E+01 0.00000E+00 0.00000E+00 0.45777E+00      6054056  11/0.81230E-03
 0.35000E+02 0.92060E-03 0.60109E+00 0.13285E+01 0.39891E-01 0.44845E-01 0.13078E+01 0.13010E+01 0.00000E+00 0.00000E+00 0.69013E+00      6054056  11/0.92060E-03
 0.35000E+02 0.10000E-02 0.55336E+00 0.12166E+01 0.43622E-01 0.45268E-01 0.12930E+01 0.12748E+01 0.00000E+00 0.00000E+00 -.13341E+01      6054056  11/0.10000E-02
 0.35000E+02 0.10620E-02 0.52105E+00 0.13193E+01 0.44551E-01 0.51061E-01 0.12810E+01 0.12750E+01 0.00000E+00 0.00000E+00 0.99347E+00      6054056  11/0.10620E-02
 0.35000E+02 0.12300E-02 0.44989E+00 0.12474E+01 0.35921E-01 0.40609E-01 0.12466E+01 0.12399E+01 0.00000E+00 0.00000E+00 0.20802E+00      6054056  11/0.12300E-02
 0.35000E+02 0.14090E-02 0.39273E+00 0.12406E+01 0.21988E-01 0.29070E-01 0.12109E+01 0.12063E+01 0.00000E+00 0.00000E+00 0.15591E+01      6054056  11/0.14090E-02
 0.35000E+02 0.18000E-02 0.30742E+00 0.11199E+01 0.25705E-01 0.31192E-01 0.11420E+01 0.11304E+01 0.00000E+00 0.00000E+00 -.40973E+00      6054056  11/0.18000E-02
 0.35000E+02 0.22270E-02 0.24848E+00 0.11111E+01 0.27521E-01 0.33574E-01 0.10816E+01 0.10887E+01 0.00000E+00 0.00000E+00 0.81426E+00      6054056  11/0.22270E-02
 0.35000E+02 0.27000E-02 0.20495E+00 0.98176E+00 0.25249E-01 0.29569E-01 0.10276E+01 0.10094E+01 0.00000E+00 0.00000E+00 -.10935E+01      6054056  11/0.27000E-02
 0.35000E+02 0.34520E-02 0.16030E+00 0.96409E+00 0.25466E-01 0.30149E-01 0.96101E+00 0.96873E+00 0.00000E+00 0.00000E+00 -.18219E+00      6054056  11/0.34520E-02
 0.35000E+02 0.43000E-02 0.12869E+00 0.86229E+00 0.19163E-01 0.24615E-01 0.90426E+00 0.88273E+00 0.00000E+00 0.00000E+00 -.10665E+01      6054056  11/0.43000E-02
 0.35000E+02 0.57540E-02 0.96170E-01 0.86065E+00 0.31290E-01 0.37616E-01 0.83388E+00 0.83479E+00 0.00000E+00 0.00000E+00 0.82654E+00      6054056  11/0.57540E-02
 0.45000E+02 0.83750E-03 0.84951E+00 0.14321E+01 0.93681E-01 0.11170E+00 0.13213E+01 0.13435E+01 0.00000E+00 0.00000E+00 0.94547E+00      6054056  12/0.83750E-03
 0.45000E+02 0.93440E-03 0.76141E+00 0.13197E+01 0.71226E-01 0.74812E-01 0.13253E+01 0.13344E+01 0.00000E+00 0.00000E+00 -.20569E+00      6054056  12/0.93440E-03
 0.45000E+02 0.10440E-02 0.68148E+00 0.13485E+01 0.55011E-01 0.58289E-01 0.13187E+01 0.13130E+01 0.00000E+00 0.00000E+00 0.64473E+00      6054056  12/0.10440E-02
 0.45000E+02 0.11840E-02 0.60090E+00 0.12982E+01 0.42830E-01 0.46329E-01 0.13012E+01 0.12926E+01 0.00000E+00 0.00000E+00 0.13183E+00      6054056  12/0.11840E-02
 0.45000E+02 0.12700E-02 0.56021E+00 0.12859E+01 0.46445E-01 0.49254E-01 0.12882E+01 0.12811E+01 0.00000E+00 0.00000E+00 0.10392E+00      6054056  12/0.12700E-02
 0.45000E+02 0.13660E-02 0.52084E+00 0.12921E+01 0.48386E-01 0.52954E-01 0.12720E+01 0.12674E+01 0.00000E+00 0.00000E+00 0.51047E+00      6054056  12/0.13660E-02
 0.45000E+02 0.15850E-02 0.44887E+00 0.11919E+01 0.43742E-01 0.45368E-01 0.12349E+01 0.12252E+01 0.00000E+00 0.00000E+00 -.76219E+00      6054056  12/0.15850E-02
 0.45000E+02 0.18120E-02 0.39264E+00 0.11783E+01 0.22328E-01 0.27670E-01 0.11978E+01 0.11962E+01 0.00000E+00 0.00000E+00 -.80242E+00      6054056  12/0.18120E-02
 0.45000E+02 0.22900E-02 0.31068E+00 0.11136E+01 0.27157E-01 0.31106E-01 0.11299E+01 0.11151E+01 0.00000E+00 0.00000E+00 -.56365E-01      6054056  12/0.22900E-02
 0.45000E+02 0.28640E-02 0.24842E+00 0.11026E+01 0.27438E-01 0.33477E-01 0.10637E+01 0.10721E+01 0.00000E+00 0.00000E+00 0.11119E+01      6054056  12/0.28640E-02
 0.45000E+02 0.33000E-02 0.21559E+00 0.10060E+01 0.24662E-01 0.28664E-01 0.10226E+01 0.10052E+01 0.00000E+00 0.00000E+00 0.32356E-01      6054056  12/0.33000E-02
 0.45000E+02 0.44390E-02 0.16028E+00 0.94015E+00 0.25214E-01 0.29881E-01 0.94001E+00 0.94719E+00 0.00000E+00 0.00000E+00 -.27928E+00      6054056  12/0.44390E-02
 0.45000E+02 0.55000E-02 0.12936E+00 0.89033E+00 0.19597E-01 0.24948E-01 0.88395E+00 0.86267E+00 0.00000E+00 0.00000E+00 0.14114E+01      6054056  12/0.55000E-02
 0.45000E+02 0.73980E-02 0.96170E-01 0.82825E+00 0.31446E-01 0.37023E-01 0.81124E+00 0.81377E+00 0.00000E+00 0.00000E+00 0.46047E+00      6054056  12/0.73980E-02
 0.60000E+02 0.11170E-02 0.84925E+00 0.12762E+01 0.10031E+00 0.10810E+00 0.13082E+01 0.13348E+01 0.00000E+00 0.00000E+00 -.58448E+00      6054056  13/0.11170E-02
 0.60000E+02 0.12460E-02 0.76133E+00 0.14192E+01 0.64334E-01 0.73935E-01 0.13093E+01 0.13167E+01 0.00000E+00 0.00000E+00 0.15932E+01      6054056  13/0.12460E-02
 0.60000E+02 0.13920E-02 0.68148E+00 0.13581E+01 0.63482E-01 0.69014E-01 0.13002E+01 0.13080E+01 0.00000E+00 0.00000E+00 0.78928E+00      6054056  13/0.13920E-02
 0.60000E+02 0.15780E-02 0.60115E+00 0.13242E+01 0.61679E-01 0.65125E-01 0.12802E+01 0.12691E+01 0.00000E+00 0.00000E+00 0.89379E+00      6054056  13/0.15780E-02
 0.60000E+02 0.17100E-02 0.55475E+00 0.12972E+01 0.54233E-01 0.58133E-01 0.12639E+01 0.12650E+01 0.00000E+00 0.00000E+00 0.59464E+00      6054056  13/0.17100E-02
 0.60000E+02 0.18210E-02 0.52093E+00 0.12600E+01 0.61865E-01 0.65401E-01 0.12486E+01 0.12498E+01 0.00000E+00 0.00000E+00 0.16481E+00      6054056  13/0.18210E-02
 0.60000E+02 0.21100E-02 0.44958E+00 0.11150E+01 0.45550E-01 0.45526E-01 0.12097E+01 0.12060E+01 0.00000E+00 0.00000E+00 -.19968E+01      6054056  13/0.21100E-02
 0.60000E+02 0.24160E-02 0.39264E+00 0.11691E+01 0.24638E-01 0.29156E-01 0.11707E+01 0.11702E+01 0.00000E+00 0.00000E+00 -.45744E-01      6054056  13/0.24160E-02
 0.60000E+02 0.30500E-02 0.31102E+00 0.10977E+01 0.30773E-01 0.33692E-01 0.11009E+01 0.10864E+01 0.00000E+00 0.00000E+00 0.36805E+00      6054056  13/0.30500E-02
 0.60000E+02 0.38180E-02 0.24846E+00 0.10154E+01 0.28525E-01 0.32654E-01 0.10326E+01 0.10402E+01 0.00000E+00 0.00000E+00 -.87102E+00      6054056  13/0.38180E-02
 0.60000E+02 0.46000E-02 0.20622E+00 0.94876E+00 0.26671E-01 0.29090E-01 0.97814E+00 0.96119E+00 0.00000E+00 0.00000E+00 -.46603E+00      6054056  13/0.46000E-02
 0.60000E+02 0.59180E-02 0.16029E+00 0.99360E+00 0.25798E-01 0.32165E-01 0.90704E+00 0.91241E+00 0.00000E+00 0.00000E+00 0.31473E+01      6054056  13/0.59180E-02
 0.60000E+02 0.73000E-02 0.12995E+00 0.81661E+00 0.19134E-01 0.23493E-01 0.85185E+00 0.82703E+00 0.00000E+00 0.00000E+00 -.54481E+00      6054056  13/0.73000E-02
 0.60000E+02 0.98640E-02 0.96170E-01 0.77303E+00 0.31801E-01 0.34485E-01 0.77774E+00 0.78489E+00 0.00000E+00 0.00000E+00 -.37284E+00      6054056  13/0.98640E-02
 0.90000E+02 0.16719E-02 0.85108E+00 0.13269E+01 0.10780E+00 0.11936E+00 0.12672E+01 0.12929E+01 0.00000E+00 0.00000E+00 0.31506E+00      6054056  14/0.16719E-02
 0.90000E+02 0.18690E-02 0.76133E+00 0.13915E+01 0.67625E-01 0.76665E-01 0.12643E+01 0.12810E+01 0.00000E+00 0.00000E+00 0.16341E+01      6054056  14/0.18690E-02
 0.90000E+02 0.20890E-02 0.68115E+00 0.12992E+01 0.59107E-01 0.65115E-01 0.12516E+01 0.12696E+01 0.00000E+00 0.00000E+00 0.50071E+00      6054056  14/0.20890E-02
 0.90000E+02 0.23670E-02 0.60115E+00 0.13050E+01 0.60691E-01 0.67348E-01 0.12289E+01 0.12505E+01 0.00000E+00 0.00000E+00 0.89850E+00      6054056  14/0.23670E-02
 0.90000E+02 0.25000E-02 0.56917E+00 0.11533E+01 0.63002E-01 0.62394E-01 0.12165E+01 0.12011E+01 0.00000E+00 0.00000E+00 -.75878E+00      6054056  14/0.25000E-02
 0.90000E+02 0.30000E-02 0.47431E+00 0.11593E+01 0.52825E-01 0.54823E-01 0.11687E+01 0.11679E+01 0.00000E+00 0.00000E+00 -.16283E+00      6054056  14/0.30000E-02
 0.90000E+02 0.36230E-02 0.39275E+00 0.11243E+01 0.29968E-01 0.33226E-01 0.11130E+01 0.11085E+01 0.00000E+00 0.00000E+00 0.52708E+00      6054056  14/0.36230E-02
 0.90000E+02 0.46000E-02 0.30933E+00 0.10178E+01 0.33772E-01 0.35670E-01 0.10393E+01 0.10237E+01 0.00000E+00 0.00000E+00 -.17354E+00      6054056  14/0.46000E-02
 0.90000E+02 0.57270E-02 0.24846E+00 0.92170E+00 0.29760E-01 0.32175E-01 0.97259E+00 0.97863E+00 0.00000E+00 0.00000E+00 -.19128E+01      6054056  14/0.57270E-02
 0.90000E+02 0.64000E-02 0.22233E+00 0.94845E+00 0.28682E-01 0.31682E-01 0.93970E+00 0.92080E+00 0.00000E+00 0.00000E+00 0.96407E+00      6054056  14/0.64000E-02
 0.90000E+02 0.88770E-02 0.16029E+00 0.87069E+00 0.26202E-01 0.30373E-01 0.84773E+00 0.85263E+00 0.00000E+00 0.00000E+00 0.68939E+00      6054056  14/0.88770E-02
 0.90000E+02 0.10900E-01 0.13054E+00 0.75796E+00 0.20426E-01 0.23165E-01 0.79358E+00 0.77274E+00 0.00000E+00 0.00000E+00 -.72360E+00      6054056  14/0.10900E-01
 0.90000E+02 0.14800E-01 0.96144E-01 0.75583E+00 0.33445E-01 0.36601E-01 0.72033E+00 0.72462E+00 0.00000E+00 0.00000E+00 0.93316E+00      6054056  14/0.14800E-01
 0.12000E+03 0.22000E-02 0.86238E+00 0.13897E+01 0.11428E+00 0.12995E+00 0.12245E+01 0.12547E+01 0.00000E+00 0.00000E+00 0.11816E+01      6054056  15/0.22000E-02
 0.12000E+03 0.25000E-02 0.75889E+00 0.11837E+01 0.95647E-01 0.99890E-01 0.12182E+01 0.12566E+01 0.00000E+00 0.00000E+00 -.76228E+00      6054056  15/0.25000E-02
 0.12000E+03 0.27000E-02 0.70268E+00 0.10805E+01 0.11227E+00 0.10476E+00 0.12087E+01 0.11942E+01 0.00000E+00 0.00000E+00 -.10128E+01      6054056  15/0.27000E-02
 0.12000E+03 0.28000E-02 0.67758E+00 0.11758E+01 0.85226E-01 0.90249E-01 0.12025E+01 0.12454E+01 0.00000E+00 0.00000E+00 -.81627E+00      6054056  15/0.28000E-02
 0.12000E+03 0.30000E-02 0.63241E+00 0.11813E+01 0.93856E-01 0.95318E-01 0.11898E+01 0.11959E+01 0.00000E+00 0.00000E+00 -.15506E+00      6054056  15/0.30000E-02
 0.12000E+03 0.32000E-02 0.59289E+00 0.11183E+01 0.77212E-01 0.81310E-01 0.11755E+01 0.12198E+01 0.00000E+00 0.00000E+00 -.13151E+01      6054056  15/0.32000E-02
 0.12000E+03 0.34000E-02 0.55801E+00 0.11340E+01 0.69306E-01 0.69795E-01 0.11609E+01 0.11570E+01 0.00000E+00 0.00000E+00 -.33162E+00      6054056  15/0.34000E-02
 0.12000E+03 0.36000E-02 0.52701E+00 0.11921E+01 0.69253E-01 0.78184E-01 0.11460E+01 0.11913E+01 0.00000E+00 0.00000E+00 0.10879E-01      6054056  15/0.36000E-02
 0.12000E+03 0.42000E-02 0.45172E+00 0.11385E+01 0.58538E-01 0.61421E-01 0.11023E+01 0.10931E+01 0.00000E+00 0.00000E+00 0.77615E+00      6054056  15/0.42000E-02
 0.12000E+03 0.48000E-02 0.39526E+00 0.10714E+01 0.36419E-01 0.40063E-01 0.10621E+01 0.10689E+01 0.00000E+00 0.00000E+00 0.68211E-01      6054056  15/0.48000E-02
 0.12000E+03 0.59000E-02 0.32157E+00 0.98536E+00 0.36642E-01 0.38459E-01 0.99843E+00 0.98336E+00 0.00000E+00 0.00000E+00 0.54691E-01      6054056  15/0.59000E-02
 0.12000E+03 0.80000E-02 0.23715E+00 0.86922E+00 0.29242E-01 0.31133E-01 0.90691E+00 0.88779E+00 0.00000E+00 0.00000E+00 -.63515E+00      6054056  15/0.80000E-02
 0.12000E+03 0.13000E-01 0.14594E+00 0.72207E+00 0.23695E-01 0.25671E-01 0.77351E+00 0.75154E+00 0.00000E+00 0.00000E+00 -.12438E+01      6054056  15/0.13000E-01
 0.15000E+03 0.28000E-02 0.84698E+00 0.13125E+01 0.13114E+00 0.14624E+00 0.11841E+01 0.12063E+01 0.00000E+00 0.00000E+00 0.80951E+00      6054056  16/0.28000E-02
 0.15000E+03 0.31000E-02 0.76501E+00 0.11836E+01 0.11380E+00 0.11909E+00 0.11770E+01 0.12127E+01 0.00000E+00 0.00000E+00 -.25600E+00      6054056  16/0.31000E-02
 0.15000E+03 0.35000E-02 0.67758E+00 0.13349E+01 0.97238E-01 0.11120E+00 0.11591E+01 0.12011E+01 0.00000E+00 0.00000E+00 0.13758E+01      6054056  16/0.35000E-02
 0.15000E+03 0.39000E-02 0.60809E+00 0.12567E+01 0.85155E-01 0.96309E-01 0.11364E+01 0.11797E+01 0.00000E+00 0.00000E+00 0.90480E+00      6054056  16/0.39000E-02
 0.15000E+03 0.45000E-02 0.52701E+00 0.10503E+01 0.75962E-01 0.79620E-01 0.11002E+01 0.11424E+01 0.00000E+00 0.00000E+00 -.12126E+01      6054056  16/0.45000E-02
 0.15000E+03 0.60000E-02 0.39526E+00 0.10250E+01 0.39556E-01 0.48943E-01 0.10160E+01 0.10560E+01 0.00000E+00 0.00000E+00 -.78245E+00      6054056  16/0.60000E-02
 0.15000E+03 0.80000E-02 0.29644E+00 0.97292E+00 0.38884E-01 0.48308E-01 0.92866E+00 0.96623E+00 0.00000E+00 0.00000E+00 0.17206E+00      6054056  16/0.80000E-02
 0.15000E+03 0.13000E-01 0.18243E+00 0.86345E+00 0.45363E-01 0.53441E-01 0.79038E+00 0.81948E+00 0.00000E+00 0.00000E+00 0.96929E+00      6054056  16/0.13000E-01
 0.15000E+03 0.20000E-01 0.11858E+00 0.79350E+00 0.54842E-01 0.63849E-01 0.68456E+00 0.70877E+00 0.00000E+00 0.00000E+00 0.15449E+01      6054056  16/0.20000E-01
 0.20000E+03 0.37000E-02 0.85461E+00 0.13183E+01 0.15880E+00 0.17949E+00 0.11262E+01 0.11432E+01 0.00000E+00 0.00000E+00 0.11029E+01      6054056  17/0.37000E-02
 0.20000E+03 0.41000E-02 0.77123E+00 0.13112E+01 0.14043E+00 0.15744E+00 0.11171E+01 0.11509E+01 0.00000E+00 0.00000E+00 0.11417E+01      6054056  17/0.41000E-02
 0.20000E+03 0.46000E-02 0.68740E+00 0.10679E+01 0.12151E+00 0.12329E+00 0.10987E+01 0.11390E+01 0.00000E+00 0.00000E+00 -.58497E+00      6054056  17/0.46000E-02
 0.20000E+03 0.52000E-02 0.60809E+00 0.11802E+01 0.10193E+00 0.11202E+00 0.10722E+01 0.11142E+01 0.00000E+00 0.00000E+00 0.64793E+00      6054056  17/0.52000E-02
 0.20000E+03 0.61000E-02 0.51837E+00 0.11162E+01 0.88617E-01 0.97415E-01 0.10309E+01 0.10708E+01 0.00000E+00 0.00000E+00 0.51260E+00      6054056  17/0.61000E-02
 0.20000E+03 0.80000E-02 0.39526E+00 0.96912E+00 0.45752E-01 0.53506E-01 0.95196E+00 0.98973E+00 0.00000E+00 0.00000E+00 -.45058E+00      6054056  17/0.80000E-02
 0.20000E+03 0.13000E-01 0.24324E+00 0.87552E+00 0.38573E-01 0.47092E-01 0.81033E+00 0.84292E+00 0.00000E+00 0.00000E+00 0.84503E+00      6054056  17/0.13000E-01
 0.20000E+03 0.20000E-01 0.15810E+00 0.76545E+00 0.36490E-01 0.43820E-01 0.69926E+00 0.72508E+00 0.00000E+00 0.00000E+00 0.11064E+01      6054056  17/0.20000E-01
 0.20000E+03 0.32000E-01 0.98814E-01 0.61888E+00 0.33704E-01 0.38418E-01 0.59665E+00 0.61823E+00 0.00000E+00 0.00000E+00 0.19229E-01      6054056  17/0.32000E-01
 0.20000E+03 0.50000E-01 0.63241E-01 0.50726E+00 0.32991E-01 0.35640E-01 0.51603E+00 0.53486E+00 0.00000E+00 0.00000E+00 -.83660E+00      6054056  17/0.50000E-01
 0.20000E+03 0.80000E-01 0.39526E-01 0.41852E+00 0.32691E-01 0.33776E-01 0.44491E+00 0.45845E+00 0.00000E+00 0.00000E+00 -.12214E+01      6054056  17/0.80000E-01
 0.20000E+03 0.13000E+00 0.24324E-01 0.38393E+00 0.28251E-01 0.30480E-01 0.37895E+00 0.39029E+00 0.00000E+00 0.00000E+00 -.22512E+00      6054056  17/0.13000E+00
 0.20000E+03 0.18000E+00 0.17567E-01 0.31120E+00 0.30779E-01 0.31124E-01 0.33250E+00 0.35012E+00 0.00000E+00 0.00000E+00 -.12645E+01      6054056  17/0.18000E+00
 0.20000E+03 0.40000E+00 0.79051E-02 0.19826E+00 0.19991E-01 0.23570E-01 0.15841E+00 0.16882E+00 0.00000E+00 0.00000E+00 0.14726E+01      6054056  17/0.40000E+00
 0.25000E+03 0.46000E-02 0.85925E+00 0.87541E+00 0.18873E+00 0.17416E+00 0.10772E+01 0.10862E+01 0.00000E+00 0.00000E+00 -.11168E+01      6054056  18/0.46000E-02
 0.25000E+03 0.52000E-02 0.76011E+00 0.10977E+01 0.15215E+00 0.15859E+00 0.10633E+01 0.10918E+01 0.00000E+00 0.00000E+00 0.38597E-01      6054056  18/0.52000E-02
 0.25000E+03 0.58000E-02 0.68148E+00 0.95633E+00 0.13843E+00 0.13495E+00 0.10438E+01 0.10826E+01 0.00000E+00 0.00000E+00 -.91182E+00      6054056  18/0.58000E-02
 0.25000E+03 0.66000E-02 0.59887E+00 0.95445E+00 0.11409E+00 0.11367E+00 0.10149E+01 0.10548E+01 0.00000E+00 0.00000E+00 -.87989E+00      6054056  18/0.66000E-02
 0.25000E+03 0.76000E-02 0.52007E+00 0.10249E+01 0.97732E-01 0.10406E+00 0.97816E+00 0.10161E+01 0.00000E+00 0.00000E+00 0.90456E-01      6054056  18/0.76000E-02
 0.25000E+03 0.10000E-01 0.39526E+00 0.95951E+00 0.48631E-01 0.56952E-01 0.89986E+00 0.93572E+00 0.00000E+00 0.00000E+00 0.48914E+00      6054056  18/0.10000E-01
 0.25000E+03 0.13000E-01 0.30404E+00 0.85384E+00 0.43603E-01 0.50384E-01 0.82387E+00 0.85627E+00 0.00000E+00 0.00000E+00 -.55779E-01      6054056  18/0.13000E-01
 0.25000E+03 0.20000E-01 0.19763E+00 0.76978E+00 0.39984E-01 0.46979E-01 0.70973E+00 0.73747E+00 0.00000E+00 0.00000E+00 0.80815E+00      6054056  18/0.20000E-01
 0.25000E+03 0.32000E-01 0.12352E+00 0.62960E+00 0.35780E-01 0.40640E-01 0.60338E+00 0.62621E+00 0.00000E+00 0.00000E+00 0.94881E-01      6054056  18/0.32000E-01
 0.25000E+03 0.50000E-01 0.79051E-01 0.54922E+00 0.31960E-01 0.36334E-01 0.51971E+00 0.53936E+00 0.00000E+00 0.00000E+00 0.30847E+00      6054056  18/0.50000E-01
 0.25000E+03 0.80000E-01 0.49407E-01 0.46487E+00 0.29610E-01 0.32949E-01 0.44600E+00 0.46077E+00 0.00000E+00 0.00000E+00 0.13858E+00      6054056  18/0.80000E-01
 0.25000E+03 0.13000E+00 0.30404E-01 0.39288E+00 0.24365E-01 0.27233E-01 0.37797E+00 0.38939E+00 0.00000E+00 0.00000E+00 0.14303E+00      6054056  18/0.13000E+00
 0.25000E+03 0.18000E+00 0.21959E-01 0.36459E+00 0.24919E-01 0.28411E-01 0.33037E+00 0.34544E+00 0.00000E+00 0.00000E+00 0.76848E+00      6054056  18/0.18000E+00
 0.25000E+03 0.40000E+00 0.98814E-02 0.16729E+00 0.16952E-01 0.18749E-01 0.15497E+00 0.16616E+00 0.00000E+00 0.00000E+00 0.66731E-01      6054056  18/0.40000E+00
 0.30000E+03 0.56000E-02 0.84698E+00 0.12260E+01 0.17724E+00 0.19905E+00 0.10331E+01 0.10511E+01 0.00000E+00 0.00000E+00 0.98680E+00      6054056  19/0.56000E-02
 0.30000E+03 0.62000E-02 0.76501E+00 0.88208E+00 0.17078E+00 0.16095E+00 0.10202E+01 0.10474E+01 0.00000E+00 0.00000E+00 -.96812E+00      6054056  19/0.62000E-02
 0.30000E+03 0.69000E-02 0.68740E+00 0.97889E+00 0.14748E+00 0.14836E+00 0.10007E+01 0.10412E+01 0.00000E+00 0.00000E+00 -.42238E+00      6054056  19/0.69000E-02
 0.30000E+03 0.79000E-02 0.60039E+00 0.10459E+01 0.12885E+00 0.13702E+00 0.97007E+00 0.10095E+01 0.00000E+00 0.00000E+00 0.28221E+00      6054056  19/0.79000E-02
 0.30000E+03 0.91000E-02 0.52122E+00 0.86827E+00 0.10887E+00 0.10764E+00 0.93369E+00 0.97085E+00 0.00000E+00 0.00000E+00 -.94223E+00      6054056  19/0.91000E-02
 0.30000E+03 0.12100E-01 0.39199E+00 0.91173E+00 0.53749E-01 0.61140E-01 0.85324E+00 0.88676E+00 0.00000E+00 0.00000E+00 0.46453E+00      6054056  19/0.12100E-01
 0.30000E+03 0.20000E-01 0.23715E+00 0.66705E+00 0.44256E-01 0.46525E-01 0.71750E+00 0.74628E+00 0.00000E+00 0.00000E+00 -.17902E+01      6054056  19/0.20000E-01
 0.30000E+03 0.32000E-01 0.14822E+00 0.62543E+00 0.40806E-01 0.44911E-01 0.60849E+00 0.63127E+00 0.00000E+00 0.00000E+00 -.14302E+00      6054056  19/0.32000E-01
 0.30000E+03 0.50000E-01 0.94862E-01 0.54525E+00 0.36511E-01 0.40339E-01 0.52249E+00 0.54197E+00 0.00000E+00 0.00000E+00 0.89924E-01      6054056  19/0.50000E-01
 0.30000E+03 0.80000E-01 0.59289E-01 0.48650E+00 0.33999E-01 0.38074E-01 0.44676E+00 0.46262E+00 0.00000E+00 0.00000E+00 0.70247E+00      6054056  19/0.80000E-01
 0.30000E+03 0.13000E+00 0.36485E-01 0.37936E+00 0.27787E-01 0.29889E-01 0.37712E+00 0.38850E+00 0.00000E+00 0.00000E+00 -.32891E+00      6054056  19/0.13000E+00
 0.30000E+03 0.18000E+00 0.26350E-01 0.33025E+00 0.27329E-01 0.29087E-01 0.32863E+00 0.34354E+00 0.00000E+00 0.00000E+00 -.48632E+00      6054056  19/0.18000E+00
 0.30000E+03 0.40000E+00 0.11858E-01 0.15995E+00 0.19378E-01 0.20950E-01 0.15227E+00 0.16429E+00 0.00000E+00 0.00000E+00 -.22397E+00      6054056  19/0.40000E+00
 0.40000E+03 0.74000E-02 0.85461E+00 0.82658E+00 0.20372E+00 0.19153E+00 0.96364E+00 0.97662E+00 0.00000E+00 0.00000E+00 -.73652E+00      6054056  20/0.74000E-02
 0.40000E+03 0.83000E-02 0.76194E+00 0.60217E+00 0.17372E+00 0.13917E+00 0.94732E+00 0.97767E+00 0.00000E+00 0.00000E+00 -.21615E+01      6054056  20/0.83000E-02
 0.40000E+03 0.93000E-02 0.68001E+00 0.10262E+01 0.15585E+00 0.16667E+00 0.92544E+00 0.96065E+00 0.00000E+00 0.00000E+00 0.42060E+00      6054056  20/0.93000E-02
 0.40000E+03 0.10500E-01 0.60230E+00 0.88735E+00 0.13840E+00 0.13985E+00 0.89671E+00 0.93215E+00 0.00000E+00 0.00000E+00 -.32367E+00      6054056  20/0.10500E-01
 0.40000E+03 0.12100E-01 0.52265E+00 0.10127E+01 0.12070E+00 0.13409E+00 0.86098E+00 0.89569E+00 0.00000E+00 0.00000E+00 0.96948E+00      6054056  20/0.12100E-01
 0.40000E+03 0.16100E-01 0.39280E+00 0.88429E+00 0.58814E-01 0.67201E-01 0.78478E+00 0.81610E+00 0.00000E+00 0.00000E+00 0.11595E+01      6054056  20/0.16100E-01
 0.40000E+03 0.32000E-01 0.19763E+00 0.65000E+00 0.45777E-01 0.50454E-01 0.61564E+00 0.63997E+00 0.00000E+00 0.00000E+00 0.21907E+00      6054056  20/0.32000E-01
 0.40000E+03 0.50000E-01 0.12648E+00 0.51898E+00 0.41308E-01 0.43533E-01 0.52634E+00 0.54657E+00 0.00000E+00 0.00000E+00 -.66791E+00      6054056  20/0.50000E-01
 0.40000E+03 0.80000E-01 0.79051E-01 0.45273E+00 0.38220E-01 0.40500E-01 0.44775E+00 0.46397E+00 0.00000E+00 0.00000E+00 -.29412E+00      6054056  20/0.80000E-01
 0.40000E+03 0.13000E+00 0.48647E-01 0.37996E+00 0.31211E-01 0.33169E-01 0.37569E+00 0.38790E+00 0.00000E+00 0.00000E+00 -.25434E+00      6054056  20/0.13000E+00
 0.40000E+03 0.18000E+00 0.35134E-01 0.35323E+00 0.29367E-01 0.32289E-01 0.32592E+00 0.33930E+00 0.00000E+00 0.00000E+00 0.47431E+00      6054056  20/0.18000E+00
 0.40000E+03 0.40000E+00 0.15810E-01 0.16276E+00 0.21051E-01 0.23133E-01 0.14821E+00 0.15948E+00 0.00000E+00 0.00000E+00 0.15573E+00      6054056  20/0.40000E+00
 0.50000E+03 0.93000E-02 0.85002E+00 0.74414E+00 0.22528E+00 0.20595E+00 0.90655E+00 0.92143E+00 0.00000E+00 0.00000E+00 -.78697E+00      6054056  21/0.93000E-02
 0.50000E+03 0.10400E-01 0.76011E+00 0.73913E+00 0.18418E+00 0.16907E+00 0.88833E+00 0.92298E+00 0.00000E+00 0.00000E+00 -.99820E+00      6054056  21/0.10400E-01
 0.50000E+03 0.11600E-01 0.68148E+00 0.11883E+01 0.16332E+00 0.19440E+00 0.86705E+00 0.90146E+00 0.00000E+00 0.00000E+00 0.17562E+01      6054056  21/0.11600E-01
 0.50000E+03 0.13100E-01 0.60345E+00 0.86231E+00 0.15008E+00 0.15397E+00 0.83965E+00 0.87158E+00 0.00000E+00 0.00000E+00 -.61778E-01      6054056  21/0.13100E-01
 0.50000E+03 0.15200E-01 0.52007E+00 0.10466E+01 0.12955E+00 0.15101E+00 0.80321E+00 0.83470E+00 0.00000E+00 0.00000E+00 0.16356E+01      6054056  21/0.15200E-01
 0.50000E+03 0.20100E-01 0.39329E+00 0.73830E+00 0.66607E-01 0.69980E-01 0.73188E+00 0.76051E+00 0.00000E+00 0.00000E+00 -.33352E+00      6054056  21/0.20100E-01
 0.50000E+03 0.32000E-01 0.24704E+00 0.69086E+00 0.54669E-01 0.60871E-01 0.62016E+00 0.64440E+00 0.00000E+00 0.00000E+00 0.84988E+00      6054056  21/0.32000E-01
 0.50000E+03 0.50000E-01 0.15810E+00 0.56712E+00 0.48384E-01 0.52557E-01 0.52880E+00 0.54883E+00 0.00000E+00 0.00000E+00 0.37810E+00      6054056  21/0.50000E-01
 0.50000E+03 0.80000E-01 0.98814E-01 0.45383E+00 0.43590E-01 0.45658E-01 0.44823E+00 0.46474E+00 0.00000E+00 0.00000E+00 -.25026E+00      6054056  21/0.80000E-01
 0.50000E+03 0.13000E+00 0.60809E-01 0.38745E+00 0.43261E-01 0.45335E-01 0.37450E+00 0.38827E+00 0.00000E+00 0.00000E+00 -.18945E-01      6054056  21/0.13000E+00
 0.50000E+03 0.18000E+00 0.43917E-01 0.35110E+00 0.38283E-01 0.41117E-01 0.32381E+00 0.33357E+00 0.00000E+00 0.00000E+00 0.45802E+00      6054056  21/0.18000E+00
 0.50000E+03 0.25000E+00 0.31621E-01 0.23686E+00 0.33634E-01 0.32571E-01 0.26339E+00 0.27431E+00 0.00000E+00 0.00000E+00 -.11136E+01      6054056  21/0.25000E+00
 0.50000E+03 0.40000E+00 0.19763E-01 0.18242E+00 0.26223E-01 0.30318E-01 0.14522E+00 0.15421E+00 0.00000E+00 0.00000E+00 0.10759E+01      6054056  21/0.40000E+00
 0.50000E+03 0.65000E+00 0.12162E-01 0.22579E-01 0.59899E-02 0.63783E-02 0.20548E-01 0.22428E-01 0.00000E+00 0.00000E+00 0.25242E-01      6054056  21/0.65000E+00
 0.65000E+03 0.12100E-01 0.84931E+00 0.50105E+00 0.24831E+00 0.19219E+00 0.83806E+00 0.86099E+00 0.00000E+00 0.00000E+00 -.14496E+01      6054056  22/0.12100E-01
 0.65000E+03 0.13500E-01 0.76124E+00 0.70451E+00 0.21412E+00 0.19927E+00 0.82049E+00 0.85012E+00 0.00000E+00 0.00000E+00 -.68001E+00      6054056  22/0.13500E-01
 0.65000E+03 0.15100E-01 0.68057E+00 0.68769E+00 0.18535E+00 0.17296E+00 0.79858E+00 0.82827E+00 0.00000E+00 0.00000E+00 -.75843E+00      6054056  22/0.15100E-01
 0.65000E+03 0.17100E-01 0.60098E+00 0.70065E+00 0.15654E+00 0.15037E+00 0.77151E+00 0.80217E+00 0.00000E+00 0.00000E+00 -.64852E+00      6054056  22/0.17100E-01
 0.65000E+03 0.19700E-01 0.52166E+00 0.48422E+00 0.13528E+00 0.11016E+00 0.73835E+00 0.76723E+00 0.00000E+00 0.00000E+00 -.20920E+01      6054056  22/0.19700E-01
 0.65000E+03 0.26100E-01 0.39374E+00 0.64016E+00 0.70508E-01 0.71111E-01 0.67089E+00 0.69757E+00 0.00000E+00 0.00000E+00 -.81423E+00      6054056  22/0.26100E-01
 0.65000E+03 0.50000E-01 0.20553E+00 0.46856E+00 0.58132E-01 0.56117E-01 0.53087E+00 0.55168E+00 0.00000E+00 0.00000E+00 -.14298E+01      6054056  22/0.50000E-01
 0.65000E+03 0.80000E-01 0.12846E+00 0.46097E+00 0.51080E-01 0.53388E-01 0.44837E+00 0.46506E+00 0.00000E+00 0.00000E+00 -.80113E-01      6054056  22/0.80000E-01
 0.65000E+03 0.13000E+00 0.79051E-01 0.40376E+00 0.51275E-01 0.54565E-01 0.37294E+00 0.38714E+00 0.00000E+00 0.00000E+00 0.32406E+00      6054056  22/0.13000E+00
 0.65000E+03 0.18000E+00 0.57093E-01 0.33215E+00 0.45319E-01 0.47021E-01 0.32131E+00 0.33141E+00 0.00000E+00 0.00000E+00 0.16322E-01      6054056  22/0.18000E+00
 0.65000E+03 0.25000E+00 0.41107E-01 0.24762E+00 0.38523E-01 0.38235E-01 0.26011E+00 0.27051E+00 0.00000E+00 0.00000E+00 -.59410E+00      6054056  22/0.25000E+00
 0.65000E+03 0.40000E+00 0.25692E-01 0.16918E+00 0.28848E-01 0.32264E-01 0.14187E+00 0.14996E+00 0.00000E+00 0.00000E+00 0.66629E+00      6054056  22/0.40000E+00
 0.65000E+03 0.65000E+00 0.15810E-01 0.25337E-01 0.71275E-02 0.82160E-02 0.19640E-01 0.21418E-01 0.00000E+00 0.00000E+00 0.54985E+00      6054056  22/0.65000E+00
 0.80000E+03 0.14900E-01 0.84887E+00 0.67167E+00 0.23101E+00 0.21436E+00 0.78481E+00 0.81441E+00 0.00000E+00 0.00000E+00 -.61790E+00      6054056  23/0.14900E-01
 0.80000E+03 0.16600E-01 0.76194E+00 0.49282E+00 0.23506E+00 0.18867E+00 0.76696E+00 0.79877E+00 0.00000E+00 0.00000E+00 -.13016E+01      6054056  23/0.16600E-01
 0.80000E+03 0.18500E-01 0.68369E+00 0.68273E+00 0.19240E+00 0.18495E+00 0.74621E+00 0.77536E+00 0.00000E+00 0.00000E+00 -.48144E+00      6054056  23/0.18500E-01
 0.80000E+03 0.21000E-01 0.60230E+00 0.66634E+00 0.16865E+00 0.16332E+00 0.71943E+00 0.74876E+00 0.00000E+00 0.00000E+00 -.48873E+00      6054056  23/0.21000E-01
 0.80000E+03 0.24200E-01 0.52265E+00 0.65095E+00 0.14577E+00 0.14295E+00 0.68771E+00 0.71566E+00 0.00000E+00 0.00000E+00 -.44392E+00      6054056  23/0.24200E-01
 0.80000E+03 0.32200E-01 0.39280E+00 0.49570E+00 0.75292E-01 0.68461E-01 0.62316E+00 0.64727E+00 0.00000E+00 0.00000E+00 -.20131E+01      6054056  23/0.32200E-01
 0.80000E+03 0.50000E-01 0.25296E+00 0.58519E+00 0.66537E-01 0.71726E-01 0.53158E+00 0.55266E+00 0.00000E+00 0.00000E+00 0.48889E+00      6054056  23/0.50000E-01
 0.80000E+03 0.80000E-01 0.15810E+00 0.56182E+00 0.59679E-01 0.68708E-01 0.44803E+00 0.46717E+00 0.00000E+00 0.00000E+00 0.15860E+01      6054056  23/0.80000E-01
 0.80000E+03 0.13000E+00 0.97294E-01 0.29744E+00 0.60401E-01 0.54644E-01 0.37152E+00 0.38426E+00 0.00000E+00 0.00000E+00 -.14373E+01      6054056  23/0.13000E+00
 0.80000E+03 0.18000E+00 0.70268E-01 0.26735E+00 0.54091E-01 0.50038E-01 0.31926E+00 0.33066E+00 0.00000E+00 0.00000E+00 -.11705E+01      6054056  23/0.18000E+00
 0.80000E+03 0.25000E+00 0.50593E-01 0.18681E+00 0.44355E-01 0.38088E-01 0.25756E+00 0.26787E+00 0.00000E+00 0.00000E+00 -.18275E+01      6054056  23/0.25000E+00
 0.80000E+03 0.40000E+00 0.31621E-01 0.17199E+00 0.32417E-01 0.36554E-01 0.13935E+00 0.14714E+00 0.00000E+00 0.00000E+00 0.76658E+00      6054056  23/0.40000E+00
 0.80000E+03 0.65000E+00 0.19459E-01 0.24235E-01 0.83035E-02 0.94921E-02 0.18971E-01 0.20571E-01 0.00000E+00 0.00000E+00 0.44128E+00      6054056  23/0.65000E+00
     2823329
 HERA1+2 NCep 460                                                                
Plot1@Experiment:HERA1+2@ExtraLabel:e^{+}p #rightarrow e^{+}X (NC), E_{p} = 460 GeV @XTitle: x @YTitle: #sigma_{red}  @Title:Q^{2} = 1.5 @Xlog
Plot2@Experiment:HERA1+2@ExtraLabel:e^{+}p #rightarrow e^{+}X (NC), E_{p} = 460 GeV @XTitle: x @YTitle: #sigma_{red}  @Title:Q^{2} = 2.0 @Xlog
Plot3@Experiment:HERA1+2@ExtraLabel:e^{+}p #rightarrow e^{+}X (NC), E_{p} = 460 GeV @XTitle: x @YTitle: #sigma_{red}  @Title:Q^{2} = 2.5 @Xlog
Plot4@Experiment:HERA1+2@ExtraLabel:e^{+}p #rightarrow e^{+}X (NC), E_{p} = 460 GeV @XTitle: x @YTitle: #sigma_{red}  @Title:Q^{2} = 3.5 @Xlog
Plot5@Experiment:HERA1+2@ExtraLabel:e^{+}p #rightarrow e^{+}X (NC), E_{p} = 460 GeV @XTitle: x @YTitle: #sigma_{red}  @Title:Q^{2} = 5 @Xlog
Plot6@Experiment:HERA1+2@ExtraLabel:e^{+}p #rightarrow e^{+}X (NC), E_{p} = 460 GeV @XTitle: x @YTitle: #sigma_{red}  @Title:Q^{2} = 6.5 @Xlog
Plot7@Experiment:HERA1+2@ExtraLabel:e^{+}p #rightarrow e^{+}X (NC), E_{p} = 460 GeV @XTitle: x @YTitle: #sigma_{red}  @Title:Q^{2} = 8.5 @Xlog
Plot8@Experiment:HERA1+2@ExtraLabel:e^{+}p #rightarrow e^{+}X (NC), E_{p} = 460 GeV @XTitle: x @YTitle: #sigma_{red}  @Title:Q^{2} = 12  @Xlog
Plot9@Experiment:HERA1+2@ExtraLabel:e^{+}p #rightarrow e^{+}X (NC), E_{p} = 460 GeV @XTitle: x @YTitle: #sigma_{red}  @Title:Q^{2} = 15  @Xlog
Plot10@Experiment:HERA1+2@ExtraLabel:e^{+}p #rightarrow e^{+}X (NC), E_{p} = 460 GeV @XTitle: x @YTitle: #sigma_{red}  @Title:Q^{2} = 20  @Xlog
Plot11@Experiment:HERA1+2@ExtraLabel:e^{+}p #rightarrow e^{+}X (NC), E_{p} = 460 GeV @XTitle: x @YTitle: #sigma_{red}  @Title:Q^{2} = 25  @Xlog
Plot12@Experiment:HERA1+2@ExtraLabel:e^{+}p #rightarrow e^{+}X (NC), E_{p} = 460 GeV @XTitle: x @YTitle: #sigma_{red}  @Title:Q^{2} = 35  @Xlog
Plot13@Experiment:HERA1+2@ExtraLabel:e^{+}p #rightarrow e^{+}X (NC), E_{p} = 460 GeV @XTitle: x @YTitle: #sigma_{red}  @Title:Q^{2} = 45  @Xlog
Plot14@Experiment:HERA1+2@ExtraLabel:e^{+}p #rightarrow e^{+}X (NC), E_{p} = 460 GeV @XTitle: x @YTitle: #sigma_{red}  @Title:Q^{2} = 60  @Xlog
Plot15@Experiment:HERA1+2@ExtraLabel:e^{+}p #rightarrow e^{+}X (NC), E_{p} = 460 GeV @XTitle: x @YTitle: #sigma_{red}  @Title:Q^{2} = 90  @Xlog
Plot16@Experiment:HERA1+2@ExtraLabel:e^{+}p #rightarrow e^{+}X (NC), E_{p} = 460 GeV @XTitle: x @YTitle: #sigma_{red}  @Title:Q^{2} = 120 @Xlog
Plot17@Experiment:HERA1+2@ExtraLabel:e^{+}p #rightarrow e^{+}X (NC), E_{p} = 460 GeV @XTitle: x @YTitle: #sigma_{red}  @Title:Q^{2} = 150 @Xlog
Plot18@Experiment:HERA1+2@ExtraLabel:e^{+}p #rightarrow e^{+}X (NC), E_{p} = 460 GeV @XTitle: x @YTitle: #sigma_{red}  @Title:Q^{2} = 200 @Xlog
Plot19@Experiment:HERA1+2@ExtraLabel:e^{+}p #rightarrow e^{+}X (NC), E_{p} = 460 GeV @XTitle: x @YTitle: #sigma_{red}  @Title:Q^{2} = 250 @Xlog
Plot20@Experiment:HERA1+2@ExtraLabel:e^{+}p #rightarrow e^{+}X (NC), E_{p} = 460 GeV @XTitle: x @YTitle: #sigma_{red}  @Title:Q^{2} = 300 @Xlog
Plot21@Experiment:HERA1+2@ExtraLabel:e^{+}p #rightarrow e^{+}X (NC), E_{p} = 460 GeV @XTitle: x @YTitle: #sigma_{red}  @Title:Q^{2} = 400 @Xlog
Plot22@Experiment:HERA1+2@ExtraLabel:e^{+}p #rightarrow e^{+}X (NC), E_{p} = 460 GeV @XTitle: x @YTitle: #sigma_{red}  @Title:Q^{2} = 500 @Xlog
Plot23@Experiment:HERA1+2@ExtraLabel:e^{+}p #rightarrow e^{+}X (NC), E_{p} = 460 GeV @XTitle: x @YTitle: #sigma_{red}  @Title:Q^{2} = 650 @Xlog
Plot24@Experiment:HERA1+2@ExtraLabel:e^{+}p #rightarrow e^{+}X (NC), E_{p} = 460 GeV @XTitle: x @YTitle: #sigma_{red}  @Title:Q^{2} = 800  @Xlog
 Q2          x           y              data      +- uncor     +- tot     th orig         th mod   therr+         therr-     pull    iset       iplot
 0.35000E+01 0.81200E-04 0.85185E+00 0.81942E+00 0.51668E-01 0.72721E-01 0.91763E+00 0.83504E+00 0.00000E+00 0.00000E+00 -.30230E+00      2823329   3/0.81200E-04
 0.35000E+01 0.92100E-04 0.75103E+00 0.83846E+00 0.32475E-01 0.41728E-01 0.91547E+00 0.88080E+00 0.00000E+00 0.00000E+00 -.13039E+01      2823329   3/0.92100E-04
 0.35000E+01 0.10620E-03 0.65132E+00 0.87477E+00 0.28680E-01 0.36652E-01 0.90768E+00 0.88288E+00 0.00000E+00 0.00000E+00 -.28266E+00      2823329   3/0.10620E-03
 0.35000E+01 0.14090E-03 0.49092E+00 0.80965E+00 0.30348E-01 0.34824E-01 0.88038E+00 0.86301E+00 0.00000E+00 0.00000E+00 -.17583E+01      2823329   3/0.14090E-03
 0.50000E+01 0.11600E-03 0.85185E+00 0.98048E+00 0.56877E-01 0.95234E-01 0.99672E+00 0.89759E+00 0.00000E+00 0.00000E+00 0.14574E+01      2823329   4/0.11600E-03
 0.50000E+01 0.13150E-03 0.75144E+00 0.93991E+00 0.34275E-01 0.42869E-01 0.99764E+00 0.96448E+00 0.00000E+00 0.00000E+00 -.71676E+00      2823329   4/0.13150E-03
 0.50000E+01 0.14300E-03 0.69101E+00 0.10477E+01 0.13918E+00 0.14673E+00 0.99495E+00 0.10131E+01 0.00000E+00 0.00000E+00 0.24870E+00      2823329   4/0.14300E-03
 0.50000E+01 0.15170E-03 0.65138E+00 0.98382E+00 0.27258E-01 0.33371E-01 0.99165E+00 0.97484E+00 0.00000E+00 0.00000E+00 0.32939E+00      2823329   4/0.15170E-03
 0.50000E+01 0.20130E-03 0.49088E+00 0.91968E+00 0.21060E-01 0.25987E-01 0.96404E+00 0.95433E+00 0.00000E+00 0.00000E+00 -.16455E+01      2823329   4/0.20130E-03
 0.65000E+01 0.15090E-03 0.85128E+00 0.10698E+01 0.61325E-01 0.10072E+00 0.10525E+01 0.95124E+00 0.00000E+00 0.00000E+00 0.19334E+01      2823329   5/0.15090E-03
 0.65000E+01 0.17100E-03 0.75122E+00 0.10118E+01 0.33652E-01 0.44158E-01 0.10557E+01 0.10252E+01 0.00000E+00 0.00000E+00 -.39789E+00      2823329   5/0.17100E-03
 0.65000E+01 0.18300E-03 0.70196E+00 0.10429E+01 0.10559E+00 0.11128E+00 0.10546E+01 0.10373E+01 0.00000E+00 0.00000E+00 0.53356E-01      2823329   5/0.18300E-03
 0.65000E+01 0.19730E-03 0.65108E+00 0.10259E+01 0.28140E-01 0.33301E-01 0.10509E+01 0.10382E+01 0.00000E+00 0.00000E+00 -.43705E+00      2823329   5/0.19730E-03
 0.65000E+01 0.22800E-03 0.56341E+00 0.10672E+01 0.10505E+00 0.10946E+00 0.10389E+01 0.10370E+01 0.00000E+00 0.00000E+00 0.28716E+00      2823329   5/0.22800E-03
 0.65000E+01 0.26170E-03 0.49086E+00 0.10086E+01 0.20285E-01 0.26454E-01 0.10226E+01 0.10136E+01 0.00000E+00 0.00000E+00 -.24420E+00      2823329   5/0.26170E-03
 0.65000E+01 0.33000E-03 0.38927E+00 0.99041E+00 0.11282E+00 0.11423E+00 0.98860E+00 0.99553E+00 0.00000E+00 0.00000E+00 -.45357E-01      2823329   5/0.33000E-03
 0.65000E+01 0.41360E-03 0.31059E+00 0.96883E+00 0.20719E-01 0.26685E-01 0.95138E+00 0.95451E+00 0.00000E+00 0.00000E+00 0.69105E+00      2823329   5/0.41360E-03
 0.85000E+01 0.19730E-03 0.85142E+00 0.10107E+01 0.65572E-01 0.10882E+00 0.11048E+01 0.97912E+00 0.00000E+00 0.00000E+00 0.48157E+00      2823329   6/0.19730E-03
 0.85000E+01 0.22360E-03 0.75127E+00 0.10637E+01 0.33852E-01 0.44710E-01 0.11103E+01 0.10906E+01 0.00000E+00 0.00000E+00 -.79575E+00      2823329   6/0.22360E-03
 0.85000E+01 0.24000E-03 0.69993E+00 0.11947E+01 0.59132E-01 0.72729E-01 0.11095E+01 0.11112E+01 0.00000E+00 0.00000E+00 0.14129E+01      2823329   6/0.24000E-03
 0.85000E+01 0.25800E-03 0.65110E+00 0.11188E+01 0.27382E-01 0.37442E-01 0.11064E+01 0.10968E+01 0.00000E+00 0.00000E+00 0.80316E+00      2823329   6/0.25800E-03
 0.85000E+01 0.29900E-03 0.56182E+00 0.11882E+01 0.62820E-01 0.70538E-01 0.10935E+01 0.11049E+01 0.00000E+00 0.00000E+00 0.13263E+01      2823329   6/0.29900E-03
 0.85000E+01 0.34220E-03 0.49089E+00 0.10570E+01 0.20596E-01 0.27390E-01 0.10763E+01 0.10675E+01 0.00000E+00 0.00000E+00 -.50907E+00      2823329   6/0.34220E-03
 0.85000E+01 0.43300E-03 0.38795E+00 0.11513E+01 0.79771E-01 0.88973E-01 0.10385E+01 0.10457E+01 0.00000E+00 0.00000E+00 0.13238E+01      2823329   6/0.43300E-03
 0.85000E+01 0.54090E-03 0.31056E+00 0.10201E+01 0.19572E-01 0.25586E-01 0.99828E+00 0.10038E+01 0.00000E+00 0.00000E+00 0.83216E+00      2823329   6/0.54090E-03
 0.85000E+01 0.83840E-03 0.20036E+00 0.94303E+00 0.18664E-01 0.24577E-01 0.91601E+00 0.91990E+00 0.00000E+00 0.00000E+00 0.12393E+01      2823329   6/0.83840E-03
 0.85000E+01 0.13970E-02 0.12025E+00 0.86446E+00 0.18157E-01 0.24071E-01 0.82409E+00 0.82573E+00 0.00000E+00 0.00000E+00 0.21329E+01      2823329   6/0.13970E-02
 0.12000E+02 0.27850E-03 0.85154E+00 0.11616E+01 0.64247E-01 0.95528E-01 0.11624E+01 0.10710E+01 0.00000E+00 0.00000E+00 0.14099E+01      2823329   7/0.27850E-03
 0.12000E+02 0.31560E-03 0.75144E+00 0.11775E+01 0.33284E-01 0.46389E-01 0.11696E+01 0.11445E+01 0.00000E+00 0.00000E+00 0.99228E+00      2823329   7/0.31560E-03
 0.12000E+02 0.34300E-03 0.69141E+00 0.11660E+01 0.49986E-01 0.58847E-01 0.11689E+01 0.11736E+01 0.00000E+00 0.00000E+00 -.15237E+00      2823329   7/0.34300E-03
 0.12000E+02 0.36420E-03 0.65116E+00 0.11273E+01 0.27852E-01 0.35345E-01 0.11659E+01 0.11603E+01 0.00000E+00 0.00000E+00 -.11848E+01      2823329   7/0.36420E-03
 0.12000E+02 0.42300E-03 0.56065E+00 0.12347E+01 0.38762E-01 0.50021E-01 0.11516E+01 0.11648E+01 0.00000E+00 0.00000E+00 0.18025E+01      2823329   7/0.42300E-03
 0.12000E+02 0.48310E-03 0.49090E+00 0.11199E+01 0.20278E-01 0.28240E-01 0.11325E+01 0.11308E+01 0.00000E+00 0.00000E+00 -.53893E+00      2823329   7/0.48310E-03
 0.12000E+02 0.59200E-03 0.40060E+00 0.11422E+01 0.47777E-01 0.53589E-01 0.10964E+01 0.11011E+01 0.00000E+00 0.00000E+00 0.85952E+00      2823329   7/0.59200E-03
 0.12000E+02 0.76360E-03 0.31057E+00 0.10325E+01 0.19392E-01 0.25768E-01 0.10449E+01 0.10494E+01 0.00000E+00 0.00000E+00 -.87257E+00      2823329   7/0.76360E-03
 0.12000E+02 0.11840E-02 0.20030E+00 0.97922E+00 0.18382E-01 0.24597E-01 0.95255E+00 0.95635E+00 0.00000E+00 0.00000E+00 0.12440E+01      2823329   7/0.11840E-02
 0.12000E+02 0.19730E-02 0.12020E+00 0.87972E+00 0.17135E-01 0.23903E-01 0.85013E+00 0.85113E+00 0.00000E+00 0.00000E+00 0.16686E+01      2823329   7/0.19730E-02
 0.15000E+02 0.34810E-03 0.85160E+00 0.12427E+01 0.67462E-01 0.88095E-01 0.11925E+01 0.11276E+01 0.00000E+00 0.00000E+00 0.17066E+01      2823329   8/0.34810E-03
 0.15000E+02 0.39450E-03 0.75144E+00 0.11382E+01 0.32992E-01 0.39662E-01 0.12004E+01 0.11810E+01 0.00000E+00 0.00000E+00 -.12960E+01      2823329   8/0.39450E-03
 0.15000E+02 0.42200E-03 0.70247E+00 0.11906E+01 0.40701E-01 0.47931E-01 0.11998E+01 0.12025E+01 0.00000E+00 0.00000E+00 -.29252E+00      2823329   8/0.42200E-03
 0.15000E+02 0.45520E-03 0.65124E+00 0.11743E+01 0.26659E-01 0.35309E-01 0.11963E+01 0.11894E+01 0.00000E+00 0.00000E+00 -.56578E+00      2823329   8/0.45520E-03
 0.15000E+02 0.52900E-03 0.56038E+00 0.12540E+01 0.27929E-01 0.38997E-01 0.11808E+01 0.11902E+01 0.00000E+00 0.00000E+00 0.22858E+01      2823329   8/0.52900E-03
 0.15000E+02 0.60390E-03 0.49088E+00 0.11704E+01 0.18215E-01 0.28085E-01 0.11603E+01 0.11591E+01 0.00000E+00 0.00000E+00 0.61769E+00      2823329   8/0.60390E-03
 0.15000E+02 0.76300E-03 0.38852E+00 0.11680E+01 0.29723E-01 0.38641E-01 0.11148E+01 0.11216E+01 0.00000E+00 0.00000E+00 0.15595E+01      2823329   8/0.76300E-03
 0.15000E+02 0.95450E-03 0.31057E+00 0.10831E+01 0.18028E-01 0.26380E-01 0.10662E+01 0.10714E+01 0.00000E+00 0.00000E+00 0.64839E+00      2823329   8/0.95450E-03
 0.15000E+02 0.14790E-02 0.20043E+00 0.94294E+00 0.17430E-01 0.23363E-01 0.96780E+00 0.97180E+00 0.00000E+00 0.00000E+00 -.16558E+01      2823329   8/0.14790E-02
 0.15000E+02 0.24660E-02 0.12021E+00 0.85624E+00 0.16228E-01 0.23129E-01 0.85854E+00 0.85716E+00 0.00000E+00 0.00000E+00 -.56797E-01      2823329   8/0.24660E-02
 0.20000E+02 0.46420E-03 0.85148E+00 0.10297E+01 0.78327E-01 0.86428E-01 0.12220E+01 0.11421E+01 0.00000E+00 0.00000E+00 -.14350E+01      2823329   9/0.46420E-03
 0.20000E+02 0.52610E-03 0.75130E+00 0.12138E+01 0.44782E-01 0.51282E-01 0.12297E+01 0.12029E+01 0.00000E+00 0.00000E+00 0.24253E+00      2823329   9/0.52610E-03
 0.20000E+02 0.60700E-03 0.65116E+00 0.11796E+01 0.37635E-01 0.41178E-01 0.12246E+01 0.12122E+01 0.00000E+00 0.00000E+00 -.86726E+00      2823329   9/0.60700E-03
 0.20000E+02 0.80520E-03 0.49088E+00 0.11713E+01 0.25210E-01 0.32673E-01 0.11846E+01 0.11796E+01 0.00000E+00 0.00000E+00 -.33019E+00      2823329   9/0.80520E-03
 0.20000E+02 0.12730E-02 0.31049E+00 0.10893E+01 0.22682E-01 0.29228E-01 0.10822E+01 0.10888E+01 0.00000E+00 0.00000E+00 0.20961E-01      2823329   9/0.12730E-02
 0.20000E+02 0.19730E-02 0.20033E+00 0.98618E+00 0.20656E-01 0.26346E-01 0.97634E+00 0.98276E+00 0.00000E+00 0.00000E+00 0.16545E+00      2823329   9/0.19730E-02
 0.20000E+02 0.32880E-02 0.12021E+00 0.87679E+00 0.18884E-01 0.24629E-01 0.86002E+00 0.86501E+00 0.00000E+00 0.00000E+00 0.62392E+00      2823329   9/0.32880E-02
 0.25000E+02 0.61650E-03 0.80141E+00 0.12106E+01 0.46960E-01 0.51787E-01 0.12398E+01 0.12180E+01 0.00000E+00 0.00000E+00 -.15821E+00      2823329  10/0.61650E-03
 0.25000E+02 0.65700E-03 0.75201E+00 0.12095E+01 0.48961E-01 0.54021E-01 0.12417E+01 0.12289E+01 0.00000E+00 0.00000E+00 -.39714E+00      2823329  10/0.65700E-03
 0.25000E+02 0.70000E-03 0.70582E+00 0.12513E+01 0.40174E-01 0.45894E-01 0.12411E+01 0.12451E+01 0.00000E+00 0.00000E+00 0.15472E+00      2823329  10/0.70000E-03
 0.25000E+02 0.75870E-03 0.65121E+00 0.12230E+01 0.25624E-01 0.32195E-01 0.12356E+01 0.12362E+01 0.00000E+00 0.00000E+00 -.51352E+00      2823329  10/0.75870E-03
 0.25000E+02 0.88000E-03 0.56144E+00 0.12374E+01 0.27710E-01 0.35466E-01 0.12169E+01 0.12247E+01 0.00000E+00 0.00000E+00 0.45991E+00      2823329  10/0.88000E-03
 0.25000E+02 0.10070E-02 0.49064E+00 0.11879E+01 0.17585E-01 0.27020E-01 0.11923E+01 0.11930E+01 0.00000E+00 0.00000E+00 -.28970E+00      2823329  10/0.10070E-02
 0.25000E+02 0.12700E-02 0.38903E+00 0.11461E+01 0.20889E-01 0.29970E-01 0.11408E+01 0.11482E+01 0.00000E+00 0.00000E+00 -.10051E+00      2823329  10/0.12700E-02
 0.25000E+02 0.15910E-02 0.31054E+00 0.10781E+01 0.15437E-01 0.24229E-01 0.10846E+01 0.10879E+01 0.00000E+00 0.00000E+00 -.63477E+00      2823329  10/0.15910E-02
 0.25000E+02 0.24660E-02 0.20035E+00 0.98870E+00 0.15228E-01 0.23259E-01 0.97380E+00 0.97694E+00 0.00000E+00 0.00000E+00 0.77221E+00      2823329  10/0.24660E-02
 0.25000E+02 0.41100E-02 0.12021E+00 0.85212E+00 0.14006E-01 0.20710E-01 0.85346E+00 0.85062E+00 0.00000E+00 0.00000E+00 0.10701E+00      2823329  10/0.41100E-02
 0.35000E+02 0.81230E-03 0.85153E+00 0.13358E+01 0.74599E-01 0.91866E-01 0.12453E+01 0.12221E+01 0.00000E+00 0.00000E+00 0.15248E+01      2823329  11/0.81230E-03
 0.35000E+02 0.92060E-03 0.75136E+00 0.12102E+01 0.39579E-01 0.45836E-01 0.12506E+01 0.12279E+01 0.00000E+00 0.00000E+00 -.44639E+00      2823329  11/0.92060E-03
 0.35000E+02 0.10000E-02 0.69170E+00 0.13627E+01 0.41420E-01 0.47780E-01 0.12469E+01 0.12498E+01 0.00000E+00 0.00000E+00 0.27267E+01      2823329  11/0.10000E-02
 0.35000E+02 0.10620E-02 0.65132E+00 0.12367E+01 0.27822E-01 0.33717E-01 0.12417E+01 0.12391E+01 0.00000E+00 0.00000E+00 -.87122E-01      2823329  11/0.10620E-02
 0.35000E+02 0.12300E-02 0.56236E+00 0.12222E+01 0.29101E-01 0.34060E-01 0.12202E+01 0.12244E+01 0.00000E+00 0.00000E+00 -.75669E-01      2823329  11/0.12300E-02
 0.35000E+02 0.14090E-02 0.49092E+00 0.12185E+01 0.17922E-01 0.26524E-01 0.11927E+01 0.11936E+01 0.00000E+00 0.00000E+00 0.13881E+01      2823329  11/0.14090E-02
 0.35000E+02 0.18000E-02 0.38428E+00 0.11433E+01 0.21944E-01 0.28725E-01 0.11327E+01 0.11385E+01 0.00000E+00 0.00000E+00 0.21774E+00      2823329  11/0.18000E-02
 0.35000E+02 0.22270E-02 0.31060E+00 0.10656E+01 0.13874E-01 0.21964E-01 0.10764E+01 0.10817E+01 0.00000E+00 0.00000E+00 -.11593E+01      2823329  11/0.22270E-02
 0.35000E+02 0.31000E-02 0.22313E+00 0.98448E+00 0.20088E-01 0.26090E-01 0.98756E+00 0.98434E+00 0.00000E+00 0.00000E+00 0.69524E-02      2823329  11/0.31000E-02
 0.35000E+02 0.34520E-02 0.20038E+00 0.97699E+00 0.22098E-01 0.28162E-01 0.95936E+00 0.96847E+00 0.00000E+00 0.00000E+00 0.38544E+00      2823329  11/0.34520E-02
 0.35000E+02 0.57540E-02 0.12021E+00 0.83266E+00 0.12656E-01 0.19893E-01 0.83342E+00 0.82895E+00 0.00000E+00 0.00000E+00 0.29285E+00      2823329  11/0.57540E-02
 0.45000E+02 0.10440E-02 0.85185E+00 0.11690E+01 0.70768E-01 0.77478E-01 0.12420E+01 0.12226E+01 0.00000E+00 0.00000E+00 -.75727E+00      2823329  12/0.10440E-02
 0.45000E+02 0.11840E-02 0.75112E+00 0.12051E+01 0.45373E-01 0.47955E-01 0.12448E+01 0.12407E+01 0.00000E+00 0.00000E+00 -.78355E+00      2823329  12/0.11840E-02
 0.45000E+02 0.12700E-02 0.70026E+00 0.12808E+01 0.47977E-01 0.51827E-01 0.12413E+01 0.12402E+01 0.00000E+00 0.00000E+00 0.84648E+00      2823329  12/0.12700E-02
 0.45000E+02 0.13660E-02 0.65105E+00 0.12430E+01 0.31574E-01 0.35635E-01 0.12334E+01 0.12340E+01 0.00000E+00 0.00000E+00 0.28627E+00      2823329  12/0.13660E-02
 0.45000E+02 0.15850E-02 0.56109E+00 0.12574E+01 0.30748E-01 0.35576E-01 0.12092E+01 0.12159E+01 0.00000E+00 0.00000E+00 0.13491E+01      2823329  12/0.15850E-02
 0.45000E+02 0.18120E-02 0.49080E+00 0.11579E+01 0.19192E-01 0.25162E-01 0.11801E+01 0.11803E+01 0.00000E+00 0.00000E+00 -.11681E+01      2823329  12/0.18120E-02
 0.45000E+02 0.22900E-02 0.38835E+00 0.10938E+01 0.21867E-01 0.26295E-01 0.11207E+01 0.11251E+01 0.00000E+00 0.00000E+00 -.14300E+01      2823329  12/0.22900E-02
 0.45000E+02 0.28640E-02 0.31052E+00 0.10848E+01 0.14314E-01 0.21430E-01 0.10587E+01 0.10630E+01 0.00000E+00 0.00000E+00 0.15200E+01      2823329  12/0.28640E-02
 0.45000E+02 0.44390E-02 0.20034E+00 0.92948E+00 0.14399E-01 0.19968E-01 0.93843E+00 0.93980E+00 0.00000E+00 0.00000E+00 -.71693E+00      2823329  12/0.44390E-02
 0.45000E+02 0.73980E-02 0.12021E+00 0.80197E+00 0.11402E-01 0.17747E-01 0.81081E+00 0.80449E+00 0.00000E+00 0.00000E+00 -.22117E+00      2823329  12/0.73980E-02
 0.60000E+02 0.13920E-02 0.85185E+00 0.11852E+01 0.70691E-01 0.75768E-01 0.12259E+01 0.12122E+01 0.00000E+00 0.00000E+00 -.38130E+00      2823329  13/0.13920E-02
 0.60000E+02 0.15780E-02 0.75144E+00 0.11418E+01 0.41334E-01 0.43705E-01 0.12258E+01 0.12214E+01 0.00000E+00 0.00000E+00 -.19259E+01      2823329  13/0.15780E-02
 0.60000E+02 0.17100E-02 0.69343E+00 0.12549E+01 0.55325E-01 0.58737E-01 0.12199E+01 0.12244E+01 0.00000E+00 0.00000E+00 0.55051E+00      2823329  13/0.17100E-02
 0.60000E+02 0.18210E-02 0.65116E+00 0.11897E+01 0.55661E-01 0.56985E-01 0.12115E+01 0.12129E+01 0.00000E+00 0.00000E+00 -.41763E+00      2823329  13/0.18210E-02
 0.60000E+02 0.21100E-02 0.56198E+00 0.12092E+01 0.36390E-01 0.39778E-01 0.11851E+01 0.11912E+01 0.00000E+00 0.00000E+00 0.49440E+00      2823329  13/0.21100E-02
 0.60000E+02 0.24160E-02 0.49080E+00 0.11840E+01 0.21816E-01 0.27545E-01 0.11538E+01 0.11526E+01 0.00000E+00 0.00000E+00 0.14384E+01      2823329  13/0.24160E-02
 0.60000E+02 0.30500E-02 0.38878E+00 0.10973E+01 0.25822E-01 0.29359E-01 0.10921E+01 0.10973E+01 0.00000E+00 0.00000E+00 0.15181E-03      2823329  13/0.30500E-02
 0.60000E+02 0.38180E-02 0.31057E+00 0.10209E+01 0.15665E-01 0.20858E-01 0.10279E+01 0.10330E+01 0.00000E+00 0.00000E+00 -.77351E+00      2823329  13/0.38180E-02
 0.60000E+02 0.59180E-02 0.20037E+00 0.89388E+00 0.14578E-01 0.18841E-01 0.90556E+00 0.90745E+00 0.00000E+00 0.00000E+00 -.93063E+00      2823329  13/0.59180E-02
 0.60000E+02 0.98640E-02 0.12021E+00 0.75760E+00 0.11240E-01 0.16274E-01 0.77734E+00 0.76995E+00 0.00000E+00 0.00000E+00 -.10986E+01      2823329  13/0.98640E-02
 0.90000E+02 0.20890E-02 0.85144E+00 0.12617E+01 0.73081E-01 0.81913E-01 0.11830E+01 0.11718E+01 0.00000E+00 0.00000E+00 0.12303E+01      2823329  14/0.20890E-02
 0.90000E+02 0.23670E-02 0.75144E+00 0.12064E+01 0.42676E-01 0.46980E-01 0.11788E+01 0.11805E+01 0.00000E+00 0.00000E+00 0.60646E+00      2823329  14/0.23670E-02
 0.90000E+02 0.25000E-02 0.71146E+00 0.10779E+01 0.63336E-01 0.61759E-01 0.11732E+01 0.11855E+01 0.00000E+00 0.00000E+00 -.16986E+01      2823329  14/0.25000E-02
 0.90000E+02 0.27310E-02 0.65128E+00 0.11486E+01 0.36050E-01 0.39332E-01 0.11605E+01 0.11688E+01 0.00000E+00 0.00000E+00 -.55904E+00      2823329  14/0.27310E-02
 0.90000E+02 0.31700E-02 0.56109E+00 0.10940E+01 0.40928E-01 0.42380E-01 0.11306E+01 0.11379E+01 0.00000E+00 0.00000E+00 -.10721E+01      2823329  14/0.31700E-02
 0.90000E+02 0.36230E-02 0.49093E+00 0.11058E+01 0.26933E-01 0.30323E-01 0.10977E+01 0.10993E+01 0.00000E+00 0.00000E+00 0.24304E+00      2823329  14/0.36230E-02
 0.90000E+02 0.46000E-02 0.38666E+00 0.10207E+01 0.27061E-01 0.29577E-01 0.10315E+01 0.10330E+01 0.00000E+00 0.00000E+00 -.45588E+00      2823329  14/0.46000E-02
 0.90000E+02 0.57270E-02 0.31057E+00 0.95683E+00 0.16597E-01 0.20364E-01 0.96836E+00 0.97116E+00 0.00000E+00 0.00000E+00 -.86363E+00      2823329  14/0.57270E-02
 0.90000E+02 0.80000E-02 0.22233E+00 0.90591E+00 0.19520E-01 0.23169E-01 0.87419E+00 0.86970E+00 0.00000E+00 0.00000E+00 0.18551E+01      2823329  14/0.80000E-02
 0.90000E+02 0.88770E-02 0.20037E+00 0.83577E+00 0.22404E-01 0.26079E-01 0.84643E+00 0.85144E+00 0.00000E+00 0.00000E+00 -.69945E+00      2823329  14/0.88770E-02
 0.90000E+02 0.13600E-01 0.13078E+00 0.71227E+00 0.14362E-01 0.17781E-01 0.73938E+00 0.72966E+00 0.00000E+00 0.00000E+00 -.12108E+01      2823329  14/0.13600E-01
 0.90000E+02 0.14800E-01 0.12018E+00 0.71746E+00 0.20374E-01 0.23509E-01 0.71997E+00 0.72444E+00 0.00000E+00 0.00000E+00 -.34257E+00      2823329  14/0.14800E-01
 0.12000E+03 0.28000E-02 0.84698E+00 0.12458E+01 0.78582E-01 0.87863E-01 0.11398E+01 0.11292E+01 0.00000E+00 0.00000E+00 0.14840E+01      2823329  15/0.28000E-02
 0.12000E+03 0.32000E-02 0.74111E+00 0.10539E+01 0.51687E-01 0.52162E-01 0.11310E+01 0.11344E+01 0.00000E+00 0.00000E+00 -.15580E+01      2823329  15/0.32000E-02
 0.12000E+03 0.34000E-02 0.69751E+00 0.11854E+01 0.70997E-01 0.75135E-01 0.11231E+01 0.11317E+01 0.00000E+00 0.00000E+00 0.75704E+00      2823329  15/0.34000E-02
 0.12000E+03 0.36000E-02 0.65876E+00 0.10959E+01 0.40977E-01 0.43369E-01 0.11137E+01 0.11196E+01 0.00000E+00 0.00000E+00 -.57819E+00      2823329  15/0.36000E-02
 0.12000E+03 0.42000E-02 0.56465E+00 0.10438E+01 0.43836E-01 0.44880E-01 0.10815E+01 0.10883E+01 0.00000E+00 0.00000E+00 -.10151E+01      2823329  15/0.42000E-02
 0.12000E+03 0.48000E-02 0.49407E+00 0.10287E+01 0.33515E-01 0.38003E-01 0.10479E+01 0.10567E+01 0.00000E+00 0.00000E+00 -.83593E+00      2823329  15/0.48000E-02
 0.12000E+03 0.50000E-02 0.47431E+00 0.10977E+01 0.37453E-01 0.41076E-01 0.10367E+01 0.10423E+01 0.00000E+00 0.00000E+00 0.14788E+01      2823329  15/0.50000E-02
 0.12000E+03 0.59000E-02 0.40196E+00 0.99268E+00 0.30485E-01 0.32836E-01 0.99054E+00 0.99087E+00 0.00000E+00 0.00000E+00 0.59428E-01      2823329  15/0.59000E-02
 0.12000E+03 0.76000E-02 0.31205E+00 0.89439E+00 0.23601E-01 0.25812E-01 0.91822E+00 0.91618E+00 0.00000E+00 0.00000E+00 -.92340E+00      2823329  15/0.76000E-02
 0.12000E+03 0.11000E-01 0.21559E+00 0.81789E+00 0.19929E-01 0.22997E-01 0.81568E+00 0.80920E+00 0.00000E+00 0.00000E+00 0.43582E+00      2823329  15/0.11000E-01
 0.12000E+03 0.18000E-01 0.13175E+00 0.67065E+00 0.16099E-01 0.19269E-01 0.69519E+00 0.68393E+00 0.00000E+00 0.00000E+00 -.82489E+00      2823329  15/0.18000E-01
 0.15000E+03 0.35000E-02 0.84698E+00 0.12266E+01 0.87624E-01 0.98620E-01 0.11006E+01 0.10872E+01 0.00000E+00 0.00000E+00 0.15904E+01      2823329  16/0.35000E-02
 0.15000E+03 0.39000E-02 0.76011E+00 0.10170E+01 0.64294E-01 0.64104E-01 0.10922E+01 0.10954E+01 0.00000E+00 0.00000E+00 -.12187E+01      2823329  16/0.39000E-02
 0.15000E+03 0.45000E-02 0.65876E+00 0.10012E+01 0.55871E-01 0.56424E-01 0.10703E+01 0.10782E+01 0.00000E+00 0.00000E+00 -.13780E+01      2823329  16/0.45000E-02
 0.15000E+03 0.60000E-02 0.49407E+00 0.10482E+01 0.31745E-01 0.37650E-01 0.10029E+01 0.10111E+01 0.00000E+00 0.00000E+00 0.11691E+01      2823329  16/0.60000E-02
 0.15000E+03 0.80000E-02 0.37055E+00 0.96366E+00 0.27371E-01 0.33409E-01 0.92289E+00 0.93162E+00 0.00000E+00 0.00000E+00 0.11705E+01      2823329  16/0.80000E-02
 0.15000E+03 0.13000E-01 0.22803E+00 0.82278E+00 0.29277E-01 0.33653E-01 0.78885E+00 0.79587E+00 0.00000E+00 0.00000E+00 0.91914E+00      2823329  16/0.13000E-01
 0.15000E+03 0.20000E-01 0.14822E+00 0.68984E+00 0.34303E-01 0.37141E-01 0.68404E+00 0.68732E+00 0.00000E+00 0.00000E+00 0.73582E-01      2823329  16/0.20000E-01
 0.20000E+03 0.46000E-02 0.85925E+00 0.11165E+01 0.10150E+00 0.11014E+00 0.10443E+01 0.10301E+01 0.00000E+00 0.00000E+00 0.85117E+00      2823329  17/0.46000E-02
 0.20000E+03 0.52000E-02 0.76011E+00 0.10113E+01 0.81547E-01 0.82790E-01 0.10325E+01 0.10325E+01 0.00000E+00 0.00000E+00 -.26017E+00      2823329  17/0.52000E-02
 0.20000E+03 0.61000E-02 0.64796E+00 0.98944E+00 0.67864E-01 0.69468E-01 0.10054E+01 0.10140E+01 0.00000E+00 0.00000E+00 -.36258E+00      2823329  17/0.61000E-02
 0.20000E+03 0.80000E-02 0.49407E+00 0.94718E+00 0.35975E-01 0.39882E-01 0.94027E+00 0.94804E+00 0.00000E+00 0.00000E+00 -.24027E-01      2823329  17/0.80000E-02
 0.20000E+03 0.13000E-01 0.30404E+00 0.83133E+00 0.27029E-01 0.31462E-01 0.80736E+00 0.81491E+00 0.00000E+00 0.00000E+00 0.60767E+00      2823329  17/0.13000E-01
 0.20000E+03 0.20000E-01 0.19763E+00 0.63813E+00 0.26508E-01 0.27737E-01 0.69829E+00 0.70418E+00 0.00000E+00 0.00000E+00 -.24917E+01      2823329  17/0.20000E-01
 0.20000E+03 0.32000E-01 0.12352E+00 0.52289E+00 0.23114E-01 0.23556E-01 0.59631E+00 0.60029E+00 0.00000E+00 0.00000E+00 -.33485E+01      2823329  17/0.32000E-01
 0.20000E+03 0.50000E-01 0.79051E-01 0.52264E+00 0.22357E-01 0.24293E-01 0.51587E+00 0.51778E+00 0.00000E+00 0.00000E+00 0.21741E+00      2823329  17/0.50000E-01
 0.20000E+03 0.80000E-01 0.49407E-01 0.45167E+00 0.22144E-01 0.23859E-01 0.44482E+00 0.44641E+00 0.00000E+00 0.00000E+00 0.23773E+00      2823329  17/0.80000E-01
 0.20000E+03 0.13000E+00 0.30404E-01 0.35199E+00 0.20043E-01 0.20316E-01 0.37890E+00 0.37912E+00 0.00000E+00 0.00000E+00 -.13537E+01      2823329  17/0.13000E+00
 0.20000E+03 0.18000E+00 0.21959E-01 0.31895E+00 0.20421E-01 0.21005E-01 0.33247E+00 0.33696E+00 0.00000E+00 0.00000E+00 -.88206E+00      2823329  17/0.18000E+00
 0.20000E+03 0.40000E+00 0.98814E-02 0.17759E+00 0.15180E-01 0.17428E-01 0.15840E+00 0.16641E+00 0.00000E+00 0.00000E+00 0.73667E+00      2823329  17/0.40000E+00
 0.25000E+03 0.58000E-02 0.85185E+00 0.10499E+01 0.10945E+00 0.11691E+00 0.99521E+00 0.97925E+00 0.00000E+00 0.00000E+00 0.64554E+00      2823329  18/0.58000E-02
 0.25000E+03 0.66000E-02 0.74859E+00 0.10288E+01 0.90907E-01 0.95405E-01 0.98026E+00 0.97758E+00 0.00000E+00 0.00000E+00 0.56338E+00      2823329  18/0.66000E-02
 0.25000E+03 0.76000E-02 0.65009E+00 0.93833E+00 0.75744E-01 0.76720E-01 0.95476E+00 0.96161E+00 0.00000E+00 0.00000E+00 -.30739E+00      2823329  18/0.76000E-02
 0.25000E+03 0.10000E-01 0.49407E+00 0.87409E+00 0.38101E-01 0.40781E-01 0.88925E+00 0.89666E+00 0.00000E+00 0.00000E+00 -.59229E+00      2823329  18/0.10000E-01
 0.25000E+03 0.13000E-01 0.38005E+00 0.81769E+00 0.32254E-01 0.35342E-01 0.81883E+00 0.82592E+00 0.00000E+00 0.00000E+00 -.25504E+00      2823329  18/0.13000E-01
 0.25000E+03 0.20000E-01 0.24704E+00 0.67007E+00 0.27451E-01 0.29348E-01 0.70813E+00 0.71470E+00 0.00000E+00 0.00000E+00 -.16257E+01      2823329  18/0.20000E-01
 0.25000E+03 0.32000E-01 0.15440E+00 0.57910E+00 0.25293E-01 0.27024E-01 0.60283E+00 0.60846E+00 0.00000E+00 0.00000E+00 -.11608E+01      2823329  18/0.32000E-01
 0.25000E+03 0.50000E-01 0.98814E-01 0.49947E+00 0.22146E-01 0.23564E-01 0.51946E+00 0.52320E+00 0.00000E+00 0.00000E+00 -.10717E+01      2823329  18/0.50000E-01
 0.25000E+03 0.80000E-01 0.61759E-01 0.44149E+00 0.20436E-01 0.21953E-01 0.44586E+00 0.44789E+00 0.00000E+00 0.00000E+00 -.31328E+00      2823329  18/0.80000E-01
 0.25000E+03 0.13000E+00 0.38005E-01 0.37144E+00 0.17308E-01 0.18455E-01 0.37789E+00 0.37818E+00 0.00000E+00 0.00000E+00 -.38950E+00      2823329  18/0.13000E+00
 0.25000E+03 0.18000E+00 0.27448E-01 0.36092E+00 0.16880E-01 0.19181E-01 0.33032E+00 0.33373E+00 0.00000E+00 0.00000E+00 0.16109E+01      2823329  18/0.18000E+00
 0.25000E+03 0.40000E+00 0.12352E-01 0.17969E+00 0.13070E-01 0.15964E-01 0.15496E+00 0.16303E+00 0.00000E+00 0.00000E+00 0.12749E+01      2823329  18/0.40000E+00
 0.30000E+03 0.69000E-02 0.85925E+00 0.87240E+00 0.12341E+00 0.12161E+00 0.95502E+00 0.93571E+00 0.00000E+00 0.00000E+00 -.51305E+00      2823329  19/0.69000E-02
 0.30000E+03 0.79000E-02 0.75049E+00 0.82271E+00 0.97724E-01 0.92500E-01 0.93796E+00 0.93626E+00 0.00000E+00 0.00000E+00 -.11619E+01      2823329  19/0.79000E-02
 0.30000E+03 0.91000E-02 0.65152E+00 0.83525E+00 0.85389E-01 0.82853E-01 0.91205E+00 0.91947E+00 0.00000E+00 0.00000E+00 -.98634E+00      2823329  19/0.91000E-02
 0.30000E+03 0.12100E-01 0.48999E+00 0.89474E+00 0.41701E-01 0.45843E-01 0.84368E+00 0.85054E+00 0.00000E+00 0.00000E+00 0.10599E+01      2823329  19/0.12100E-01
 0.30000E+03 0.20000E-01 0.29644E+00 0.71886E+00 0.31243E-01 0.33864E-01 0.71508E+00 0.72123E+00 0.00000E+00 0.00000E+00 -.75819E-01      2823329  19/0.20000E-01
 0.30000E+03 0.32000E-01 0.18528E+00 0.61968E+00 0.28399E-01 0.30722E-01 0.60767E+00 0.61321E+00 0.00000E+00 0.00000E+00 0.22780E+00      2823329  19/0.32000E-01
 0.30000E+03 0.50000E-01 0.11858E+00 0.51861E+00 0.25311E-01 0.26976E-01 0.52212E+00 0.52669E+00 0.00000E+00 0.00000E+00 -.31918E+00      2823329  19/0.50000E-01
 0.30000E+03 0.80000E-01 0.74111E-01 0.45827E+00 0.23146E-01 0.25058E-01 0.44656E+00 0.44939E+00 0.00000E+00 0.00000E+00 0.38361E+00      2823329  19/0.80000E-01
 0.30000E+03 0.13000E+00 0.45607E-01 0.36671E+00 0.19797E-01 0.20730E-01 0.37701E+00 0.37803E+00 0.00000E+00 0.00000E+00 -.57180E+00      2823329  19/0.13000E+00
 0.30000E+03 0.18000E+00 0.32938E-01 0.33547E+00 0.18808E-01 0.20252E-01 0.32856E+00 0.33106E+00 0.00000E+00 0.00000E+00 0.23436E+00      2823329  19/0.18000E+00
 0.30000E+03 0.40000E+00 0.14822E-01 0.16839E+00 0.14197E-01 0.16534E-01 0.15225E+00 0.16019E+00 0.00000E+00 0.00000E+00 0.57730E+00      2823329  19/0.40000E+00
 0.40000E+03 0.93000E-02 0.85002E+00 0.10255E+01 0.12863E+00 0.14293E+00 0.88686E+00 0.87021E+00 0.00000E+00 0.00000E+00 0.12073E+01      2823329  20/0.93000E-02
 0.40000E+03 0.10500E-01 0.75287E+00 0.10707E+01 0.99648E-01 0.11250E+00 0.86858E+00 0.87231E+00 0.00000E+00 0.00000E+00 0.19909E+01      2823329  20/0.10500E-01
 0.40000E+03 0.12100E-01 0.65332E+00 0.91756E+00 0.87737E-01 0.93023E-01 0.84197E+00 0.84799E+00 0.00000E+00 0.00000E+00 0.79288E+00      2823329  20/0.12100E-01
 0.40000E+03 0.16100E-01 0.49100E+00 0.80594E+00 0.45114E-01 0.48225E-01 0.77630E+00 0.78327E+00 0.00000E+00 0.00000E+00 0.50241E+00      2823329  20/0.16100E-01
 0.40000E+03 0.32000E-01 0.24704E+00 0.62115E+00 0.31990E-01 0.34059E-01 0.61412E+00 0.61953E+00 0.00000E+00 0.00000E+00 0.50607E-01      2823329  20/0.32000E-01
 0.40000E+03 0.50000E-01 0.15810E+00 0.56798E+00 0.28999E-01 0.31976E-01 0.52567E+00 0.52950E+00 0.00000E+00 0.00000E+00 0.13269E+01      2823329  20/0.50000E-01
 0.40000E+03 0.80000E-01 0.98814E-01 0.44788E+00 0.25720E-01 0.26963E-01 0.44740E+00 0.45169E+00 0.00000E+00 0.00000E+00 -.14813E+00      2823329  20/0.80000E-01
 0.40000E+03 0.13000E+00 0.60809E-01 0.42742E+00 0.21960E-01 0.24732E-01 0.37549E+00 0.37630E+00 0.00000E+00 0.00000E+00 0.23278E+01      2823329  20/0.13000E+00
 0.40000E+03 0.18000E+00 0.43917E-01 0.33931E+00 0.20168E-01 0.21626E-01 0.32579E+00 0.32820E+00 0.00000E+00 0.00000E+00 0.55109E+00      2823329  20/0.18000E+00
 0.40000E+03 0.40000E+00 0.19763E-01 0.16009E+00 0.14705E-01 0.16451E-01 0.14818E+00 0.15481E+00 0.00000E+00 0.00000E+00 0.35884E+00      2823329  20/0.40000E+00
 0.50000E+03 0.11600E-01 0.85185E+00 0.10060E+01 0.13480E+00 0.15146E+00 0.83255E+00 0.82269E+00 0.00000E+00 0.00000E+00 0.13599E+01      2823329  21/0.11600E-01
 0.50000E+03 0.13100E-01 0.75431E+00 0.74999E+00 0.10847E+00 0.10475E+00 0.81441E+00 0.82006E+00 0.00000E+00 0.00000E+00 -.64599E+00      2823329  21/0.13100E-01
 0.50000E+03 0.15200E-01 0.65009E+00 0.68643E+00 0.91418E-01 0.86102E-01 0.78637E+00 0.79369E+00 0.00000E+00 0.00000E+00 -.11733E+01      2823329  21/0.15200E-01
 0.50000E+03 0.20100E-01 0.49161E+00 0.73304E+00 0.49080E-01 0.51050E-01 0.72406E+00 0.73035E+00 0.00000E+00 0.00000E+00 0.54753E-01      2823329  21/0.20100E-01
 0.50000E+03 0.32000E-01 0.30879E+00 0.64854E+00 0.38728E-01 0.41352E-01 0.61767E+00 0.62325E+00 0.00000E+00 0.00000E+00 0.65298E+00      2823329  21/0.32000E-01
 0.50000E+03 0.50000E-01 0.19763E+00 0.59870E+00 0.33964E-01 0.37830E-01 0.52774E+00 0.53194E+00 0.00000E+00 0.00000E+00 0.19657E+01      2823329  21/0.50000E-01
 0.50000E+03 0.80000E-01 0.12352E+00 0.47085E+00 0.29487E-01 0.31449E-01 0.44768E+00 0.45108E+00 0.00000E+00 0.00000E+00 0.67057E+00      2823329  21/0.80000E-01
 0.50000E+03 0.13000E+00 0.76011E-01 0.40988E+00 0.29855E-01 0.32214E-01 0.37419E+00 0.37603E+00 0.00000E+00 0.00000E+00 0.11338E+01      2823329  21/0.13000E+00
 0.50000E+03 0.18000E+00 0.54897E-01 0.30352E+00 0.26902E-01 0.26630E-01 0.32360E+00 0.32464E+00 0.00000E+00 0.00000E+00 -.78492E+00      2823329  21/0.18000E+00
 0.50000E+03 0.25000E+00 0.39526E-01 0.27834E+00 0.22781E-01 0.24097E-01 0.26326E+00 0.26561E+00 0.00000E+00 0.00000E+00 0.55896E+00      2823329  21/0.25000E+00
 0.50000E+03 0.40000E+00 0.24704E-01 0.13829E+00 0.17286E-01 0.17306E-01 0.14518E+00 0.14908E+00 0.00000E+00 0.00000E+00 -.62425E+00      2823329  21/0.40000E+00
 0.50000E+03 0.65000E+00 0.15202E-01 0.19075E-01 0.45195E-02 0.44644E-02 0.20545E-01 0.22032E-01 0.00000E+00 0.00000E+00 -.65418E+00      2823329  21/0.65000E+00
 0.65000E+03 0.15100E-01 0.85072E+00 0.80412E+00 0.15412E+00 0.15833E+00 0.76875E+00 0.76577E+00 0.00000E+00 0.00000E+00 0.24883E+00      2823329  22/0.15100E-01
 0.65000E+03 0.17100E-01 0.75122E+00 0.91393E+00 0.11609E+00 0.12935E+00 0.74966E+00 0.75567E+00 0.00000E+00 0.00000E+00 0.13632E+01      2823329  22/0.17100E-01
 0.65000E+03 0.19700E-01 0.65207E+00 0.90458E+00 0.98221E-01 0.11121E+00 0.72328E+00 0.72902E+00 0.00000E+00 0.00000E+00 0.17874E+01      2823329  22/0.19700E-01
 0.65000E+03 0.26100E-01 0.49218E+00 0.60233E+00 0.50782E-01 0.49402E-01 0.66362E+00 0.66939E+00 0.00000E+00 0.00000E+00 -.13205E+01      2823329  22/0.26100E-01
 0.65000E+03 0.50000E-01 0.25692E+00 0.48789E+00 0.40420E-01 0.39774E-01 0.52901E+00 0.53373E+00 0.00000E+00 0.00000E+00 -.11342E+01      2823329  22/0.50000E-01
 0.65000E+03 0.80000E-01 0.16057E+00 0.45057E+00 0.35237E-01 0.36297E-01 0.44742E+00 0.45160E+00 0.00000E+00 0.00000E+00 -.29305E-01      2823329  22/0.80000E-01
 0.65000E+03 0.13000E+00 0.98814E-01 0.37402E+00 0.35218E-01 0.35963E-01 0.37242E+00 0.37453E+00 0.00000E+00 0.00000E+00 -.14363E-01      2823329  22/0.13000E+00
 0.65000E+03 0.18000E+00 0.71366E-01 0.33851E+00 0.31731E-01 0.33198E-01 0.32096E+00 0.32258E+00 0.00000E+00 0.00000E+00 0.50189E+00      2823329  22/0.18000E+00
 0.65000E+03 0.25000E+00 0.51383E-01 0.25211E+00 0.26276E-01 0.26271E-01 0.25990E+00 0.26242E+00 0.00000E+00 0.00000E+00 -.39224E+00      2823329  22/0.25000E+00
 0.65000E+03 0.40000E+00 0.32115E-01 0.20084E+00 0.19250E-01 0.23982E-01 0.14180E+00 0.14479E+00 0.00000E+00 0.00000E+00 0.29118E+01      2823329  22/0.40000E+00
 0.65000E+03 0.65000E+00 0.19763E-01 0.27076E-01 0.50762E-02 0.62512E-02 0.19634E-01 0.20934E-01 0.00000E+00 0.00000E+00 0.12100E+01      2823329  22/0.65000E+00
 0.80000E+03 0.18500E-01 0.85461E+00 0.28611E+00 0.17009E+00 0.10648E+00 0.71928E+00 0.72393E+00 0.00000E+00 0.00000E+00 -.25741E+01      2823329  23/0.18500E-01
 0.80000E+03 0.21000E-01 0.75287E+00 0.65795E+00 0.13073E+00 0.12722E+00 0.69956E+00 0.70549E+00 0.00000E+00 0.00000E+00 -.36368E+00      2823329  23/0.21000E-01
 0.80000E+03 0.24200E-01 0.65332E+00 0.65562E+00 0.10687E+00 0.10598E+00 0.67375E+00 0.67897E+00 0.00000E+00 0.00000E+00 -.21850E+00      2823329  23/0.24200E-01
 0.80000E+03 0.32200E-01 0.49100E+00 0.61029E+00 0.54079E-01 0.54826E-01 0.61615E+00 0.62109E+00 0.00000E+00 0.00000E+00 -.19968E+00      2823329  23/0.32200E-01
 0.80000E+03 0.50000E-01 0.31621E+00 0.47882E+00 0.45829E-01 0.44353E-01 0.52867E+00 0.53300E+00 0.00000E+00 0.00000E+00 -.11822E+01      2823329  23/0.50000E-01
 0.80000E+03 0.80000E-01 0.19763E+00 0.44652E+00 0.41565E-01 0.42329E-01 0.44657E+00 0.45058E+00 0.00000E+00 0.00000E+00 -.97616E-01      2823329  23/0.80000E-01
 0.80000E+03 0.13000E+00 0.12162E+00 0.38790E+00 0.40530E-01 0.42099E-01 0.37073E+00 0.37274E+00 0.00000E+00 0.00000E+00 0.37405E+00      2823329  23/0.13000E+00
 0.80000E+03 0.18000E+00 0.87835E-01 0.36312E+00 0.37468E-01 0.40549E-01 0.31874E+00 0.32120E+00 0.00000E+00 0.00000E+00 0.11188E+01      2823329  23/0.18000E+00
 0.80000E+03 0.25000E+00 0.63241E-01 0.27571E+00 0.31041E-01 0.32569E-01 0.25724E+00 0.25824E+00 0.00000E+00 0.00000E+00 0.56277E+00      2823329  23/0.25000E+00
 0.80000E+03 0.40000E+00 0.39526E-01 0.13119E+00 0.21550E-01 0.21128E-01 0.13924E+00 0.14157E+00 0.00000E+00 0.00000E+00 -.48165E+00      2823329  23/0.40000E+00
 0.80000E+03 0.65000E+00 0.24324E-01 0.21659E-01 0.57127E-02 0.62076E-02 0.18962E-01 0.19990E-01 0.00000E+00 0.00000E+00 0.29223E+00      2823329  23/0.65000E+00
     1682981
 HERA1+2 NCem                                                                    
Plot1@Experiment:HERA1+2@ExtraLabel:e^{-}p #rightarrow e^{-}X (NC) @XTitle: x @YTitle: #sigma_{red}  @Title:Q^{2} = 60  @Xlog
Plot2@Experiment:HERA1+2@ExtraLabel:e^{-}p #rightarrow e^{-}X (NC) @XTitle: x @YTitle: #sigma_{red}  @Title:Q^{2} = 90  @Xlog
Plot3@Experiment:HERA1+2@ExtraLabel:e^{-}p #rightarrow e^{-}X (NC) @XTitle: x @YTitle: #sigma_{red}  @Title:Q^{2} = 120 @Xlog
Plot4@Experiment:HERA1+2@ExtraLabel:e^{-}p #rightarrow e^{-}X (NC) @XTitle: x @YTitle: #sigma_{red}  @Title:Q^{2} = 150 @Xlog
Plot5@Experiment:HERA1+2@ExtraLabel:e^{-}p #rightarrow e^{-}X (NC) @XTitle: x @YTitle: #sigma_{red}  @Title:Q^{2} = 200 @Xlog
Plot6@Experiment:HERA1+2@ExtraLabel:e^{-}p #rightarrow e^{-}X (NC) @XTitle: x @YTitle: #sigma_{red}  @Title:Q^{2} = 250 @Xlog
Plot7@Experiment:HERA1+2@ExtraLabel:e^{-}p #rightarrow e^{-}X (NC) @XTitle: x @YTitle: #sigma_{red}  @Title:Q^{2} = 300 @Xlog
Plot8@Experiment:HERA1+2@ExtraLabel:e^{-}p #rightarrow e^{-}X (NC) @XTitle: x @YTitle: #sigma_{red}  @Title:Q^{2} = 400 @Xlog
Plot9@Experiment:HERA1+2@ExtraLabel:e^{-}p #rightarrow e^{-}X (NC) @XTitle: x @YTitle: #sigma_{red}  @Title:Q^{2} = 500 @Xlog
Plot10@Experiment:HERA1+2@ExtraLabel:e^{-}p #rightarrow e^{-}X (NC) @XTitle: x @YTitle: #sigma_{red}  @Title:Q^{2} = 650 @Xlog
Plot11@Experiment:HERA1+2@ExtraLabel:e^{-}p #rightarrow e^{-}X (NC) @XTitle: x @YTitle: #sigma_{red}  @Title:Q^{2} = 800  @Xlog
Plot12@Experiment:HERA1+2@ExtraLabel:e^{-}p #rightarrow e^{-}X (NC) @XTitle: x @YTitle: #sigma_{red}  @Title:Q^{2} = 1000 @Xlog
Plot13@Experiment:HERA1+2@ExtraLabel:e^{-}p #rightarrow e^{-}X (NC) @XTitle: x @YTitle: #sigma_{red}  @Title:Q^{2} = 1200 @Xlog
Plot14@Experiment:HERA1+2@ExtraLabel:e^{-}p #rightarrow e^{-}X (NC) @XTitle: x @YTitle: #sigma_{red}  @Title:Q^{2} = 1500 @Xlog
Plot15@Experiment:HERA1+2@ExtraLabel:e^{-}p #rightarrow e^{-}X (NC) @XTitle: x @YTitle: #sigma_{red}  @Title:Q^{2} = 2000 @Xlog
Plot16@Experiment:HERA1+2@ExtraLabel:e^{-}p #rightarrow e^{-}X (NC) @XTitle: x @YTitle: #sigma_{red}  @Title:Q^{2} = 3000 @Xlog
Plot17@Experiment:HERA1+2@ExtraLabel:e^{-}p #rightarrow e^{-}X (NC) @XTitle: x @YTitle: #sigma_{red}  @Title:Q^{2} = 5000 @Xlog
Plot18@Experiment:HERA1+2@ExtraLabel:e^{-}p #rightarrow e^{-}X (NC) @XTitle: x @YTitle: #sigma_{red}  @Title:Q^{2} = 8000 @Xlog
Plot19@Experiment:HERA1+2@ExtraLabel:e^{-}p #rightarrow e^{-}X (NC) @XTitle: x @YTitle: #sigma_{red}  @Title:Q^{2} = 12000@Xlog
Plot20@Experiment:HERA1+2@ExtraLabel:e^{-}p #rightarrow e^{-}X (NC) @XTitle: x @YTitle: #sigma_{red}  @Title:Q^{2} = 20000@Xlog
Plot21@Experiment:HERA1+2@ExtraLabel:e^{-}p #rightarrow e^{-}X (NC) @XTitle: x @YTitle: #sigma_{red}  @Title:Q^{2} = 30000@Xlog
Plot22@Experiment:HERA1+2@ExtraLabel:e^{-}p #rightarrow e^{-}X (NC) @XTitle: x @YTitle: #sigma_{red}  @Title:Q^{2} = 50000@Xlog
 Q2          x           y              data      +- uncor     +- tot     th orig         th mod   therr+         therr-     pull    iset       iplot
 0.60000E+02 0.80000E-03 0.74111E+00 0.14831E+01 0.31412E-01 0.35885E-01 0.14977E+01 0.14857E+01 0.00000E+00 0.00000E+00 -.82849E-01      1682981   1/0.80000E-03
 0.90000E+02 0.13000E-02 0.68410E+00 0.14660E+01 0.26499E-01 0.31445E-01 0.14483E+01 0.14351E+01 0.00000E+00 0.00000E+00 0.11655E+01      1682981   2/0.13000E-02
 0.90000E+02 0.15000E-02 0.59289E+00 0.14219E+01 0.23092E-01 0.37416E-01 0.14195E+01 0.14120E+01 0.00000E+00 0.00000E+00 0.42705E+00      1682981   2/0.15000E-02
 0.90000E+02 0.20000E-02 0.44466E+00 0.12700E+01 0.62545E-01 0.65166E-01 0.13348E+01 0.13216E+01 0.00000E+00 0.00000E+00 -.82442E+00      1682981   2/0.20000E-02
 0.12000E+03 0.16000E-02 0.74111E+00 0.14388E+01 0.27500E-01 0.32153E-01 0.14135E+01 0.14000E+01 0.00000E+00 0.00000E+00 0.14127E+01      1682981   3/0.16000E-02
 0.12000E+03 0.20000E-02 0.59289E+00 0.13558E+01 0.15731E-01 0.26046E-01 0.13702E+01 0.13605E+01 0.00000E+00 0.00000E+00 -.29810E+00      1682981   3/0.20000E-02
 0.12000E+03 0.32000E-02 0.37055E+00 0.12184E+01 0.17631E-01 0.22016E-01 0.12187E+01 0.12083E+01 0.00000E+00 0.00000E+00 0.57289E+00      1682981   3/0.32000E-02
 0.15000E+03 0.20000E-02 0.74111E+00 0.13552E+01 0.28034E-01 0.31361E-01 0.13709E+01 0.13580E+01 0.00000E+00 0.00000E+00 -.98642E-01      1682981   4/0.20000E-02
 0.15000E+03 0.32000E-02 0.46319E+00 0.12286E+01 0.12856E-01 0.19494E-01 0.12483E+01 0.12384E+01 0.00000E+00 0.00000E+00 -.76178E+00      1682981   4/0.32000E-02
 0.15000E+03 0.50000E-02 0.29644E+00 0.11088E+01 0.14611E-01 0.18856E-01 0.10921E+01 0.10833E+01 0.00000E+00 0.00000E+00 0.17451E+01      1682981   4/0.50000E-02
 0.15000E+03 0.80000E-02 0.18528E+00 0.95164E+00 0.18514E-01 0.21718E-01 0.93499E+00 0.92400E+00 0.00000E+00 0.00000E+00 0.14930E+01      1682981   4/0.80000E-02
 0.15000E+03 0.13000E-01 0.11402E+00 0.80578E+00 0.26053E-01 0.28319E-01 0.79251E+00 0.78226E+00 0.00000E+00 0.00000E+00 0.90262E+00      1682981   4/0.13000E-01
 0.20000E+03 0.26000E-02 0.76011E+00 0.12836E+01 0.29613E-01 0.32118E-01 0.13114E+01 0.12992E+01 0.00000E+00 0.00000E+00 -.52750E+00      1682981   5/0.26000E-02
 0.20000E+03 0.32000E-02 0.61759E+00 0.12495E+01 0.17235E-01 0.23110E-01 0.12681E+01 0.12584E+01 0.00000E+00 0.00000E+00 -.51441E+00      1682981   5/0.32000E-02
 0.20000E+03 0.50000E-02 0.39526E+00 0.11112E+01 0.89152E-02 0.14430E-01 0.11255E+01 0.11144E+01 0.00000E+00 0.00000E+00 -.35582E+00      1682981   5/0.50000E-02
 0.20000E+03 0.80000E-02 0.24704E+00 0.94415E+00 0.85343E-02 0.12829E-01 0.96441E+00 0.95457E+00 0.00000E+00 0.00000E+00 -.12213E+01      1682981   5/0.80000E-02
 0.20000E+03 0.13000E-01 0.15202E+00 0.79922E+00 0.65206E-02 0.10390E-01 0.81434E+00 0.80480E+00 0.00000E+00 0.00000E+00 -.85598E+00      1682981   5/0.13000E-01
 0.20000E+03 0.20000E-01 0.98814E-01 0.69621E+00 0.63884E-02 0.95437E-02 0.70112E+00 0.69187E+00 0.00000E+00 0.00000E+00 0.67875E+00      1682981   5/0.20000E-01
 0.20000E+03 0.32000E-01 0.61759E-01 0.57972E+00 0.59447E-02 0.87535E-02 0.59768E+00 0.58570E+00 0.00000E+00 0.00000E+00 -.10066E+01      1682981   5/0.32000E-01
 0.20000E+03 0.50000E-01 0.39526E-01 0.51327E+00 0.56243E-02 0.77787E-02 0.51671E+00 0.50623E+00 0.00000E+00 0.00000E+00 0.12512E+01      1682981   5/0.50000E-01
 0.20000E+03 0.80000E-01 0.24704E-01 0.43830E+00 0.47097E-02 0.70563E-02 0.44537E+00 0.43469E+00 0.00000E+00 0.00000E+00 0.76631E+00      1682981   5/0.80000E-01
 0.20000E+03 0.13000E+00 0.15202E-01 0.36412E+00 0.10243E-01 0.10887E-01 0.37925E+00 0.37605E+00 0.00000E+00 0.00000E+00 -.11643E+01      1682981   5/0.13000E+00
 0.20000E+03 0.18000E+00 0.10979E-01 0.32897E+00 0.43893E-02 0.60223E-02 0.33271E+00 0.32543E+00 0.00000E+00 0.00000E+00 0.80599E+00      1682981   5/0.18000E+00
 0.25000E+03 0.33000E-02 0.74859E+00 0.12701E+01 0.29797E-01 0.32977E-01 0.12545E+01 0.12428E+01 0.00000E+00 0.00000E+00 0.91558E+00      1682981   6/0.33000E-02
 0.25000E+03 0.50000E-02 0.49407E+00 0.11238E+01 0.13421E-01 0.17940E-01 0.11442E+01 0.11345E+01 0.00000E+00 0.00000E+00 -.79634E+00      1682981   6/0.50000E-02
 0.25000E+03 0.80000E-02 0.30879E+00 0.96093E+00 0.84596E-02 0.12800E-01 0.98517E+00 0.97584E+00 0.00000E+00 0.00000E+00 -.17620E+01      1682981   6/0.80000E-02
 0.25000E+03 0.13000E-01 0.19003E+00 0.81748E+00 0.72195E-02 0.11169E-01 0.83047E+00 0.82276E+00 0.00000E+00 0.00000E+00 -.73101E+00      1682981   6/0.13000E-01
 0.25000E+03 0.20000E-01 0.12352E+00 0.69030E+00 0.69630E-02 0.98827E-02 0.71271E+00 0.70335E+00 0.00000E+00 0.00000E+00 -.18735E+01      1682981   6/0.20000E-01
 0.25000E+03 0.32000E-01 0.77199E-01 0.58859E+00 0.61649E-02 0.88736E-02 0.60501E+00 0.59416E+00 0.00000E+00 0.00000E+00 -.90300E+00      1682981   6/0.32000E-01
 0.25000E+03 0.50000E-01 0.49407E-01 0.50803E+00 0.52815E-02 0.75028E-02 0.52079E+00 0.51188E+00 0.00000E+00 0.00000E+00 -.72921E+00      1682981   6/0.50000E-01
 0.25000E+03 0.80000E-01 0.30879E-01 0.43120E+00 0.42514E-02 0.64680E-02 0.44672E+00 0.43624E+00 0.00000E+00 0.00000E+00 -.11862E+01      1682981   6/0.80000E-01
 0.25000E+03 0.13000E+00 0.19003E-01 0.37135E+00 0.77976E-02 0.88121E-02 0.37844E+00 0.37483E+00 0.00000E+00 0.00000E+00 -.44589E+00      1682981   6/0.13000E+00
 0.25000E+03 0.18000E+00 0.13724E-01 0.32754E+00 0.44316E-02 0.60076E-02 0.33070E+00 0.32229E+00 0.00000E+00 0.00000E+00 0.11848E+01      1682981   6/0.18000E+00
 0.25000E+03 0.25000E+00 0.98814E-02 0.23527E+00 0.29912E-01 0.27019E-01 0.27269E+00 0.27024E+00 0.00000E+00 0.00000E+00 -.11691E+01      1682981   6/0.25000E+00
 0.25000E+03 0.40000E+00 0.61759E-02 0.14096E+00 0.17211E-01 0.16233E-01 0.15505E+00 0.15364E+00 0.00000E+00 0.00000E+00 -.73690E+00      1682981   6/0.40000E+00
 0.30000E+03 0.39000E-02 0.76011E+00 0.12157E+01 0.30314E-01 0.33006E-01 0.12105E+01 0.11983E+01 0.00000E+00 0.00000E+00 0.57516E+00      1682981   7/0.39000E-02
 0.30000E+03 0.50000E-02 0.59289E+00 0.11566E+01 0.20014E-01 0.24079E-01 0.11517E+01 0.11426E+01 0.00000E+00 0.00000E+00 0.70181E+00      1682981   7/0.50000E-02
 0.30000E+03 0.80000E-02 0.37055E+00 0.98719E+00 0.95347E-02 0.14148E-01 0.10002E+01 0.99412E+00 0.00000E+00 0.00000E+00 -.72702E+00      1682981   7/0.80000E-02
 0.30000E+03 0.13000E-01 0.22803E+00 0.82711E+00 0.78048E-02 0.11546E-01 0.84304E+00 0.83575E+00 0.00000E+00 0.00000E+00 -.11068E+01      1682981   7/0.13000E-01
 0.30000E+03 0.20000E-01 0.14822E+00 0.71235E+00 0.70210E-02 0.10065E-01 0.72191E+00 0.71294E+00 0.00000E+00 0.00000E+00 -.83610E-01      1682981   7/0.20000E-01
 0.30000E+03 0.32000E-01 0.92638E-01 0.60799E+00 0.63453E-02 0.88863E-02 0.61086E+00 0.60359E+00 0.00000E+00 0.00000E+00 0.69314E+00      1682981   7/0.32000E-01
 0.30000E+03 0.50000E-01 0.59289E-01 0.51723E+00 0.55422E-02 0.77146E-02 0.52404E+00 0.51608E+00 0.00000E+00 0.00000E+00 0.20727E+00      1682981   7/0.50000E-01
 0.30000E+03 0.80000E-01 0.37055E-01 0.43642E+00 0.47204E-02 0.64762E-02 0.44780E+00 0.43863E+00 0.00000E+00 0.00000E+00 -.46850E+00      1682981   7/0.80000E-01
 0.30000E+03 0.13000E+00 0.22803E-01 0.36568E+00 0.84296E-02 0.92437E-02 0.37779E+00 0.37288E+00 0.00000E+00 0.00000E+00 -.85420E+00      1682981   7/0.13000E+00
 0.30000E+03 0.18000E+00 0.16469E-01 0.31448E+00 0.42510E-02 0.60371E-02 0.32911E+00 0.32110E+00 0.00000E+00 0.00000E+00 -.15572E+01      1682981   7/0.18000E+00
 0.30000E+03 0.25000E+00 0.11858E-01 0.29312E+00 0.31642E-01 0.34650E-01 0.27031E+00 0.26760E+00 0.00000E+00 0.00000E+00 0.80658E+00      1682981   7/0.25000E+00
 0.30000E+03 0.40000E+00 0.74111E-02 0.15709E+00 0.60287E-02 0.69598E-02 0.15238E+00 0.15409E+00 0.00000E+00 0.00000E+00 0.49750E+00      1682981   7/0.40000E+00
 0.40000E+03 0.53000E-02 0.74577E+00 0.11528E+01 0.29616E-01 0.32343E-01 0.11300E+01 0.11198E+01 0.00000E+00 0.00000E+00 0.11130E+01      1682981   8/0.53000E-02
 0.40000E+03 0.80000E-02 0.49407E+00 0.10323E+01 0.10664E-01 0.17405E-01 0.10177E+01 0.10157E+01 0.00000E+00 0.00000E+00 0.15603E+01      1682981   8/0.80000E-02
 0.40000E+03 0.13000E-01 0.30404E+00 0.86568E+00 0.93309E-02 0.12980E-01 0.86148E+00 0.85483E+00 0.00000E+00 0.00000E+00 0.11630E+01      1682981   8/0.13000E-01
 0.40000E+03 0.20000E-01 0.19763E+00 0.71222E+00 0.90251E-02 0.11547E-01 0.73599E+00 0.72807E+00 0.00000E+00 0.00000E+00 -.17560E+01      1682981   8/0.20000E-01
 0.40000E+03 0.32000E-01 0.12352E+00 0.60799E+00 0.72360E-02 0.95393E-02 0.61994E+00 0.61186E+00 0.00000E+00 0.00000E+00 -.53542E+00      1682981   8/0.32000E-01
 0.40000E+03 0.50000E-01 0.79051E-01 0.51927E+00 0.60281E-02 0.80179E-02 0.52912E+00 0.52124E+00 0.00000E+00 0.00000E+00 -.32639E+00      1682981   8/0.50000E-01
 0.40000E+03 0.80000E-01 0.49407E-01 0.43146E+00 0.53472E-02 0.68438E-02 0.44960E+00 0.44052E+00 0.00000E+00 0.00000E+00 -.16941E+01      1682981   8/0.80000E-01
 0.40000E+03 0.13000E+00 0.30404E-01 0.36709E+00 0.48345E-02 0.62792E-02 0.37688E+00 0.36915E+00 0.00000E+00 0.00000E+00 -.42528E+00      1682981   8/0.13000E+00
 0.40000E+03 0.18000E+00 0.21959E-01 0.32088E+00 0.10144E-01 0.11119E-01 0.32675E+00 0.32590E+00 0.00000E+00 0.00000E+00 -.49447E+00      1682981   8/0.18000E+00
 0.40000E+03 0.25000E+00 0.15810E-01 0.26418E+00 0.52853E-02 0.65129E-02 0.26676E+00 0.26117E+00 0.00000E+00 0.00000E+00 0.56892E+00      1682981   8/0.25000E+00
 0.40000E+03 0.40000E+00 0.98814E-02 0.15657E+00 0.58736E-02 0.69393E-02 0.14840E+00 0.15062E+00 0.00000E+00 0.00000E+00 0.10139E+01      1682981   8/0.40000E+00
 0.50000E+03 0.66000E-02 0.74859E+00 0.10587E+01 0.28971E-01 0.30793E-01 0.10693E+01 0.10598E+01 0.00000E+00 0.00000E+00 -.37038E-01      1682981   9/0.66000E-02
 0.50000E+03 0.80000E-02 0.61759E+00 0.10065E+01 0.22956E-01 0.25104E-01 0.10226E+01 0.10135E+01 0.00000E+00 0.00000E+00 -.30685E+00      1682981   9/0.80000E-02
 0.50000E+03 0.13000E-01 0.38005E+00 0.89862E+00 0.15084E-01 0.17937E-01 0.87402E+00 0.86629E+00 0.00000E+00 0.00000E+00 0.21429E+01      1682981   9/0.13000E-01
 0.50000E+03 0.20000E-01 0.24704E+00 0.73144E+00 0.13434E-01 0.15290E-01 0.74659E+00 0.73948E+00 0.00000E+00 0.00000E+00 -.59853E+00      1682981   9/0.20000E-01
 0.50000E+03 0.32000E-01 0.15440E+00 0.62977E+00 0.11243E-01 0.13064E-01 0.62701E+00 0.62095E+00 0.00000E+00 0.00000E+00 0.78431E+00      1682981   9/0.32000E-01
 0.50000E+03 0.50000E-01 0.98814E-01 0.55070E+00 0.10206E-01 0.11999E-01 0.53317E+00 0.52655E+00 0.00000E+00 0.00000E+00 0.23662E+01      1682981   9/0.50000E-01
 0.50000E+03 0.80000E-01 0.61759E-01 0.43243E+00 0.91981E-02 0.10135E-01 0.45112E+00 0.44479E+00 0.00000E+00 0.00000E+00 -.13440E+01      1682981   9/0.80000E-01
 0.50000E+03 0.13000E+00 0.38005E-01 0.37705E+00 0.90931E-02 0.10020E-01 0.37634E+00 0.37039E+00 0.00000E+00 0.00000E+00 0.73291E+00      1682981   9/0.13000E+00
 0.50000E+03 0.18000E+00 0.27448E-01 0.33842E+00 0.93056E-02 0.10499E-01 0.32509E+00 0.32101E+00 0.00000E+00 0.00000E+00 0.18709E+01      1682981   9/0.18000E+00
 0.50000E+03 0.25000E+00 0.19763E-01 0.26715E+00 0.94135E-02 0.10443E-01 0.26419E+00 0.26447E+00 0.00000E+00 0.00000E+00 0.28455E+00      1682981   9/0.25000E+00
 0.50000E+03 0.40000E+00 0.12352E-01 0.14869E+00 0.27984E-01 0.29099E-01 0.14551E+00 0.14483E+00 0.00000E+00 0.00000E+00 0.13780E+00      1682981   9/0.40000E+00
 0.50000E+03 0.65000E+00 0.76011E-02 0.27157E-01 0.50218E-02 0.59797E-02 0.20574E-01 0.20262E-01 0.00000E+00 0.00000E+00 0.13729E+01      1682981   9/0.65000E+00
 0.65000E+03 0.85000E-02 0.75564E+00 0.98713E+00 0.26693E-01 0.28345E-01 0.10002E+01 0.99040E+00 0.00000E+00 0.00000E+00 -.12248E+00      1682981  10/0.85000E-02
 0.65000E+03 0.13000E-01 0.49407E+00 0.90475E+00 0.10028E-01 0.14028E-01 0.88543E+00 0.88050E+00 0.00000E+00 0.00000E+00 0.24177E+01      1682981  10/0.13000E-01
 0.65000E+03 0.20000E-01 0.32115E+00 0.77797E+00 0.97798E-02 0.12669E-01 0.75871E+00 0.75151E+00 0.00000E+00 0.00000E+00 0.27052E+01      1682981  10/0.20000E-01
 0.65000E+03 0.32000E-01 0.20072E+00 0.62508E+00 0.90357E-02 0.11073E-01 0.63564E+00 0.62650E+00 0.00000E+00 0.00000E+00 -.15688E+00      1682981  10/0.32000E-01
 0.65000E+03 0.50000E-01 0.12846E+00 0.53435E+00 0.75822E-02 0.93203E-02 0.53832E+00 0.53079E+00 0.00000E+00 0.00000E+00 0.46972E+00      1682981  10/0.50000E-01
 0.65000E+03 0.80000E-01 0.80287E-01 0.43531E+00 0.72012E-02 0.83395E-02 0.45325E+00 0.44632E+00 0.00000E+00 0.00000E+00 -.15290E+01      1682981  10/0.80000E-01
 0.65000E+03 0.13000E+00 0.49407E-01 0.36181E+00 0.65600E-02 0.74410E-02 0.37601E+00 0.36975E+00 0.00000E+00 0.00000E+00 -.12109E+01      1682981  10/0.13000E+00
 0.65000E+03 0.18000E+00 0.35683E-01 0.33341E+00 0.96624E-02 0.10551E-01 0.32342E+00 0.31975E+00 0.00000E+00 0.00000E+00 0.14138E+01      1682981  10/0.18000E+00
 0.65000E+03 0.25000E+00 0.25692E-01 0.25646E+00 0.54780E-02 0.64449E-02 0.26143E+00 0.25735E+00 0.00000E+00 0.00000E+00 -.16308E+00      1682981  10/0.25000E+00
 0.65000E+03 0.40000E+00 0.16057E-01 0.12565E+00 0.79283E-02 0.76463E-02 0.14235E+00 0.14290E+00 0.00000E+00 0.00000E+00 -.21761E+01      1682981  10/0.40000E+00
 0.80000E+03 0.10500E-01 0.75287E+00 0.96275E+00 0.31180E-01 0.33142E-01 0.94225E+00 0.93322E+00 0.00000E+00 0.00000E+00 0.94694E+00      1682981  11/0.10500E-01
 0.80000E+03 0.13000E-01 0.60809E+00 0.88824E+00 0.13322E-01 0.17083E-01 0.88995E+00 0.88869E+00 0.00000E+00 0.00000E+00 -.33707E-01      1682981  11/0.13000E-01
 0.80000E+03 0.20000E-01 0.39526E+00 0.75247E+00 0.11519E-01 0.13737E-01 0.76790E+00 0.75858E+00 0.00000E+00 0.00000E+00 -.53055E+00      1682981  11/0.20000E-01
 0.80000E+03 0.32000E-01 0.24704E+00 0.64142E+00 0.99646E-02 0.11876E-01 0.64295E+00 0.63663E+00 0.00000E+00 0.00000E+00 0.48025E+00      1682981  11/0.32000E-01
 0.80000E+03 0.50000E-01 0.15810E+00 0.54669E+00 0.80665E-02 0.99186E-02 0.54294E+00 0.53453E+00 0.00000E+00 0.00000E+00 0.15079E+01      1682981  11/0.50000E-01
 0.80000E+03 0.80000E-01 0.98814E-01 0.45181E+00 0.74168E-02 0.88129E-02 0.45539E+00 0.44876E+00 0.00000E+00 0.00000E+00 0.41106E+00      1682981  11/0.80000E-01
 0.80000E+03 0.13000E+00 0.60809E-01 0.37330E+00 0.69948E-02 0.79543E-02 0.37612E+00 0.36962E+00 0.00000E+00 0.00000E+00 0.52576E+00      1682981  11/0.13000E+00
 0.80000E+03 0.18000E+00 0.43917E-01 0.32606E+00 0.11341E-01 0.12031E-01 0.32242E+00 0.31827E+00 0.00000E+00 0.00000E+00 0.68730E+00      1682981  11/0.18000E+00
 0.80000E+03 0.25000E+00 0.31621E-01 0.25374E+00 0.57900E-02 0.64837E-02 0.25952E+00 0.25420E+00 0.00000E+00 0.00000E+00 -.80107E-01      1682981  11/0.25000E+00
 0.80000E+03 0.40000E+00 0.19763E-01 0.14051E+00 0.85332E-02 0.91468E-02 0.14004E+00 0.14060E+00 0.00000E+00 0.00000E+00 -.10343E-01      1682981  11/0.40000E+00
 0.80000E+03 0.65000E+00 0.12162E-01 0.15845E-01 0.43814E-02 0.39446E-02 0.19028E-01 0.18899E-01 0.00000E+00 0.00000E+00 -.69696E+00      1682981  11/0.65000E+00
 0.10000E+04 0.13000E-01 0.76011E+00 0.86202E+00 0.27489E-01 0.31555E-01 0.88712E+00 0.88131E+00 0.00000E+00 0.00000E+00 -.70168E+00      1682981  12/0.13000E-01
 0.10000E+04 0.20000E-01 0.49407E+00 0.76995E+00 0.19278E-01 0.20771E-01 0.77699E+00 0.77023E+00 0.00000E+00 0.00000E+00 -.14647E-01      1682981  12/0.20000E-01
 0.10000E+04 0.32000E-01 0.30879E+00 0.65796E+00 0.16652E-01 0.18039E-01 0.65163E+00 0.64597E+00 0.00000E+00 0.00000E+00 0.72018E+00      1682981  12/0.32000E-01
 0.10000E+04 0.50000E-01 0.19763E+00 0.51651E+00 0.15296E-01 0.15690E-01 0.54881E+00 0.54404E+00 0.00000E+00 0.00000E+00 -.17996E+01      1682981  12/0.50000E-01
 0.10000E+04 0.80000E-01 0.12352E+00 0.44019E+00 0.13055E-01 0.13548E-01 0.45845E+00 0.45361E+00 0.00000E+00 0.00000E+00 -.10282E+01      1682981  12/0.80000E-01
 0.10000E+04 0.13000E+00 0.76011E-01 0.36865E+00 0.12915E-01 0.13375E-01 0.37680E+00 0.37030E+00 0.00000E+00 0.00000E+00 -.12751E+00      1682981  12/0.13000E+00
 0.10000E+04 0.18000E+00 0.54897E-01 0.34453E+00 0.11928E-01 0.13006E-01 0.32179E+00 0.31733E+00 0.00000E+00 0.00000E+00 0.22806E+01      1682981  12/0.18000E+00
 0.10000E+04 0.25000E+00 0.39526E-01 0.28083E+00 0.10875E-01 0.12002E-01 0.25782E+00 0.25545E+00 0.00000E+00 0.00000E+00 0.23335E+01      1682981  12/0.25000E+00
 0.10000E+04 0.40000E+00 0.24704E-01 0.13688E+00 0.89606E-02 0.93793E-02 0.13778E+00 0.13876E+00 0.00000E+00 0.00000E+00 -.20989E+00      1682981  12/0.40000E+00
 0.12000E+04 0.14000E-01 0.84698E+00 0.91602E+00 0.17646E-01 0.23543E-01 0.86415E+00 0.87700E+00 0.00000E+00 0.00000E+00 0.22114E+01      1682981  13/0.14000E-01
 0.12000E+04 0.20000E-01 0.59289E+00 0.80103E+00 0.13198E-01 0.15912E-01 0.78315E+00 0.77491E+00 0.00000E+00 0.00000E+00 0.19790E+01      1682981  13/0.20000E-01
 0.12000E+04 0.32000E-01 0.37055E+00 0.63869E+00 0.10707E-01 0.12364E-01 0.65963E+00 0.65324E+00 0.00000E+00 0.00000E+00 -.13585E+01      1682981  13/0.32000E-01
 0.12000E+04 0.50000E-01 0.23715E+00 0.55735E+00 0.84342E-02 0.10185E-01 0.55465E+00 0.54707E+00 0.00000E+00 0.00000E+00 0.12187E+01      1682981  13/0.50000E-01
 0.12000E+04 0.80000E-01 0.14822E+00 0.46241E+00 0.72784E-02 0.86977E-02 0.46177E+00 0.45352E+00 0.00000E+00 0.00000E+00 0.12208E+01      1682981  13/0.80000E-01
 0.12000E+04 0.13000E+00 0.91213E-01 0.37632E+00 0.68408E-02 0.78191E-02 0.37795E+00 0.37152E+00 0.00000E+00 0.00000E+00 0.70198E+00      1682981  13/0.13000E+00
 0.12000E+04 0.18000E+00 0.65876E-01 0.31918E+00 0.13099E-01 0.13499E-01 0.32175E+00 0.31755E+00 0.00000E+00 0.00000E+00 0.12475E+00      1682981  13/0.18000E+00
 0.12000E+04 0.25000E+00 0.47431E-01 0.24677E+00 0.52188E-02 0.57428E-02 0.25678E+00 0.25242E+00 0.00000E+00 0.00000E+00 -.10832E+01      1682981  13/0.25000E+00
 0.12000E+04 0.40000E+00 0.29644E-01 0.12513E+00 0.45250E-02 0.55699E-02 0.13614E+00 0.13207E+00 0.00000E+00 0.00000E+00 -.15337E+01      1682981  13/0.40000E+00
 0.15000E+04 0.20000E-01 0.74111E+00 0.80501E+00 0.18060E-01 0.22065E-01 0.78731E+00 0.79486E+00 0.00000E+00 0.00000E+00 0.56175E+00      1682981  14/0.20000E-01
 0.15000E+04 0.32000E-01 0.46319E+00 0.66054E+00 0.13646E-01 0.15045E-01 0.67089E+00 0.66433E+00 0.00000E+00 0.00000E+00 -.27791E+00      1682981  14/0.32000E-01
 0.15000E+04 0.50000E-01 0.29644E+00 0.54454E+00 0.10561E-01 0.11756E-01 0.56368E+00 0.55709E+00 0.00000E+00 0.00000E+00 -.11886E+01      1682981  14/0.50000E-01
 0.15000E+04 0.80000E-01 0.18528E+00 0.48967E+00 0.89605E-02 0.10402E-01 0.46733E+00 0.46211E+00 0.00000E+00 0.00000E+00 0.30756E+01      1682981  14/0.80000E-01
 0.15000E+04 0.13000E+00 0.11402E+00 0.37787E+00 0.91092E-02 0.99046E-02 0.38041E+00 0.37525E+00 0.00000E+00 0.00000E+00 0.28812E+00      1682981  14/0.13000E+00
 0.15000E+04 0.18000E+00 0.82345E-01 0.31308E+00 0.80930E-02 0.85746E-02 0.32248E+00 0.31875E+00 0.00000E+00 0.00000E+00 -.70008E+00      1682981  14/0.18000E+00
 0.15000E+04 0.25000E+00 0.59289E-01 0.25961E+00 0.75886E-02 0.81134E-02 0.25607E+00 0.25224E+00 0.00000E+00 0.00000E+00 0.97122E+00      1682981  14/0.25000E+00
 0.15000E+04 0.40000E+00 0.37055E-01 0.12966E+00 0.60276E-02 0.71582E-02 0.13441E+00 0.13128E+00 0.00000E+00 0.00000E+00 -.26878E+00      1682981  14/0.40000E+00
 0.15000E+04 0.65000E+00 0.22803E-01 0.15968E-01 0.21490E-02 0.21281E-02 0.17354E-01 0.17825E-01 0.00000E+00 0.00000E+00 -.86427E+00      1682981  14/0.65000E+00
 0.20000E+04 0.21900E-01 0.90241E+00 0.87821E+00 0.48316E-01 0.56022E-01 0.76822E+00 0.76402E+00 0.00000E+00 0.00000E+00 0.23634E+01      1682981  15/0.21900E-01
 0.20000E+04 0.32000E-01 0.61759E+00 0.65822E+00 0.16643E-01 0.18051E-01 0.68788E+00 0.68305E+00 0.00000E+00 0.00000E+00 -.14920E+01      1682981  15/0.32000E-01
 0.20000E+04 0.50000E-01 0.39526E+00 0.56966E+00 0.13084E-01 0.14163E-01 0.57977E+00 0.57282E+00 0.00000E+00 0.00000E+00 -.24143E+00      1682981  15/0.50000E-01
 0.20000E+04 0.80000E-01 0.24704E+00 0.46439E+00 0.10739E-01 0.11604E-01 0.47808E+00 0.47018E+00 0.00000E+00 0.00000E+00 -.53916E+00      1682981  15/0.80000E-01
 0.20000E+04 0.13000E+00 0.15202E+00 0.37034E+00 0.10392E-01 0.10843E-01 0.38604E+00 0.38012E+00 0.00000E+00 0.00000E+00 -.94074E+00      1682981  15/0.13000E+00
 0.20000E+04 0.18000E+00 0.10979E+00 0.31010E+00 0.96021E-02 0.99576E-02 0.32524E+00 0.32199E+00 0.00000E+00 0.00000E+00 -.12384E+01      1682981  15/0.18000E+00
 0.20000E+04 0.25000E+00 0.79051E-01 0.25130E+00 0.87399E-02 0.90426E-02 0.25641E+00 0.25198E+00 0.00000E+00 0.00000E+00 -.77975E-01      1682981  15/0.25000E+00
 0.20000E+04 0.40000E+00 0.49407E-01 0.12339E+00 0.62554E-02 0.62099E-02 0.13277E+00 0.13061E+00 0.00000E+00 0.00000E+00 -.11538E+01      1682981  15/0.40000E+00
 0.20000E+04 0.65000E+00 0.30404E-01 0.11157E-01 0.25377E-02 0.20230E-02 0.16747E-01 0.17174E-01 0.00000E+00 0.00000E+00 -.23709E+01      1682981  15/0.65000E+00
 0.30000E+04 0.32000E-01 0.92638E+00 0.73112E+00 0.29767E-01 0.31843E-01 0.70956E+00 0.70420E+00 0.00000E+00 0.00000E+00 0.90426E+00      1682981  16/0.32000E-01
 0.30000E+04 0.50000E-01 0.59289E+00 0.59879E+00 0.14803E-01 0.15973E-01 0.61481E+00 0.60902E+00 0.00000E+00 0.00000E+00 -.69112E+00      1682981  16/0.50000E-01
 0.30000E+04 0.80000E-01 0.37055E+00 0.50755E+00 0.12194E-01 0.13248E-01 0.50442E+00 0.49753E+00 0.00000E+00 0.00000E+00 0.82151E+00      1682981  16/0.80000E-01
 0.30000E+04 0.13000E+00 0.22803E+00 0.39384E+00 0.11556E-01 0.12085E-01 0.40152E+00 0.39665E+00 0.00000E+00 0.00000E+00 -.24291E+00      1682981  16/0.13000E+00
 0.30000E+04 0.18000E+00 0.16469E+00 0.31678E+00 0.10499E-01 0.10689E-01 0.33453E+00 0.33067E+00 0.00000E+00 0.00000E+00 -.13233E+01      1682981  16/0.18000E+00
 0.30000E+04 0.25000E+00 0.11858E+00 0.26471E+00 0.93082E-02 0.99729E-02 0.26048E+00 0.25517E+00 0.00000E+00 0.00000E+00 0.10248E+01      1682981  16/0.25000E+00
 0.30000E+04 0.40000E+00 0.74111E-01 0.13087E+00 0.65394E-02 0.67027E-02 0.13198E+00 0.13045E+00 0.00000E+00 0.00000E+00 0.63487E-01      1682981  16/0.40000E+00
 0.30000E+04 0.65000E+00 0.45607E-01 0.15162E-01 0.15056E-02 0.15057E-02 0.16088E-01 0.16102E-01 0.00000E+00 0.00000E+00 -.62420E+00      1682981  16/0.65000E+00
 0.50000E+04 0.54700E-01 0.90324E+00 0.64239E+00 0.34827E-01 0.35425E-01 0.65520E+00 0.65066E+00 0.00000E+00 0.00000E+00 -.23736E+00      1682981  17/0.54700E-01
 0.50000E+04 0.80000E-01 0.61759E+00 0.54571E+00 0.13423E-01 0.14414E-01 0.56803E+00 0.56390E+00 0.00000E+00 0.00000E+00 -.13554E+01      1682981  17/0.80000E-01
 0.50000E+04 0.13000E+00 0.38005E+00 0.47130E+00 0.13405E-01 0.14633E-01 0.44309E+00 0.43778E+00 0.00000E+00 0.00000E+00 0.25008E+01      1682981  17/0.13000E+00
 0.50000E+04 0.18000E+00 0.27448E+00 0.36470E+00 0.11806E-01 0.12403E-01 0.36163E+00 0.35740E+00 0.00000E+00 0.00000E+00 0.61873E+00      1682981  17/0.18000E+00
 0.50000E+04 0.25000E+00 0.19763E+00 0.24890E+00 0.11311E-01 0.11073E-01 0.27532E+00 0.27101E+00 0.00000E+00 0.00000E+00 -.19550E+01      1682981  17/0.25000E+00
 0.50000E+04 0.40000E+00 0.12352E+00 0.13002E+00 0.72017E-02 0.72738E-02 0.13466E+00 0.13216E+00 0.00000E+00 0.00000E+00 -.29672E+00      1682981  17/0.40000E+00
 0.50000E+04 0.65000E+00 0.76011E-01 0.14706E-01 0.21518E-02 0.21050E-02 0.15649E-01 0.15549E-01 0.00000E+00 0.00000E+00 -.39172E+00      1682981  17/0.65000E+00
 0.80000E+04 0.87500E-01 0.90344E+00 0.64366E+00 0.49491E-01 0.51385E-01 0.62701E+00 0.62329E+00 0.00000E+00 0.00000E+00 0.41160E+00      1682981  18/0.87500E-01
 0.80000E+04 0.13000E+00 0.60809E+00 0.55872E+00 0.17831E-01 0.19648E-01 0.51688E+00 0.51426E+00 0.00000E+00 0.00000E+00 0.24935E+01      1682981  18/0.13000E+00
 0.80000E+04 0.18000E+00 0.43917E+00 0.41651E+00 0.16882E-01 0.17488E-01 0.41269E+00 0.40737E+00 0.00000E+00 0.00000E+00 0.54162E+00      1682981  18/0.18000E+00
 0.80000E+04 0.25000E+00 0.31621E+00 0.29676E+00 0.14382E-01 0.14541E-01 0.30499E+00 0.30281E+00 0.00000E+00 0.00000E+00 -.42039E+00      1682981  18/0.25000E+00
 0.80000E+04 0.40000E+00 0.19763E+00 0.12136E+00 0.99821E-02 0.92680E-02 0.14258E+00 0.14073E+00 0.00000E+00 0.00000E+00 -.19400E+01      1682981  18/0.40000E+00
 0.80000E+04 0.65000E+00 0.12162E+00 0.15898E-01 0.19524E-02 0.19889E-02 0.15714E-01 0.15591E-01 0.00000E+00 0.00000E+00 0.15746E+00      1682981  18/0.65000E+00
 0.12000E+05 0.13000E+00 0.91213E+00 0.73310E+00 0.86933E-01 0.98172E-01 0.59726E+00 0.59435E+00 0.00000E+00 0.00000E+00 0.15960E+01      1682981  19/0.13000E+00
 0.12000E+05 0.18000E+00 0.65876E+00 0.48247E+00 0.22721E-01 0.23823E-01 0.48458E+00 0.48114E+00 0.00000E+00 0.00000E+00 0.58369E-01      1682981  19/0.18000E+00
 0.12000E+05 0.25000E+00 0.47431E+00 0.33417E+00 0.20481E-01 0.20408E-01 0.34978E+00 0.34429E+00 0.00000E+00 0.00000E+00 -.49392E+00      1682981  19/0.25000E+00
 0.12000E+05 0.40000E+00 0.29644E+00 0.17141E+00 0.13444E-01 0.14338E-01 0.15556E+00 0.15457E+00 0.00000E+00 0.00000E+00 0.12528E+01      1682981  19/0.40000E+00
 0.12000E+05 0.65000E+00 0.18243E+00 0.14910E-01 0.36721E-02 0.35251E-02 0.16211E-01 0.15923E-01 0.00000E+00 0.00000E+00 -.27599E+00      1682981  19/0.65000E+00
 0.20000E+05 0.25000E+00 0.79051E+00 0.47861E+00 0.32081E-01 0.35345E-01 0.43167E+00 0.43853E+00 0.00000E+00 0.00000E+00 0.12492E+01      1682981  20/0.25000E+00
 0.20000E+05 0.40000E+00 0.49407E+00 0.20599E+00 0.19257E-01 0.20625E-01 0.18368E+00 0.18173E+00 0.00000E+00 0.00000E+00 0.12597E+01      1682981  20/0.40000E+00
 0.20000E+05 0.65000E+00 0.30404E+00 0.17364E-01 0.59093E-02 0.58822E-02 0.17593E-01 0.17519E-01 0.00000E+00 0.00000E+00 -.26265E-01      1682981  20/0.65000E+00
 0.30000E+05 0.40000E+00 0.74111E+00 0.23073E+00 0.30355E-01 0.32085E-01 0.21508E+00 0.20683E+00 0.00000E+00 0.00000E+00 0.78740E+00      1682981  21/0.40000E+00
 0.30000E+05 0.65000E+00 0.45607E+00 0.44179E-01 0.91791E-02 0.14342E-01 0.19517E-01 0.19326E-01 0.00000E+00 0.00000E+00 0.27076E+01      1682981  21/0.65000E+00
 0.50000E+05 0.65000E+00 0.76011E+00 0.82210E-01 0.24304E-01 0.46667E-01 0.22891E-01 0.22699E-01 0.00000E+00 0.00000E+00 0.24486E+01      1682981  22/0.65000E+00
     2527005
 HERA1+2 CCep                                                                    
Plot1@Experiment:HERA1+2@ExtraLabel:e^{+}p #rightarrow #bar{#nu}X (CC) @XTitle: x @YTitle: d^{2}#sigma/dxdQ^{2} @Title:Q^{2} = 300  @Ymin:0.01@Xlog@Ylog
Plot2@Experiment:HERA1+2@ExtraLabel:e^{+}p #rightarrow #bar{#nu}X (CC) @XTitle: x @YTitle: d^{2}#sigma/dxdQ^{2} @Title:Q^{2} = 500  @Ymin:0.01@Xlog@Ylog
Plot3@Experiment:HERA1+2@ExtraLabel:e^{+}p #rightarrow #bar{#nu}X (CC) @XTitle: x @YTitle: d^{2}#sigma/dxdQ^{2} @Title:Q^{2} = 1000 @Ymin:0.001@Xlog@Ylog
Plot4@Experiment:HERA1+2@ExtraLabel:e^{+}p #rightarrow #bar{#nu}X (CC) @XTitle: x @YTitle: d^{2}#sigma/dxdQ^{2} @Title:Q^{2} = 1500 @Ymin:0.001@Xlog@Ylog
Plot5@Experiment:HERA1+2@ExtraLabel:e^{+}p #rightarrow #bar{#nu}X (CC) @XTitle: x @YTitle: d^{2}#sigma/dxdQ^{2} @Title:Q^{2} = 2000 @Ymin:0.001@Xlog@Ylog
Plot6@Experiment:HERA1+2@ExtraLabel:e^{+}p #rightarrow #bar{#nu}X (CC) @XTitle: x @YTitle: d^{2}#sigma/dxdQ^{2} @Title:Q^{2} = 3000 @Ymin:0.0005@Xlog@Ylog
Plot7@Experiment:HERA1+2@ExtraLabel:e^{+}p #rightarrow #bar{#nu}X (CC) @XTitle: x @YTitle: d^{2}#sigma/dxdQ^{2} @Title:Q^{2} = 5000 @Ymin:0.0001@Xlog@Ylog
Plot8@Experiment:HERA1+2@ExtraLabel:e^{+}p #rightarrow #bar{#nu}X (CC) @XTitle: x @YTitle: d^{2}#sigma/dxdQ^{2} @Title:Q^{2} = 8000 @Ymin:0.0001@Xlog@Ylog
Plot9@Experiment:HERA1+2@ExtraLabel:e^{+}p #rightarrow #bar{#nu}X (CC) @XTitle: x @YTitle: d^{2}#sigma/dxdQ^{2} @Title:Q^{2} = 15000@Ymin:0.00001@Xlog@Ylog
Plot10@Experiment:HERA1+2@ExtraLabel:e^{+}p #rightarrow #bar{#nu}X (CC) @XTitle: x @YTitle: d^{2}#sigma/dxdQ^{2} @Title:Q^{2} = 30000@Ymin:0.00001@Xlog@Ylog
 Q2          x           y              data      +- uncor     +- tot     th orig         th mod   therr+         therr-     pull    iset       iplot
 0.30000E+03 0.80000E-02 0.37055E+00 0.11422E+01 0.13661E+00 0.14321E+00 0.11187E+01 0.11250E+01 0.00000E+00 0.00000E+00 0.12557E+00      2527005   1/0.80000E-02
 0.30000E+03 0.13000E-01 0.22803E+00 0.72565E+00 0.42976E-01 0.50373E-01 0.66092E+00 0.66615E+00 0.00000E+00 0.00000E+00 0.13846E+01      2527005   1/0.13000E-01
 0.30000E+03 0.32000E-01 0.92638E-01 0.20678E+00 0.11683E-01 0.12367E-01 0.21021E+00 0.20905E+00 0.00000E+00 0.00000E+00 -.19405E+00      2527005   1/0.32000E-01
 0.30000E+03 0.80000E-01 0.37055E-01 0.46781E-01 0.38317E-02 0.35421E-02 0.57572E-01 0.57293E-01 0.00000E+00 0.00000E+00 -.27436E+01      2527005   1/0.80000E-01
 0.30000E+03 0.13000E+00 0.22803E-01 0.33700E-01 0.83283E-02 0.92797E-02 0.27308E-01 0.26975E-01 0.00000E+00 0.00000E+00 0.80755E+00      2527005   1/0.13000E+00
 0.50000E+03 0.80000E-02 0.61759E+00 0.66582E+00 0.19126E+00 0.17336E+00 0.84030E+00 0.85569E+00 0.00000E+00 0.00000E+00 -.99275E+00      2527005   2/0.80000E-02
 0.50000E+03 0.13000E-01 0.38005E+00 0.52424E+00 0.29950E-01 0.32238E-01 0.53874E+00 0.54268E+00 0.00000E+00 0.00000E+00 -.61560E+00      2527005   2/0.13000E-01
 0.50000E+03 0.32000E-01 0.15440E+00 0.19580E+00 0.82569E-02 0.90224E-02 0.18669E+00 0.18560E+00 0.00000E+00 0.00000E+00 0.12350E+01      2527005   2/0.32000E-01
 0.50000E+03 0.80000E-01 0.61759E-01 0.52823E-01 0.25412E-02 0.26115E-02 0.52418E-01 0.51865E-01 0.00000E+00 0.00000E+00 0.37697E+00      2527005   2/0.80000E-01
 0.50000E+03 0.13000E+00 0.38005E-01 0.23908E-01 0.21035E-02 0.21473E-02 0.24866E-01 0.24774E-01 0.00000E+00 0.00000E+00 -.41151E+00      2527005   2/0.13000E+00
 0.10000E+04 0.13000E-01 0.76011E+00 0.31717E+00 0.21394E-01 0.22497E-01 0.32889E+00 0.33178E+00 0.00000E+00 0.00000E+00 -.68298E+00      2527005   3/0.13000E-01
 0.10000E+04 0.32000E-01 0.30879E+00 0.14431E+00 0.49852E-02 0.54755E-02 0.13574E+00 0.13520E+00 0.00000E+00 0.00000E+00 0.18279E+01      2527005   3/0.32000E-01
 0.10000E+04 0.80000E-01 0.12352E+00 0.40671E-01 0.16453E-02 0.16772E-02 0.41535E-01 0.41135E-01 0.00000E+00 0.00000E+00 -.28181E+00      2527005   3/0.80000E-01
 0.10000E+04 0.13000E+00 0.76011E-01 0.20941E-01 0.11666E-02 0.12147E-02 0.20017E-01 0.19876E-01 0.00000E+00 0.00000E+00 0.91322E+00      2527005   3/0.13000E+00
 0.10000E+04 0.25000E+00 0.39526E-01 0.58808E-02 0.69584E-03 0.70716E-03 0.57753E-02 0.57513E-02 0.00000E+00 0.00000E+00 0.18615E+00      2527005   3/0.25000E+00
 0.15000E+04 0.32000E-01 0.46319E+00 0.98212E-01 0.54544E-02 0.57531E-02 0.98608E-01 0.99354E-01 0.00000E+00 0.00000E+00 -.20929E+00      2527005   4/0.32000E-01
 0.15000E+04 0.80000E-01 0.18528E+00 0.32999E-01 0.17145E-02 0.17670E-02 0.33098E-01 0.33159E-01 0.00000E+00 0.00000E+00 -.93233E-01      2527005   4/0.80000E-01
 0.15000E+04 0.13000E+00 0.11402E+00 0.14766E-01 0.11465E-02 0.11024E-02 0.16331E-01 0.16251E-01 0.00000E+00 0.00000E+00 -.12951E+01      2527005   4/0.13000E+00
 0.15000E+04 0.25000E+00 0.59289E-01 0.50457E-02 0.45477E-03 0.47067E-03 0.47736E-02 0.47445E-02 0.00000E+00 0.00000E+00 0.66231E+00      2527005   4/0.25000E+00
 0.15000E+04 0.40000E+00 0.37055E-01 0.10004E-02 0.45201E-03 0.42080E-03 0.11546E-02 0.11388E-02 0.00000E+00 0.00000E+00 -.30628E+00      2527005   4/0.40000E+00
 0.20000E+04 0.32000E-01 0.61759E+00 0.79423E-01 0.40027E-02 0.43664E-02 0.72856E-01 0.71980E-01 0.00000E+00 0.00000E+00 0.18595E+01      2527005   5/0.32000E-01
 0.20000E+04 0.80000E-01 0.24704E+00 0.26220E-01 0.13156E-02 0.13355E-02 0.26520E-01 0.26138E-01 0.00000E+00 0.00000E+00 0.62643E-01      2527005   5/0.80000E-01
 0.20000E+04 0.13000E+00 0.15202E+00 0.13023E-01 0.91464E-03 0.91036E-03 0.13442E-01 0.13297E-01 0.00000E+00 0.00000E+00 -.29923E+00      2527005   5/0.13000E+00
 0.20000E+04 0.25000E+00 0.79051E-01 0.42520E-02 0.44446E-03 0.49167E-03 0.40031E-02 0.40555E-02 0.00000E+00 0.00000E+00 0.44219E+00      2527005   5/0.25000E+00
 0.30000E+04 0.32000E-01 0.92638E+00 0.47224E-01 0.58919E-02 0.62284E-02 0.45381E-01 0.45968E-01 0.00000E+00 0.00000E+00 0.21321E+00      2527005   6/0.32000E-01
 0.30000E+04 0.80000E-01 0.37055E+00 0.18553E-01 0.65768E-03 0.73650E-03 0.17276E-01 0.17196E-01 0.00000E+00 0.00000E+00 0.20628E+01      2527005   6/0.80000E-01
 0.30000E+04 0.13000E+00 0.22803E+00 0.94418E-02 0.42305E-03 0.44006E-03 0.92833E-02 0.92084E-02 0.00000E+00 0.00000E+00 0.55167E+00      2527005   6/0.13000E+00
 0.30000E+04 0.25000E+00 0.11858E+00 0.26184E-02 0.17962E-03 0.17276E-03 0.28962E-02 0.28828E-02 0.00000E+00 0.00000E+00 -.14723E+01      2527005   6/0.25000E+00
 0.30000E+04 0.40000E+00 0.74111E-01 0.61961E-03 0.10749E-03 0.10303E-03 0.71133E-03 0.71223E-03 0.00000E+00 0.00000E+00 -.86166E+00      2527005   6/0.40000E+00
 0.50000E+04 0.80000E-01 0.61759E+00 0.75414E-02 0.46023E-03 0.48372E-03 0.78041E-02 0.77387E-02 0.00000E+00 0.00000E+00 -.42868E+00      2527005   7/0.80000E-01
 0.50000E+04 0.13000E+00 0.38005E+00 0.45257E-02 0.24145E-03 0.24967E-03 0.46614E-02 0.46057E-02 0.00000E+00 0.00000E+00 -.33150E+00      2527005   7/0.13000E+00
 0.50000E+04 0.25000E+00 0.19763E+00 0.15381E-02 0.10065E-03 0.10011E-03 0.16298E-02 0.16114E-02 0.00000E+00 0.00000E+00 -.72838E+00      2527005   7/0.25000E+00
 0.50000E+04 0.40000E+00 0.12352E+00 0.56331E-03 0.53004E-04 0.63177E-04 0.41754E-03 0.41656E-03 0.00000E+00 0.00000E+00 0.27687E+01      2527005   7/0.40000E+00
 0.80000E+04 0.13000E+00 0.60809E+00 0.15093E-02 0.14248E-03 0.13777E-03 0.18072E-02 0.17772E-02 0.00000E+00 0.00000E+00 -.18802E+01      2527005   8/0.13000E+00
 0.80000E+04 0.25000E+00 0.31621E+00 0.74339E-03 0.57853E-04 0.59627E-04 0.76303E-03 0.75353E-03 0.00000E+00 0.00000E+00 -.17530E+00      2527005   8/0.25000E+00
 0.80000E+04 0.40000E+00 0.19763E+00 0.20493E-03 0.30160E-04 0.30062E-04 0.21336E-03 0.21341E-03 0.00000E+00 0.00000E+00 -.28131E+00      2527005   8/0.40000E+00
 0.15000E+05 0.25000E+00 0.59289E+00 0.13735E-03 0.21020E-04 0.20530E-04 0.15721E-03 0.15364E-03 0.00000E+00 0.00000E+00 -.77515E+00      2527005   9/0.25000E+00
 0.15000E+05 0.40000E+00 0.37055E+00 0.59554E-04 0.94864E-05 0.98190E-05 0.58849E-04 0.58451E-04 0.00000E+00 0.00000E+00 0.11625E+00      2527005   9/0.40000E+00
 0.30000E+05 0.40000E+00 0.74111E+00 0.54400E-05 0.35377E-05 0.39421E-05 0.47805E-05 0.39886E-05 0.00000E+00 0.00000E+00 0.41027E+00      2527005  10/0.40000E+00
     6154522
 HERA1+2 CCem                                                                    
Plot1@Experiment:HERA1+2@ExtraLabel:e^{-}p #rightarrow #nuX (CC) @XTitle: x @YTitle: d^{2}#sigma/dxdQ^{2} @Title:Q^{2} = 300  @Ymin:0.01@Xlog@Ylog
Plot2@Experiment:HERA1+2@ExtraLabel:e^{-}p #rightarrow #nuX (CC) @XTitle: x @YTitle: d^{2}#sigma/dxdQ^{2} @Title:Q^{2} = 500  @Ymin:0.01@Xlog@Ylog
Plot3@Experiment:HERA1+2@ExtraLabel:e^{-}p #rightarrow #nuX (CC) @XTitle: x @YTitle: d^{2}#sigma/dxdQ^{2} @Title:Q^{2} = 1000 @Ymin:0.001@Xlog@Ylog
Plot4@Experiment:HERA1+2@ExtraLabel:e^{-}p #rightarrow #nuX (CC) @XTitle: x @YTitle: d^{2}#sigma/dxdQ^{2} @Title:Q^{2} = 1500 @Ymin:0.001@Xlog@Ylog
Plot5@Experiment:HERA1+2@ExtraLabel:e^{-}p #rightarrow #nuX (CC) @XTitle: x @YTitle: d^{2}#sigma/dxdQ^{2} @Title:Q^{2} = 2000 @Ymin:0.001@Xlog@Ylog
Plot6@Experiment:HERA1+2@ExtraLabel:e^{-}p #rightarrow #nuX (CC) @XTitle: x @YTitle: d^{2}#sigma/dxdQ^{2} @Title:Q^{2} = 3000 @Ymin:0.0005@Xlog@Ylog
Plot7@Experiment:HERA1+2@ExtraLabel:e^{-}p #rightarrow #nuX (CC) @XTitle: x @YTitle: d^{2}#sigma/dxdQ^{2} @Title:Q^{2} = 5000 @Ymin:0.0001@Xlog@Ylog
Plot8@Experiment:HERA1+2@ExtraLabel:e^{-}p #rightarrow #nuX (CC) @XTitle: x @YTitle: d^{2}#sigma/dxdQ^{2} @Title:Q^{2} = 8000 @Ymin:0.0001@Xlog@Ylog
Plot9@Experiment:HERA1+2@ExtraLabel:e^{-}p #rightarrow #nuX (CC) @XTitle: x @YTitle: d^{2}#sigma/dxdQ^{2} @Title:Q^{2} = 15000@Ymin:0.00001@Xlog@Ylog
Plot10@Experiment:HERA1+2@ExtraLabel:e^{-}p #rightarrow #nuX (CC) @XTitle: x @YTitle: d^{2}#sigma/dxdQ^{2} @Title:Q^{2} = 30000@Ymin:0.00001@Xlog@Ylog
 Q2          x           y              data      +- uncor     +- tot     th orig         th mod   therr+         therr-     pull    iset       iplot
 0.30000E+03 0.80000E-02 0.37055E+00 0.18618E+01 0.57342E+00 0.76722E+00 0.12582E+01 0.13066E+01 0.00000E+00 0.00000E+00 0.96815E+00      6154522   1/0.80000E-02
 0.30000E+03 0.13000E-01 0.22803E+00 0.70388E+00 0.63456E-01 0.63197E-01 0.75850E+00 0.73476E+00 0.00000E+00 0.00000E+00 -.48658E+00      6154522   1/0.13000E-01
 0.30000E+03 0.32000E-01 0.92638E-01 0.26247E+00 0.20271E-01 0.21503E-01 0.25868E+00 0.25284E+00 0.00000E+00 0.00000E+00 0.47495E+00      6154522   1/0.32000E-01
 0.30000E+03 0.80000E-01 0.37055E-01 0.91028E-01 0.66286E-02 0.80511E-02 0.80109E-01 0.78571E-01 0.00000E+00 0.00000E+00 0.18793E+01      6154522   1/0.80000E-01
 0.30000E+03 0.13000E+00 0.22803E-01 0.38063E-01 0.10647E-01 0.10125E-01 0.42299E-01 0.40556E-01 0.00000E+00 0.00000E+00 -.23415E+00      6154522   1/0.13000E+00
 0.50000E+03 0.13000E-01 0.38005E+00 0.61064E+00 0.39858E-01 0.41412E-01 0.64547E+00 0.62892E+00 0.00000E+00 0.00000E+00 -.45853E+00      6154522   2/0.13000E-01
 0.50000E+03 0.32000E-01 0.15440E+00 0.21978E+00 0.13224E-01 0.13186E-01 0.23753E+00 0.23186E+00 0.00000E+00 0.00000E+00 -.91331E+00      6154522   2/0.32000E-01
 0.50000E+03 0.80000E-01 0.61759E-01 0.63485E-01 0.42222E-02 0.39577E-02 0.74936E-01 0.72840E-01 0.00000E+00 0.00000E+00 -.22157E+01      6154522   2/0.80000E-01
 0.50000E+03 0.13000E+00 0.38005E-01 0.46285E-01 0.36390E-02 0.45989E-02 0.39480E-01 0.39286E-01 0.00000E+00 0.00000E+00 0.19233E+01      6154522   2/0.13000E+00
 0.10000E+04 0.13000E-01 0.76011E+00 0.43228E+00 0.28583E-01 0.30069E-01 0.44187E+00 0.42972E+00 0.00000E+00 0.00000E+00 0.89584E-01      6154522   3/0.13000E-01
 0.10000E+04 0.32000E-01 0.30879E+00 0.18144E+00 0.88417E-02 0.89278E-02 0.18965E+00 0.18536E+00 0.00000E+00 0.00000E+00 -.44308E+00      6154522   3/0.32000E-01
 0.10000E+04 0.80000E-01 0.12352E+00 0.58715E-01 0.28081E-02 0.27668E-02 0.63668E-01 0.62024E-01 0.00000E+00 0.00000E+00 -.11784E+01      6154522   3/0.80000E-01
 0.10000E+04 0.13000E+00 0.76011E-01 0.33102E-01 0.18423E-02 0.19271E-02 0.33712E-01 0.33120E-01 0.00000E+00 0.00000E+00 -.97763E-02      6154522   3/0.13000E+00
 0.10000E+04 0.25000E+00 0.39526E-01 0.13116E-01 0.14573E-02 0.14917E-02 0.12694E-01 0.12381E-01 0.00000E+00 0.00000E+00 0.50416E+00      6154522   3/0.25000E+00
 0.15000E+04 0.32000E-01 0.46319E+00 0.14347E+00 0.11100E-01 0.10743E-01 0.15274E+00 0.14868E+00 0.00000E+00 0.00000E+00 -.46967E+00      6154522   4/0.32000E-01
 0.15000E+04 0.80000E-01 0.18528E+00 0.52158E-01 0.31529E-02 0.31241E-02 0.54579E-01 0.53268E-01 0.00000E+00 0.00000E+00 -.35208E+00      6154522   4/0.80000E-01
 0.15000E+04 0.13000E+00 0.11402E+00 0.27866E-01 0.17662E-02 0.17720E-02 0.29171E-01 0.28313E-01 0.00000E+00 0.00000E+00 -.25286E+00      6154522   4/0.13000E+00
 0.15000E+04 0.25000E+00 0.59289E-01 0.11505E-01 0.82136E-03 0.85273E-03 0.10936E-01 0.10796E-01 0.00000E+00 0.00000E+00 0.86272E+00      6154522   4/0.25000E+00
 0.15000E+04 0.40000E+00 0.37055E-01 0.48258E-02 0.71745E-03 0.82105E-03 0.37696E-02 0.37621E-02 0.00000E+00 0.00000E+00 0.14826E+01      6154522   4/0.40000E+00
 0.20000E+04 0.32000E-01 0.61759E+00 0.12372E+00 0.68120E-02 0.70199E-02 0.12529E+00 0.12373E+00 0.00000E+00 0.00000E+00 -.21876E-02      6154522   5/0.32000E-01
 0.20000E+04 0.80000E-01 0.24704E+00 0.46340E-01 0.22813E-02 0.23187E-02 0.47200E-01 0.46470E-01 0.00000E+00 0.00000E+00 -.57048E-01      6154522   5/0.80000E-01
 0.20000E+04 0.13000E+00 0.15202E+00 0.23176E-01 0.16986E-02 0.16359E-02 0.25493E-01 0.25050E-01 0.00000E+00 0.00000E+00 -.11031E+01      6154522   5/0.13000E+00
 0.20000E+04 0.25000E+00 0.79051E-01 0.10108E-01 0.10956E-02 0.13568E-02 0.95475E-02 0.98664E-02 0.00000E+00 0.00000E+00 0.22049E+00      6154522   5/0.25000E+00
 0.30000E+04 0.32000E-01 0.92638E+00 0.86065E-01 0.10697E-01 0.10349E-01 0.90929E-01 0.88122E-01 0.00000E+00 0.00000E+00 -.19226E+00      6154522   6/0.32000E-01
 0.30000E+04 0.80000E-01 0.37055E+00 0.32522E-01 0.12946E-02 0.12631E-02 0.36148E-01 0.35651E-01 0.00000E+00 0.00000E+00 -.24168E+01      6154522   6/0.80000E-01
 0.30000E+04 0.13000E+00 0.22803E+00 0.18460E-01 0.87019E-03 0.85372E-03 0.19935E-01 0.19591E-01 0.00000E+00 0.00000E+00 -.13003E+01      6154522   6/0.13000E+00
 0.30000E+04 0.25000E+00 0.11858E+00 0.75154E-02 0.38114E-03 0.39179E-03 0.74843E-02 0.74399E-02 0.00000E+00 0.00000E+00 0.19810E+00      6154522   6/0.25000E+00
 0.30000E+04 0.40000E+00 0.74111E-01 0.26072E-02 0.23013E-03 0.24189E-03 0.25237E-02 0.25429E-02 0.00000E+00 0.00000E+00 0.27935E+00      6154522   6/0.40000E+00
 0.50000E+04 0.80000E-01 0.61759E+00 0.21095E-01 0.10274E-02 0.10125E-02 0.22968E-01 0.22731E-01 0.00000E+00 0.00000E+00 -.15927E+01      6154522   7/0.80000E-01
 0.50000E+04 0.13000E+00 0.38005E+00 0.11992E-01 0.56309E-03 0.55035E-03 0.13093E-01 0.12943E-01 0.00000E+00 0.00000E+00 -.16888E+01      6154522   7/0.13000E+00
 0.50000E+04 0.25000E+00 0.19763E+00 0.46471E-02 0.23606E-03 0.23416E-03 0.49669E-02 0.49548E-02 0.00000E+00 0.00000E+00 -.13033E+01      6154522   7/0.25000E+00
 0.50000E+04 0.40000E+00 0.12352E+00 0.19005E-02 0.13486E-03 0.15312E-03 0.16525E-02 0.16918E-02 0.00000E+00 0.00000E+00 0.15474E+01      6154522   7/0.40000E+00
 0.50000E+04 0.65000E+00 0.76011E-01 0.32341E-03 0.57005E-04 0.99958E-04 0.12568E-03 0.13452E-03 0.00000E+00 0.00000E+00 0.33135E+01      6154522   7/0.65000E+00
 0.80000E+04 0.13000E+00 0.60809E+00 0.82050E-02 0.43164E-03 0.47261E-03 0.78903E-02 0.79231E-02 0.00000E+00 0.00000E+00 0.65299E+00      6154522   8/0.13000E+00
 0.80000E+04 0.25000E+00 0.31621E+00 0.28236E-02 0.16152E-03 0.16185E-03 0.30394E-02 0.30424E-02 0.00000E+00 0.00000E+00 -.13548E+01      6154522   8/0.25000E+00
 0.80000E+04 0.40000E+00 0.19763E+00 0.10278E-02 0.81440E-04 0.86718E-04 0.10012E-02 0.10268E-02 0.00000E+00 0.00000E+00 0.12625E-01      6154522   8/0.40000E+00
 0.80000E+04 0.65000E+00 0.12162E+00 0.91788E-04 0.43348E-04 0.50413E-04 0.73988E-04 0.81739E-04 0.00000E+00 0.00000E+00 0.23182E+00      6154522   8/0.65000E+00
 0.15000E+05 0.25000E+00 0.59289E+00 0.13893E-02 0.88506E-04 0.10237E-03 0.13286E-02 0.13607E-02 0.00000E+00 0.00000E+00 0.32270E+00      6154522   9/0.25000E+00
 0.15000E+05 0.40000E+00 0.37055E+00 0.39046E-03 0.34740E-04 0.35413E-04 0.43345E-03 0.44811E-03 0.00000E+00 0.00000E+00 -.16594E+01      6154522   9/0.40000E+00
 0.15000E+05 0.65000E+00 0.22803E+00 0.42399E-04 0.18352E-04 0.22762E-04 0.30914E-04 0.34797E-04 0.00000E+00 0.00000E+00 0.41425E+00      6154522   9/0.65000E+00
 0.30000E+05 0.40000E+00 0.74111E+00 0.15339E-03 0.21105E-04 0.24377E-04 0.14250E-03 0.15197E-03 0.00000E+00 0.00000E+00 0.67263E-01      6154522  10/0.40000E+00
 0.30000E+05 0.65000E+00 0.45607E+00 0.16313E-04 0.62007E-05 0.91931E-05 0.98125E-05 0.12016E-04 0.00000E+00 0.00000E+00 0.69300E+00      6154522  10/0.65000E+00
