          76
     8072500
 HERA1+2 NCep 920                                                                                                        
Plot1@Experiment:HERA1+2@ExtraLabel:e^{+}p #rightarrow e^{+}X (NC) @XTitle: x @YTitle: #sigma_{red}  @Title:Q^{2} = 0.15 @Xlog
Plot2@Experiment:HERA1+2@ExtraLabel:e^{+}p #rightarrow e^{+}X (NC) @XTitle: x @YTitle: #sigma_{red}  @Title:Q^{2} = 0.20 @Xlog
Plot3@Experiment:HERA1+2@ExtraLabel:e^{+}p #rightarrow e^{+}X (NC) @XTitle: x @YTitle: #sigma_{red}  @Title:Q^{2} = 0.25 @Xlog
Plot4@Experiment:HERA1+2@ExtraLabel:e^{+}p #rightarrow e^{+}X (NC) @XTitle: x @YTitle: #sigma_{red}  @Title:Q^{2} = 0.35 @Xlog
Plot5@Experiment:HERA1+2@ExtraLabel:e^{+}p #rightarrow e^{+}X (NC) @XTitle: x @YTitle: #sigma_{red}  @Title:Q^{2} = 0.40  @Xlog
Plot6@Experiment:HERA1+2@ExtraLabel:e^{+}p #rightarrow e^{+}X (NC) @XTitle: x @YTitle: #sigma_{red}  @Title:Q^{2} = 0.50  @Xlog
Plot7@Experiment:HERA1+2@ExtraLabel:e^{+}p #rightarrow e^{+}X (NC) @XTitle: x @YTitle: #sigma_{red}  @Title:Q^{2} = 0.65  @Xlog
Plot8@Experiment:HERA1+2@ExtraLabel:e^{+}p #rightarrow e^{+}X (NC) @XTitle: x @YTitle: #sigma_{red}  @Title:Q^{2} = 0.85 @Xlog
Plot9@Experiment:HERA1+2@ExtraLabel:e^{+}p #rightarrow e^{+}X (NC) @XTitle: x @YTitle: #sigma_{red}  @Title:Q^{2} = 1.2 @Xlog
Plot10@Experiment:HERA1+2@ExtraLabel:e^{+}p #rightarrow e^{+}X (NC) @XTitle: x @YTitle: #sigma_{red}  @Title:Q^{2} = 1.5 @Xlog
Plot11@Experiment:HERA1+2@ExtraLabel:e^{+}p #rightarrow e^{+}X (NC) @XTitle: x @YTitle: #sigma_{red}  @Title:Q^{2} = 2.0  @Xlog
Plot12@Experiment:HERA1+2@ExtraLabel:e^{+}p #rightarrow e^{+}X (NC) @XTitle: x @YTitle: #sigma_{red}  @Title:Q^{2} = 2.5 @Xlog
Plot13@Experiment:HERA1+2@ExtraLabel:e^{+}p #rightarrow e^{+}X (NC) @XTitle: x @YTitle: #sigma_{red}  @Title:Q^{2} = 3.5 @Xlog
Plot14@Experiment:HERA1+2@ExtraLabel:e^{+}p #rightarrow e^{+}X (NC) @XTitle: x @YTitle: #sigma_{red}  @Title:Q^{2} = 4.5 @Xlog
Plot15@Experiment:HERA1+2@ExtraLabel:e^{+}p #rightarrow e^{+}X (NC) @XTitle: x @YTitle: #sigma_{red}  @Title:Q^{2} = 6.5 @Xlog
Plot16@Experiment:HERA1+2@ExtraLabel:e^{+}p #rightarrow e^{+}X (NC) @XTitle: x @YTitle: #sigma_{red}  @Title:Q^{2} = 8.5 @Xlog
Plot17@Experiment:HERA1+2@ExtraLabel:e^{+}p #rightarrow e^{+}X (NC) @XTitle: x @YTitle: #sigma_{red}  @Title:Q^{2} = 10 @Xlog
Plot18@Experiment:HERA1+2@ExtraLabel:e^{+}p #rightarrow e^{+}X (NC) @XTitle: x @YTitle: #sigma_{red}  @Title:Q^{2} = 12  @Xlog
Plot19@Experiment:HERA1+2@ExtraLabel:e^{+}p #rightarrow e^{+}X (NC) @XTitle: x @YTitle: #sigma_{red}  @Title:Q^{2} = 15  @Xlog
Plot20@Experiment:HERA1+2@ExtraLabel:e^{+}p #rightarrow e^{+}X (NC) @XTitle: x @YTitle: #sigma_{red}  @Title:Q^{2} = 18  @Xlog
Plot21@Experiment:HERA1+2@ExtraLabel:e^{+}p #rightarrow e^{+}X (NC) @XTitle: x @YTitle: #sigma_{red}  @Title:Q^{2} = 22  @Xlog
Plot22@Experiment:HERA1+2@ExtraLabel:e^{+}p #rightarrow e^{+}X (NC) @XTitle: x @YTitle: #sigma_{red}  @Title:Q^{2} = 27  @Xlog
Plot23@Experiment:HERA1+2@ExtraLabel:e^{+}p #rightarrow e^{+}X (NC) @XTitle: x @YTitle: #sigma_{red}  @Title:Q^{2} = 35  @Xlog
Plot24@Experiment:HERA1+2@ExtraLabel:e^{+}p #rightarrow e^{+}X (NC) @XTitle: x @YTitle: #sigma_{red}  @Title:Q^{2} = 45  @Xlog
 Q2          x           y              data      +- uncor     +- tot     th orig         th mod   therr+         therr-     pull    iset       iplot
 0.27000E+01 0.30880E-04 0.86398E+00 0.84531E+00 0.27327E-01 0.47371E-01 0.84259E+00 0.79861E+00 0.00000E+00 0.00000E+00 0.17089E+01      8072500  12/0.30880E-04
 0.27000E+01 0.36600E-04 0.72896E+00 0.86644E+00 0.23731E-01 0.30282E-01 0.88146E+00 0.86097E+00 0.00000E+00 0.00000E+00 0.23037E+00      8072500  12/0.36600E-04
 0.27000E+01 0.40900E-04 0.65232E+00 0.93728E+00 0.78103E-01 0.84189E-01 0.89488E+00 0.90432E+00 0.00000E+00 0.00000E+00 0.42200E+00      8072500  12/0.40900E-04
 0.27000E+01 0.50000E-04 0.53360E+00 0.88325E+00 0.19720E-01 0.21932E-01 0.90140E+00 0.90433E+00 0.00000E+00 0.00000E+00 -.10690E+01      8072500  12/0.50000E-04
 0.27000E+01 0.80000E-04 0.33350E+00 0.88929E+00 0.11190E-01 0.14825E-01 0.86904E+00 0.88138E+00 0.00000E+00 0.00000E+00 0.70648E+00      8072500  12/0.80000E-04
 0.27000E+01 0.13000E-03 0.20523E+00 0.80497E+00 0.86311E-02 0.11745E-01 0.81123E+00 0.81983E+00 0.00000E+00 0.00000E+00 -.17218E+01      8072500  12/0.13000E-03
 0.27000E+01 0.20000E-03 0.13340E+00 0.78138E+00 0.13929E-01 0.16407E-01 0.75638E+00 0.76639E+00 0.00000E+00 0.00000E+00 0.10762E+01      8072500  12/0.20000E-03
 0.27000E+01 0.32000E-03 0.83374E-01 0.69971E+00 0.10684E-01 0.14516E-01 0.69777E+00 0.71023E+00 0.00000E+00 0.00000E+00 -.98439E+00      8072500  12/0.32000E-03
 0.27000E+01 0.50000E-03 0.53360E-01 0.64484E+00 0.97498E-02 0.12624E-01 0.64514E+00 0.65658E+00 0.00000E+00 0.00000E+00 -.12041E+01      8072500  12/0.50000E-03
 0.27000E+01 0.80000E-03 0.33350E-01 0.59438E+00 0.12121E-01 0.13571E-01 0.59361E+00 0.60230E+00 0.00000E+00 0.00000E+00 -.65362E+00      8072500  12/0.80000E-03
 0.27000E+01 0.13000E-02 0.20523E-01 0.56672E+00 0.10006E-01 0.11989E-01 0.54533E+00 0.55469E+00 0.00000E+00 0.00000E+00 0.12024E+01      8072500  12/0.13000E-02
 0.27000E+01 0.20000E-02 0.13340E-01 0.48120E+00 0.13888E-01 0.15026E-01 0.50695E+00 0.51822E+00 0.00000E+00 0.00000E+00 -.26657E+01      8072500  12/0.20000E-02
 0.27000E+01 0.50000E-02 0.53360E-02 0.45307E+00 0.89205E-02 0.12178E-01 0.44074E+00 0.44629E+00 0.00000E+00 0.00000E+00 0.75974E+00      8072500  12/0.50000E-02
 0.27000E+01 0.20000E-01 0.13340E-02 0.34490E+00 0.12164E-01 0.31715E-01 0.38294E+00 0.35061E+00 0.00000E+00 0.00000E+00 -.46951E+00      8072500  12/0.20000E-01
 0.35000E+01 0.40600E-04 0.85185E+00 0.80554E+00 0.59773E-01 0.61623E-01 0.93894E+00 0.92625E+00 0.00000E+00 0.00000E+00 -.20194E+01      8072500  13/0.40600E-04
 0.35000E+01 0.43230E-04 0.80002E+00 0.88079E+00 0.36841E-01 0.63948E-01 0.95193E+00 0.88399E+00 0.00000E+00 0.00000E+00 -.86966E-01      8072500  13/0.43230E-04
 0.35000E+01 0.46000E-04 0.75185E+00 0.96533E+00 0.41204E-01 0.42990E-01 0.96172E+00 0.94792E+00 0.00000E+00 0.00000E+00 0.42251E+00      8072500  13/0.46000E-04
 0.35000E+01 0.51240E-04 0.67496E+00 0.94011E+00 0.29340E-01 0.37938E-01 0.97231E+00 0.95005E+00 0.00000E+00 0.00000E+00 -.33874E+00      8072500  13/0.51240E-04
 0.35000E+01 0.53100E-04 0.65132E+00 0.88015E+00 0.35838E-01 0.37144E-01 0.97424E+00 0.96564E+00 0.00000E+00 0.00000E+00 -.23854E+01      8072500  13/0.53100E-04
 0.35000E+01 0.80000E-04 0.43231E+00 0.95226E+00 0.19000E-01 0.21373E-01 0.95886E+00 0.95991E+00 0.00000E+00 0.00000E+00 -.40278E+00      8072500  13/0.80000E-04
 0.35000E+01 0.13000E-03 0.26604E+00 0.91787E+00 0.99107E-02 0.13414E-01 0.89980E+00 0.91144E+00 0.00000E+00 0.00000E+00 0.64860E+00      8072500  13/0.13000E-03
 0.35000E+01 0.20000E-03 0.17292E+00 0.85416E+00 0.92049E-02 0.12506E-01 0.83907E+00 0.84957E+00 0.00000E+00 0.00000E+00 0.49917E+00      8072500  13/0.20000E-03
 0.35000E+01 0.32000E-03 0.10808E+00 0.79091E+00 0.89759E-02 0.12111E-01 0.77322E+00 0.78384E+00 0.00000E+00 0.00000E+00 0.78719E+00      8072500  13/0.32000E-03
 0.35000E+01 0.50000E-03 0.69170E-01 0.74923E+00 0.10433E-01 0.13136E-01 0.71389E+00 0.72724E+00 0.00000E+00 0.00000E+00 0.21081E+01      8072500  13/0.50000E-03
 0.35000E+01 0.80000E-03 0.43231E-01 0.65903E+00 0.88582E-02 0.11157E-01 0.65560E+00 0.66488E+00 0.00000E+00 0.00000E+00 -.66068E+00      8072500  13/0.80000E-03
 0.35000E+01 0.13000E-02 0.26604E-01 0.62339E+00 0.10156E-01 0.12237E-01 0.60058E+00 0.61176E+00 0.00000E+00 0.00000E+00 0.11448E+01      8072500  13/0.13000E-02
 0.35000E+01 0.20000E-02 0.17292E-01 0.56840E+00 0.57160E-02 0.79950E-02 0.55643E+00 0.56713E+00 0.00000E+00 0.00000E+00 0.22262E+00      8072500  13/0.20000E-02
 0.35000E+01 0.80000E-02 0.43231E-02 0.46195E+00 0.58655E-02 0.86079E-02 0.44657E+00 0.45316E+00 0.00000E+00 0.00000E+00 0.14992E+01      8072500  13/0.80000E-02
 0.45000E+01 0.52200E-04 0.85185E+00 0.91607E+00 0.69776E-01 0.72384E-01 0.10207E+01 0.10040E+01 0.00000E+00 0.00000E+00 -.12598E+01      8072500  14/0.52200E-04
 0.45000E+01 0.59200E-04 0.75112E+00 0.97144E+00 0.39238E-01 0.41358E-01 0.10396E+01 0.10248E+01 0.00000E+00 0.00000E+00 -.13598E+01      8072500  14/0.59200E-04
 0.45000E+01 0.61760E-04 0.71999E+00 0.97035E+00 0.39158E-01 0.67269E-01 0.10434E+01 0.98954E+00 0.00000E+00 0.00000E+00 -.48995E+00      8072500  14/0.61760E-04
 0.45000E+01 0.68300E-04 0.65105E+00 0.10796E+01 0.30019E-01 0.33251E-01 0.10479E+01 0.10394E+01 0.00000E+00 0.00000E+00 0.13377E+01      8072500  14/0.68300E-04
 0.45000E+01 0.73200E-04 0.60746E+00 0.10187E+01 0.27783E-01 0.32075E-01 0.10480E+01 0.10373E+01 0.00000E+00 0.00000E+00 -.67106E+00      8072500  14/0.73200E-04
 0.45000E+01 0.81800E-04 0.54360E+00 0.10795E+01 0.16865E+00 0.16933E+00 0.10437E+01 0.10351E+01 0.00000E+00 0.00000E+00 0.26354E+00      8072500  14/0.81800E-04
 0.45000E+01 0.13000E-03 0.34205E+00 0.10204E+01 0.15426E-01 0.18799E-01 0.99252E+00 0.99592E+00 0.00000E+00 0.00000E+00 0.15872E+01      8072500  14/0.13000E-03
 0.45000E+01 0.20000E-03 0.22233E+00 0.96119E+00 0.11236E-01 0.15214E-01 0.92691E+00 0.94186E+00 0.00000E+00 0.00000E+00 0.17205E+01      8072500  14/0.20000E-03
 0.45000E+01 0.32000E-03 0.13896E+00 0.89331E+00 0.11169E-01 0.13764E-01 0.85317E+00 0.86384E+00 0.00000E+00 0.00000E+00 0.26384E+01      8072500  14/0.32000E-03
 0.45000E+01 0.50000E-03 0.88933E-01 0.79708E+00 0.96731E-02 0.12844E-01 0.78605E+00 0.79764E+00 0.00000E+00 0.00000E+00 -.58185E-01      8072500  14/0.50000E-03
 0.45000E+01 0.80000E-03 0.55583E-01 0.72028E+00 0.11012E-01 0.13144E-01 0.72002E+00 0.73105E+00 0.00000E+00 0.00000E+00 -.97763E+00      8072500  14/0.80000E-03
 0.45000E+01 0.13000E-02 0.34205E-01 0.66549E+00 0.10384E-01 0.12812E-01 0.65737E+00 0.66991E+00 0.00000E+00 0.00000E+00 -.42528E+00      8072500  14/0.13000E-02
 0.45000E+01 0.20000E-02 0.22233E-01 0.61540E+00 0.97204E-02 0.11718E-01 0.60670E+00 0.61426E+00 0.00000E+00 0.00000E+00 0.11761E+00      8072500  14/0.20000E-02
 0.45000E+01 0.32000E-02 0.13896E-01 0.57189E+00 0.79889E-02 0.10259E-01 0.55701E+00 0.56702E+00 0.00000E+00 0.00000E+00 0.61018E+00      8072500  14/0.32000E-02
 0.45000E+01 0.13000E-01 0.34205E-02 0.43009E+00 0.85475E-02 0.13033E-01 0.44501E+00 0.44448E+00 0.00000E+00 0.00000E+00 -.16834E+01      8072500  14/0.13000E-01
 0.65000E+01 0.75400E-04 0.85185E+00 0.11174E+01 0.84012E-01 0.85472E-01 0.11513E+01 0.11329E+01 0.00000E+00 0.00000E+00 -.18416E+00      8072500  15/0.75400E-04
 0.65000E+01 0.80290E-04 0.79997E+00 0.10851E+01 0.44185E-01 0.62896E-01 0.11603E+01 0.11162E+01 0.00000E+00 0.00000E+00 -.70464E+00      8072500  15/0.80290E-04
 0.65000E+01 0.85500E-04 0.75122E+00 0.10970E+01 0.38142E-01 0.45701E-01 0.11661E+01 0.11457E+01 0.00000E+00 0.00000E+00 -.12772E+01      8072500  15/0.85500E-04
 0.65000E+01 0.95150E-04 0.67503E+00 0.10838E+01 0.37610E-01 0.46201E-01 0.11700E+01 0.11446E+01 0.00000E+00 0.00000E+00 -.16171E+01      8072500  15/0.95150E-04
 0.65000E+01 0.98600E-04 0.65141E+00 0.11774E+01 0.34391E-01 0.38284E-01 0.11697E+01 0.11609E+01 0.00000E+00 0.00000E+00 0.48059E+00      8072500  15/0.98600E-04
 0.65000E+01 0.13000E-03 0.49407E+00 0.11134E+01 0.19453E-01 0.22277E-01 0.11488E+01 0.11423E+01 0.00000E+00 0.00000E+00 -.14845E+01      8072500  15/0.13000E-03
 0.65000E+01 0.20000E-03 0.32115E+00 0.11119E+01 0.12515E-01 0.16415E-01 0.10810E+01 0.10877E+01 0.00000E+00 0.00000E+00 0.19343E+01      8072500  15/0.20000E-03
 0.65000E+01 0.32000E-03 0.20072E+00 0.10013E+01 0.10013E-01 0.13625E-01 0.99334E+00 0.10008E+01 0.00000E+00 0.00000E+00 0.49462E-01      8072500  15/0.32000E-03
 0.65000E+01 0.50000E-03 0.12846E+00 0.93276E+00 0.12842E-01 0.15680E-01 0.91089E+00 0.92226E+00 0.00000E+00 0.00000E+00 0.81767E+00      8072500  15/0.50000E-03
 0.65000E+01 0.80000E-03 0.80287E-01 0.84903E+00 0.98608E-02 0.13357E-01 0.82900E+00 0.84137E+00 0.00000E+00 0.00000E+00 0.77724E+00      8072500  15/0.80000E-03
 0.65000E+01 0.13000E-02 0.49407E-01 0.75842E+00 0.10211E-01 0.12358E-01 0.75120E+00 0.76343E+00 0.00000E+00 0.00000E+00 -.49041E+00      8072500  15/0.13000E-02
 0.65000E+01 0.20000E-02 0.32115E-01 0.69498E+00 0.80217E-02 0.10161E-01 0.68828E+00 0.69587E+00 0.00000E+00 0.00000E+00 -.11157E+00      8072500  15/0.20000E-02
 0.65000E+01 0.32000E-02 0.20072E-01 0.64107E+00 0.88433E-02 0.11042E-01 0.62615E+00 0.63485E+00 0.00000E+00 0.00000E+00 0.70343E+00      8072500  15/0.32000E-02
 0.65000E+01 0.50000E-02 0.12846E-01 0.57884E+00 0.73258E-02 0.97174E-02 0.57347E+00 0.58357E+00 0.00000E+00 0.00000E+00 -.64528E+00      8072500  15/0.50000E-02
 0.65000E+01 0.13000E-01 0.49407E-02 0.48263E+00 0.93807E-02 0.14032E-01 0.48245E+00 0.48303E+00 0.00000E+00 0.00000E+00 -.42667E-01      8072500  15/0.13000E-01
 0.65000E+01 0.20000E-01 0.32115E-02 0.49769E+00 0.10991E-01 0.14369E-01 0.45153E+00 0.46673E+00 0.00000E+00 0.00000E+00 0.28166E+01      8072500  15/0.20000E-01
 0.85000E+01 0.98600E-04 0.85185E+00 0.11609E+01 0.43900E-01 0.46707E-01 0.12541E+01 0.12376E+01 0.00000E+00 0.00000E+00 -.17470E+01      8072500  16/0.98600E-04
 0.85000E+01 0.10499E-03 0.80000E+00 0.11832E+01 0.55038E-01 0.71952E-01 0.12619E+01 0.12175E+01 0.00000E+00 0.00000E+00 -.62324E+00      8072500  16/0.10499E-03
 0.85000E+01 0.11180E-03 0.75127E+00 0.11798E+01 0.37125E-01 0.47557E-01 0.12665E+01 0.12499E+01 0.00000E+00 0.00000E+00 -.18873E+01      8072500  16/0.11180E-03
 0.85000E+01 0.12443E-03 0.67501E+00 0.12585E+01 0.31468E-01 0.37888E-01 0.12678E+01 0.12600E+01 0.00000E+00 0.00000E+00 -.46722E-01      8072500  16/0.12443E-03
 0.85000E+01 0.12900E-03 0.65110E+00 0.12318E+01 0.29335E-01 0.34759E-01 0.12667E+01 0.12605E+01 0.00000E+00 0.00000E+00 -.97962E+00      8072500  16/0.12900E-03
 0.85000E+01 0.13900E-03 0.60426E+00 0.12565E+01 0.72369E-01 0.76827E-01 0.12621E+01 0.12650E+01 0.00000E+00 0.00000E+00 -.11792E+00      8072500  16/0.13900E-03
 0.85000E+01 0.20000E-03 0.41996E+00 0.11948E+01 0.18920E-01 0.22217E-01 0.12107E+01 0.12071E+01 0.00000E+00 0.00000E+00 -.65229E+00      8072500  16/0.20000E-03
 0.85000E+01 0.32000E-03 0.26248E+00 0.11070E+01 0.11497E-01 0.15480E-01 0.11141E+01 0.11187E+01 0.00000E+00 0.00000E+00 -.10202E+01      8072500  16/0.32000E-03
 0.85000E+01 0.50000E-03 0.16798E+00 0.10137E+01 0.12508E-01 0.15571E-01 0.10180E+01 0.10243E+01 0.00000E+00 0.00000E+00 -.85073E+00      8072500  16/0.50000E-03
 0.85000E+01 0.80000E-03 0.10499E+00 0.93089E+00 0.11049E-01 0.13862E-01 0.92138E+00 0.93145E+00 0.00000E+00 0.00000E+00 -.50736E-01      8072500  16/0.80000E-03
 0.85000E+01 0.13000E-02 0.64609E-01 0.83932E+00 0.10342E-01 0.13010E-01 0.82931E+00 0.83911E+00 0.00000E+00 0.00000E+00 0.20177E-01      8072500  16/0.13000E-02
 0.85000E+01 0.20000E-02 0.41996E-01 0.76863E+00 0.12635E-01 0.14594E-01 0.75472E+00 0.76368E+00 0.00000E+00 0.00000E+00 0.39203E+00      8072500  16/0.20000E-02
 0.85000E+01 0.32000E-02 0.26248E-01 0.66098E+00 0.11101E-01 0.13065E-01 0.68133E+00 0.68811E+00 0.00000E+00 0.00000E+00 -.24439E+01      8072500  16/0.32000E-02
 0.85000E+01 0.50000E-02 0.16798E-01 0.63241E+00 0.92887E-02 0.11693E-01 0.61914E+00 0.62817E+00 0.00000E+00 0.00000E+00 0.45663E+00      8072500  16/0.50000E-02
 0.85000E+01 0.20000E-01 0.41996E-02 0.45624E+00 0.92322E-02 0.13502E-01 0.47349E+00 0.46648E+00 0.00000E+00 0.00000E+00 -.11088E+01      8072500  16/0.20000E-01
 0.10000E+02 0.32000E-03 0.30879E+00 0.11381E+01 0.25294E-01 0.28421E-01 0.11800E+01 0.11686E+01 0.00000E+00 0.00000E+00 -.12070E+01      8072500  17/0.32000E-03
 0.10000E+02 0.50000E-03 0.19763E+00 0.10581E+01 0.22640E-01 0.24758E-01 0.10780E+01 0.10709E+01 0.00000E+00 0.00000E+00 -.56446E+00      8072500  17/0.50000E-03
 0.10000E+02 0.80000E-03 0.12352E+00 0.97675E+00 0.22045E-01 0.23789E-01 0.97365E+00 0.97127E+00 0.00000E+00 0.00000E+00 0.24842E+00      8072500  17/0.80000E-03
 0.10000E+02 0.13000E-02 0.76011E-01 0.88846E+00 0.21728E-01 0.23643E-01 0.87403E+00 0.86918E+00 0.00000E+00 0.00000E+00 0.88728E+00      8072500  17/0.13000E-02
 0.10000E+02 0.20000E-02 0.49407E-01 0.80175E+00 0.21658E-01 0.23352E-01 0.79315E+00 0.79581E+00 0.00000E+00 0.00000E+00 0.27406E+00      8072500  17/0.20000E-02
 0.10000E+02 0.50000E-02 0.19763E-01 0.62751E+00 0.85152E-02 0.11049E-01 0.64567E+00 0.65228E+00 0.00000E+00 0.00000E+00 -.29089E+01      8072500  17/0.50000E-02
 0.10000E+02 0.20000E-01 0.49407E-02 0.51306E+00 0.84684E-02 0.11652E-01 0.48628E+00 0.49558E+00 0.00000E+00 0.00000E+00 0.20644E+01      8072500  17/0.20000E-01
 0.12000E+02 0.13920E-03 0.85185E+00 0.12808E+01 0.43742E-01 0.46993E-01 0.13361E+01 0.13217E+01 0.00000E+00 0.00000E+00 -.93520E+00      8072500  18/0.13920E-03
 0.12000E+02 0.16100E-03 0.73650E+00 0.13400E+01 0.22524E-01 0.32495E-01 0.13484E+01 0.13358E+01 0.00000E+00 0.00000E+00 0.18717E+00      8072500  18/0.16100E-03
 0.12000E+02 0.18210E-03 0.65116E+00 0.12951E+01 0.27653E-01 0.35765E-01 0.13461E+01 0.13435E+01 0.00000E+00 0.00000E+00 -.17501E+01      8072500  18/0.18210E-03
 0.12000E+02 0.20000E-03 0.59289E+00 0.12935E+01 0.13990E-01 0.28281E-01 0.13383E+01 0.13149E+01 0.00000E+00 0.00000E+00 -.15303E+01      8072500  18/0.20000E-03
 0.12000E+02 0.32000E-03 0.37055E+00 0.12227E+01 0.11663E-01 0.17262E-01 0.12529E+01 0.12483E+01 0.00000E+00 0.00000E+00 -.21927E+01      8072500  18/0.32000E-03
 0.12000E+02 0.50000E-03 0.23715E+00 0.11453E+01 0.96392E-02 0.14219E-01 0.11465E+01 0.11446E+01 0.00000E+00 0.00000E+00 0.73586E-01      8072500  18/0.50000E-03
 0.12000E+02 0.80000E-03 0.14822E+00 0.10454E+01 0.90783E-02 0.13079E-01 0.10341E+01 0.10351E+01 0.00000E+00 0.00000E+00 0.11371E+01      8072500  18/0.80000E-03
 0.12000E+02 0.13000E-02 0.91213E-01 0.93471E+00 0.12342E-01 0.14886E-01 0.92557E+00 0.92956E+00 0.00000E+00 0.00000E+00 0.41734E+00      8072500  18/0.13000E-02
 0.12000E+02 0.20000E-02 0.59289E-01 0.85138E+00 0.11865E-01 0.13868E-01 0.83747E+00 0.84492E+00 0.00000E+00 0.00000E+00 0.54421E+00      8072500  18/0.20000E-02
 0.12000E+02 0.32000E-02 0.37055E-01 0.75383E+00 0.13292E-01 0.15220E-01 0.75045E+00 0.75837E+00 0.00000E+00 0.00000E+00 -.34128E+00      8072500  18/0.32000E-02
 0.12000E+02 0.50000E-02 0.23715E-01 0.67921E+00 0.10342E-01 0.12415E-01 0.67638E+00 0.68387E+00 0.00000E+00 0.00000E+00 -.45060E+00      8072500  18/0.50000E-02
 0.12000E+02 0.20000E-01 0.59289E-02 0.49046E+00 0.10070E-01 0.13759E-01 0.50094E+00 0.49692E+00 0.00000E+00 0.00000E+00 -.64106E+00      8072500  18/0.20000E-01
 0.15000E+02 0.17410E-03 0.85136E+00 0.13403E+01 0.53013E-01 0.56049E-01 0.13731E+01 0.13559E+01 0.00000E+00 0.00000E+00 -.29447E+00      8072500  19/0.17410E-03
 0.15000E+02 0.20000E-03 0.74111E+00 0.13862E+01 0.38812E-01 0.41927E-01 0.13852E+01 0.13688E+01 0.00000E+00 0.00000E+00 0.44761E+00      8072500  19/0.20000E-03
 0.15000E+02 0.22760E-03 0.65124E+00 0.13300E+01 0.39211E-01 0.42004E-01 0.13824E+01 0.13685E+01 0.00000E+00 0.00000E+00 -.98102E+00      8072500  19/0.22760E-03
 0.15000E+02 0.32000E-03 0.46319E+00 0.13127E+01 0.14430E-01 0.24341E-01 0.13325E+01 0.13144E+01 0.00000E+00 0.00000E+00 -.11480E+00      8072500  19/0.32000E-03
 0.15000E+02 0.50000E-03 0.29644E+00 0.12068E+01 0.96641E-02 0.14930E-01 0.12267E+01 0.12236E+01 0.00000E+00 0.00000E+00 -.17367E+01      8072500  19/0.50000E-03
 0.15000E+02 0.80000E-03 0.18528E+00 0.11049E+01 0.87088E-02 0.13169E-01 0.11064E+01 0.11042E+01 0.00000E+00 0.00000E+00 0.84992E-01      8072500  19/0.80000E-03
 0.15000E+02 0.13000E-02 0.11402E+00 0.97884E+00 0.81444E-02 0.12194E-01 0.98793E+00 0.98472E+00 0.00000E+00 0.00000E+00 -.72240E+00      8072500  19/0.13000E-02
 0.15000E+02 0.20000E-02 0.74111E-01 0.86832E+00 0.73779E-02 0.11523E-01 0.89091E+00 0.89033E+00 0.00000E+00 0.00000E+00 -.29832E+01      8072500  19/0.20000E-02
 0.15000E+02 0.32000E-02 0.46319E-01 0.78328E+00 0.74900E-02 0.10529E-01 0.79485E+00 0.79403E+00 0.00000E+00 0.00000E+00 -.14358E+01      8072500  19/0.32000E-02
 0.15000E+02 0.50000E-02 0.29644E-01 0.71299E+00 0.61154E-02 0.89716E-02 0.71324E+00 0.71440E+00 0.00000E+00 0.00000E+00 -.23012E+00      8072500  19/0.50000E-02
 0.15000E+02 0.80000E-02 0.18528E-01 0.63212E+00 0.55913E-02 0.79770E-02 0.63715E+00 0.63834E+00 0.00000E+00 0.00000E+00 -.11128E+01      8072500  19/0.80000E-02
 0.15000E+02 0.20000E-01 0.74111E-02 0.52935E+00 0.61272E-02 0.94764E-02 0.51828E+00 0.52930E+00 0.00000E+00 0.00000E+00 0.73828E-02      8072500  19/0.20000E-01
 0.18000E+02 0.20900E-03 0.85103E+00 0.13704E+01 0.55209E-01 0.57958E-01 0.13970E+01 0.13817E+01 0.00000E+00 0.00000E+00 -.20446E+00      8072500  20/0.20900E-03
 0.18000E+02 0.23700E-03 0.75049E+00 0.13788E+01 0.29595E-01 0.35736E-01 0.14086E+01 0.13933E+01 0.00000E+00 0.00000E+00 -.49038E+00      8072500  20/0.23700E-03
 0.18000E+02 0.26800E-03 0.66368E+00 0.13718E+01 0.18438E-01 0.27789E-01 0.14071E+01 0.14028E+01 0.00000E+00 0.00000E+00 -.16803E+01      8072500  20/0.26800E-03
 0.18000E+02 0.32800E-03 0.54227E+00 0.13825E+01 0.17784E-01 0.29130E-01 0.13834E+01 0.13887E+01 0.00000E+00 0.00000E+00 -.34589E+00      8072500  20/0.32800E-03
 0.18000E+02 0.50000E-03 0.35573E+00 0.12806E+01 0.10928E-01 0.18437E-01 0.12901E+01 0.12872E+01 0.00000E+00 0.00000E+00 -.60256E+00      8072500  20/0.50000E-03
 0.18000E+02 0.80000E-03 0.22233E+00 0.11553E+01 0.84630E-02 0.13572E-01 0.11652E+01 0.11620E+01 0.00000E+00 0.00000E+00 -.79497E+00      8072500  20/0.80000E-03
 0.18000E+02 0.13000E-02 0.13682E+00 0.10378E+01 0.79097E-02 0.12327E-01 0.10389E+01 0.10362E+01 0.00000E+00 0.00000E+00 0.19620E+00      8072500  20/0.13000E-02
 0.18000E+02 0.20000E-02 0.88933E-01 0.93994E+00 0.75318E-02 0.11449E-01 0.93487E+00 0.93318E+00 0.00000E+00 0.00000E+00 0.89705E+00      8072500  20/0.20000E-02
 0.18000E+02 0.32000E-02 0.55583E-01 0.82948E+00 0.69339E-02 0.10324E-01 0.83143E+00 0.83192E+00 0.00000E+00 0.00000E+00 -.35249E+00      8072500  20/0.32000E-02
 0.18000E+02 0.50000E-02 0.35573E-01 0.74380E+00 0.60852E-02 0.89575E-02 0.74317E+00 0.74343E+00 0.00000E+00 0.00000E+00 0.61483E-01      8072500  20/0.50000E-02
 0.18000E+02 0.80000E-02 0.22233E-01 0.66400E+00 0.53338E-02 0.84352E-02 0.66106E+00 0.66209E+00 0.00000E+00 0.00000E+00 0.35806E+00      8072500  20/0.80000E-02
 0.18000E+02 0.20000E-01 0.88933E-02 0.53574E+00 0.98719E-02 0.13519E-01 0.53218E+00 0.54372E+00 0.00000E+00 0.00000E+00 -.80862E+00      8072500  20/0.20000E-01
 0.22000E+02 0.29000E-03 0.74963E+00 0.14338E+01 0.37726E-01 0.44225E-01 0.14318E+01 0.14205E+01 0.00000E+00 0.00000E+00 0.35371E+00      8072500  21/0.29000E-03
 0.22000E+02 0.32000E-03 0.67935E+00 0.14306E+01 0.43998E-01 0.48074E-01 0.14308E+01 0.14247E+01 0.00000E+00 0.00000E+00 0.13521E+00      8072500  21/0.32000E-03
 0.22000E+02 0.34500E-03 0.63012E+00 0.14102E+01 0.26159E-01 0.32039E-01 0.14252E+01 0.14270E+01 0.00000E+00 0.00000E+00 -.64077E+00      8072500  21/0.34500E-03
 0.22000E+02 0.38800E-03 0.56029E+00 0.13925E+01 0.18845E-01 0.27496E-01 0.14096E+01 0.14175E+01 0.00000E+00 0.00000E+00 -.13277E+01      8072500  21/0.38800E-03
 0.22000E+02 0.50000E-03 0.43478E+00 0.13823E+01 0.17672E-01 0.26795E-01 0.13571E+01 0.13606E+01 0.00000E+00 0.00000E+00 0.12279E+01      8072500  21/0.50000E-03
 0.22000E+02 0.59200E-03 0.36721E+00 0.13265E+01 0.15873E-01 0.25419E-01 0.13141E+01 0.13188E+01 0.00000E+00 0.00000E+00 0.48322E+00      8072500  21/0.59200E-03
 0.22000E+02 0.80000E-03 0.27174E+00 0.12290E+01 0.12274E-01 0.20136E-01 0.12312E+01 0.12312E+01 0.00000E+00 0.00000E+00 -.17851E+00      8072500  21/0.80000E-03
 0.22000E+02 0.13000E-02 0.16722E+00 0.10574E+01 0.28197E-01 0.30380E-01 0.10966E+01 0.10831E+01 0.00000E+00 0.00000E+00 -.91149E+00      8072500  21/0.13000E-02
 0.22000E+02 0.20000E-02 0.10870E+00 0.99039E+00 0.16705E-01 0.21166E-01 0.98413E+00 0.97636E+00 0.00000E+00 0.00000E+00 0.84004E+00      8072500  21/0.20000E-02
 0.22000E+02 0.32000E-02 0.67935E-01 0.90023E+00 0.25349E-01 0.26555E-01 0.87231E+00 0.87576E+00 0.00000E+00 0.00000E+00 0.96545E+00      8072500  21/0.32000E-02
 0.22000E+02 0.50000E-02 0.43478E-01 0.76900E+00 0.19491E-01 0.21034E-01 0.77670E+00 0.78163E+00 0.00000E+00 0.00000E+00 -.64803E+00      8072500  21/0.50000E-02
 0.22000E+02 0.80000E-02 0.27174E-01 0.65607E+00 0.17075E-01 0.18783E-01 0.68742E+00 0.69483E+00 0.00000E+00 0.00000E+00 -.22701E+01      8072500  21/0.80000E-02
 0.22000E+02 0.13000E-01 0.16722E-01 0.58566E+00 0.15632E-01 0.17156E-01 0.60754E+00 0.61381E+00 0.00000E+00 0.00000E+00 -.18007E+01      8072500  21/0.13000E-01
 0.22000E+02 0.32000E-01 0.67935E-02 0.51943E+00 0.12573E-01 0.15794E-01 0.49269E+00 0.50235E+00 0.00000E+00 0.00000E+00 0.13588E+01      8072500  21/0.32000E-01
 0.27000E+02 0.31400E-03 0.84968E+00 0.14802E+01 0.67790E-01 0.70218E-01 0.14384E+01 0.14228E+01 0.00000E+00 0.00000E+00 0.84625E+00      8072500  22/0.31400E-03
 0.27000E+02 0.35500E-03 0.75154E+00 0.14408E+01 0.40106E-01 0.43426E-01 0.14492E+01 0.14346E+01 0.00000E+00 0.00000E+00 0.15384E+00      8072500  22/0.35500E-03
 0.27000E+02 0.41000E-03 0.65073E+00 0.14618E+01 0.33338E-01 0.37741E-01 0.14445E+01 0.14315E+01 0.00000E+00 0.00000E+00 0.90983E+00      8072500  22/0.41000E-03
 0.27000E+02 0.50000E-03 0.53360E+00 0.14108E+01 0.14347E-01 0.22133E-01 0.14155E+01 0.14007E+01 0.00000E+00 0.00000E+00 0.70193E+00      8072500  22/0.50000E-03
 0.27000E+02 0.80000E-03 0.33350E+00 0.12885E+01 0.10293E-01 0.15719E-01 0.12966E+01 0.12945E+01 0.00000E+00 0.00000E+00 -.58085E+00      8072500  22/0.80000E-03
 0.27000E+02 0.13000E-02 0.20523E+00 0.11536E+01 0.92655E-02 0.14039E-01 0.11556E+01 0.11533E+01 0.00000E+00 0.00000E+00 0.28432E-01      8072500  22/0.13000E-02
 0.27000E+02 0.20000E-02 0.13340E+00 0.10437E+01 0.86260E-02 0.12726E-01 0.10351E+01 0.10336E+01 0.00000E+00 0.00000E+00 0.11688E+01      8072500  22/0.20000E-02
 0.27000E+02 0.32000E-02 0.83374E-01 0.91323E+00 0.77110E-02 0.11391E-01 0.91413E+00 0.91567E+00 0.00000E+00 0.00000E+00 -.31597E+00      8072500  22/0.32000E-02
 0.27000E+02 0.50000E-02 0.53360E-01 0.79956E+00 0.67834E-02 0.10060E-01 0.81064E+00 0.81136E+00 0.00000E+00 0.00000E+00 -.17402E+01      8072500  22/0.50000E-02
 0.27000E+02 0.80000E-02 0.33350E-01 0.70730E+00 0.62154E-02 0.88412E-02 0.71423E+00 0.71385E+00 0.00000E+00 0.00000E+00 -.10543E+01      8072500  22/0.80000E-02
 0.27000E+02 0.13000E-01 0.20523E-01 0.63457E+00 0.54687E-02 0.83836E-02 0.62768E+00 0.62995E+00 0.00000E+00 0.00000E+00 0.84429E+00      8072500  22/0.13000E-01
 0.27000E+02 0.20000E-01 0.13340E-01 0.57643E+00 0.65820E-02 0.10149E-01 0.56231E+00 0.56383E+00 0.00000E+00 0.00000E+00 0.19148E+01      8072500  22/0.20000E-01
 0.27000E+02 0.32000E-01 0.83374E-02 0.52693E+00 0.99415E-02 0.13438E-01 0.50302E+00 0.51575E+00 0.00000E+00 0.00000E+00 0.11245E+01      8072500  22/0.32000E-01
 0.35000E+02 0.46030E-03 0.75136E+00 0.14273E+01 0.31834E-01 0.36389E-01 0.14626E+01 0.14483E+01 0.00000E+00 0.00000E+00 -.65867E+00      8072500  23/0.46030E-03
 0.35000E+02 0.50000E-03 0.69170E+00 0.14719E+01 0.34728E-01 0.38662E-01 0.14610E+01 0.14597E+01 0.00000E+00 0.00000E+00 0.35131E+00      8072500  23/0.50000E-03
 0.35000E+02 0.53110E-03 0.65120E+00 0.14398E+01 0.21151E-01 0.26501E-01 0.14562E+01 0.14533E+01 0.00000E+00 0.00000E+00 -.63906E+00      8072500  23/0.53110E-03
 0.35000E+02 0.61600E-03 0.56144E+00 0.14580E+01 0.23078E-01 0.29329E-01 0.14344E+01 0.14415E+01 0.00000E+00 0.00000E+00 0.71610E+00      8072500  23/0.61600E-03
 0.35000E+02 0.65700E-03 0.52641E+00 0.14332E+01 0.18792E-01 0.26541E-01 0.14214E+01 0.14303E+01 0.00000E+00 0.00000E+00 0.15237E+00      8072500  23/0.65700E-03
 0.35000E+02 0.80000E-03 0.43231E+00 0.13864E+01 0.10646E-01 0.18071E-01 0.13730E+01 0.13705E+01 0.00000E+00 0.00000E+00 0.14899E+01      8072500  23/0.80000E-03
 0.35000E+02 0.10000E-02 0.34585E+00 0.13115E+01 0.13438E-01 0.21757E-01 0.13091E+01 0.13118E+01 0.00000E+00 0.00000E+00 -.21858E-01      8072500  23/0.10000E-02
 0.35000E+02 0.13000E-02 0.26604E+00 0.12224E+01 0.78102E-02 0.13980E-01 0.12293E+01 0.12274E+01 0.00000E+00 0.00000E+00 -.64408E+00      8072500  23/0.13000E-02
 0.35000E+02 0.20000E-02 0.17292E+00 0.10990E+01 0.82921E-02 0.12932E-01 0.10992E+01 0.10976E+01 0.00000E+00 0.00000E+00 0.16562E+00      8072500  23/0.20000E-02
 0.35000E+02 0.32000E-02 0.10808E+00 0.96333E+00 0.71614E-02 0.11427E-01 0.96721E+00 0.96402E+00 0.00000E+00 0.00000E+00 -.96508E-01      8072500  23/0.32000E-02
 0.35000E+02 0.50000E-02 0.69170E-01 0.85070E+00 0.68629E-02 0.10254E-01 0.85378E+00 0.85438E+00 0.00000E+00 0.00000E+00 -.53648E+00      8072500  23/0.50000E-02
 0.35000E+02 0.80000E-02 0.43231E-01 0.74595E+00 0.62264E-02 0.92532E-02 0.74768E+00 0.74877E+00 0.00000E+00 0.00000E+00 -.45225E+00      8072500  23/0.80000E-02
 0.35000E+02 0.13000E-01 0.26604E-01 0.66090E+00 0.59709E-02 0.84116E-02 0.65264E+00 0.65391E+00 0.00000E+00 0.00000E+00 0.11707E+01      8072500  23/0.13000E-01
 0.35000E+02 0.20000E-01 0.17292E-01 0.59057E+00 0.53282E-02 0.86579E-02 0.58086E+00 0.58296E+00 0.00000E+00 0.00000E+00 0.14286E+01      8072500  23/0.20000E-01
 0.35000E+02 0.32000E-01 0.10808E-01 0.51678E+00 0.63659E-02 0.99770E-02 0.51554E+00 0.52433E+00 0.00000E+00 0.00000E+00 -.11863E+01      8072500  23/0.32000E-01
 0.35000E+02 0.80000E-01 0.43231E-02 0.44824E+00 0.17778E-01 0.23200E-01 0.42070E+00 0.44379E+00 0.00000E+00 0.00000E+00 0.25048E+00      8072500  23/0.80000E-01
 0.45000E+02 0.59000E-03 0.75367E+00 0.14678E+01 0.49033E-01 0.53265E-01 0.14656E+01 0.14625E+01 0.00000E+00 0.00000E+00 0.10827E+00      8072500  24/0.59000E-03
 0.45000E+02 0.63410E-03 0.70125E+00 0.14511E+01 0.27689E-01 0.32104E-01 0.14636E+01 0.14560E+01 0.00000E+00 0.00000E+00 -.17834E+00      8072500  24/0.63410E-03
 0.45000E+02 0.70000E-03 0.63523E+00 0.14853E+01 0.37036E-01 0.41217E-01 0.14540E+01 0.14611E+01 0.00000E+00 0.00000E+00 0.65399E+00      8072500  24/0.70000E-03
 0.45000E+02 0.80000E-03 0.55583E+00 0.14601E+01 0.15767E-01 0.21514E-01 0.14309E+01 0.14290E+01 0.00000E+00 0.00000E+00 0.19719E+01      8072500  24/0.80000E-03
 0.45000E+02 0.92000E-03 0.48333E+00 0.13877E+01 0.21752E-01 0.27818E-01 0.13981E+01 0.14102E+01 0.00000E+00 0.00000E+00 -.10364E+01      8072500  24/0.92000E-03
 0.45000E+02 0.11000E-02 0.40424E+00 0.13707E+01 0.19678E-01 0.25378E-01 0.13481E+01 0.13557E+01 0.00000E+00 0.00000E+00 0.76105E+00      8072500  24/0.11000E-02
 0.45000E+02 0.13000E-02 0.34205E+00 0.12940E+01 0.91948E-02 0.15710E-01 0.12972E+01 0.12983E+01 0.00000E+00 0.00000E+00 -.46690E+00      8072500  24/0.13000E-02
 0.45000E+02 0.20000E-02 0.22233E+00 0.11521E+01 0.79461E-02 0.13142E-01 0.11607E+01 0.11590E+01 0.00000E+00 0.00000E+00 -.86867E+00      8072500  24/0.20000E-02
 0.45000E+02 0.32000E-02 0.13896E+00 0.10050E+01 0.71833E-02 0.11817E-01 0.10182E+01 0.10144E+01 0.00000E+00 0.00000E+00 -.13077E+01      8072500  24/0.32000E-02
 0.45000E+02 0.50000E-02 0.88933E-01 0.89644E+00 0.74709E-02 0.10698E-01 0.89488E+00 0.89722E+00 0.00000E+00 0.00000E+00 -.10492E+00      8072500  24/0.50000E-02
 0.45000E+02 0.80000E-02 0.55583E-01 0.78040E+00 0.66498E-02 0.92873E-02 0.77962E+00 0.78139E+00 0.00000E+00 0.00000E+00 -.14918E+00      8072500  24/0.80000E-02
 0.45000E+02 0.13000E-01 0.34205E-01 0.67916E+00 0.63177E-02 0.87862E-02 0.67632E+00 0.67917E+00 0.00000E+00 0.00000E+00 -.16255E-02      8072500  24/0.13000E-01
 0.45000E+02 0.20000E-01 0.22233E-01 0.60058E+00 0.54803E-02 0.80253E-02 0.59815E+00 0.59984E+00 0.00000E+00 0.00000E+00 0.13491E+00      8072500  24/0.20000E-01
 0.45000E+02 0.32000E-01 0.13896E-01 0.53286E+00 0.73841E-02 0.95520E-02 0.52713E+00 0.52973E+00 0.00000E+00 0.00000E+00 0.42376E+00      8072500  24/0.32000E-01
 0.45000E+02 0.50000E-01 0.88933E-02 0.48495E+00 0.98831E-02 0.12701E-01 0.47225E+00 0.48264E+00 0.00000E+00 0.00000E+00 0.23366E+00      8072500  24/0.50000E-01
 0.60000E+02 0.80000E-03 0.74111E+00 0.14700E+01 0.27199E-01 0.30380E-01 0.14575E+01 0.14600E+01 0.00000E+00 0.00000E+00 0.36862E+00      8072500 999/0.80000E-03
 0.60000E+02 0.86000E-03 0.68940E+00 0.15457E+01 0.43671E-01 0.47861E-01 0.14529E+01 0.14608E+01 0.00000E+00 0.00000E+00 0.19443E+01      8072500 999/0.86000E-03
 0.60000E+02 0.94000E-03 0.63073E+00 0.15253E+01 0.42973E-01 0.47577E-01 0.14416E+01 0.14541E+01 0.00000E+00 0.00000E+00 0.16579E+01      8072500 999/0.94000E-03
 0.60000E+02 0.11000E-02 0.53899E+00 0.14591E+01 0.27631E-01 0.34967E-01 0.14099E+01 0.14269E+01 0.00000E+00 0.00000E+00 0.11664E+01      8072500 999/0.11000E-02
 0.60000E+02 0.13000E-02 0.45607E+00 0.13909E+01 0.13650E-01 0.19034E-01 0.13654E+01 0.13669E+01 0.00000E+00 0.00000E+00 0.17605E+01      8072500 999/0.13000E-02
 0.60000E+02 0.15000E-02 0.39526E+00 0.13166E+01 0.22150E-01 0.26797E-01 0.13219E+01 0.13274E+01 0.00000E+00 0.00000E+00 -.48933E+00      8072500 999/0.15000E-02
 0.60000E+02 0.20000E-02 0.29644E+00 0.12342E+01 0.81464E-02 0.13935E-01 0.12285E+01 0.12299E+01 0.00000E+00 0.00000E+00 0.52779E+00      8072500 999/0.20000E-02
 0.60000E+02 0.32000E-02 0.18528E+00 0.10771E+01 0.76907E-02 0.12054E-01 0.10758E+01 0.10742E+01 0.00000E+00 0.00000E+00 0.37395E+00      8072500 999/0.32000E-02
 0.60000E+02 0.50000E-02 0.11858E+00 0.93215E+00 0.70650E-02 0.10806E-01 0.94160E+00 0.93980E+00 0.00000E+00 0.00000E+00 -.10822E+01      8072500 999/0.50000E-02
 0.60000E+02 0.80000E-02 0.74111E-01 0.81850E+00 0.75447E-02 0.10677E-01 0.81557E+00 0.81975E+00 0.00000E+00 0.00000E+00 -.16611E+00      8072500 999/0.80000E-02
 0.60000E+02 0.13000E-01 0.45607E-01 0.70548E+00 0.70558E-02 0.95323E-02 0.70255E+00 0.70432E+00 0.00000E+00 0.00000E+00 0.16499E+00      8072500 999/0.13000E-01
 0.60000E+02 0.20000E-01 0.29644E-01 0.63101E+00 0.66579E-02 0.90430E-02 0.61726E+00 0.62042E+00 0.00000E+00 0.00000E+00 0.15899E+01      8072500 999/0.20000E-01
 0.60000E+02 0.32000E-01 0.18528E-01 0.55175E+00 0.62800E-02 0.84676E-02 0.53974E+00 0.54123E+00 0.00000E+00 0.00000E+00 0.16754E+01      8072500 999/0.32000E-01
 0.60000E+02 0.50000E-01 0.11858E-01 0.50917E+00 0.88824E-02 0.11387E-01 0.47980E+00 0.48888E+00 0.00000E+00 0.00000E+00 0.22844E+01      8072500 999/0.50000E-01
 0.60000E+02 0.13000E+00 0.45607E-02 0.39468E+00 0.19232E-01 0.22624E-01 0.37681E+00 0.39517E+00 0.00000E+00 0.00000E+00 -.25490E-01      8072500 999/0.13000E+00
 0.70000E+02 0.92200E-03 0.75022E+00 0.13851E+01 0.86193E-01 0.88454E-01 0.14488E+01 0.14376E+01 0.00000E+00 0.00000E+00 -.60888E+00      8072500 999/0.92200E-03
 0.70000E+02 0.10000E-02 0.69170E+00 0.14335E+01 0.48131E-01 0.51574E-01 0.14431E+01 0.14453E+01 0.00000E+00 0.00000E+00 -.24601E+00      8072500 999/0.10000E-02
 0.70000E+02 0.11000E-02 0.62882E+00 0.15062E+01 0.42495E-01 0.47249E-01 0.14298E+01 0.14436E+01 0.00000E+00 0.00000E+00 0.14724E+01      8072500 999/0.11000E-02
 0.70000E+02 0.12400E-02 0.55782E+00 0.14447E+01 0.33673E-01 0.38468E-01 0.14053E+01 0.14141E+01 0.00000E+00 0.00000E+00 0.90851E+00      8072500 999/0.12400E-02
 0.70000E+02 0.13000E-02 0.53208E+00 0.14142E+01 0.26448E-01 0.33457E-01 0.13938E+01 0.14074E+01 0.00000E+00 0.00000E+00 0.25899E+00      8072500 999/0.13000E-02
 0.70000E+02 0.20000E-02 0.34585E+00 0.12456E+01 0.22160E-01 0.27225E-01 0.12625E+01 0.12694E+01 0.00000E+00 0.00000E+00 -.10741E+01      8072500 999/0.20000E-02
 0.70000E+02 0.25000E-02 0.27668E+00 0.11900E+01 0.16234E-01 0.21672E-01 0.11879E+01 0.11923E+01 0.00000E+00 0.00000E+00 -.14121E+00      8072500 999/0.25000E-02
 0.70000E+02 0.32000E-02 0.21616E+00 0.10842E+01 0.12990E-01 0.16581E-01 0.11061E+01 0.11034E+01 0.00000E+00 0.00000E+00 -.14788E+01      8072500 999/0.32000E-02
 0.70000E+02 0.50000E-02 0.13834E+00 0.95805E+00 0.10635E-01 0.14486E-01 0.96619E+00 0.95914E+00 0.00000E+00 0.00000E+00 -.10282E+00      8072500 999/0.50000E-02
 0.70000E+02 0.80000E-02 0.86462E-01 0.81942E+00 0.13812E-01 0.15381E-01 0.83443E+00 0.83564E+00 0.00000E+00 0.00000E+00 -.11741E+01      8072500 999/0.80000E-02
 0.70000E+02 0.13000E-01 0.53208E-01 0.71615E+00 0.14015E-01 0.16283E-01 0.71637E+00 0.72315E+00 0.00000E+00 0.00000E+00 -.49914E+00      8072500 999/0.13000E-01
 0.70000E+02 0.20000E-01 0.34585E-01 0.63677E+00 0.12051E-01 0.13658E-01 0.62718E+00 0.63256E+00 0.00000E+00 0.00000E+00 0.34934E+00      8072500 999/0.20000E-01
 0.70000E+02 0.32000E-01 0.21616E-01 0.56107E+00 0.12872E-01 0.13829E-01 0.54617E+00 0.54757E+00 0.00000E+00 0.00000E+00 0.10486E+01      8072500 999/0.32000E-01
 0.70000E+02 0.50000E-01 0.13834E-01 0.51168E+00 0.94467E-02 0.11591E-01 0.48365E+00 0.49468E+00 0.00000E+00 0.00000E+00 0.17992E+01      8072500 999/0.50000E-01
 0.90000E+02 0.13000E-02 0.68410E+00 0.14785E+01 0.24004E-01 0.27687E-01 0.14160E+01 0.14243E+01 0.00000E+00 0.00000E+00 0.22573E+01      8072500 999/0.13000E-02
 0.90000E+02 0.15000E-02 0.59289E+00 0.14175E+01 0.21524E-01 0.36329E-01 0.13901E+01 0.14029E+01 0.00000E+00 0.00000E+00 0.67602E+00      8072500 999/0.15000E-02
 0.90000E+02 0.20000E-02 0.44466E+00 0.13275E+01 0.16418E-01 0.20857E-01 0.13106E+01 0.13113E+01 0.00000E+00 0.00000E+00 0.98526E+00      8072500 999/0.20000E-02
 0.90000E+02 0.32000E-02 0.27791E+00 0.11653E+01 0.10599E-01 0.14976E-01 0.11529E+01 0.11542E+01 0.00000E+00 0.00000E+00 0.10499E+01      8072500 999/0.32000E-02
 0.90000E+02 0.50000E-02 0.17787E+00 0.10233E+01 0.93669E-02 0.13033E-01 0.10052E+01 0.10046E+01 0.00000E+00 0.00000E+00 0.19911E+01      8072500 999/0.50000E-02
 0.90000E+02 0.80000E-02 0.11117E+00 0.88253E+00 0.91218E-02 0.12083E-01 0.86454E+00 0.86546E+00 0.00000E+00 0.00000E+00 0.18713E+01      8072500 999/0.80000E-02
 0.90000E+02 0.13000E-01 0.68410E-01 0.75350E+00 0.85581E-02 0.11051E-01 0.73812E+00 0.74127E+00 0.00000E+00 0.00000E+00 0.14289E+01      8072500 999/0.13000E-01
 0.90000E+02 0.20000E-01 0.44466E-01 0.64913E+00 0.73454E-02 0.95196E-02 0.64280E+00 0.64384E+00 0.00000E+00 0.00000E+00 0.72010E+00      8072500 999/0.20000E-01
 0.90000E+02 0.32000E-01 0.27791E-01 0.55688E+00 0.69175E-02 0.86173E-02 0.55629E+00 0.55707E+00 0.00000E+00 0.00000E+00 -.26820E-01      8072500 999/0.32000E-01
 0.90000E+02 0.50000E-01 0.17787E-01 0.48827E+00 0.71252E-02 0.89000E-02 0.48953E+00 0.49394E+00 0.00000E+00 0.00000E+00 -.79559E+00      8072500 999/0.50000E-01
 0.90000E+02 0.80000E-01 0.11117E-01 0.43610E+00 0.67362E-02 0.84500E-02 0.43140E+00 0.43726E+00 0.00000E+00 0.00000E+00 -.17227E+00      8072500 999/0.80000E-01
 0.90000E+02 0.18000E+00 0.49407E-02 0.34268E+00 0.14776E-01 0.17584E-01 0.33411E+00 0.33605E+00 0.00000E+00 0.00000E+00 0.44839E+00      8072500 999/0.18000E+00
 0.12000E+03 0.16000E-02 0.74111E+00 0.14098E+01 0.22664E-01 0.26055E-01 0.13847E+01 0.13927E+01 0.00000E+00 0.00000E+00 0.75561E+00      8072500 999/0.16000E-02
 0.12000E+03 0.17200E-02 0.68940E+00 0.14442E+01 0.57815E-01 0.60674E-01 0.13757E+01 0.13783E+01 0.00000E+00 0.00000E+00 0.11400E+01      8072500 999/0.17200E-02
 0.12000E+03 0.18800E-02 0.63073E+00 0.14127E+01 0.48696E-01 0.52110E-01 0.13595E+01 0.13672E+01 0.00000E+00 0.00000E+00 0.93463E+00      8072500 999/0.18800E-02
 0.12000E+03 0.20000E-02 0.59289E+00 0.13613E+01 0.12962E-01 0.23049E-01 0.13455E+01 0.13547E+01 0.00000E+00 0.00000E+00 0.50660E+00      8072500 999/0.20000E-02
 0.12000E+03 0.21200E-02 0.55933E+00 0.13859E+01 0.38433E-01 0.42435E-01 0.13307E+01 0.13352E+01 0.00000E+00 0.00000E+00 0.13183E+01      8072500 999/0.21200E-02
 0.12000E+03 0.27000E-02 0.43917E+00 0.12459E+01 0.33393E-01 0.37139E-01 0.12579E+01 0.12664E+01 0.00000E+00 0.00000E+00 -.61278E+00      8072500 999/0.27000E-02
 0.12000E+03 0.32000E-02 0.37055E+00 0.12083E+01 0.10333E-01 0.14629E-01 0.12008E+01 0.12057E+01 0.00000E+00 0.00000E+00 0.25434E+00      8072500 999/0.32000E-02
 0.12000E+03 0.50000E-02 0.23715E+00 0.10415E+01 0.11402E-01 0.15111E-01 0.10475E+01 0.10491E+01 0.00000E+00 0.00000E+00 -.66448E+00      8072500 999/0.50000E-02
 0.12000E+03 0.80000E-02 0.14822E+00 0.89275E+00 0.86787E-02 0.12330E-01 0.89752E+00 0.89411E+00 0.00000E+00 0.00000E+00 -.15657E+00      8072500 999/0.80000E-02
 0.12000E+03 0.13000E-01 0.91213E-01 0.77383E+00 0.10068E-01 0.12473E-01 0.76204E+00 0.76459E+00 0.00000E+00 0.00000E+00 0.91803E+00      8072500 999/0.13000E-01
 0.12000E+03 0.20000E-01 0.59289E-01 0.66608E+00 0.85624E-02 0.11150E-01 0.65988E+00 0.66619E+00 0.00000E+00 0.00000E+00 -.12425E-01      8072500 999/0.20000E-01
 0.12000E+03 0.32000E-01 0.37055E-01 0.57394E+00 0.83526E-02 0.10094E-01 0.56715E+00 0.56927E+00 0.00000E+00 0.00000E+00 0.55892E+00      8072500 999/0.32000E-01
 0.12000E+03 0.50000E-01 0.23715E-01 0.48591E+00 0.69537E-02 0.87393E-02 0.49580E+00 0.49991E+00 0.00000E+00 0.00000E+00 -.20131E+01      8072500 999/0.50000E-01
 0.12000E+03 0.80000E-01 0.14822E-01 0.44081E+00 0.65729E-02 0.92918E-02 0.43384E+00 0.43884E+00 0.00000E+00 0.00000E+00 0.29939E+00      8072500 999/0.80000E-01
 0.12000E+03 0.18000E+00 0.65876E-02 0.33234E+00 0.11924E-01 0.13234E-01 0.33174E+00 0.33256E+00 0.00000E+00 0.00000E+00 -.18792E-01      8072500 999/0.18000E+00
 0.15000E+03 0.20000E-02 0.74111E+00 0.13807E+01 0.24152E-01 0.27270E-01 0.13457E+01 0.13526E+01 0.00000E+00 0.00000E+00 0.11624E+01      8072500 999/0.20000E-02
 0.15000E+03 0.32000E-02 0.46319E+00 0.12348E+01 0.11122E-01 0.16862E-01 0.12303E+01 0.12352E+01 0.00000E+00 0.00000E+00 -.33315E-01      8072500 999/0.32000E-02
 0.15000E+03 0.50000E-02 0.29644E+00 0.10778E+01 0.10098E-01 0.13349E-01 0.10777E+01 0.10787E+01 0.00000E+00 0.00000E+00 -.86905E-01      8072500 999/0.50000E-02
 0.15000E+03 0.80000E-02 0.18528E+00 0.92693E+00 0.11812E-01 0.14157E-01 0.92197E+00 0.92807E+00 0.00000E+00 0.00000E+00 -.96686E-01      8072500 999/0.80000E-02
 0.15000E+03 0.13000E-01 0.11402E+00 0.79740E+00 0.13557E-01 0.16036E-01 0.77986E+00 0.78724E+00 0.00000E+00 0.00000E+00 0.74915E+00      8072500 999/0.13000E-01
 0.15000E+03 0.20000E-01 0.74111E-01 0.68714E+00 0.12466E-01 0.15065E-01 0.67241E+00 0.68355E+00 0.00000E+00 0.00000E+00 0.28832E+00      8072500 999/0.20000E-01
 0.15000E+03 0.32000E-01 0.46319E-01 0.58336E+00 0.11908E-01 0.13959E-01 0.57513E+00 0.58361E+00 0.00000E+00 0.00000E+00 -.21073E-01      8072500 999/0.32000E-01
 0.15000E+03 0.50000E-01 0.29644E-01 0.50911E+00 0.10623E-01 0.11863E-01 0.50032E+00 0.50566E+00 0.00000E+00 0.00000E+00 0.32518E+00      8072500 999/0.50000E-01
 0.15000E+03 0.80000E-01 0.18528E-01 0.44360E+00 0.85858E-02 0.10138E-01 0.43555E+00 0.44321E+00 0.00000E+00 0.00000E+00 0.45488E-01      8072500 999/0.80000E-01
 0.15000E+03 0.18000E+00 0.82345E-02 0.32437E+00 0.10924E-01 0.12136E-01 0.32991E+00 0.33021E+00 0.00000E+00 0.00000E+00 -.53490E+00      8072500 999/0.18000E+00
 0.20000E+03 0.26000E-02 0.76011E+00 0.13123E+01 0.25002E-01 0.27623E-01 0.12906E+01 0.12972E+01 0.00000E+00 0.00000E+00 0.60538E+00      8072500 999/0.26000E-02
 0.20000E+03 0.32000E-02 0.61759E+00 0.12484E+01 0.14560E-01 0.21159E-01 0.12503E+01 0.12583E+01 0.00000E+00 0.00000E+00 -.67900E+00      8072500 999/0.32000E-02
 0.20000E+03 0.50000E-02 0.39526E+00 0.11099E+01 0.85778E-02 0.12935E-01 0.11113E+01 0.11139E+01 0.00000E+00 0.00000E+00 -.47125E+00      8072500 999/0.50000E-02
 0.20000E+03 0.80000E-02 0.24704E+00 0.94762E+00 0.62199E-02 0.10164E-01 0.95147E+00 0.95349E+00 0.00000E+00 0.00000E+00 -.94298E+00      8072500 999/0.80000E-02
 0.20000E+03 0.13000E-01 0.15202E+00 0.80850E+00 0.48855E-02 0.84217E-02 0.80170E+00 0.80434E+00 0.00000E+00 0.00000E+00 0.85114E+00      8072500 999/0.13000E-01
 0.20000E+03 0.20000E-01 0.98814E-01 0.70105E+00 0.46556E-02 0.76577E-02 0.68794E+00 0.69156E+00 0.00000E+00 0.00000E+00 0.20386E+01      8072500 999/0.20000E-01
 0.20000E+03 0.32000E-01 0.61759E-01 0.58242E+00 0.43123E-02 0.67766E-02 0.58488E+00 0.58660E+00 0.00000E+00 0.00000E+00 -.96970E+00      8072500 999/0.32000E-01
 0.20000E+03 0.50000E-01 0.39526E-01 0.51982E+00 0.39398E-02 0.60171E-02 0.50573E+00 0.50725E+00 0.00000E+00 0.00000E+00 0.31916E+01      8072500 999/0.50000E-01
 0.20000E+03 0.80000E-01 0.24704E-01 0.43827E+00 0.29385E-02 0.49851E-02 0.43750E+00 0.43787E+00 0.00000E+00 0.00000E+00 0.13538E+00      8072500 999/0.80000E-01
 0.20000E+03 0.13000E+00 0.15202E-01 0.36173E+00 0.81370E-02 0.88818E-02 0.37421E+00 0.37697E+00 0.00000E+00 0.00000E+00 -.18729E+01      8072500 999/0.13000E+00
 0.20000E+03 0.18000E+00 0.10979E-01 0.34253E+00 0.31590E-02 0.54325E-02 0.32755E+00 0.33186E+00 0.00000E+00 0.00000E+00 0.33792E+01      8072500 999/0.18000E+00
 0.20000E+03 0.25000E+00 0.79051E-02 0.27760E+00 0.15313E-01 0.16529E-01 0.26811E+00 0.27262E+00 0.00000E+00 0.00000E+00 0.32514E+00      8072500 999/0.25000E+00
 0.20000E+03 0.40000E+00 0.49407E-02 0.13952E+00 0.87862E-02 0.10327E-01 0.14973E+00 0.15336E+00 0.00000E+00 0.00000E+00 -.15751E+01      8072500 999/0.40000E+00
 0.25000E+03 0.33000E-02 0.74859E+00 0.12800E+01 0.25418E-01 0.27868E-01 0.12369E+01 0.12416E+01 0.00000E+00 0.00000E+00 0.15110E+01      8072500 999/0.33000E-02
 0.25000E+03 0.50000E-02 0.49407E+00 0.11266E+01 0.11485E-01 0.15513E-01 0.11298E+01 0.11337E+01 0.00000E+00 0.00000E+00 -.62080E+00      8072500 999/0.50000E-02
 0.25000E+03 0.80000E-02 0.30879E+00 0.95192E+00 0.66781E-02 0.10512E-01 0.97198E+00 0.97119E+00 0.00000E+00 0.00000E+00 -.28854E+01      8072500 999/0.80000E-02
 0.25000E+03 0.13000E-01 0.19003E+00 0.82679E+00 0.57346E-02 0.91438E-02 0.81759E+00 0.81916E+00 0.00000E+00 0.00000E+00 0.13300E+01      8072500 999/0.13000E-01
 0.25000E+03 0.20000E-01 0.12352E+00 0.70742E+00 0.57368E-02 0.82938E-02 0.69928E+00 0.70127E+00 0.00000E+00 0.00000E+00 0.10725E+01      8072500 999/0.20000E-01
 0.25000E+03 0.32000E-01 0.77199E-01 0.59220E+00 0.51995E-02 0.73550E-02 0.59193E+00 0.59327E+00 0.00000E+00 0.00000E+00 -.20625E+00      8072500 999/0.32000E-01
 0.25000E+03 0.50000E-01 0.49407E-01 0.51873E+00 0.43297E-02 0.63332E-02 0.50966E+00 0.51064E+00 0.00000E+00 0.00000E+00 0.18685E+01      8072500 999/0.50000E-01
 0.25000E+03 0.80000E-01 0.30879E-01 0.44019E+00 0.31441E-02 0.51297E-02 0.43882E+00 0.43861E+00 0.00000E+00 0.00000E+00 0.50241E+00      8072500 999/0.80000E-01
 0.25000E+03 0.13000E+00 0.19003E-01 0.36738E+00 0.64327E-02 0.73470E-02 0.37351E+00 0.37481E+00 0.00000E+00 0.00000E+00 -.11550E+01      8072500 999/0.13000E+00
 0.25000E+03 0.18000E+00 0.13724E-01 0.33173E+00 0.35594E-02 0.53069E-02 0.32573E+00 0.32887E+00 0.00000E+00 0.00000E+00 0.80231E+00      8072500 999/0.18000E+00
 0.25000E+03 0.25000E+00 0.98814E-02 0.26745E+00 0.11355E-01 0.12478E-01 0.26542E+00 0.26835E+00 0.00000E+00 0.00000E+00 -.78951E-01      8072500 999/0.25000E+00
 0.25000E+03 0.40000E+00 0.61759E-02 0.14200E+00 0.71612E-02 0.88115E-02 0.14682E+00 0.14966E+00 0.00000E+00 0.00000E+00 -.10702E+01      8072500 999/0.40000E+00
 0.30000E+03 0.39000E-02 0.76011E+00 0.12182E+01 0.25372E-01 0.27546E-01 0.11942E+01 0.11982E+01 0.00000E+00 0.00000E+00 0.78931E+00      8072500 999/0.39000E-02
 0.30000E+03 0.50000E-02 0.59289E+00 0.11418E+01 0.17112E-01 0.20798E-01 0.11370E+01 0.11418E+01 0.00000E+00 0.00000E+00 0.20775E-02      8072500 999/0.50000E-02
 0.30000E+03 0.80000E-02 0.37055E+00 0.96895E+00 0.78692E-02 0.11505E-01 0.98649E+00 0.98636E+00 0.00000E+00 0.00000E+00 -.22119E+01      8072500 999/0.80000E-02
 0.30000E+03 0.13000E-01 0.22803E+00 0.81291E+00 0.60823E-02 0.91127E-02 0.82979E+00 0.83075E+00 0.00000E+00 0.00000E+00 -.29326E+01      8072500 999/0.13000E-01
 0.30000E+03 0.20000E-01 0.14822E+00 0.70310E+00 0.58533E-02 0.83927E-02 0.70810E+00 0.70825E+00 0.00000E+00 0.00000E+00 -.88002E+00      8072500 999/0.20000E-01
 0.30000E+03 0.32000E-01 0.92638E-01 0.59769E+00 0.59976E-02 0.79330E-02 0.59749E+00 0.59876E+00 0.00000E+00 0.00000E+00 -.17835E+00      8072500 999/0.32000E-01
 0.30000E+03 0.50000E-01 0.59289E-01 0.50663E+00 0.47744E-02 0.64822E-02 0.51264E+00 0.51318E+00 0.00000E+00 0.00000E+00 -.13714E+01      8072500 999/0.50000E-01
 0.30000E+03 0.80000E-01 0.37055E-01 0.43264E+00 0.37612E-02 0.54341E-02 0.43983E+00 0.43922E+00 0.00000E+00 0.00000E+00 -.17488E+01      8072500 999/0.80000E-01
 0.30000E+03 0.13000E+00 0.22803E-01 0.37132E+00 0.70876E-02 0.80386E-02 0.37291E+00 0.37331E+00 0.00000E+00 0.00000E+00 -.28037E+00      8072500 999/0.13000E+00
 0.30000E+03 0.18000E+00 0.16469E-01 0.32720E+00 0.33618E-02 0.46401E-02 0.32427E+00 0.32328E+00 0.00000E+00 0.00000E+00 0.11646E+01      8072500 999/0.18000E+00
 0.30000E+03 0.25000E+00 0.11858E-01 0.26834E+00 0.13218E-01 0.14604E-01 0.26328E+00 0.26585E+00 0.00000E+00 0.00000E+00 0.18827E+00      8072500 999/0.25000E+00
 0.30000E+03 0.40000E+00 0.74111E-02 0.15900E+00 0.55607E-02 0.66169E-02 0.14454E+00 0.14704E+00 0.00000E+00 0.00000E+00 0.21509E+01      8072500 999/0.40000E+00
 0.40000E+03 0.53000E-02 0.74577E+00 0.11812E+01 0.25629E-01 0.27578E-01 0.11142E+01 0.11181E+01 0.00000E+00 0.00000E+00 0.24607E+01      8072500 999/0.53000E-02
 0.40000E+03 0.80000E-02 0.49407E+00 0.10179E+01 0.10534E-01 0.14002E-01 0.10025E+01 0.10051E+01 0.00000E+00 0.00000E+00 0.12157E+01      8072500 999/0.80000E-02
 0.40000E+03 0.13000E-01 0.30404E+00 0.84354E+00 0.81772E-02 0.10779E-01 0.84679E+00 0.84875E+00 0.00000E+00 0.00000E+00 -.63654E+00      8072500 999/0.13000E-01
 0.40000E+03 0.20000E-01 0.19763E+00 0.71427E+00 0.71920E-02 0.92585E-02 0.72099E+00 0.72153E+00 0.00000E+00 0.00000E+00 -.10090E+01      8072500 999/0.20000E-01
 0.40000E+03 0.32000E-01 0.12352E+00 0.60189E+00 0.59104E-02 0.78402E-02 0.60557E+00 0.60576E+00 0.00000E+00 0.00000E+00 -.65520E+00      8072500 999/0.32000E-01
 0.40000E+03 0.50000E-01 0.79051E-01 0.51198E+00 0.49813E-02 0.67402E-02 0.51704E+00 0.51701E+00 0.00000E+00 0.00000E+00 -.10099E+01      8072500 999/0.50000E-01
 0.40000E+03 0.80000E-01 0.49407E-01 0.43587E+00 0.42914E-02 0.57040E-02 0.44120E+00 0.43999E+00 0.00000E+00 0.00000E+00 -.95913E+00      8072500 999/0.80000E-01
 0.40000E+03 0.13000E+00 0.30404E-01 0.36703E+00 0.39477E-02 0.50970E-02 0.37193E+00 0.37132E+00 0.00000E+00 0.00000E+00 -.10862E+01      8072500 999/0.13000E+00
 0.40000E+03 0.18000E+00 0.21959E-01 0.31959E+00 0.96286E-02 0.10606E-01 0.32199E+00 0.32503E+00 0.00000E+00 0.00000E+00 -.56539E+00      8072500 999/0.18000E+00
 0.40000E+03 0.25000E+00 0.15810E-01 0.26134E+00 0.39047E-02 0.47774E-02 0.26001E+00 0.25782E+00 0.00000E+00 0.00000E+00 0.90100E+00      8072500 999/0.25000E+00
 0.40000E+03 0.40000E+00 0.98814E-02 0.16017E+00 0.50283E-02 0.61100E-02 0.14113E+00 0.14377E+00 0.00000E+00 0.00000E+00 0.32616E+01      8072500 999/0.40000E+00
 0.50000E+03 0.66000E-02 0.74859E+00 0.10516E+01 0.23940E-01 0.25579E-01 0.10524E+01 0.10550E+01 0.00000E+00 0.00000E+00 -.14125E+00      8072500 999/0.66000E-02
 0.50000E+03 0.80000E-02 0.61759E+00 0.99848E+00 0.19474E-01 0.21582E-01 0.10053E+01 0.10091E+01 0.00000E+00 0.00000E+00 -.54634E+00      8072500 999/0.80000E-02
 0.50000E+03 0.13000E-01 0.38005E+00 0.87521E+00 0.12670E-01 0.14736E-01 0.85732E+00 0.85958E+00 0.00000E+00 0.00000E+00 0.12334E+01      8072500 999/0.13000E-01
 0.50000E+03 0.20000E-01 0.24704E+00 0.74136E+00 0.10871E-01 0.12507E-01 0.72984E+00 0.73168E+00 0.00000E+00 0.00000E+00 0.89048E+00      8072500 999/0.20000E-01
 0.50000E+03 0.32000E-01 0.15440E+00 0.61906E+00 0.91684E-02 0.10587E-01 0.61129E+00 0.61200E+00 0.00000E+00 0.00000E+00 0.76974E+00      8072500 999/0.32000E-01
 0.50000E+03 0.50000E-01 0.98814E-01 0.53349E+00 0.84666E-02 0.97849E-02 0.52013E+00 0.52000E+00 0.00000E+00 0.00000E+00 0.15937E+01      8072500 999/0.50000E-01
 0.50000E+03 0.80000E-01 0.61759E-01 0.44276E+00 0.71079E-02 0.81469E-02 0.44211E+00 0.44157E+00 0.00000E+00 0.00000E+00 0.16803E+00      8072500 999/0.80000E-01
 0.50000E+03 0.13000E+00 0.38005E-01 0.37672E+00 0.72051E-02 0.80929E-02 0.37113E+00 0.37069E+00 0.00000E+00 0.00000E+00 0.83658E+00      8072500 999/0.13000E+00
 0.50000E+03 0.18000E+00 0.27448E-01 0.31275E+00 0.71341E-02 0.78087E-02 0.32027E+00 0.32092E+00 0.00000E+00 0.00000E+00 -.11454E+01      8072500 999/0.18000E+00
 0.50000E+03 0.25000E+00 0.19763E-01 0.26133E+00 0.78430E-02 0.90092E-02 0.25757E+00 0.26069E+00 0.00000E+00 0.00000E+00 0.81769E-01      8072500 999/0.25000E+00
 0.50000E+03 0.40000E+00 0.12352E-01 0.17198E+00 0.13253E-01 0.15225E-01 0.13862E+00 0.14145E+00 0.00000E+00 0.00000E+00 0.23034E+01      8072500 999/0.40000E+00
 0.65000E+03 0.85000E-02 0.75564E+00 0.10003E+01 0.25434E-01 0.26778E-01 0.97888E+00 0.98158E+00 0.00000E+00 0.00000E+00 0.73617E+00      8072500 999/0.85000E-02
 0.65000E+03 0.13000E-01 0.49407E+00 0.86196E+00 0.10364E-01 0.12763E-01 0.86471E+00 0.86433E+00 0.00000E+00 0.00000E+00 -.22883E+00      8072500 999/0.13000E-01
 0.65000E+03 0.20000E-01 0.32115E+00 0.74569E+00 0.88722E-02 0.10784E-01 0.73848E+00 0.74048E+00 0.00000E+00 0.00000E+00 0.58721E+00      8072500 999/0.20000E-01
 0.65000E+03 0.32000E-01 0.20072E+00 0.62722E+00 0.76932E-02 0.92779E-02 0.61731E+00 0.61852E+00 0.00000E+00 0.00000E+00 0.11313E+01      8072500 999/0.32000E-01
 0.65000E+03 0.50000E-01 0.12846E+00 0.52044E+00 0.63465E-02 0.77868E-02 0.52336E+00 0.52523E+00 0.00000E+00 0.00000E+00 -.75517E+00      8072500 999/0.50000E-01
 0.65000E+03 0.80000E-01 0.80287E-01 0.43784E+00 0.55709E-02 0.66954E-02 0.44302E+00 0.44424E+00 0.00000E+00 0.00000E+00 -.11482E+01      8072500 999/0.80000E-01
 0.65000E+03 0.13000E+00 0.49407E-01 0.36151E+00 0.50933E-02 0.60279E-02 0.37016E+00 0.36910E+00 0.00000E+00 0.00000E+00 -.14901E+01      8072500 999/0.13000E+00
 0.65000E+03 0.18000E+00 0.35683E-01 0.33431E+00 0.80616E-02 0.87918E-02 0.31829E+00 0.31817E+00 0.00000E+00 0.00000E+00 0.20024E+01      8072500 999/0.18000E+00
 0.65000E+03 0.25000E+00 0.25692E-01 0.24797E+00 0.42727E-02 0.49549E-02 0.25482E+00 0.25652E+00 0.00000E+00 0.00000E+00 -.20019E+01      8072500 999/0.25000E+00
 0.65000E+03 0.40000E+00 0.16057E-01 0.14541E+00 0.59882E-02 0.67458E-02 0.13583E+00 0.13618E+00 0.00000E+00 0.00000E+00 0.15416E+01      8072500 999/0.40000E+00
 0.65000E+03 0.65000E+00 0.98814E-02 0.22762E-01 0.35959E-02 0.37682E-02 0.21579E-01 0.21988E-01 0.00000E+00 0.00000E+00 0.21522E+00      8072500 999/0.65000E+00
 0.80000E+03 0.10500E-01 0.75287E+00 0.93246E+00 0.26900E-01 0.28077E-01 0.91738E+00 0.91991E+00 0.00000E+00 0.00000E+00 0.46652E+00      8072500 999/0.10500E-01
 0.80000E+03 0.13000E-01 0.60809E+00 0.84371E+00 0.13262E-01 0.15477E-01 0.86420E+00 0.86482E+00 0.00000E+00 0.00000E+00 -.15921E+01      8072500 999/0.13000E-01
 0.80000E+03 0.20000E-01 0.39526E+00 0.73302E+00 0.10602E-01 0.12264E-01 0.74315E+00 0.74538E+00 0.00000E+00 0.00000E+00 -.11659E+01      8072500 999/0.20000E-01
 0.80000E+03 0.32000E-01 0.24704E+00 0.62669E+00 0.85704E-02 0.10018E-01 0.62114E+00 0.62365E+00 0.00000E+00 0.00000E+00 0.35439E+00      8072500 999/0.32000E-01
 0.80000E+03 0.50000E-01 0.15810E+00 0.52486E+00 0.69681E-02 0.82651E-02 0.52551E+00 0.52658E+00 0.00000E+00 0.00000E+00 -.24672E+00      8072500 999/0.50000E-01
 0.80000E+03 0.80000E-01 0.98814E-01 0.45793E+00 0.64390E-02 0.76190E-02 0.44351E+00 0.44498E+00 0.00000E+00 0.00000E+00 0.20113E+01      8072500 999/0.80000E-01
 0.80000E+03 0.13000E+00 0.60809E-01 0.35825E+00 0.56642E-02 0.64815E-02 0.36935E+00 0.36787E+00 0.00000E+00 0.00000E+00 -.16984E+01      8072500 999/0.13000E+00
 0.80000E+03 0.18000E+00 0.43917E-01 0.33130E+00 0.87826E-02 0.93292E-02 0.31675E+00 0.31694E+00 0.00000E+00 0.00000E+00 0.16356E+01      8072500 999/0.18000E+00
 0.80000E+03 0.25000E+00 0.31621E-01 0.25179E+00 0.47523E-02 0.53720E-02 0.25274E+00 0.25248E+00 0.00000E+00 0.00000E+00 -.14485E+00      8072500 999/0.25000E+00
 0.80000E+03 0.40000E+00 0.19763E-01 0.13194E+00 0.60233E-02 0.65501E-02 0.13374E+00 0.13435E+00 0.00000E+00 0.00000E+00 -.40082E+00      8072500 999/0.40000E+00
 0.80000E+03 0.65000E+00 0.12162E-01 0.20694E-01 0.28854E-02 0.30504E-02 0.20947E-01 0.21450E-01 0.00000E+00 0.00000E+00 -.26212E+00      8072500 999/0.65000E+00
 0.10000E+04 0.13000E-01 0.76011E+00 0.82262E+00 0.22308E-01 0.26292E-01 0.85421E+00 0.85907E+00 0.00000E+00 0.00000E+00 -.16339E+01      8072500 999/0.13000E-01
 0.10000E+04 0.20000E-01 0.49407E+00 0.73614E+00 0.15631E-01 0.16876E-01 0.74476E+00 0.74644E+00 0.00000E+00 0.00000E+00 -.65880E+00      8072500 999/0.20000E-01
 0.10000E+04 0.32000E-01 0.30879E+00 0.62490E+00 0.12950E-01 0.14018E-01 0.62415E+00 0.62487E+00 0.00000E+00 0.00000E+00 0.23920E-02      8072500 999/0.32000E-01
 0.10000E+04 0.50000E-01 0.19763E+00 0.53197E+00 0.12095E-01 0.12884E-01 0.52725E+00 0.52832E+00 0.00000E+00 0.00000E+00 0.30177E+00      8072500 999/0.50000E-01
 0.10000E+04 0.80000E-01 0.12352E+00 0.44693E+00 0.10153E-01 0.10864E-01 0.44384E+00 0.44342E+00 0.00000E+00 0.00000E+00 0.34541E+00      8072500 999/0.80000E-01
 0.10000E+04 0.13000E+00 0.76011E-01 0.36188E+00 0.10166E-01 0.10701E-01 0.36842E+00 0.36721E+00 0.00000E+00 0.00000E+00 -.52411E+00      8072500 999/0.13000E+00
 0.10000E+04 0.18000E+00 0.54897E-01 0.31330E+00 0.90978E-02 0.95193E-02 0.31513E+00 0.31478E+00 0.00000E+00 0.00000E+00 -.16319E+00      8072500 999/0.18000E+00
 0.10000E+04 0.25000E+00 0.39526E-01 0.25532E+00 0.85751E-02 0.90246E-02 0.25059E+00 0.25179E+00 0.00000E+00 0.00000E+00 0.41205E+00      8072500 999/0.25000E+00
 0.10000E+04 0.40000E+00 0.24704E-01 0.13439E+00 0.74501E-02 0.79279E-02 0.13162E+00 0.13300E+00 0.00000E+00 0.00000E+00 0.18705E+00      8072500 999/0.40000E+00
 0.10000E+04 0.65000E+00 0.15202E-01 0.19892E-01 0.31255E-02 0.32667E-02 0.20311E-01 0.20843E-01 0.00000E+00 0.00000E+00 -.30418E+00      8072500 999/0.65000E+00
 0.12000E+04 0.14000E-01 0.84698E+00 0.83181E+00 0.19213E-01 0.23977E-01 0.82373E+00 0.81596E+00 0.00000E+00 0.00000E+00 0.82502E+00      8072500 999/0.14000E-01
 0.12000E+04 0.20000E-01 0.59289E+00 0.75510E+00 0.13056E-01 0.14691E-01 0.74219E+00 0.74145E+00 0.00000E+00 0.00000E+00 0.10457E+01      8072500 999/0.20000E-01
 0.12000E+04 0.32000E-01 0.37055E+00 0.63185E+00 0.99181E-02 0.11275E-01 0.62505E+00 0.62639E+00 0.00000E+00 0.00000E+00 0.55061E+00      8072500 999/0.32000E-01
 0.12000E+04 0.50000E-01 0.23715E+00 0.51863E+00 0.72142E-02 0.84129E-02 0.52804E+00 0.52837E+00 0.00000E+00 0.00000E+00 -.13501E+01      8072500 999/0.50000E-01
 0.12000E+04 0.80000E-01 0.14822E+00 0.44089E+00 0.63152E-02 0.73448E-02 0.44380E+00 0.44443E+00 0.00000E+00 0.00000E+00 -.56016E+00      8072500 999/0.80000E-01
 0.12000E+04 0.13000E+00 0.91213E-01 0.36077E+00 0.56502E-02 0.64528E-02 0.36758E+00 0.36812E+00 0.00000E+00 0.00000E+00 -.13013E+01      8072500 999/0.13000E+00
 0.12000E+04 0.18000E+00 0.65876E-01 0.32772E+00 0.10734E-01 0.11176E-01 0.31381E+00 0.31320E+00 0.00000E+00 0.00000E+00 0.13526E+01      8072500 999/0.18000E+00
 0.12000E+04 0.25000E+00 0.47431E-01 0.25170E+00 0.44977E-02 0.50207E-02 0.24889E+00 0.24961E+00 0.00000E+00 0.00000E+00 0.46437E+00      8072500 999/0.25000E+00
 0.12000E+04 0.40000E+00 0.29644E-01 0.13115E+00 0.36982E-02 0.40419E-02 0.12997E+00 0.13133E+00 0.00000E+00 0.00000E+00 -.48605E-01      8072500 999/0.40000E+00
 0.12000E+04 0.65000E+00 0.18243E-01 0.22323E-01 0.34796E-02 0.36449E-02 0.19826E-01 0.19992E-01 0.00000E+00 0.00000E+00 0.66982E+00      8072500 999/0.65000E+00
 0.15000E+04 0.20000E-01 0.74111E+00 0.70902E+00 0.16129E-01 0.19309E-01 0.73236E+00 0.72163E+00 0.00000E+00 0.00000E+00 -.78166E+00      8072500 999/0.20000E-01
 0.15000E+04 0.32000E-01 0.46319E+00 0.60267E+00 0.12355E-01 0.13468E-01 0.62362E+00 0.62001E+00 0.00000E+00 0.00000E+00 -.14037E+01      8072500 999/0.32000E-01
 0.15000E+04 0.50000E-01 0.29644E+00 0.54392E+00 0.91212E-02 0.10221E-01 0.52774E+00 0.53059E+00 0.00000E+00 0.00000E+00 0.14616E+01      8072500 999/0.50000E-01
 0.15000E+04 0.80000E-01 0.18528E+00 0.45264E+00 0.78552E-02 0.87520E-02 0.44320E+00 0.44403E+00 0.00000E+00 0.00000E+00 0.10957E+01      8072500 999/0.80000E-01
 0.15000E+04 0.13000E+00 0.11402E+00 0.35463E+00 0.75261E-02 0.81359E-02 0.36635E+00 0.36715E+00 0.00000E+00 0.00000E+00 -.16640E+01      8072500 999/0.13000E+00
 0.15000E+04 0.18000E+00 0.82345E-01 0.31309E+00 0.67319E-02 0.72502E-02 0.31215E+00 0.31288E+00 0.00000E+00 0.00000E+00 0.31493E-01      8072500 999/0.18000E+00
 0.15000E+04 0.25000E+00 0.59289E-01 0.24839E+00 0.63546E-02 0.67675E-02 0.24688E+00 0.24666E+00 0.00000E+00 0.00000E+00 0.27177E+00      8072500 999/0.25000E+00
 0.15000E+04 0.40000E+00 0.37055E-01 0.12606E+00 0.45875E-02 0.50779E-02 0.12806E+00 0.12735E+00 0.00000E+00 0.00000E+00 -.28194E+00      8072500 999/0.40000E+00
 0.15000E+04 0.65000E+00 0.22803E-01 0.15759E-01 0.16419E-02 0.17252E-02 0.19270E-01 0.19709E-01 0.00000E+00 0.00000E+00 -.24060E+01      8072500 999/0.65000E+00
 0.20000E+04 0.21900E-01 0.90241E+00 0.70965E+00 0.43098E-01 0.45799E-01 0.69185E+00 0.69623E+00 0.00000E+00 0.00000E+00 0.31132E+00      8072500 999/0.21900E-01
 0.20000E+04 0.32000E-01 0.61759E+00 0.58911E+00 0.14804E-01 0.16357E-01 0.61518E+00 0.60678E+00 0.00000E+00 0.00000E+00 -.11935E+01      8072500 999/0.32000E-01
 0.20000E+04 0.50000E-01 0.39526E+00 0.51570E+00 0.11682E-01 0.12481E-01 0.52426E+00 0.52301E+00 0.00000E+00 0.00000E+00 -.62574E+00      8072500 999/0.50000E-01
 0.20000E+04 0.80000E-01 0.24704E+00 0.44851E+00 0.90125E-02 0.97721E-02 0.44092E+00 0.44319E+00 0.00000E+00 0.00000E+00 0.58986E+00      8072500 999/0.80000E-01
 0.20000E+04 0.13000E+00 0.15202E+00 0.36230E+00 0.88834E-02 0.94080E-02 0.36416E+00 0.36377E+00 0.00000E+00 0.00000E+00 -.16511E+00      8072500 999/0.13000E+00
 0.20000E+04 0.18000E+00 0.10979E+00 0.29953E+00 0.77365E-02 0.81555E-02 0.30979E+00 0.31044E+00 0.00000E+00 0.00000E+00 -.14104E+01      8072500 999/0.18000E+00
 0.20000E+04 0.25000E+00 0.79051E-01 0.24422E+00 0.71220E-02 0.74768E-02 0.24431E+00 0.24458E+00 0.00000E+00 0.00000E+00 -.50436E-01      8072500 999/0.25000E+00
 0.20000E+04 0.40000E+00 0.49407E-01 0.12850E+00 0.52613E-02 0.55353E-02 0.12577E+00 0.12562E+00 0.00000E+00 0.00000E+00 0.54648E+00      8072500 999/0.40000E+00
 0.20000E+04 0.65000E+00 0.30404E-01 0.17377E-01 0.20446E-02 0.21495E-02 0.18614E-01 0.19044E-01 0.00000E+00 0.00000E+00 -.81555E+00      8072500 999/0.65000E+00
 0.30000E+04 0.32000E-01 0.92638E+00 0.60299E+00 0.24684E-01 0.26122E-01 0.58755E+00 0.59042E+00 0.00000E+00 0.00000E+00 0.50913E+00      8072500 999/0.32000E-01
 0.30000E+04 0.50000E-01 0.59289E+00 0.51780E+00 0.12298E-01 0.13089E-01 0.50835E+00 0.50902E+00 0.00000E+00 0.00000E+00 0.71365E+00      8072500 999/0.50000E-01
 0.30000E+04 0.80000E-01 0.37055E+00 0.43286E+00 0.10246E-01 0.10893E-01 0.43190E+00 0.43353E+00 0.00000E+00 0.00000E+00 -.65088E-01      8072500 999/0.80000E-01
 0.30000E+04 0.13000E+00 0.22803E+00 0.35226E+00 0.92073E-02 0.96905E-02 0.35845E+00 0.35978E+00 0.00000E+00 0.00000E+00 -.81648E+00      8072500 999/0.13000E+00
 0.30000E+04 0.18000E+00 0.16469E+00 0.29823E+00 0.87036E-02 0.91128E-02 0.30519E+00 0.30533E+00 0.00000E+00 0.00000E+00 -.81581E+00      8072500 999/0.18000E+00
 0.30000E+04 0.25000E+00 0.11858E+00 0.23086E+00 0.71932E-02 0.74923E-02 0.24034E+00 0.24136E+00 0.00000E+00 0.00000E+00 -.14604E+01      8072500 999/0.25000E+00
 0.30000E+04 0.40000E+00 0.74111E-01 0.12438E+00 0.52402E-02 0.54344E-02 0.12275E+00 0.12306E+00 0.00000E+00 0.00000E+00 0.25223E+00      8072500 999/0.40000E+00
 0.30000E+04 0.65000E+00 0.45607E-01 0.15536E-01 0.13548E-02 0.14391E-02 0.17794E-01 0.17625E-01 0.00000E+00 0.00000E+00 -.15422E+01      8072500 999/0.65000E+00
 0.50000E+04 0.54700E-01 0.90324E+00 0.47677E+00 0.25875E-01 0.27110E-01 0.45249E+00 0.45553E+00 0.00000E+00 0.00000E+00 0.82069E+00      8072500 999/0.54700E-01
 0.50000E+04 0.80000E-01 0.61759E+00 0.41478E+00 0.10395E-01 0.11094E-01 0.39958E+00 0.39851E+00 0.00000E+00 0.00000E+00 0.15651E+01      8072500 999/0.80000E-01
 0.50000E+04 0.13000E+00 0.38005E+00 0.34268E+00 0.10536E-01 0.10941E-01 0.33991E+00 0.34114E+00 0.00000E+00 0.00000E+00 0.14629E+00      8072500 999/0.13000E+00
 0.50000E+04 0.18000E+00 0.27448E+00 0.28281E+00 0.87491E-02 0.90791E-02 0.29303E+00 0.29539E+00 0.00000E+00 0.00000E+00 -.14379E+01      8072500 999/0.18000E+00
 0.50000E+04 0.25000E+00 0.19763E+00 0.22525E+00 0.81362E-02 0.83844E-02 0.23248E+00 0.23267E+00 0.00000E+00 0.00000E+00 -.91161E+00      8072500 999/0.25000E+00
 0.50000E+04 0.40000E+00 0.12352E+00 0.12089E+00 0.55656E-02 0.56891E-02 0.11871E+00 0.11858E+00 0.00000E+00 0.00000E+00 0.41505E+00      8072500 999/0.40000E+00
 0.50000E+04 0.65000E+00 0.76011E-01 0.10709E-01 0.15191E-02 0.15465E-02 0.16881E-01 0.16970E-01 0.00000E+00 0.00000E+00 -.41218E+01      8072500 999/0.65000E+00
 0.80000E+04 0.87500E-01 0.90344E+00 0.35613E+00 0.32270E-01 0.33657E-01 0.33802E+00 0.34100E+00 0.00000E+00 0.00000E+00 0.46888E+00      8072500 999/0.87500E-01
 0.80000E+04 0.13000E+00 0.60809E+00 0.30928E+00 0.12288E-01 0.12733E-01 0.29749E+00 0.29705E+00 0.00000E+00 0.00000E+00 0.99531E+00      8072500 999/0.13000E+00
 0.80000E+04 0.18000E+00 0.43917E+00 0.26745E+00 0.11798E-01 0.12056E-01 0.26524E+00 0.26730E+00 0.00000E+00 0.00000E+00 0.12393E-01      8072500 999/0.18000E+00
 0.80000E+04 0.25000E+00 0.31621E+00 0.21655E+00 0.11299E-01 0.11487E-01 0.21655E+00 0.21748E+00 0.00000E+00 0.00000E+00 -.82052E-01      8072500 999/0.25000E+00
 0.80000E+04 0.40000E+00 0.19763E+00 0.10345E+00 0.66801E-02 0.67697E-02 0.11305E+00 0.11299E+00 0.00000E+00 0.00000E+00 -.14280E+01      8072500 999/0.40000E+00
 0.80000E+04 0.65000E+00 0.12162E+00 0.16222E-01 0.18636E-02 0.19106E-02 0.16020E-01 0.15908E-01 0.00000E+00 0.00000E+00 0.16850E+00      8072500 999/0.65000E+00
 0.12000E+05 0.13000E+00 0.91213E+00 0.21178E+00 0.43394E-01 0.43596E-01 0.24483E+00 0.24666E+00 0.00000E+00 0.00000E+00 -.80390E+00      8072500 999/0.13000E+00
 0.12000E+05 0.18000E+00 0.65876E+00 0.22943E+00 0.14203E-01 0.14447E-01 0.21770E+00 0.21796E+00 0.00000E+00 0.00000E+00 0.80762E+00      8072500 999/0.18000E+00
 0.12000E+05 0.25000E+00 0.47431E+00 0.15549E+00 0.12088E-01 0.12208E-01 0.18770E+00 0.18878E+00 0.00000E+00 0.00000E+00 -.27539E+01      8072500 999/0.25000E+00
 0.12000E+05 0.40000E+00 0.29644E+00 0.94955E-01 0.85890E-02 0.86368E-02 0.10401E+00 0.10402E+00 0.00000E+00 0.00000E+00 -.10559E+01      8072500 999/0.40000E+00
 0.12000E+05 0.65000E+00 0.18243E+00 0.16924E-01 0.31901E-02 0.32085E-02 0.15047E-01 0.14993E-01 0.00000E+00 0.00000E+00 0.60536E+00      8072500 999/0.65000E+00
 0.20000E+05 0.25000E+00 0.79051E+00 0.12605E+00 0.14907E-01 0.15026E-01 0.12548E+00 0.12429E+00 0.00000E+00 0.00000E+00 0.11821E+00      8072500 999/0.25000E+00
 0.20000E+05 0.40000E+00 0.49407E+00 0.77991E-01 0.12729E-01 0.12772E-01 0.81491E-01 0.82324E-01 0.00000E+00 0.00000E+00 -.34042E+00      8072500 999/0.40000E+00
 0.20000E+05 0.65000E+00 0.30404E+00 0.11947E-01 0.42117E-02 0.42259E-02 0.13055E-01 0.12900E-01 0.00000E+00 0.00000E+00 -.22623E+00      8072500 999/0.65000E+00
 0.30000E+05 0.40000E+00 0.74111E+00 0.59638E-01 0.14653E-01 0.14893E-01 0.53139E-01 0.54377E-01 0.00000E+00 0.00000E+00 0.35908E+00      8072500 999/0.40000E+00
 0.30000E+05 0.65000E+00 0.45607E+00 0.85041E-02 0.59298E-02 0.59317E-02 0.10398E-01 0.10318E-01 0.00000E+00 0.00000E+00 -.30594E+00      8072500 999/0.65000E+00
      458805
 HERA1+2 NCep 820                                                                                                        
Plot1@Experiment:HERA1+2@ExtraLabel:e^{+}p #rightarrow e^{+}X (NC), E_{p} = 820 GeV @XTitle: x @YTitle: #sigma_{red}  @Title:Q^{2} = 0.045 @Xlog
Plot2@Experiment:HERA1+2@ExtraLabel:e^{+}p #rightarrow e^{+}X (NC), E_{p} = 820 GeV @XTitle: x @YTitle: #sigma_{red}  @Title:Q^{2} = 0.065 @Xlog
Plot3@Experiment:HERA1+2@ExtraLabel:e^{+}p #rightarrow e^{+}X (NC), E_{p} = 820 GeV @XTitle: x @YTitle: #sigma_{red}  @Title:Q^{2} = 0.085 @Xlog
Plot4@Experiment:HERA1+2@ExtraLabel:e^{+}p #rightarrow e^{+}X (NC), E_{p} = 820 GeV @XTitle: x @YTitle: #sigma_{red}  @Title:Q^{2} = 0.11 @Xlog
Plot5@Experiment:HERA1+2@ExtraLabel:e^{+}p #rightarrow e^{+}X (NC), E_{p} = 820 GeV @XTitle: x @YTitle: #sigma_{red}  @Title:Q^{2} = 0.15 @Xlog
Plot6@Experiment:HERA1+2@ExtraLabel:e^{+}p #rightarrow e^{+}X (NC), E_{p} = 820 GeV @XTitle: x @YTitle: #sigma_{red}  @Title:Q^{2} = 0.20  @Xlog
Plot7@Experiment:HERA1+2@ExtraLabel:e^{+}p #rightarrow e^{+}X (NC), E_{p} = 820 GeV @XTitle: x @YTitle: #sigma_{red}  @Title:Q^{2} = 0.25 @Xlog
Plot8@Experiment:HERA1+2@ExtraLabel:e^{+}p #rightarrow e^{+}X (NC), E_{p} = 820 GeV @XTitle: x @YTitle: #sigma_{red}  @Title:Q^{2} = 0.35 @Xlog
Plot9@Experiment:HERA1+2@ExtraLabel:e^{+}p #rightarrow e^{+}X (NC), E_{p} = 820 GeV @XTitle: x @YTitle: #sigma_{red}  @Title:Q^{2} = 0.40 @Xlog
Plot10@Experiment:HERA1+2@ExtraLabel:e^{+}p #rightarrow e^{+}X (NC), E_{p} = 820 GeV @XTitle: x @YTitle: #sigma_{red}  @Title:Q^{2} = 0.50 @Xlog
Plot11@Experiment:HERA1+2@ExtraLabel:e^{+}p #rightarrow e^{+}X (NC), E_{p} = 820 GeV @XTitle: x @YTitle: #sigma_{red}  @Title:Q^{2} = 0.60 @Xlog
Plot12@Experiment:HERA1+2@ExtraLabel:e^{+}p #rightarrow e^{+}X (NC), E_{p} = 820 GeV @XTitle: x @YTitle: #sigma_{red}  @Title:Q^{2} = 0.85 @Xlog
Plot13@Experiment:HERA1+2@ExtraLabel:e^{+}p #rightarrow e^{+}X (NC), E_{p} = 820 GeV @XTitle: x @YTitle: #sigma_{red}  @Title:Q^{2} = 1.2 @Xlog
Plot14@Experiment:HERA1+2@ExtraLabel:e^{+}p #rightarrow e^{+}X (NC), E_{p} = 820 GeV @XTitle: x @YTitle: #sigma_{red}  @Title:Q^{2} = 1.5 @Xlog
Plot15@Experiment:HERA1+2@ExtraLabel:e^{+}p #rightarrow e^{+}X (NC), E_{p} = 820 GeV @XTitle: x @YTitle: #sigma_{red}  @Title:Q^{2} = 2.0 @Xlog
Plot16@Experiment:HERA1+2@ExtraLabel:e^{+}p #rightarrow e^{+}X (NC), E_{p} = 820 GeV @XTitle: x @YTitle: #sigma_{red}  @Title:Q^{2} = 2.7 @Xlog
Plot17@Experiment:HERA1+2@ExtraLabel:e^{+}p #rightarrow e^{+}X (NC), E_{p} = 820 GeV @XTitle: x @YTitle: #sigma_{red}  @Title:Q^{2} = 3.5 @Xlog
Plot18@Experiment:HERA1+2@ExtraLabel:e^{+}p #rightarrow e^{+}X (NC), E_{p} = 820 GeV @XTitle: x @YTitle: #sigma_{red}  @Title:Q^{2} = 4.5 @Xlog
Plot19@Experiment:HERA1+2@ExtraLabel:e^{+}p #rightarrow e^{+}X (NC), E_{p} = 820 GeV @XTitle: x @YTitle: #sigma_{red}  @Title:Q^{2} = 6.5 @Xlog
Plot20@Experiment:HERA1+2@ExtraLabel:e^{+}p #rightarrow e^{+}X (NC), E_{p} = 820 GeV @XTitle: x @YTitle: #sigma_{red}  @Title:Q^{2} = 8.5 @Xlog
Plot21@Experiment:HERA1+2@ExtraLabel:e^{+}p #rightarrow e^{+}X (NC), E_{p} = 820 GeV @XTitle: x @YTitle: #sigma_{red}  @Title:Q^{2} = 10 @Xlog
Plot22@Experiment:HERA1+2@ExtraLabel:e^{+}p #rightarrow e^{+}X (NC), E_{p} = 820 GeV @XTitle: x @YTitle: #sigma_{red}  @Title:Q^{2} = 12  @Xlog
Plot23@Experiment:HERA1+2@ExtraLabel:e^{+}p #rightarrow e^{+}X (NC), E_{p} = 820 GeV @XTitle: x @YTitle: #sigma_{red}  @Title:Q^{2} = 15  @Xlog
Plot24@Experiment:HERA1+2@ExtraLabel:e^{+}p #rightarrow e^{+}X (NC), E_{p} = 820 GeV @XTitle: x @YTitle: #sigma_{red}  @Title:Q^{2} = 18  @Xlog
Plot25@Experiment:HERA1+2@ExtraLabel:e^{+}p #rightarrow e^{+}X (NC), E_{p} = 820 GeV @XTitle: x @YTitle: #sigma_{red}  @Title:Q^{2} = 22  @Xlog
Plot26@Experiment:HERA1+2@ExtraLabel:e^{+}p #rightarrow e^{+}X (NC), E_{p} = 820 GeV @XTitle: x @YTitle: #sigma_{red}  @Title:Q^{2} = 27  @Xlog
Plot27@Experiment:HERA1+2@ExtraLabel:e^{+}p #rightarrow e^{+}X (NC), E_{p} = 820 GeV @XTitle: x @YTitle: #sigma_{red}  @Title:Q^{2} = 35  @Xlog
Plot28@Experiment:HERA1+2@ExtraLabel:e^{+}p #rightarrow e^{+}X (NC), E_{p} = 820 GeV @XTitle: x @YTitle: #sigma_{red}  @Title:Q^{2} = 45  @Xlog
Plot29@Experiment:HERA1+2@ExtraLabel:e^{+}p #rightarrow e^{+}X (NC), E_{p} = 820 GeV @XTitle: x @YTitle: #sigma_{red}  @Title:Q^{2} = 60  @Xlog
Plot30@Experiment:HERA1+2@ExtraLabel:e^{+}p #rightarrow e^{+}X (NC), E_{p} = 820 GeV @XTitle: x @YTitle: #sigma_{red}  @Title:Q^{2} = 70  @Xlog
Plot31@Experiment:HERA1+2@ExtraLabel:e^{+}p #rightarrow e^{+}X (NC), E_{p} = 820 GeV @XTitle: x @YTitle: #sigma_{red}  @Title:Q^{2} = 90  @Xlog
Plot32@Experiment:HERA1+2@ExtraLabel:e^{+}p #rightarrow e^{+}X (NC), E_{p} = 820 GeV @XTitle: x @YTitle: #sigma_{red}  @Title:Q^{2} = 120 @Xlog
Plot33@Experiment:HERA1+2@ExtraLabel:e^{+}p #rightarrow e^{+}X (NC), E_{p} = 820 GeV @XTitle: x @YTitle: #sigma_{red}  @Title:Q^{2} = 150 @Xlog
Plot34@Experiment:HERA1+2@ExtraLabel:e^{+}p #rightarrow e^{+}X (NC), E_{p} = 820 GeV @XTitle: x @YTitle: #sigma_{red}  @Title:Q^{2} = 200 @Xlog
Plot35@Experiment:HERA1+2@ExtraLabel:e^{+}p #rightarrow e^{+}X (NC), E_{p} = 820 GeV @XTitle: x @YTitle: #sigma_{red}  @Title:Q^{2} = 250 @Xlog
Plot36@Experiment:HERA1+2@ExtraLabel:e^{+}p #rightarrow e^{+}X (NC), E_{p} = 820 GeV @XTitle: x @YTitle: #sigma_{red}  @Title:Q^{2} = 300 @Xlog
Plot37@Experiment:HERA1+2@ExtraLabel:e^{+}p #rightarrow e^{+}X (NC), E_{p} = 820 GeV @XTitle: x @YTitle: #sigma_{red}  @Title:Q^{2} = 400 @Xlog
Plot38@Experiment:HERA1+2@ExtraLabel:e^{+}p #rightarrow e^{+}X (NC), E_{p} = 820 GeV @XTitle: x @YTitle: #sigma_{red}  @Title:Q^{2} = 500 @Xlog
Plot39@Experiment:HERA1+2@ExtraLabel:e^{+}p #rightarrow e^{+}X (NC), E_{p} = 820 GeV @XTitle: x @YTitle: #sigma_{red}  @Title:Q^{2} = 650 @Xlog
Plot40@Experiment:HERA1+2@ExtraLabel:e^{+}p #rightarrow e^{+}X (NC), E_{p} = 820 GeV @XTitle: x @YTitle: #sigma_{red}  @Title:Q^{2} = 800  @Xlog
 Q2          x           y              data      +- uncor     +- tot     th orig         th mod   therr+         therr-     pull    iset       iplot
 0.27000E+01 0.40900E-04 0.73187E+00 0.96068E+00 0.61429E-01 0.75183E-01 0.86592E+00 0.86825E+00 0.00000E+00 0.00000E+00 0.15046E+01       458805  15/0.40900E-04
 0.27000E+01 0.50000E-04 0.59867E+00 0.88646E+00 0.14660E-01 0.26613E-01 0.88416E+00 0.90669E+00 0.00000E+00 0.00000E+00 -.13802E+01       458805  15/0.50000E-04
 0.27000E+01 0.80000E-04 0.37417E+00 0.90542E+00 0.30925E-01 0.36016E-01 0.86415E+00 0.88186E+00 0.00000E+00 0.00000E+00 0.76200E+00       458805  15/0.80000E-04
 0.35000E+01 0.57300E-04 0.67718E+00 0.10082E+01 0.38986E-01 0.57738E-01 0.95401E+00 0.96450E+00 0.00000E+00 0.00000E+00 0.11209E+01       458805  16/0.57300E-04
 0.35000E+01 0.80000E-04 0.48503E+00 0.98010E+00 0.14088E-01 0.22975E-01 0.94971E+00 0.95898E+00 0.00000E+00 0.00000E+00 0.14989E+01       458805  16/0.80000E-04
 0.45000E+01 0.81800E-04 0.60989E+00 0.11151E+01 0.21332E-01 0.35875E-01 0.10271E+01 0.10500E+01 0.00000E+00 0.00000E+00 0.30495E+01       458805  17/0.81800E-04
 0.45000E+01 0.13000E-03 0.38376E+00 0.10100E+01 0.19862E-01 0.23466E-01 0.98763E+00 0.10019E+01 0.00000E+00 0.00000E+00 0.41014E+00       458805  17/0.13000E-03
 0.65000E+01 0.98600E-04 0.73085E+00 0.11653E+01 0.30387E-01 0.53654E-01 0.11423E+01 0.11495E+01 0.00000E+00 0.00000E+00 0.51987E+00       458805  19/0.98600E-04
 0.65000E+01 0.13000E-03 0.55432E+00 0.11735E+01 0.14760E-01 0.26501E-01 0.11353E+01 0.11497E+01 0.00000E+00 0.00000E+00 0.16153E+01       458805  19/0.13000E-03
 0.65000E+01 0.20000E-03 0.36031E+00 0.11112E+01 0.20229E-01 0.24713E-01 0.10766E+01 0.10985E+01 0.00000E+00 0.00000E+00 0.62741E+00       458805  19/0.20000E-03
 0.85000E+01 0.13900E-03 0.67795E+00 0.11770E+01 0.23824E-01 0.63302E-01 0.12380E+01 0.12287E+01 0.00000E+00 0.00000E+00 -.21698E+01       458805  20/0.13900E-03
 0.85000E+01 0.20000E-03 0.47118E+00 0.12119E+01 0.16289E-01 0.23183E-01 0.12014E+01 0.12070E+01 0.00000E+00 0.00000E+00 0.30013E+00       458805  20/0.20000E-03
 0.10000E+02 0.13000E-03 0.85281E+00 0.11488E+01 0.52777E-01 0.74702E-01 0.12643E+01 0.12654E+01 0.00000E+00 0.00000E+00 -.22084E+01       458805  21/0.13000E-03
 0.10000E+02 0.20000E-03 0.55432E+00 0.12448E+01 0.30973E-01 0.38075E-01 0.12606E+01 0.12590E+01 0.00000E+00 0.00000E+00 -.45904E+00       458805  21/0.20000E-03
 0.12000E+02 0.16100E-03 0.82632E+00 0.12263E+01 0.68570E-01 0.70273E-01 0.13067E+01 0.12984E+01 0.00000E+00 0.00000E+00 -.10512E+01       458805  22/0.16100E-03
 0.12000E+02 0.20000E-03 0.66519E+00 0.12828E+01 0.23054E-01 0.41147E-01 0.13135E+01 0.12968E+01 0.00000E+00 0.00000E+00 -.60520E+00       458805  22/0.20000E-03
 0.12000E+02 0.32000E-03 0.41574E+00 0.12251E+01 0.20800E-01 0.25757E-01 0.12457E+01 0.12452E+01 0.00000E+00 0.00000E+00 -.96408E+00       458805  22/0.32000E-03
 0.15000E+02 0.20000E-03 0.83149E+00 0.12583E+01 0.60752E-01 0.62772E-01 0.13409E+01 0.13318E+01 0.00000E+00 0.00000E+00 -.12104E+01       458805  23/0.20000E-03
 0.15000E+02 0.24600E-03 0.67600E+00 0.13604E+01 0.26117E-01 0.38342E-01 0.13485E+01 0.13391E+01 0.00000E+00 0.00000E+00 0.81579E+00       458805  23/0.24600E-03
 0.15000E+02 0.32000E-03 0.51968E+00 0.12898E+01 0.21367E-01 0.27982E-01 0.13190E+01 0.13134E+01 0.00000E+00 0.00000E+00 -.11054E+01       458805  23/0.32000E-03
 0.18000E+02 0.26800E-03 0.74461E+00 0.13182E+01 0.64618E-01 0.66655E-01 0.13715E+01 0.13633E+01 0.00000E+00 0.00000E+00 -.69846E+00       458805  24/0.26800E-03
 0.18000E+02 0.32800E-03 0.60840E+00 0.13620E+01 0.28399E-01 0.35102E-01 0.13622E+01 0.13650E+01 0.00000E+00 0.00000E+00 -.10398E+00       458805  24/0.32800E-03
 0.18000E+02 0.50000E-03 0.39911E+00 0.12656E+01 0.17348E-01 0.23974E-01 0.12832E+01 0.12780E+01 0.00000E+00 0.00000E+00 -.71759E+00       458805  24/0.50000E-03
 0.22000E+02 0.50000E-03 0.48780E+00 0.13347E+01 0.37987E-01 0.46716E-01 0.13451E+01 0.13483E+01 0.00000E+00 0.00000E+00 -.35814E+00       458805  25/0.50000E-03
 0.27000E+02 0.33500E-03 0.89354E+00 0.13887E+01 0.78842E-01 0.80668E-01 0.13895E+01 0.13810E+01 0.00000E+00 0.00000E+00 0.98216E-01       458805  26/0.33500E-03
 0.27000E+02 0.41000E-03 0.73008E+00 0.14046E+01 0.33679E-01 0.40083E-01 0.14089E+01 0.14079E+01 0.00000E+00 0.00000E+00 -.98637E-01       458805  26/0.41000E-03
 0.27000E+02 0.50000E-03 0.59867E+00 0.14071E+01 0.26136E-01 0.32622E-01 0.13943E+01 0.13939E+01 0.00000E+00 0.00000E+00 0.50496E+00       458805  26/0.50000E-03
 0.27000E+02 0.80000E-03 0.37417E+00 0.12857E+01 0.33349E-01 0.37219E-01 0.12906E+01 0.12978E+01 0.00000E+00 0.00000E+00 -.36168E+00       458805  26/0.80000E-03
 0.35000E+02 0.57400E-03 0.67600E+00 0.15068E+01 0.36612E-01 0.41642E-01 0.14167E+01 0.14144E+01 0.00000E+00 0.00000E+00 0.25233E+01       458805  27/0.57400E-03
 0.35000E+02 0.80000E-03 0.48503E+00 0.13985E+01 0.17458E-01 0.27137E-01 0.13609E+01 0.13674E+01 0.00000E+00 0.00000E+00 0.17827E+01       458805  27/0.80000E-03
 0.45000E+02 0.80000E-03 0.62361E+00 0.14864E+01 0.34439E-01 0.46625E-01 0.14071E+01 0.14287E+01 0.00000E+00 0.00000E+00 0.16767E+01       458805  28/0.80000E-03
 0.45000E+02 0.13000E-02 0.38376E+00 0.13055E+01 0.14771E-01 0.21070E-01 0.12909E+01 0.12836E+01 0.00000E+00 0.00000E+00 0.14831E+01       458805  28/0.13000E-02
 0.60000E+02 0.13000E-02 0.51168E+00 0.13950E+01 0.19773E-01 0.28439E-01 0.13519E+01 0.13585E+01 0.00000E+00 0.00000E+00 0.18456E+01       458805  29/0.13000E-02
 0.70000E+02 0.13000E-02 0.59696E+00 0.14434E+01 0.26932E-01 0.35727E-01 0.13736E+01 0.13873E+01 0.00000E+00 0.00000E+00 0.20837E+01       458805  30/0.13000E-02
 0.70000E+02 0.20000E-02 0.38803E+00 0.12619E+01 0.22160E-01 0.26292E-01 0.12564E+01 0.12570E+01 0.00000E+00 0.00000E+00 0.22208E+00       458805  30/0.20000E-02
 0.90000E+02 0.20000E-02 0.49889E+00 0.12516E+01 0.25149E-01 0.31612E-01 0.12990E+01 0.13069E+01 0.00000E+00 0.00000E+00 -.21979E+01       458805  31/0.20000E-02
 0.12000E+03 0.21200E-02 0.62754E+00 0.13233E+01 0.31131E-01 0.39525E-01 0.13101E+01 0.13132E+01 0.00000E+00 0.00000E+00 0.32437E+00       458805  32/0.21200E-02
 0.12000E+03 0.32000E-02 0.41574E+00 0.11778E+01 0.24263E-01 0.28569E-01 0.11943E+01 0.11923E+01 0.00000E+00 0.00000E+00 -.59596E+00       458805  32/0.32000E-02
 0.15000E+03 0.32000E-02 0.51968E+00 0.12028E+01 0.24396E-01 0.29938E-01 0.12190E+01 0.12233E+01 0.00000E+00 0.00000E+00 -.83980E+00       458805  33/0.32000E-02
 0.20000E+03 0.32000E-02 0.69290E+00 0.11698E+01 0.50215E-01 0.55804E-01 0.12274E+01 0.12286E+01 0.00000E+00 0.00000E+00 -.11705E+01       458805  34/0.32000E-02
 0.20000E+03 0.50000E-02 0.44346E+00 0.10717E+01 0.22374E-01 0.25906E-01 0.11049E+01 0.11003E+01 0.00000E+00 0.00000E+00 -.12771E+01       458805  34/0.50000E-02
 0.25000E+03 0.50000E-02 0.55432E+00 0.10783E+01 0.30263E-01 0.34450E-01 0.11187E+01 0.11174E+01 0.00000E+00 0.00000E+00 -.12908E+01       458805  35/0.50000E-02
 0.30000E+03 0.50000E-02 0.66519E+00 0.11264E+01 0.44524E-01 0.46722E-01 0.11198E+01 0.11304E+01 0.00000E+00 0.00000E+00 -.89137E-01       458805  36/0.50000E-02
 0.30000E+03 0.80000E-02 0.41574E+00 0.97717E+00 0.24942E-01 0.27630E-01 0.98204E+00 0.97797E+00 0.00000E+00 0.00000E+00 -.31983E-01       458805  36/0.80000E-02
 0.40000E+03 0.80000E-02 0.55432E+00 0.95590E+00 0.30360E-01 0.32105E-01 0.99355E+00 0.99565E+00 0.00000E+00 0.00000E+00 -.13092E+01       458805  37/0.80000E-02
 0.40000E+03 0.13000E-01 0.34112E+00 0.85514E+00 0.25772E-01 0.27143E-01 0.84454E+00 0.84440E+00 0.00000E+00 0.00000E+00 0.41679E+00       458805  37/0.13000E-01
 0.50000E+03 0.80000E-02 0.69290E+00 0.10206E+01 0.66731E-01 0.67979E-01 0.99026E+00 0.99243E+00 0.00000E+00 0.00000E+00 0.42212E+00       458805  38/0.80000E-02
 0.50000E+03 0.13000E-01 0.42640E+00 0.88499E+00 0.53219E-01 0.54126E-01 0.85353E+00 0.85046E+00 0.00000E+00 0.00000E+00 0.64882E+00       458805  38/0.13000E-01
 0.65000E+03 0.85000E-02 0.84779E+00 0.92142E+00 0.45882E-01 0.49563E-01 0.95686E+00 0.96363E+00 0.00000E+00 0.00000E+00 -.92002E+00       458805  39/0.85000E-02
 0.65000E+03 0.13000E-01 0.55432E+00 0.84297E+00 0.24282E-01 0.25596E-01 0.85770E+00 0.85353E+00 0.00000E+00 0.00000E+00 -.43492E+00       458805  39/0.13000E-01
 0.65000E+03 0.20000E-01 0.36031E+00 0.70434E+00 0.39113E-01 0.39839E-01 0.73626E+00 0.73374E+00 0.00000E+00 0.00000E+00 -.75166E+00       458805  39/0.20000E-01
 0.80000E+03 0.13000E-01 0.68224E+00 0.89010E+00 0.33435E-01 0.35282E-01 0.85301E+00 0.85042E+00 0.00000E+00 0.00000E+00 0.11867E+01       458805  40/0.13000E-01
 0.80000E+03 0.20000E-01 0.44346E+00 0.73601E+00 0.34750E-01 0.35533E-01 0.73959E+00 0.73837E+00 0.00000E+00 0.00000E+00 -.67947E-01       458805  40/0.20000E-01
 0.10000E+04 0.20000E-01 0.55432E+00 0.73976E+00 0.48748E-01 0.49489E-01 0.73888E+00 0.73791E+00 0.00000E+00 0.00000E+00 0.37960E-01       458805 999/0.20000E-01
 0.12000E+04 0.14000E-01 0.95027E+00 0.87216E+00 0.48914E-01 0.51931E-01 0.80451E+00 0.80626E+00 0.00000E+00 0.00000E+00 0.13472E+01       458805 999/0.14000E-01
 0.12000E+04 0.20000E-01 0.66519E+00 0.70292E+00 0.30499E-01 0.31285E-01 0.73352E+00 0.73367E+00 0.00000E+00 0.00000E+00 -.10082E+01       458805 999/0.20000E-01
 0.12000E+04 0.32000E-01 0.41574E+00 0.58867E+00 0.24939E-01 0.25402E-01 0.62203E+00 0.62393E+00 0.00000E+00 0.00000E+00 -.14137E+01       458805 999/0.32000E-01
 0.15000E+04 0.20000E-01 0.83149E+00 0.73388E+00 0.52338E-01 0.52939E-01 0.71944E+00 0.72167E+00 0.00000E+00 0.00000E+00 0.23323E+00       458805 999/0.20000E-01
 0.15000E+04 0.32000E-01 0.51968E+00 0.55558E+00 0.38047E-01 0.38426E-01 0.61877E+00 0.61721E+00 0.00000E+00 0.00000E+00 -.16200E+01       458805 999/0.32000E-01
 0.20000E+04 0.32000E-01 0.69290E+00 0.59557E+00 0.39205E-01 0.39564E-01 0.60684E+00 0.60451E+00 0.00000E+00 0.00000E+00 -.22804E+00       458805 999/0.32000E-01
 0.20000E+04 0.50000E-01 0.44346E+00 0.49555E+00 0.29396E-01 0.29718E-01 0.52017E+00 0.51954E+00 0.00000E+00 0.00000E+00 -.81617E+00       458805 999/0.50000E-01
 0.30000E+04 0.50000E-01 0.66519E+00 0.52194E+00 0.31542E-01 0.31951E-01 0.50001E+00 0.49956E+00 0.00000E+00 0.00000E+00 0.70949E+00       458805 999/0.50000E-01
 0.30000E+04 0.80000E-01 0.41574E+00 0.44374E+00 0.27138E-01 0.27387E-01 0.42697E+00 0.42677E+00 0.00000E+00 0.00000E+00 0.62547E+00       458805 999/0.80000E-01
 0.50000E+04 0.80000E-01 0.69290E+00 0.36217E+00 0.26128E-01 0.26402E-01 0.38886E+00 0.38720E+00 0.00000E+00 0.00000E+00 -.95801E+00       458805 999/0.80000E-01
 0.50000E+04 0.13000E+00 0.42640E+00 0.33232E+00 0.26952E-01 0.27169E-01 0.33286E+00 0.33495E+00 0.00000E+00 0.00000E+00 -.97628E-01       458805 999/0.13000E+00
 0.80000E+04 0.13000E+00 0.68224E+00 0.25662E+00 0.29133E-01 0.29225E-01 0.28434E+00 0.28480E+00 0.00000E+00 0.00000E+00 -.96744E+00       458805 999/0.13000E+00
 0.80000E+04 0.18000E+00 0.49273E+00 0.27786E+00 0.31835E-01 0.32002E-01 0.25532E+00 0.25804E+00 0.00000E+00 0.00000E+00 0.62256E+00       458805 999/0.18000E+00
 0.80000E+04 0.25000E+00 0.35477E+00 0.23180E+00 0.28239E-01 0.28418E-01 0.21069E+00 0.20772E+00 0.00000E+00 0.00000E+00 0.85257E+00       458805 999/0.25000E+00
 0.12000E+05 0.18000E+00 0.73910E+00 0.20883E+00 0.36568E-01 0.36669E-01 0.20335E+00 0.20344E+00 0.00000E+00 0.00000E+00 0.14742E+00       458805 999/0.18000E+00
 0.12000E+05 0.25000E+00 0.53215E+00 0.15012E+00 0.30774E-01 0.30803E-01 0.17715E+00 0.17804E+00 0.00000E+00 0.00000E+00 -.90740E+00       458805 999/0.25000E+00
 0.20000E+05 0.25000E+00 0.88692E+00 0.13614E+00 0.41958E-01 0.41999E-01 0.11503E+00 0.11486E+00 0.00000E+00 0.00000E+00 0.50710E+00       458805 999/0.25000E+00
 0.20000E+05 0.40000E+00 0.55432E+00 0.11634E+00 0.37840E-01 0.37902E-01 0.75004E-01 0.74774E-01 0.00000E+00 0.00000E+00 0.10985E+01       458805 999/0.40000E+00
 0.30000E+05 0.40000E+00 0.83149E+00 0.11116E+00 0.73049E-01 0.73070E-01 0.46510E-01 0.46464E-01 0.00000E+00 0.00000E+00 0.88565E+00       458805 999/0.40000E+00
     4737710
 HERA1+2 NCep 575                                                                                                        
Plot1@Experiment:HERA1+2@ExtraLabel:e^{+}p #rightarrow e^{+}X (NC), E_{p} = 575 GeV @XTitle: x @YTitle: #sigma_{red}  @Title:Q^{2} = 1.5 @Xlog
Plot2@Experiment:HERA1+2@ExtraLabel:e^{+}p #rightarrow e^{+}X (NC), E_{p} = 575 GeV @XTitle: x @YTitle: #sigma_{red}  @Title:Q^{2} = 2.0 @Xlog
Plot3@Experiment:HERA1+2@ExtraLabel:e^{+}p #rightarrow e^{+}X (NC), E_{p} = 575 GeV @XTitle: x @YTitle: #sigma_{red}  @Title:Q^{2} = 2.5 @Xlog
Plot4@Experiment:HERA1+2@ExtraLabel:e^{+}p #rightarrow e^{+}X (NC), E_{p} = 575 GeV @XTitle: x @YTitle: #sigma_{red}  @Title:Q^{2} = 3.5 @Xlog
Plot5@Experiment:HERA1+2@ExtraLabel:e^{+}p #rightarrow e^{+}X (NC), E_{p} = 575 GeV @XTitle: x @YTitle: #sigma_{red}  @Title:Q^{2} = 5 @Xlog
Plot6@Experiment:HERA1+2@ExtraLabel:e^{+}p #rightarrow e^{+}X (NC), E_{p} = 575 GeV @XTitle: x @YTitle: #sigma_{red}  @Title:Q^{2} = 6.5 @Xlog
Plot7@Experiment:HERA1+2@ExtraLabel:e^{+}p #rightarrow e^{+}X (NC), E_{p} = 575 GeV @XTitle: x @YTitle: #sigma_{red}  @Title:Q^{2} = 8.5 @Xlog
Plot8@Experiment:HERA1+2@ExtraLabel:e^{+}p #rightarrow e^{+}X (NC), E_{p} = 575 GeV @XTitle: x @YTitle: #sigma_{red}  @Title:Q^{2} = 12  @Xlog
Plot9@Experiment:HERA1+2@ExtraLabel:e^{+}p #rightarrow e^{+}X (NC), E_{p} = 575 GeV @XTitle: x @YTitle: #sigma_{red}  @Title:Q^{2} = 15  @Xlog
Plot10@Experiment:HERA1+2@ExtraLabel:e^{+}p #rightarrow e^{+}X (NC), E_{p} = 575 GeV @XTitle: x @YTitle: #sigma_{red}  @Title:Q^{2} = 20  @Xlog
Plot11@Experiment:HERA1+2@ExtraLabel:e^{+}p #rightarrow e^{+}X (NC), E_{p} = 575 GeV @XTitle: x @YTitle: #sigma_{red}  @Title:Q^{2} = 25  @Xlog
Plot12@Experiment:HERA1+2@ExtraLabel:e^{+}p #rightarrow e^{+}X (NC), E_{p} = 575 GeV @XTitle: x @YTitle: #sigma_{red}  @Title:Q^{2} = 35  @Xlog
Plot13@Experiment:HERA1+2@ExtraLabel:e^{+}p #rightarrow e^{+}X (NC), E_{p} = 575 GeV @XTitle: x @YTitle: #sigma_{red}  @Title:Q^{2} = 45  @Xlog
Plot14@Experiment:HERA1+2@ExtraLabel:e^{+}p #rightarrow e^{+}X (NC), E_{p} = 575 GeV @XTitle: x @YTitle: #sigma_{red}  @Title:Q^{2} = 60  @Xlog
Plot15@Experiment:HERA1+2@ExtraLabel:e^{+}p #rightarrow e^{+}X (NC), E_{p} = 575 GeV @XTitle: x @YTitle: #sigma_{red}  @Title:Q^{2} = 90  @Xlog
Plot16@Experiment:HERA1+2@ExtraLabel:e^{+}p #rightarrow e^{+}X (NC), E_{p} = 575 GeV @XTitle: x @YTitle: #sigma_{red}  @Title:Q^{2} = 120 @Xlog
Plot17@Experiment:HERA1+2@ExtraLabel:e^{+}p #rightarrow e^{+}X (NC), E_{p} = 575 GeV @XTitle: x @YTitle: #sigma_{red}  @Title:Q^{2} = 150 @Xlog
Plot18@Experiment:HERA1+2@ExtraLabel:e^{+}p #rightarrow e^{+}X (NC), E_{p} = 575 GeV @XTitle: x @YTitle: #sigma_{red}  @Title:Q^{2} = 200 @Xlog
Plot19@Experiment:HERA1+2@ExtraLabel:e^{+}p #rightarrow e^{+}X (NC), E_{p} = 575 GeV @XTitle: x @YTitle: #sigma_{red}  @Title:Q^{2} = 250 @Xlog
Plot20@Experiment:HERA1+2@ExtraLabel:e^{+}p #rightarrow e^{+}X (NC), E_{p} = 575 GeV @XTitle: x @YTitle: #sigma_{red}  @Title:Q^{2} = 300 @Xlog
Plot21@Experiment:HERA1+2@ExtraLabel:e^{+}p #rightarrow e^{+}X (NC), E_{p} = 575 GeV @XTitle: x @YTitle: #sigma_{red}  @Title:Q^{2} = 400 @Xlog
Plot22@Experiment:HERA1+2@ExtraLabel:e^{+}p #rightarrow e^{+}X (NC), E_{p} = 575 GeV @XTitle: x @YTitle: #sigma_{red}  @Title:Q^{2} = 500 @Xlog
Plot23@Experiment:HERA1+2@ExtraLabel:e^{+}p #rightarrow e^{+}X (NC), E_{p} = 575 GeV @XTitle: x @YTitle: #sigma_{red}  @Title:Q^{2} = 650 @Xlog
Plot24@Experiment:HERA1+2@ExtraLabel:e^{+}p #rightarrow e^{+}X (NC), E_{p} = 575 GeV @XTitle: x @YTitle: #sigma_{red}  @Title:Q^{2} = 800  @Xlog
 Q2          x           y              data      +- uncor     +- tot     th orig         th mod   therr+         therr-     pull    iset       iplot
 0.25000E+01 0.46500E-04 0.85002E+00 0.86473E+00 0.58095E-01 0.85988E-01 0.76581E+00 0.74322E+00 0.00000E+00 0.00000E+00 0.20916E+01      4737710   2/0.46500E-04
 0.25000E+01 0.51900E-04 0.76157E+00 0.85248E+00 0.41890E-01 0.50425E-01 0.79058E+00 0.78415E+00 0.00000E+00 0.00000E+00 0.16312E+01      4737710   2/0.51900E-04
 0.25000E+01 0.58000E-04 0.68148E+00 0.77106E+00 0.45315E-01 0.47154E-01 0.80650E+00 0.81382E+00 0.00000E+00 0.00000E+00 -.94354E+00      4737710   2/0.58000E-04
 0.35000E+01 0.65100E-04 0.85002E+00 0.91286E+00 0.61777E-01 0.93643E-01 0.87172E+00 0.84009E+00 0.00000E+00 0.00000E+00 0.11779E+01      4737710   3/0.65100E-04
 0.35000E+01 0.72700E-04 0.76116E+00 0.89358E+00 0.40500E-01 0.50977E-01 0.88936E+00 0.88786E+00 0.00000E+00 0.00000E+00 0.14124E+00      4737710   3/0.72700E-04
 0.35000E+01 0.81200E-04 0.68148E+00 0.88886E+00 0.35425E-01 0.43680E-01 0.89908E+00 0.90501E+00 0.00000E+00 0.00000E+00 -.45598E+00      4737710   3/0.81200E-04
 0.35000E+01 0.92100E-04 0.60082E+00 0.94410E+00 0.40387E-01 0.43485E-01 0.90214E+00 0.90734E+00 0.00000E+00 0.00000E+00 0.91013E+00      4737710   3/0.92100E-04
 0.35000E+01 0.10620E-03 0.52105E+00 0.97008E+00 0.60851E-01 0.64610E-01 0.89806E+00 0.90176E+00 0.00000E+00 0.00000E+00 0.11227E+01      4737710   3/0.10620E-03
 0.50000E+01 0.93100E-04 0.84910E+00 0.88713E+00 0.66393E-01 0.98785E-01 0.96943E+00 0.92456E+00 0.00000E+00 0.00000E+00 -.56370E+00      4737710   4/0.93100E-04
 0.50000E+01 0.10380E-03 0.76157E+00 0.89632E+00 0.40340E-01 0.47345E-01 0.98317E+00 0.97755E+00 0.00000E+00 0.00000E+00 -.20137E+01      4737710   4/0.10380E-03
 0.50000E+01 0.11600E-03 0.68148E+00 0.10187E+01 0.36156E-01 0.42153E-01 0.98947E+00 0.99731E+00 0.00000E+00 0.00000E+00 0.59153E+00      4737710   4/0.11600E-03
 0.50000E+01 0.13150E-03 0.60115E+00 0.96509E+00 0.33252E-01 0.38773E-01 0.98890E+00 0.10003E+01 0.00000E+00 0.00000E+00 -.10574E+01      4737710   4/0.13150E-03
 0.50000E+01 0.15170E-03 0.52110E+00 0.10197E+01 0.32274E-01 0.36836E-01 0.98094E+00 0.98689E+00 0.00000E+00 0.00000E+00 0.10167E+01      4737710   4/0.15170E-03
 0.50000E+01 0.20130E-03 0.39270E+00 0.94852E+00 0.31231E-01 0.35493E-01 0.95081E+00 0.96153E+00 0.00000E+00 0.00000E+00 -.41671E+00      4737710   4/0.20130E-03
 0.65000E+01 0.12100E-03 0.84931E+00 0.93684E+00 0.76016E-01 0.11106E+00 0.10521E+01 0.99728E+00 0.00000E+00 0.00000E+00 -.79510E+00      4737710   5/0.12100E-03
 0.65000E+01 0.13500E-03 0.76124E+00 0.10053E+01 0.42819E-01 0.50818E-01 0.10638E+01 0.10597E+01 0.00000E+00 0.00000E+00 -.12696E+01      4737710   5/0.13500E-03
 0.65000E+01 0.15090E-03 0.68103E+00 0.11045E+01 0.36840E-01 0.44503E-01 0.10679E+01 0.10715E+01 0.00000E+00 0.00000E+00 0.89552E+00      4737710   5/0.15090E-03
 0.65000E+01 0.16300E-03 0.63047E+00 0.11798E+01 0.18917E+00 0.19100E+00 0.10667E+01 0.10835E+01 0.00000E+00 0.00000E+00 0.50895E+00      4737710   5/0.16300E-03
 0.65000E+01 0.17100E-03 0.60098E+00 0.10568E+01 0.34451E-01 0.38989E-01 0.10646E+01 0.10759E+01 0.00000E+00 0.00000E+00 -.55581E+00      4737710   5/0.17100E-03
 0.65000E+01 0.18300E-03 0.56157E+00 0.11842E+01 0.20208E+00 0.20427E+00 0.10601E+01 0.10698E+01 0.00000E+00 0.00000E+00 0.56596E+00      4737710   5/0.18300E-03
 0.65000E+01 0.19730E-03 0.52087E+00 0.11123E+01 0.31498E-01 0.36668E-01 0.10534E+01 0.10628E+01 0.00000E+00 0.00000E+00 0.15705E+01      4737710   5/0.19730E-03
 0.65000E+01 0.22800E-03 0.45073E+00 0.11380E+01 0.15337E+00 0.15534E+00 0.10364E+01 0.10268E+01 0.00000E+00 0.00000E+00 0.72509E+00      4737710   5/0.22800E-03
 0.65000E+01 0.26170E-03 0.39269E+00 0.10096E+01 0.22932E-01 0.28524E-01 0.10168E+01 0.10303E+01 0.00000E+00 0.00000E+00 -.90067E+00      4737710   5/0.26170E-03
 0.85000E+01 0.15820E-03 0.84948E+00 0.10313E+01 0.82205E-01 0.13842E+00 0.11375E+01 0.10757E+01 0.00000E+00 0.00000E+00 -.54035E+00      4737710   6/0.15820E-03
 0.85000E+01 0.17650E-03 0.76140E+00 0.10582E+01 0.44954E-01 0.50462E-01 0.11474E+01 0.11409E+01 0.00000E+00 0.00000E+00 -.18397E+01      4737710   6/0.17650E-03
 0.85000E+01 0.19730E-03 0.68113E+00 0.11123E+01 0.37038E-01 0.44297E-01 0.11493E+01 0.11568E+01 0.00000E+00 0.00000E+00 -.12023E+01      4737710   6/0.19730E-03
 0.85000E+01 0.22360E-03 0.60102E+00 0.11541E+01 0.33953E-01 0.40143E-01 0.11432E+01 0.11559E+01 0.00000E+00 0.00000E+00 -.52876E-01      4737710   6/0.22360E-03
 0.85000E+01 0.24000E-03 0.55995E+00 0.11455E+01 0.98325E-01 0.10123E+00 0.11367E+01 0.11446E+01 0.00000E+00 0.00000E+00 0.91338E-02      4737710   6/0.24000E-03
 0.85000E+01 0.25800E-03 0.52088E+00 0.10410E+01 0.29099E-01 0.35576E-01 0.11284E+01 0.11301E+01 0.00000E+00 0.00000E+00 -.30634E+01      4737710   6/0.25800E-03
 0.85000E+01 0.29900E-03 0.44946E+00 0.12170E+01 0.11296E+00 0.11624E+00 0.11072E+01 0.11244E+01 0.00000E+00 0.00000E+00 0.82018E+00      4737710   6/0.29900E-03
 0.85000E+01 0.34220E-03 0.39272E+00 0.10912E+01 0.23202E-01 0.29015E-01 0.10844E+01 0.11012E+01 0.00000E+00 0.00000E+00 -.43036E+00      4737710   6/0.34220E-03
 0.85000E+01 0.43300E-03 0.31036E+00 0.10921E+01 0.11041E+00 0.11254E+00 0.10403E+01 0.10422E+01 0.00000E+00 0.00000E+00 0.45191E+00      4737710   6/0.43300E-03
 0.85000E+01 0.54090E-03 0.24845E+00 0.10217E+01 0.22684E-01 0.27974E-01 0.99651E+00 0.10153E+01 0.00000E+00 0.00000E+00 0.28185E+00      4737710   6/0.54090E-03
 0.85000E+01 0.83840E-03 0.16029E+00 0.94610E+00 0.22334E-01 0.27371E-01 0.91043E+00 0.92914E+00 0.00000E+00 0.00000E+00 0.75925E+00      4737710   6/0.83840E-03
 0.85000E+01 0.10300E-02 0.13047E+00 0.67837E+00 0.12740E+00 0.12807E+00 0.87135E+00 0.87072E+00 0.00000E+00 0.00000E+00 -.15098E+01      4737710   6/0.10300E-02
 0.85000E+01 0.13970E-02 0.96197E-01 0.82340E+00 0.27181E-01 0.30650E-01 0.81583E+00 0.83194E+00 0.00000E+00 0.00000E+00 -.31404E+00      4737710   6/0.13970E-02
 0.12000E+02 0.22330E-03 0.84963E+00 0.12926E+01 0.86701E-01 0.13001E+00 0.12042E+01 0.11669E+01 0.00000E+00 0.00000E+00 0.14504E+01      4737710   7/0.22330E-03
 0.12000E+02 0.24920E-03 0.76133E+00 0.11477E+01 0.46058E-01 0.56077E-01 0.12137E+01 0.12104E+01 0.00000E+00 0.00000E+00 -.13622E+01      4737710   7/0.24920E-03
 0.12000E+02 0.27850E-03 0.68123E+00 0.11990E+01 0.38339E-01 0.45176E-01 0.12144E+01 0.12171E+01 0.00000E+00 0.00000E+00 -.47312E+00      4737710   7/0.27850E-03
 0.12000E+02 0.29540E-03 0.64226E+00 0.11757E+01 0.62414E-01 0.68972E-01 0.12116E+01 0.12175E+01 0.00000E+00 0.00000E+00 -.66960E+00      4737710   7/0.29540E-03
 0.12000E+02 0.31560E-03 0.60115E+00 0.11929E+01 0.41481E-01 0.47327E-01 0.12064E+01 0.12182E+01 0.00000E+00 0.00000E+00 -.60899E+00      4737710   7/0.31560E-03
 0.12000E+02 0.34300E-03 0.55313E+00 0.12277E+01 0.56865E-01 0.63203E-01 0.11972E+01 0.12113E+01 0.00000E+00 0.00000E+00 0.28822E+00      4737710   7/0.34300E-03
 0.12000E+02 0.36420E-03 0.52093E+00 0.11764E+01 0.33959E-01 0.39391E-01 0.11890E+01 0.11952E+01 0.00000E+00 0.00000E+00 -.55329E+00      4737710   7/0.36420E-03
 0.12000E+02 0.42300E-03 0.44852E+00 0.12263E+01 0.64610E-01 0.69643E-01 0.11642E+01 0.11740E+01 0.00000E+00 0.00000E+00 0.80905E+00      4737710   7/0.42300E-03
 0.12000E+02 0.48310E-03 0.39272E+00 0.11244E+01 0.23325E-01 0.29637E-01 0.11386E+01 0.11552E+01 0.00000E+00 0.00000E+00 -.13221E+01      4737710   7/0.48310E-03
 0.12000E+02 0.59200E-03 0.32048E+00 0.11448E+01 0.80653E-01 0.83664E-01 0.10959E+01 0.11046E+01 0.00000E+00 0.00000E+00 0.49834E+00      4737710   7/0.59200E-03
 0.12000E+02 0.76360E-03 0.24846E+00 0.10544E+01 0.23162E-01 0.28695E-01 0.10399E+01 0.10594E+01 0.00000E+00 0.00000E+00 -.21382E+00      4737710   7/0.76360E-03
 0.12000E+02 0.91000E-03 0.20849E+00 0.96455E+00 0.84279E-01 0.86628E-01 0.10011E+01 0.10119E+01 0.00000E+00 0.00000E+00 -.56168E+00      4737710   7/0.91000E-03
 0.12000E+02 0.11840E-02 0.16024E+00 0.10198E+01 0.22827E-01 0.28272E-01 0.94395E+00 0.96287E+00 0.00000E+00 0.00000E+00 0.24937E+01      4737710   7/0.11840E-02
 0.12000E+02 0.14600E-02 0.12995E+00 0.82793E+00 0.74424E-01 0.76786E-01 0.89990E+00 0.88986E+00 0.00000E+00 0.00000E+00 -.83217E+00      4737710   7/0.14600E-02
 0.12000E+02 0.19730E-02 0.96160E-01 0.87979E+00 0.26412E-01 0.31290E-01 0.83959E+00 0.85810E+00 0.00000E+00 0.00000E+00 0.82131E+00      4737710   7/0.19730E-02
 0.15000E+02 0.27920E-03 0.84941E+00 0.11474E+01 0.84908E-01 0.11098E+00 0.12332E+01 0.12003E+01 0.00000E+00 0.00000E+00 -.62262E+00      4737710   8/0.27920E-03
 0.15000E+02 0.31150E-03 0.76133E+00 0.12836E+01 0.46994E-01 0.54066E-01 0.12425E+01 0.12387E+01 0.00000E+00 0.00000E+00 0.95450E+00      4737710   8/0.31150E-03
 0.15000E+02 0.34810E-03 0.68128E+00 0.11874E+01 0.37956E-01 0.42506E-01 0.12428E+01 0.12490E+01 0.00000E+00 0.00000E+00 -.16219E+01      4737710   8/0.34810E-03
 0.15000E+02 0.39450E-03 0.60115E+00 0.11737E+01 0.34890E-01 0.41302E-01 0.12340E+01 0.12398E+01 0.00000E+00 0.00000E+00 -.18946E+01      4737710   8/0.39450E-03
 0.15000E+02 0.42200E-03 0.56198E+00 0.12419E+01 0.41841E-01 0.49141E-01 0.12261E+01 0.12382E+01 0.00000E+00 0.00000E+00 0.89032E-01      4737710   8/0.42200E-03
 0.15000E+02 0.45520E-03 0.52099E+00 0.12590E+01 0.38706E-01 0.44365E-01 0.12151E+01 0.12253E+01 0.00000E+00 0.00000E+00 0.87107E+00      4737710   8/0.45520E-03
 0.15000E+02 0.52900E-03 0.44831E+00 0.12042E+01 0.40239E-01 0.46646E-01 0.11886E+01 0.11950E+01 0.00000E+00 0.00000E+00 0.22944E+00      4737710   8/0.52900E-03
 0.15000E+02 0.60390E-03 0.39270E+00 0.11681E+01 0.22295E-01 0.30407E-01 0.11615E+01 0.11775E+01 0.00000E+00 0.00000E+00 -.42385E+00      4737710   8/0.60390E-03
 0.15000E+02 0.76300E-03 0.31082E+00 0.11451E+01 0.48065E-01 0.53234E-01 0.11093E+01 0.11171E+01 0.00000E+00 0.00000E+00 0.58186E+00      4737710   8/0.76300E-03
 0.15000E+02 0.95450E-03 0.24846E+00 0.10423E+01 0.23204E-01 0.28646E-01 0.10571E+01 0.10768E+01 0.00000E+00 0.00000E+00 -.14871E+01      4737710   8/0.95450E-03
 0.15000E+02 0.11400E-02 0.20803E+00 0.10926E+01 0.54892E-01 0.58640E-01 0.10157E+01 0.10204E+01 0.00000E+00 0.00000E+00 0.13147E+01      4737710   8/0.11400E-02
 0.15000E+02 0.14790E-02 0.16035E+00 0.97586E+00 0.22011E-01 0.28156E-01 0.95618E+00 0.97562E+00 0.00000E+00 0.00000E+00 0.10761E-01      4737710   8/0.14790E-02
 0.15000E+02 0.18200E-02 0.13030E+00 0.84737E+00 0.50277E-01 0.53027E-01 0.91035E+00 0.90448E+00 0.00000E+00 0.00000E+00 -.11359E+01      4737710   8/0.18200E-02
 0.15000E+02 0.24660E-02 0.96170E-01 0.86079E+00 0.25252E-01 0.30603E-01 0.84630E+00 0.86349E+00 0.00000E+00 0.00000E+00 -.10679E+00      4737710   8/0.24660E-02
 0.20000E+02 0.37220E-03 0.84956E+00 0.13322E+01 0.10313E+00 0.12423E+00 0.12606E+01 0.12464E+01 0.00000E+00 0.00000E+00 0.83245E+00      4737710   9/0.37220E-03
 0.20000E+02 0.41530E-03 0.76139E+00 0.12605E+01 0.58782E-01 0.65062E-01 0.12699E+01 0.12744E+01 0.00000E+00 0.00000E+00 -.23661E+00      4737710   9/0.41530E-03
 0.20000E+02 0.46420E-03 0.68118E+00 0.12937E+01 0.50581E-01 0.54639E-01 0.12695E+01 0.12801E+01 0.00000E+00 0.00000E+00 0.26980E+00      4737710   9/0.46420E-03
 0.20000E+02 0.52610E-03 0.60104E+00 0.11424E+01 0.45747E-01 0.50669E-01 0.12595E+01 0.12681E+01 0.00000E+00 0.00000E+00 -.27481E+01      4737710   9/0.52610E-03
 0.20000E+02 0.60700E-03 0.52093E+00 0.12257E+01 0.40362E-01 0.47147E-01 0.12388E+01 0.12442E+01 0.00000E+00 0.00000E+00 -.45872E+00      4737710   9/0.60700E-03
 0.20000E+02 0.80520E-03 0.39270E+00 0.12110E+01 0.28082E-01 0.34554E-01 0.11809E+01 0.11976E+01 0.00000E+00 0.00000E+00 0.47672E+00      4737710   9/0.80520E-03
 0.20000E+02 0.12730E-02 0.24839E+00 0.10909E+01 0.25170E-01 0.31323E-01 0.10693E+01 0.10895E+01 0.00000E+00 0.00000E+00 0.55518E-01      4737710   9/0.12730E-02
 0.20000E+02 0.19730E-02 0.16027E+00 0.98243E+00 0.23029E-01 0.28880E-01 0.96216E+00 0.98137E+00 0.00000E+00 0.00000E+00 0.46063E-01      4737710   9/0.19730E-02
 0.20000E+02 0.32880E-02 0.96170E-01 0.85845E+00 0.26869E-01 0.31218E-01 0.84649E+00 0.86456E+00 0.00000E+00 0.00000E+00 -.22731E+00      4737710   9/0.32880E-02
 0.25000E+02 0.49320E-03 0.80141E+00 0.13000E+01 0.49184E-01 0.54887E-01 0.12821E+01 0.12805E+01 0.00000E+00 0.00000E+00 0.39729E+00      4737710  10/0.49320E-03
 0.25000E+02 0.57000E-03 0.69343E+00 0.13297E+01 0.55164E-01 0.59527E-01 0.12845E+01 0.12844E+01 0.00000E+00 0.00000E+00 0.82123E+00      4737710  10/0.57000E-03
 0.25000E+02 0.61650E-03 0.64113E+00 0.12585E+01 0.31984E-01 0.37560E-01 0.12794E+01 0.12874E+01 0.00000E+00 0.00000E+00 -.90315E+00      4737710  10/0.61650E-03
 0.25000E+02 0.70000E-03 0.56465E+00 0.13251E+01 0.39109E-01 0.44654E-01 0.12639E+01 0.12709E+01 0.00000E+00 0.00000E+00 0.13865E+01      4737710  10/0.70000E-03
 0.25000E+02 0.75870E-03 0.52097E+00 0.12271E+01 0.40725E-01 0.46107E-01 0.12503E+01 0.12623E+01 0.00000E+00 0.00000E+00 -.86441E+00      4737710  10/0.75870E-03
 0.25000E+02 0.88000E-03 0.44916E+00 0.12476E+01 0.33677E-01 0.40081E-01 0.12202E+01 0.12276E+01 0.00000E+00 0.00000E+00 0.59350E+00      4737710  10/0.88000E-03
 0.25000E+02 0.10070E-02 0.39251E+00 0.12310E+01 0.21608E-01 0.29996E-01 0.11889E+01 0.12044E+01 0.00000E+00 0.00000E+00 0.12316E+01      4737710  10/0.10070E-02
 0.25000E+02 0.12700E-02 0.31123E+00 0.11204E+01 0.29378E-01 0.35677E-01 0.11306E+01 0.11320E+01 0.00000E+00 0.00000E+00 -.39594E+00      4737710  10/0.12700E-02
 0.25000E+02 0.15910E-02 0.24843E+00 0.11284E+01 0.27424E-01 0.32930E-01 0.10720E+01 0.10913E+01 0.00000E+00 0.00000E+00 0.13524E+01      4737710  10/0.15910E-02
 0.25000E+02 0.18400E-02 0.21481E+00 0.10422E+01 0.31323E-01 0.36896E-01 0.10343E+01 0.10366E+01 0.00000E+00 0.00000E+00 0.17774E+00      4737710  10/0.18400E-02
 0.25000E+02 0.24660E-02 0.16028E+00 0.10195E+01 0.25017E-01 0.32252E-01 0.96029E+00 0.98039E+00 0.00000E+00 0.00000E+00 0.15632E+01      4737710  10/0.24660E-02
 0.25000E+02 0.30000E-02 0.13175E+00 0.92016E+00 0.28684E-01 0.33985E-01 0.91263E+00 0.90583E+00 0.00000E+00 0.00000E+00 0.49960E+00      4737710  10/0.30000E-02
 0.25000E+02 0.41100E-02 0.96170E-01 0.89239E+00 0.30134E-01 0.34012E-01 0.84013E+00 0.85548E+00 0.00000E+00 0.00000E+00 0.12248E+01      4737710  10/0.41100E-02
 0.35000E+02 0.65140E-03 0.84949E+00 0.13221E+01 0.10525E+00 0.12263E+00 0.12873E+01 0.13220E+01 0.00000E+00 0.00000E+00 0.11418E-02      4737710  11/0.65140E-03
 0.35000E+02 0.72680E-03 0.76136E+00 0.13017E+01 0.67356E-01 0.71101E-01 0.12948E+01 0.12825E+01 0.00000E+00 0.00000E+00 0.28452E+00      4737710  11/0.72680E-03
 0.35000E+02 0.81230E-03 0.68123E+00 0.13272E+01 0.43862E-01 0.48330E-01 0.12919E+01 0.13016E+01 0.00000E+00 0.00000E+00 0.58346E+00      4737710  11/0.81230E-03
 0.35000E+02 0.92060E-03 0.60109E+00 0.13285E+01 0.40340E-01 0.44845E-01 0.12786E+01 0.12920E+01 0.00000E+00 0.00000E+00 0.90427E+00      4737710  11/0.92060E-03
 0.35000E+02 0.10000E-02 0.55336E+00 0.12166E+01 0.41778E-01 0.45268E-01 0.12653E+01 0.12687E+01 0.00000E+00 0.00000E+00 -.12472E+01      4737710  11/0.10000E-02
 0.35000E+02 0.10620E-02 0.52105E+00 0.13193E+01 0.45460E-01 0.51061E-01 0.12538E+01 0.12691E+01 0.00000E+00 0.00000E+00 0.11051E+01      4737710  11/0.10620E-02
 0.35000E+02 0.12300E-02 0.44989E+00 0.12474E+01 0.35937E-01 0.40609E-01 0.12213E+01 0.12343E+01 0.00000E+00 0.00000E+00 0.36367E+00      4737710  11/0.12300E-02
 0.35000E+02 0.14090E-02 0.39273E+00 0.12406E+01 0.22396E-01 0.29070E-01 0.11873E+01 0.12008E+01 0.00000E+00 0.00000E+00 0.17775E+01      4737710  11/0.14090E-02
 0.35000E+02 0.18000E-02 0.30742E+00 0.11199E+01 0.25367E-01 0.31192E-01 0.11215E+01 0.11277E+01 0.00000E+00 0.00000E+00 -.30830E+00      4737710  11/0.18000E-02
 0.35000E+02 0.22270E-02 0.24848E+00 0.11111E+01 0.28103E-01 0.33574E-01 0.10628E+01 0.10832E+01 0.00000E+00 0.00000E+00 0.99277E+00      4737710  11/0.22270E-02
 0.35000E+02 0.27000E-02 0.20495E+00 0.98176E+00 0.24383E-01 0.29569E-01 0.10103E+01 0.10078E+01 0.00000E+00 0.00000E+00 -.10699E+01      4737710  11/0.27000E-02
 0.35000E+02 0.34520E-02 0.16030E+00 0.96409E+00 0.25527E-01 0.30149E-01 0.94537E+00 0.96270E+00 0.00000E+00 0.00000E+00 0.54458E-01      4737710  11/0.34520E-02
 0.35000E+02 0.43000E-02 0.12869E+00 0.86229E+00 0.18525E-01 0.24615E-01 0.88979E+00 0.88288E+00 0.00000E+00 0.00000E+00 -.11114E+01      4737710  11/0.43000E-02
 0.35000E+02 0.57540E-02 0.96170E-01 0.86065E+00 0.31963E-01 0.37616E-01 0.82017E+00 0.83902E+00 0.00000E+00 0.00000E+00 0.67662E+00      4737710  11/0.57540E-02
 0.45000E+02 0.83750E-03 0.84951E+00 0.14321E+01 0.98450E-01 0.11170E+00 0.12859E+01 0.13264E+01 0.00000E+00 0.00000E+00 0.10741E+01      4737710  12/0.83750E-03
 0.45000E+02 0.93440E-03 0.76141E+00 0.13197E+01 0.71021E-01 0.74812E-01 0.12918E+01 0.13185E+01 0.00000E+00 0.00000E+00 0.16466E-01      4737710  12/0.93440E-03
 0.45000E+02 0.10440E-02 0.68148E+00 0.13485E+01 0.55826E-01 0.58289E-01 0.12872E+01 0.13038E+01 0.00000E+00 0.00000E+00 0.80113E+00      4737710  12/0.10440E-02
 0.45000E+02 0.11840E-02 0.60090E+00 0.12982E+01 0.42765E-01 0.46329E-01 0.12720E+01 0.12861E+01 0.00000E+00 0.00000E+00 0.28207E+00      4737710  12/0.11840E-02
 0.45000E+02 0.12700E-02 0.56021E+00 0.12859E+01 0.46390E-01 0.49254E-01 0.12599E+01 0.12747E+01 0.00000E+00 0.00000E+00 0.24043E+00      4737710  12/0.12700E-02
 0.45000E+02 0.13660E-02 0.52084E+00 0.12921E+01 0.48896E-01 0.52954E-01 0.12451E+01 0.12581E+01 0.00000E+00 0.00000E+00 0.69516E+00      4737710  12/0.13660E-02
 0.45000E+02 0.15850E-02 0.44887E+00 0.11919E+01 0.42619E-01 0.45368E-01 0.12102E+01 0.12212E+01 0.00000E+00 0.00000E+00 -.68648E+00      4737710  12/0.15850E-02
 0.45000E+02 0.18120E-02 0.39264E+00 0.11783E+01 0.22063E-01 0.27670E-01 0.11751E+01 0.11906E+01 0.00000E+00 0.00000E+00 -.55964E+00      4737710  12/0.18120E-02
 0.45000E+02 0.22900E-02 0.31068E+00 0.11136E+01 0.26886E-01 0.31106E-01 0.11096E+01 0.11134E+01 0.00000E+00 0.00000E+00 0.81861E-02      4737710  12/0.22900E-02
 0.45000E+02 0.28640E-02 0.24842E+00 0.11026E+01 0.28210E-01 0.33477E-01 0.10458E+01 0.10649E+01 0.00000E+00 0.00000E+00 0.13363E+01      4737710  12/0.28640E-02
 0.45000E+02 0.33000E-02 0.21559E+00 0.10060E+01 0.24356E-01 0.28664E-01 0.10058E+01 0.10047E+01 0.00000E+00 0.00000E+00 0.51734E-01      4737710  12/0.33000E-02
 0.45000E+02 0.44390E-02 0.16028E+00 0.94015E+00 0.25217E-01 0.29881E-01 0.92491E+00 0.94230E+00 0.00000E+00 0.00000E+00 -.85447E-01      4737710  12/0.44390E-02
 0.45000E+02 0.55000E-02 0.12936E+00 0.89033E+00 0.19706E-01 0.24948E-01 0.86931E+00 0.86295E+00 0.00000E+00 0.00000E+00 0.13896E+01      4737710  12/0.55000E-02
 0.45000E+02 0.73980E-02 0.96170E-01 0.82825E+00 0.31884E-01 0.37023E-01 0.79726E+00 0.81485E+00 0.00000E+00 0.00000E+00 0.42030E+00      4737710  12/0.73980E-02
 0.60000E+02 0.11170E-02 0.84925E+00 0.12762E+01 0.98865E-01 0.10810E+00 0.12746E+01 0.13175E+01 0.00000E+00 0.00000E+00 -.41807E+00      4737710  13/0.11170E-02
 0.60000E+02 0.12460E-02 0.76133E+00 0.14192E+01 0.67662E-01 0.73935E-01 0.12780E+01 0.13039E+01 0.00000E+00 0.00000E+00 0.17037E+01      4737710  13/0.12460E-02
 0.60000E+02 0.13920E-02 0.68148E+00 0.13581E+01 0.65222E-01 0.69014E-01 0.12712E+01 0.12969E+01 0.00000E+00 0.00000E+00 0.93909E+00      4737710  13/0.13920E-02
 0.60000E+02 0.15780E-02 0.60115E+00 0.13242E+01 0.63077E-01 0.65125E-01 0.12536E+01 0.12675E+01 0.00000E+00 0.00000E+00 0.89852E+00      4737710  13/0.15780E-02
 0.60000E+02 0.17100E-02 0.55475E+00 0.12972E+01 0.55194E-01 0.58133E-01 0.12382E+01 0.12608E+01 0.00000E+00 0.00000E+00 0.65938E+00      4737710  13/0.17100E-02
 0.60000E+02 0.18210E-02 0.52093E+00 0.12600E+01 0.62221E-01 0.65401E-01 0.12243E+01 0.12404E+01 0.00000E+00 0.00000E+00 0.31492E+00      4737710  13/0.18210E-02
 0.60000E+02 0.21100E-02 0.44958E+00 0.11150E+01 0.43145E-01 0.45526E-01 0.11875E+01 0.12045E+01 0.00000E+00 0.00000E+00 -.20743E+01      4737710  13/0.21100E-02
 0.60000E+02 0.24160E-02 0.39264E+00 0.11691E+01 0.24614E-01 0.29156E-01 0.11502E+01 0.11668E+01 0.00000E+00 0.00000E+00 0.91925E-01      4737710  13/0.24160E-02
 0.60000E+02 0.30500E-02 0.31102E+00 0.10977E+01 0.30712E-01 0.33692E-01 0.10824E+01 0.10871E+01 0.00000E+00 0.00000E+00 0.34421E+00      4737710  13/0.30500E-02
 0.60000E+02 0.38180E-02 0.24846E+00 0.10154E+01 0.28169E-01 0.32654E-01 0.10163E+01 0.10345E+01 0.00000E+00 0.00000E+00 -.67836E+00      4737710  13/0.38180E-02
 0.60000E+02 0.46000E-02 0.20622E+00 0.94876E+00 0.26070E-01 0.29090E-01 0.96277E+00 0.96276E+00 0.00000E+00 0.00000E+00 -.53715E+00      4737710  13/0.46000E-02
 0.60000E+02 0.59180E-02 0.16029E+00 0.99360E+00 0.27606E-01 0.32165E-01 0.89305E+00 0.91067E+00 0.00000E+00 0.00000E+00 0.30041E+01      4737710  13/0.59180E-02
 0.60000E+02 0.73000E-02 0.12995E+00 0.81661E+00 0.18569E-01 0.23493E-01 0.83792E+00 0.82844E+00 0.00000E+00 0.00000E+00 -.63715E+00      4737710  13/0.73000E-02
 0.60000E+02 0.98640E-02 0.96170E-01 0.77303E+00 0.31674E-01 0.34485E-01 0.76419E+00 0.77767E+00 0.00000E+00 0.00000E+00 -.14638E+00      4737710  13/0.98640E-02
 0.90000E+02 0.16719E-02 0.85108E+00 0.13269E+01 0.11062E+00 0.11936E+00 0.12399E+01 0.12816E+01 0.00000E+00 0.00000E+00 0.40973E+00      4737710  14/0.16719E-02
 0.90000E+02 0.18690E-02 0.76133E+00 0.13915E+01 0.71654E-01 0.76665E-01 0.12391E+01 0.12717E+01 0.00000E+00 0.00000E+00 0.16719E+01      4737710  14/0.18690E-02
 0.90000E+02 0.20890E-02 0.68115E+00 0.12992E+01 0.60446E-01 0.65115E-01 0.12285E+01 0.12628E+01 0.00000E+00 0.00000E+00 0.60301E+00      4737710  14/0.20890E-02
 0.90000E+02 0.23670E-02 0.60115E+00 0.13050E+01 0.63047E-01 0.67348E-01 0.12075E+01 0.12436E+01 0.00000E+00 0.00000E+00 0.97372E+00      4737710  14/0.23670E-02
 0.90000E+02 0.25000E-02 0.56917E+00 0.11533E+01 0.60709E-01 0.62394E-01 0.11959E+01 0.12014E+01 0.00000E+00 0.00000E+00 -.79170E+00      4737710  14/0.25000E-02
 0.90000E+02 0.30000E-02 0.47431E+00 0.11593E+01 0.52530E-01 0.54823E-01 0.11502E+01 0.11706E+01 0.00000E+00 0.00000E+00 -.21442E+00      4737710  14/0.30000E-02
 0.90000E+02 0.36230E-02 0.39275E+00 0.11243E+01 0.30175E-01 0.33226E-01 0.10962E+01 0.11069E+01 0.00000E+00 0.00000E+00 0.57721E+00      4737710  14/0.36230E-02
 0.90000E+02 0.46000E-02 0.30933E+00 0.10178E+01 0.33295E-01 0.35670E-01 0.10244E+01 0.10273E+01 0.00000E+00 0.00000E+00 -.28383E+00      4737710  14/0.46000E-02
 0.90000E+02 0.57270E-02 0.24846E+00 0.92170E+00 0.28641E-01 0.32175E-01 0.95866E+00 0.97711E+00 0.00000E+00 0.00000E+00 -.19346E+01      4737710  14/0.57270E-02
 0.90000E+02 0.64000E-02 0.22233E+00 0.94845E+00 0.28878E-01 0.31682E-01 0.92604E+00 0.92383E+00 0.00000E+00 0.00000E+00 0.85244E+00      4737710  14/0.64000E-02
 0.90000E+02 0.88770E-02 0.16029E+00 0.87069E+00 0.26708E-01 0.30373E-01 0.83444E+00 0.85100E+00 0.00000E+00 0.00000E+00 0.73725E+00      4737710  14/0.88770E-02
 0.90000E+02 0.10900E-01 0.13054E+00 0.75796E+00 0.19776E-01 0.23165E-01 0.78092E+00 0.77465E+00 0.00000E+00 0.00000E+00 -.84379E+00      4737710  14/0.10900E-01
 0.90000E+02 0.14800E-01 0.96144E-01 0.75583E+00 0.34498E-01 0.36601E-01 0.70741E+00 0.72129E+00 0.00000E+00 0.00000E+00 0.10013E+01      4737710  14/0.14800E-01
 0.12000E+03 0.22000E-02 0.86238E+00 0.13897E+01 0.12245E+00 0.12995E+00 0.12019E+01 0.12450E+01 0.00000E+00 0.00000E+00 0.11817E+01      4737710  15/0.22000E-02
 0.12000E+03 0.25000E-02 0.75889E+00 0.11837E+01 0.94190E-01 0.99890E-01 0.11977E+01 0.12456E+01 0.00000E+00 0.00000E+00 -.65702E+00      4737710  15/0.25000E-02
 0.12000E+03 0.27000E-02 0.70268E+00 0.10805E+01 0.10387E+00 0.10476E+00 0.11891E+01 0.11978E+01 0.00000E+00 0.00000E+00 -.11294E+01      4737710  15/0.27000E-02
 0.12000E+03 0.28000E-02 0.67758E+00 0.11758E+01 0.84205E-01 0.90249E-01 0.11837E+01 0.12348E+01 0.00000E+00 0.00000E+00 -.70029E+00      4737710  15/0.28000E-02
 0.12000E+03 0.30000E-02 0.63241E+00 0.11813E+01 0.93405E-01 0.95318E-01 0.11715E+01 0.11968E+01 0.00000E+00 0.00000E+00 -.16612E+00      4737710  15/0.30000E-02
 0.12000E+03 0.32000E-02 0.59289E+00 0.11183E+01 0.75167E-01 0.81310E-01 0.11581E+01 0.12107E+01 0.00000E+00 0.00000E+00 -.12286E+01      4737710  15/0.32000E-02
 0.12000E+03 0.34000E-02 0.55801E+00 0.11340E+01 0.68220E-01 0.69795E-01 0.11440E+01 0.11621E+01 0.00000E+00 0.00000E+00 -.41218E+00      4737710  15/0.34000E-02
 0.12000E+03 0.36000E-02 0.52701E+00 0.11921E+01 0.70762E-01 0.78184E-01 0.11296E+01 0.11831E+01 0.00000E+00 0.00000E+00 0.12745E+00      4737710  15/0.36000E-02
 0.12000E+03 0.42000E-02 0.45172E+00 0.11385E+01 0.59793E-01 0.61421E-01 0.10872E+01 0.10991E+01 0.00000E+00 0.00000E+00 0.65858E+00      4737710  15/0.42000E-02
 0.12000E+03 0.48000E-02 0.39526E+00 0.10714E+01 0.36615E-01 0.40063E-01 0.10478E+01 0.10694E+01 0.00000E+00 0.00000E+00 0.55725E-01      4737710  15/0.48000E-02
 0.12000E+03 0.59000E-02 0.32157E+00 0.98536E+00 0.36326E-01 0.38459E-01 0.98524E+00 0.98903E+00 0.00000E+00 0.00000E+00 -.10099E+00      4737710  15/0.59000E-02
 0.12000E+03 0.80000E-02 0.23715E+00 0.86922E+00 0.28421E-01 0.31133E-01 0.89417E+00 0.89266E+00 0.00000E+00 0.00000E+00 -.82473E+00      4737710  15/0.80000E-02
 0.12000E+03 0.13000E-01 0.14594E+00 0.72207E+00 0.22554E-01 0.25671E-01 0.76108E+00 0.75414E+00 0.00000E+00 0.00000E+00 -.14217E+01      4737710  15/0.13000E-01
 0.15000E+03 0.28000E-02 0.84698E+00 0.13125E+01 0.13848E+00 0.14624E+00 0.11658E+01 0.12026E+01 0.00000E+00 0.00000E+00 0.79395E+00      4737710  16/0.28000E-02
 0.15000E+03 0.31000E-02 0.76501E+00 0.11836E+01 0.11413E+00 0.11909E+00 0.11596E+01 0.12060E+01 0.00000E+00 0.00000E+00 -.19612E+00      4737710  16/0.31000E-02
 0.15000E+03 0.35000E-02 0.67758E+00 0.13349E+01 0.10494E+00 0.11120E+00 0.11429E+01 0.11930E+01 0.00000E+00 0.00000E+00 0.13517E+01      4737710  16/0.35000E-02
 0.15000E+03 0.39000E-02 0.60809E+00 0.12567E+01 0.89817E-01 0.96309E-01 0.11213E+01 0.11717E+01 0.00000E+00 0.00000E+00 0.94674E+00      4737710  16/0.39000E-02
 0.15000E+03 0.45000E-02 0.52701E+00 0.10503E+01 0.74107E-01 0.79620E-01 0.10861E+01 0.11358E+01 0.00000E+00 0.00000E+00 -.11539E+01      4737710  16/0.45000E-02
 0.15000E+03 0.60000E-02 0.39526E+00 0.10250E+01 0.39753E-01 0.48943E-01 0.10032E+01 0.10499E+01 0.00000E+00 0.00000E+00 -.62754E+00      4737710  16/0.60000E-02
 0.15000E+03 0.80000E-02 0.29644E+00 0.97292E+00 0.39871E-01 0.48308E-01 0.91638E+00 0.96050E+00 0.00000E+00 0.00000E+00 0.31148E+00      4737710  16/0.80000E-02
 0.15000E+03 0.13000E-01 0.18243E+00 0.86345E+00 0.47638E-01 0.53441E-01 0.77830E+00 0.81358E+00 0.00000E+00 0.00000E+00 0.10468E+01      4737710  16/0.13000E-01
 0.15000E+03 0.20000E-01 0.11858E+00 0.79350E+00 0.59619E-01 0.63849E-01 0.67186E+00 0.70316E+00 0.00000E+00 0.00000E+00 0.15153E+01      4737710  16/0.20000E-01
 0.20000E+03 0.37000E-02 0.85461E+00 0.13183E+01 0.17230E+00 0.17949E+00 0.11123E+01 0.11448E+01 0.00000E+00 0.00000E+00 0.10070E+01      4737710  17/0.37000E-02
 0.20000E+03 0.41000E-02 0.77123E+00 0.13112E+01 0.15252E+00 0.15744E+00 0.11035E+01 0.11472E+01 0.00000E+00 0.00000E+00 0.10755E+01      4737710  17/0.41000E-02
 0.20000E+03 0.46000E-02 0.68740E+00 0.10679E+01 0.11973E+00 0.12329E+00 0.10858E+01 0.11326E+01 0.00000E+00 0.00000E+00 -.54015E+00      4737710  17/0.46000E-02
 0.20000E+03 0.52000E-02 0.60809E+00 0.11802E+01 0.10714E+00 0.11202E+00 0.10599E+01 0.11079E+01 0.00000E+00 0.00000E+00 0.67517E+00      4737710  17/0.52000E-02
 0.20000E+03 0.61000E-02 0.51837E+00 0.11162E+01 0.92378E-01 0.97415E-01 0.10190E+01 0.10651E+01 0.00000E+00 0.00000E+00 0.55327E+00      4737710  17/0.61000E-02
 0.20000E+03 0.80000E-02 0.39526E+00 0.96912E+00 0.46191E-01 0.53506E-01 0.94047E+00 0.98468E+00 0.00000E+00 0.00000E+00 -.33676E+00      4737710  17/0.80000E-02
 0.20000E+03 0.13000E-01 0.24324E+00 0.87552E+00 0.40208E-01 0.47092E-01 0.79876E+00 0.83696E+00 0.00000E+00 0.00000E+00 0.95901E+00      4737710  17/0.13000E-01
 0.20000E+03 0.20000E-01 0.15810E+00 0.76545E+00 0.38232E-01 0.43820E-01 0.68692E+00 0.71760E+00 0.00000E+00 0.00000E+00 0.12517E+01      4737710  17/0.20000E-01
 0.20000E+03 0.32000E-01 0.98814E-01 0.61888E+00 0.34345E-01 0.38418E-01 0.58450E+00 0.61000E+00 0.00000E+00 0.00000E+00 0.25869E+00      4737710  17/0.32000E-01
 0.20000E+03 0.50000E-01 0.63241E-01 0.50726E+00 0.32700E-01 0.35640E-01 0.50554E+00 0.52824E+00 0.00000E+00 0.00000E+00 -.64159E+00      4737710  17/0.50000E-01
 0.20000E+03 0.80000E-01 0.39526E-01 0.41852E+00 0.31656E-01 0.33776E-01 0.43739E+00 0.45514E+00 0.00000E+00 0.00000E+00 -.11568E+01      4737710  17/0.80000E-01
 0.20000E+03 0.13000E+00 0.24324E-01 0.38393E+00 0.28448E-01 0.30480E-01 0.37414E+00 0.38995E+00 0.00000E+00 0.00000E+00 -.21178E+00      4737710  17/0.13000E+00
 0.20000E+03 0.18000E+00 0.17567E-01 0.31120E+00 0.29699E-01 0.31124E-01 0.32750E+00 0.34622E+00 0.00000E+00 0.00000E+00 -.11792E+01      4737710  17/0.18000E+00
 0.20000E+03 0.40000E+00 0.79051E-02 0.19826E+00 0.22608E-01 0.23570E-01 0.14972E+00 0.15984E+00 0.00000E+00 0.00000E+00 0.16995E+01      4737710  17/0.40000E+00
 0.25000E+03 0.46000E-02 0.85925E+00 0.87541E+00 0.16980E+00 0.17416E+00 0.10658E+01 0.10924E+01 0.00000E+00 0.00000E+00 -.12781E+01      4737710  18/0.46000E-02
 0.25000E+03 0.52000E-02 0.76011E+00 0.10977E+01 0.15465E+00 0.15859E+00 0.10523E+01 0.10910E+01 0.00000E+00 0.00000E+00 0.43087E-01      4737710  18/0.52000E-02
 0.25000E+03 0.58000E-02 0.68148E+00 0.95633E+00 0.13234E+00 0.13495E+00 0.10333E+01 0.10785E+01 0.00000E+00 0.00000E+00 -.92296E+00      4737710  18/0.58000E-02
 0.25000E+03 0.66000E-02 0.59887E+00 0.95445E+00 0.11055E+00 0.11367E+00 0.10042E+01 0.10499E+01 0.00000E+00 0.00000E+00 -.86293E+00      4737710  18/0.66000E-02
 0.25000E+03 0.76000E-02 0.52007E+00 0.10249E+01 0.10012E+00 0.10406E+00 0.96739E+00 0.10114E+01 0.00000E+00 0.00000E+00 0.13504E+00      4737710  18/0.76000E-02
 0.25000E+03 0.10000E-01 0.39526E+00 0.95951E+00 0.50305E-01 0.56952E-01 0.88865E+00 0.92984E+00 0.00000E+00 0.00000E+00 0.58978E+00      4737710  18/0.10000E-01
 0.25000E+03 0.13000E-01 0.30404E+00 0.85384E+00 0.44422E-01 0.50384E-01 0.81274E+00 0.85013E+00 0.00000E+00 0.00000E+00 0.83445E-01      4737710  18/0.13000E-01
 0.25000E+03 0.20000E-01 0.19763E+00 0.76978E+00 0.41761E-01 0.46979E-01 0.69764E+00 0.72999E+00 0.00000E+00 0.00000E+00 0.95275E+00      4737710  18/0.20000E-01
 0.25000E+03 0.32000E-01 0.12352E+00 0.62960E+00 0.36590E-01 0.40640E-01 0.59132E+00 0.61799E+00 0.00000E+00 0.00000E+00 0.31718E+00      4737710  18/0.32000E-01
 0.25000E+03 0.50000E-01 0.79051E-01 0.54922E+00 0.32900E-01 0.36334E-01 0.50936E+00 0.53229E+00 0.00000E+00 0.00000E+00 0.51457E+00      4737710  18/0.50000E-01
 0.25000E+03 0.80000E-01 0.49407E-01 0.46487E+00 0.30252E-01 0.32949E-01 0.43865E+00 0.45678E+00 0.00000E+00 0.00000E+00 0.26748E+00      4737710  18/0.80000E-01
 0.25000E+03 0.13000E+00 0.30404E-01 0.39288E+00 0.24863E-01 0.27233E-01 0.37341E+00 0.38815E+00 0.00000E+00 0.00000E+00 0.19015E+00      4737710  18/0.13000E+00
 0.25000E+03 0.18000E+00 0.21959E-01 0.36459E+00 0.26326E-01 0.28411E-01 0.32566E+00 0.34206E+00 0.00000E+00 0.00000E+00 0.85580E+00      4737710  18/0.18000E+00
 0.25000E+03 0.40000E+00 0.98814E-02 0.16729E+00 0.17714E-01 0.18749E-01 0.14680E+00 0.15703E+00 0.00000E+00 0.00000E+00 0.57925E+00      4737710  18/0.40000E+00
 0.30000E+03 0.56000E-02 0.84698E+00 0.12260E+01 0.19347E+00 0.19905E+00 0.10236E+01 0.10545E+01 0.00000E+00 0.00000E+00 0.88636E+00      4737710  19/0.56000E-02
 0.30000E+03 0.62000E-02 0.76501E+00 0.88208E+00 0.15863E+00 0.16095E+00 0.10106E+01 0.10480E+01 0.00000E+00 0.00000E+00 -.10462E+01      4737710  19/0.62000E-02
 0.30000E+03 0.69000E-02 0.68740E+00 0.97889E+00 0.14583E+00 0.14836E+00 0.99107E+00 0.10371E+01 0.00000E+00 0.00000E+00 -.39948E+00      4737710  19/0.69000E-02
 0.30000E+03 0.79000E-02 0.60039E+00 0.10459E+01 0.13389E+00 0.13702E+00 0.96033E+00 0.10050E+01 0.00000E+00 0.00000E+00 0.30509E+00      4737710  19/0.79000E-02
 0.30000E+03 0.91000E-02 0.52122E+00 0.86827E+00 0.10489E+00 0.10764E+00 0.92335E+00 0.96599E+00 0.00000E+00 0.00000E+00 -.93161E+00      4737710  19/0.91000E-02
 0.30000E+03 0.12100E-01 0.39199E+00 0.91173E+00 0.55636E-01 0.61140E-01 0.84290E+00 0.88149E+00 0.00000E+00 0.00000E+00 0.54356E+00      4737710  19/0.12100E-01
 0.30000E+03 0.20000E-01 0.23715E+00 0.66705E+00 0.42632E-01 0.46525E-01 0.70567E+00 0.73909E+00 0.00000E+00 0.00000E+00 -.16898E+01      4737710  19/0.20000E-01
 0.30000E+03 0.32000E-01 0.14822E+00 0.62543E+00 0.41382E-01 0.44911E-01 0.59659E+00 0.62287E+00 0.00000E+00 0.00000E+00 0.61928E-01      4737710  19/0.32000E-01
 0.30000E+03 0.50000E-01 0.94862E-01 0.54525E+00 0.37320E-01 0.40339E-01 0.51221E+00 0.53502E+00 0.00000E+00 0.00000E+00 0.27421E+00      4737710  19/0.50000E-01
 0.30000E+03 0.80000E-01 0.59289E-01 0.48650E+00 0.35522E-01 0.38074E-01 0.43958E+00 0.45875E+00 0.00000E+00 0.00000E+00 0.78132E+00      4737710  19/0.80000E-01
 0.30000E+03 0.13000E+00 0.36485E-01 0.37936E+00 0.27873E-01 0.29889E-01 0.37276E+00 0.38765E+00 0.00000E+00 0.00000E+00 -.29756E+00      4737710  19/0.13000E+00
 0.30000E+03 0.18000E+00 0.26350E-01 0.33025E+00 0.27403E-01 0.29087E-01 0.32416E+00 0.34082E+00 0.00000E+00 0.00000E+00 -.38584E+00      4737710  19/0.18000E+00
 0.30000E+03 0.40000E+00 0.11858E-01 0.15995E+00 0.19932E-01 0.20950E-01 0.14452E+00 0.15529E+00 0.00000E+00 0.00000E+00 0.23402E+00      4737710  19/0.40000E+00
 0.40000E+03 0.74000E-02 0.85461E+00 0.82658E+00 0.18848E+00 0.19153E+00 0.95596E+00 0.98264E+00 0.00000E+00 0.00000E+00 -.82803E+00      4737710  20/0.74000E-02
 0.40000E+03 0.83000E-02 0.76194E+00 0.60217E+00 0.13812E+00 0.13917E+00 0.93895E+00 0.97620E+00 0.00000E+00 0.00000E+00 -.27079E+01      4737710  20/0.83000E-02
 0.40000E+03 0.93000E-02 0.68001E+00 0.10262E+01 0.16423E+00 0.16667E+00 0.91646E+00 0.95653E+00 0.00000E+00 0.00000E+00 0.42421E+00      4737710  20/0.93000E-02
 0.40000E+03 0.10500E-01 0.60230E+00 0.88735E+00 0.13766E+00 0.13985E+00 0.88824E+00 0.92845E+00 0.00000E+00 0.00000E+00 -.29858E+00      4737710  20/0.10500E-01
 0.40000E+03 0.12100E-01 0.52265E+00 0.10127E+01 0.13110E+00 0.13409E+00 0.85168E+00 0.89063E+00 0.00000E+00 0.00000E+00 0.93113E+00      4737710  20/0.12100E-01
 0.40000E+03 0.16100E-01 0.39280E+00 0.88429E+00 0.62536E-01 0.67201E-01 0.77413E+00 0.80996E+00 0.00000E+00 0.00000E+00 0.11886E+01      4737710  20/0.16100E-01
 0.40000E+03 0.32000E-01 0.19763E+00 0.65000E+00 0.47068E-01 0.50454E-01 0.60394E+00 0.63230E+00 0.00000E+00 0.00000E+00 0.37607E+00      4737710  20/0.32000E-01
 0.40000E+03 0.50000E-01 0.12648E+00 0.51898E+00 0.41013E-01 0.43533E-01 0.51626E+00 0.53959E+00 0.00000E+00 0.00000E+00 -.50243E+00      4737710  20/0.50000E-01
 0.40000E+03 0.80000E-01 0.79051E-01 0.45273E+00 0.38436E-01 0.40500E-01 0.44075E+00 0.46011E+00 0.00000E+00 0.00000E+00 -.19208E+00      4737710  20/0.80000E-01
 0.40000E+03 0.13000E+00 0.48647E-01 0.37996E+00 0.31392E-01 0.33169E-01 0.37166E+00 0.38677E+00 0.00000E+00 0.00000E+00 -.21679E+00      4737710  20/0.13000E+00
 0.40000E+03 0.18000E+00 0.35134E-01 0.35323E+00 0.30634E-01 0.32289E-01 0.32181E+00 0.33706E+00 0.00000E+00 0.00000E+00 0.52786E+00      4737710  20/0.18000E+00
 0.40000E+03 0.40000E+00 0.15810E-01 0.16276E+00 0.22171E-01 0.23133E-01 0.14108E+00 0.15121E+00 0.00000E+00 0.00000E+00 0.52078E+00      4737710  20/0.40000E+00
 0.50000E+03 0.93000E-02 0.85002E+00 0.74414E+00 0.20389E+00 0.20595E+00 0.89965E+00 0.92543E+00 0.00000E+00 0.00000E+00 -.88915E+00      4737710  21/0.93000E-02
 0.50000E+03 0.10400E-01 0.76011E+00 0.73913E+00 0.16783E+00 0.16907E+00 0.88143E+00 0.92108E+00 0.00000E+00 0.00000E+00 -.10841E+01      4737710  21/0.10400E-01
 0.50000E+03 0.11600E-01 0.68148E+00 0.11883E+01 0.19158E+00 0.19440E+00 0.85931E+00 0.89810E+00 0.00000E+00 0.00000E+00 0.15148E+01      4737710  21/0.11600E-01
 0.50000E+03 0.13100E-01 0.60345E+00 0.86231E+00 0.15211E+00 0.15397E+00 0.83106E+00 0.86803E+00 0.00000E+00 0.00000E+00 -.37580E-01      4737710  21/0.13100E-01
 0.50000E+03 0.15200E-01 0.52007E+00 0.10466E+01 0.14819E+00 0.15101E+00 0.79369E+00 0.82920E+00 0.00000E+00 0.00000E+00 0.14670E+01      4737710  21/0.15200E-01
 0.50000E+03 0.20100E-01 0.39329E+00 0.73830E+00 0.66905E-01 0.69980E-01 0.72098E+00 0.75366E+00 0.00000E+00 0.00000E+00 -.22959E+00      4737710  21/0.20100E-01
 0.50000E+03 0.32000E-01 0.24704E+00 0.69086E+00 0.57751E-01 0.60871E-01 0.60868E+00 0.63641E+00 0.00000E+00 0.00000E+00 0.94281E+00      4737710  21/0.32000E-01
 0.50000E+03 0.50000E-01 0.15810E+00 0.56712E+00 0.50128E-01 0.52557E-01 0.51888E+00 0.54131E+00 0.00000E+00 0.00000E+00 0.51490E+00      4737710  21/0.50000E-01
 0.50000E+03 0.80000E-01 0.98814E-01 0.45383E+00 0.43865E-01 0.45658E-01 0.44141E+00 0.46019E+00 0.00000E+00 0.00000E+00 -.14507E+00      4737710  21/0.80000E-01
 0.50000E+03 0.13000E+00 0.60809E-01 0.38745E+00 0.44013E-01 0.45335E-01 0.37071E+00 0.38668E+00 0.00000E+00 0.00000E+00 0.17439E-01      4737710  21/0.13000E+00
 0.50000E+03 0.18000E+00 0.43917E-01 0.35110E+00 0.39889E-01 0.41117E-01 0.31998E+00 0.33262E+00 0.00000E+00 0.00000E+00 0.46329E+00      4737710  21/0.18000E+00
 0.50000E+03 0.25000E+00 0.31621E-01 0.23686E+00 0.31854E-01 0.32571E-01 0.25739E+00 0.26934E+00 0.00000E+00 0.00000E+00 -.10196E+01      4737710  21/0.25000E+00
 0.50000E+03 0.40000E+00 0.19763E-01 0.18242E+00 0.29595E-01 0.30318E-01 0.13856E+00 0.14697E+00 0.00000E+00 0.00000E+00 0.11977E+01      4737710  21/0.40000E+00
 0.50000E+03 0.65000E+00 0.12162E-01 0.22579E-01 0.62899E-02 0.63783E-02 0.22435E-01 0.24261E-01 0.00000E+00 0.00000E+00 -.26746E+00      4737710  21/0.65000E+00
 0.65000E+03 0.12100E-01 0.84931E+00 0.50105E+00 0.19161E+00 0.19219E+00 0.83273E+00 0.86228E+00 0.00000E+00 0.00000E+00 -.18852E+01      4737710  22/0.12100E-01
 0.65000E+03 0.13500E-01 0.76124E+00 0.70451E+00 0.19831E+00 0.19927E+00 0.81368E+00 0.84833E+00 0.00000E+00 0.00000E+00 -.72520E+00      4737710  22/0.13500E-01
 0.65000E+03 0.15100E-01 0.68057E+00 0.68769E+00 0.17191E+00 0.17296E+00 0.79080E+00 0.82497E+00 0.00000E+00 0.00000E+00 -.79855E+00      4737710  22/0.15100E-01
 0.65000E+03 0.17100E-01 0.60098E+00 0.70065E+00 0.14911E+00 0.15037E+00 0.76247E+00 0.79717E+00 0.00000E+00 0.00000E+00 -.64733E+00      4737710  22/0.17100E-01
 0.65000E+03 0.19700E-01 0.52166E+00 0.48422E+00 0.10934E+00 0.11016E+00 0.72839E+00 0.76133E+00 0.00000E+00 0.00000E+00 -.25344E+01      4737710  22/0.19700E-01
 0.65000E+03 0.26100E-01 0.39374E+00 0.64016E+00 0.68849E-01 0.71111E-01 0.65993E+00 0.69027E+00 0.00000E+00 0.00000E+00 -.72780E+00      4737710  22/0.26100E-01
 0.65000E+03 0.50000E-01 0.20553E+00 0.46856E+00 0.54570E-01 0.56117E-01 0.52121E+00 0.54535E+00 0.00000E+00 0.00000E+00 -.14073E+01      4737710  22/0.50000E-01
 0.65000E+03 0.80000E-01 0.12846E+00 0.46097E+00 0.51799E-01 0.53388E-01 0.44182E+00 0.46116E+00 0.00000E+00 0.00000E+00 -.36224E-02      4737710  22/0.80000E-01
 0.65000E+03 0.13000E+00 0.79051E-01 0.40376E+00 0.53374E-01 0.54565E-01 0.36944E+00 0.38584E+00 0.00000E+00 0.00000E+00 0.33573E+00      4737710  22/0.13000E+00
 0.65000E+03 0.18000E+00 0.57093E-01 0.33215E+00 0.46085E-01 0.47021E-01 0.31780E+00 0.33012E+00 0.00000E+00 0.00000E+00 0.44147E-01      4737710  22/0.18000E+00
 0.65000E+03 0.25000E+00 0.41107E-01 0.24762E+00 0.37570E-01 0.38235E-01 0.25452E+00 0.26628E+00 0.00000E+00 0.00000E+00 -.49659E+00      4737710  22/0.25000E+00
 0.65000E+03 0.40000E+00 0.25692E-01 0.16918E+00 0.31648E-01 0.32264E-01 0.13573E+00 0.14376E+00 0.00000E+00 0.00000E+00 0.80322E+00      4737710  22/0.40000E+00
 0.65000E+03 0.65000E+00 0.15810E-01 0.25337E-01 0.81278E-02 0.82160E-02 0.21569E-01 0.23316E-01 0.00000E+00 0.00000E+00 0.24867E+00      4737710  22/0.65000E+00
 0.80000E+03 0.14900E-01 0.84887E+00 0.67167E+00 0.21355E+00 0.21436E+00 0.77924E+00 0.81268E+00 0.00000E+00 0.00000E+00 -.66030E+00      4737710  23/0.14900E-01
 0.80000E+03 0.16600E-01 0.76194E+00 0.49282E+00 0.18816E+00 0.18867E+00 0.76000E+00 0.79493E+00 0.00000E+00 0.00000E+00 -.16056E+01      4737710  23/0.16600E-01
 0.80000E+03 0.18500E-01 0.68369E+00 0.68273E+00 0.18397E+00 0.18495E+00 0.73804E+00 0.77099E+00 0.00000E+00 0.00000E+00 -.47972E+00      4737710  23/0.18500E-01
 0.80000E+03 0.21000E-01 0.60230E+00 0.66634E+00 0.16226E+00 0.16332E+00 0.71022E+00 0.74342E+00 0.00000E+00 0.00000E+00 -.47503E+00      4737710  23/0.21000E-01
 0.80000E+03 0.24200E-01 0.52265E+00 0.65095E+00 0.14179E+00 0.14295E+00 0.67766E+00 0.70950E+00 0.00000E+00 0.00000E+00 -.41292E+00      4737710  23/0.24200E-01
 0.80000E+03 0.32200E-01 0.39280E+00 0.49570E+00 0.67061E-01 0.68461E-01 0.61250E+00 0.63967E+00 0.00000E+00 0.00000E+00 -.21468E+01      4737710  23/0.32200E-01
 0.80000E+03 0.50000E-01 0.25296E+00 0.58519E+00 0.69845E-01 0.71726E-01 0.52219E+00 0.54655E+00 0.00000E+00 0.00000E+00 0.55322E+00      4737710  23/0.50000E-01
 0.80000E+03 0.80000E-01 0.15810E+00 0.56182E+00 0.66885E-01 0.68708E-01 0.44169E+00 0.46252E+00 0.00000E+00 0.00000E+00 0.14846E+01      4737710  23/0.80000E-01
 0.80000E+03 0.13000E+00 0.97294E-01 0.29744E+00 0.54008E-01 0.54644E-01 0.36828E+00 0.38332E+00 0.00000E+00 0.00000E+00 -.15902E+01      4737710  23/0.13000E+00
 0.80000E+03 0.18000E+00 0.70268E-01 0.26735E+00 0.49465E-01 0.50038E-01 0.31602E+00 0.32963E+00 0.00000E+00 0.00000E+00 -.12591E+01      4737710  23/0.18000E+00
 0.80000E+03 0.25000E+00 0.50593E-01 0.18681E+00 0.37710E-01 0.38088E-01 0.25229E+00 0.26388E+00 0.00000E+00 0.00000E+00 -.20438E+01      4737710  23/0.25000E+00
 0.80000E+03 0.40000E+00 0.31621E-01 0.17199E+00 0.36125E-01 0.36554E-01 0.13359E+00 0.14107E+00 0.00000E+00 0.00000E+00 0.85599E+00      4737710  23/0.40000E+00
 0.80000E+03 0.65000E+00 0.19459E-01 0.24235E-01 0.94152E-02 0.94921E-02 0.20932E-01 0.22489E-01 0.00000E+00 0.00000E+00 0.18544E+00      4737710  23/0.65000E+00
      720949
 HERA1+2 NCep 460                                                                                                        
Plot1@Experiment:HERA1+2@ExtraLabel:e^{+}p #rightarrow e^{+}X (NC), E_{p} = 460 GeV @XTitle: x @YTitle: #sigma_{red}  @Title:Q^{2} = 1.5 @Xlog
Plot2@Experiment:HERA1+2@ExtraLabel:e^{+}p #rightarrow e^{+}X (NC), E_{p} = 460 GeV @XTitle: x @YTitle: #sigma_{red}  @Title:Q^{2} = 2.0 @Xlog
Plot3@Experiment:HERA1+2@ExtraLabel:e^{+}p #rightarrow e^{+}X (NC), E_{p} = 460 GeV @XTitle: x @YTitle: #sigma_{red}  @Title:Q^{2} = 2.5 @Xlog
Plot4@Experiment:HERA1+2@ExtraLabel:e^{+}p #rightarrow e^{+}X (NC), E_{p} = 460 GeV @XTitle: x @YTitle: #sigma_{red}  @Title:Q^{2} = 3.5 @Xlog
Plot5@Experiment:HERA1+2@ExtraLabel:e^{+}p #rightarrow e^{+}X (NC), E_{p} = 460 GeV @XTitle: x @YTitle: #sigma_{red}  @Title:Q^{2} = 5 @Xlog
Plot6@Experiment:HERA1+2@ExtraLabel:e^{+}p #rightarrow e^{+}X (NC), E_{p} = 460 GeV @XTitle: x @YTitle: #sigma_{red}  @Title:Q^{2} = 6.5 @Xlog
Plot7@Experiment:HERA1+2@ExtraLabel:e^{+}p #rightarrow e^{+}X (NC), E_{p} = 460 GeV @XTitle: x @YTitle: #sigma_{red}  @Title:Q^{2} = 8.5 @Xlog
Plot8@Experiment:HERA1+2@ExtraLabel:e^{+}p #rightarrow e^{+}X (NC), E_{p} = 460 GeV @XTitle: x @YTitle: #sigma_{red}  @Title:Q^{2} = 12  @Xlog
Plot9@Experiment:HERA1+2@ExtraLabel:e^{+}p #rightarrow e^{+}X (NC), E_{p} = 460 GeV @XTitle: x @YTitle: #sigma_{red}  @Title:Q^{2} = 15  @Xlog
Plot10@Experiment:HERA1+2@ExtraLabel:e^{+}p #rightarrow e^{+}X (NC), E_{p} = 460 GeV @XTitle: x @YTitle: #sigma_{red}  @Title:Q^{2} = 20  @Xlog
Plot11@Experiment:HERA1+2@ExtraLabel:e^{+}p #rightarrow e^{+}X (NC), E_{p} = 460 GeV @XTitle: x @YTitle: #sigma_{red}  @Title:Q^{2} = 25  @Xlog
Plot12@Experiment:HERA1+2@ExtraLabel:e^{+}p #rightarrow e^{+}X (NC), E_{p} = 460 GeV @XTitle: x @YTitle: #sigma_{red}  @Title:Q^{2} = 35  @Xlog
Plot13@Experiment:HERA1+2@ExtraLabel:e^{+}p #rightarrow e^{+}X (NC), E_{p} = 460 GeV @XTitle: x @YTitle: #sigma_{red}  @Title:Q^{2} = 45  @Xlog
Plot14@Experiment:HERA1+2@ExtraLabel:e^{+}p #rightarrow e^{+}X (NC), E_{p} = 460 GeV @XTitle: x @YTitle: #sigma_{red}  @Title:Q^{2} = 60  @Xlog
Plot15@Experiment:HERA1+2@ExtraLabel:e^{+}p #rightarrow e^{+}X (NC), E_{p} = 460 GeV @XTitle: x @YTitle: #sigma_{red}  @Title:Q^{2} = 90  @Xlog
Plot16@Experiment:HERA1+2@ExtraLabel:e^{+}p #rightarrow e^{+}X (NC), E_{p} = 460 GeV @XTitle: x @YTitle: #sigma_{red}  @Title:Q^{2} = 120 @Xlog
Plot17@Experiment:HERA1+2@ExtraLabel:e^{+}p #rightarrow e^{+}X (NC), E_{p} = 460 GeV @XTitle: x @YTitle: #sigma_{red}  @Title:Q^{2} = 150 @Xlog
Plot18@Experiment:HERA1+2@ExtraLabel:e^{+}p #rightarrow e^{+}X (NC), E_{p} = 460 GeV @XTitle: x @YTitle: #sigma_{red}  @Title:Q^{2} = 200 @Xlog
Plot19@Experiment:HERA1+2@ExtraLabel:e^{+}p #rightarrow e^{+}X (NC), E_{p} = 460 GeV @XTitle: x @YTitle: #sigma_{red}  @Title:Q^{2} = 250 @Xlog
Plot20@Experiment:HERA1+2@ExtraLabel:e^{+}p #rightarrow e^{+}X (NC), E_{p} = 460 GeV @XTitle: x @YTitle: #sigma_{red}  @Title:Q^{2} = 300 @Xlog
Plot21@Experiment:HERA1+2@ExtraLabel:e^{+}p #rightarrow e^{+}X (NC), E_{p} = 460 GeV @XTitle: x @YTitle: #sigma_{red}  @Title:Q^{2} = 400 @Xlog
Plot22@Experiment:HERA1+2@ExtraLabel:e^{+}p #rightarrow e^{+}X (NC), E_{p} = 460 GeV @XTitle: x @YTitle: #sigma_{red}  @Title:Q^{2} = 500 @Xlog
Plot23@Experiment:HERA1+2@ExtraLabel:e^{+}p #rightarrow e^{+}X (NC), E_{p} = 460 GeV @XTitle: x @YTitle: #sigma_{red}  @Title:Q^{2} = 650 @Xlog
Plot24@Experiment:HERA1+2@ExtraLabel:e^{+}p #rightarrow e^{+}X (NC), E_{p} = 460 GeV @XTitle: x @YTitle: #sigma_{red}  @Title:Q^{2} = 800  @Xlog
 Q2          x           y              data      +- uncor     +- tot     th orig         th mod   therr+         therr-     pull    iset       iplot
 0.25000E+01 0.58000E-04 0.85185E+00 0.81510E+00 0.47443E-01 0.81940E-01 0.74119E+00 0.70760E+00 0.00000E+00 0.00000E+00 0.22658E+01       720949   2/0.58000E-04
 0.25000E+01 0.65800E-04 0.75087E+00 0.78026E+00 0.31240E-01 0.39345E-01 0.76705E+00 0.76155E+00 0.00000E+00 0.00000E+00 0.59882E+00       720949   2/0.65800E-04
 0.25000E+01 0.75900E-04 0.65095E+00 0.72528E+00 0.39844E-01 0.44086E-01 0.78321E+00 0.78571E+00 0.00000E+00 0.00000E+00 -.15168E+01       720949   2/0.75900E-04
 0.35000E+01 0.81200E-04 0.85185E+00 0.81942E+00 0.47456E-01 0.72721E-01 0.84007E+00 0.80623E+00 0.00000E+00 0.00000E+00 0.27794E+00       720949   3/0.81200E-04
 0.35000E+01 0.92100E-04 0.75103E+00 0.83846E+00 0.30218E-01 0.41728E-01 0.85830E+00 0.85603E+00 0.00000E+00 0.00000E+00 -.58139E+00       720949   3/0.92100E-04
 0.35000E+01 0.10620E-03 0.65132E+00 0.87477E+00 0.27842E-01 0.36652E-01 0.86752E+00 0.87206E+00 0.00000E+00 0.00000E+00 0.97434E-01       720949   3/0.10620E-03
 0.35000E+01 0.14090E-03 0.49092E+00 0.80965E+00 0.28507E-01 0.34824E-01 0.86051E+00 0.85754E+00 0.00000E+00 0.00000E+00 -.16800E+01       720949   3/0.14090E-03
 0.50000E+01 0.11600E-03 0.85185E+00 0.98048E+00 0.56185E-01 0.95234E-01 0.93054E+00 0.89405E+00 0.00000E+00 0.00000E+00 0.15382E+01       720949   4/0.11600E-03
 0.50000E+01 0.13150E-03 0.75144E+00 0.93991E+00 0.32623E-01 0.42869E-01 0.94494E+00 0.94278E+00 0.00000E+00 0.00000E+00 -.88110E-01       720949   4/0.13150E-03
 0.50000E+01 0.14300E-03 0.69101E+00 0.10477E+01 0.14446E+00 0.14673E+00 0.94936E+00 0.97985E+00 0.00000E+00 0.00000E+00 0.46965E+00       720949   4/0.14300E-03
 0.50000E+01 0.15170E-03 0.65138E+00 0.98382E+00 0.27081E-01 0.33371E-01 0.95026E+00 0.95744E+00 0.00000E+00 0.00000E+00 0.97422E+00       720949   4/0.15170E-03
 0.50000E+01 0.20130E-03 0.49088E+00 0.91968E+00 0.20220E-01 0.25987E-01 0.93616E+00 0.93929E+00 0.00000E+00 0.00000E+00 -.96990E+00       720949   4/0.20130E-03
 0.65000E+01 0.15090E-03 0.85128E+00 0.10698E+01 0.62068E-01 0.10072E+00 0.10067E+01 0.96338E+00 0.00000E+00 0.00000E+00 0.17145E+01       720949   5/0.15090E-03
 0.65000E+01 0.17100E-03 0.75122E+00 0.10118E+01 0.32505E-01 0.44158E-01 0.10189E+01 0.10156E+01 0.00000E+00 0.00000E+00 -.11633E+00       720949   5/0.17100E-03
 0.65000E+01 0.18300E-03 0.70196E+00 0.10429E+01 0.10469E+00 0.11128E+00 0.10215E+01 0.10214E+01 0.00000E+00 0.00000E+00 0.20515E+00       720949   5/0.18300E-03
 0.65000E+01 0.19730E-03 0.65108E+00 0.10259E+01 0.27581E-01 0.33301E-01 0.10215E+01 0.10295E+01 0.00000E+00 0.00000E+00 -.12874E+00       720949   5/0.19730E-03
 0.65000E+01 0.22800E-03 0.56341E+00 0.10672E+01 0.10724E+00 0.10946E+00 0.10145E+01 0.10298E+01 0.00000E+00 0.00000E+00 0.34891E+00       720949   5/0.22800E-03
 0.65000E+01 0.26170E-03 0.49086E+00 0.10086E+01 0.20037E-01 0.26454E-01 0.10015E+01 0.10084E+01 0.00000E+00 0.00000E+00 0.91095E-02       720949   5/0.26170E-03
 0.65000E+01 0.33000E-03 0.38927E+00 0.99041E+00 0.11295E+00 0.11423E+00 0.97116E+00 0.99348E+00 0.00000E+00 0.00000E+00 -.27221E-01       720949   5/0.33000E-03
 0.65000E+01 0.41360E-03 0.31059E+00 0.96883E+00 0.21046E-01 0.26685E-01 0.93616E+00 0.95556E+00 0.00000E+00 0.00000E+00 0.63061E+00       720949   5/0.41360E-03
 0.85000E+01 0.19730E-03 0.85142E+00 0.10107E+01 0.61489E-01 0.10882E+00 0.10846E+01 0.10287E+01 0.00000E+00 0.00000E+00 -.29209E+00       720949   6/0.19730E-03
 0.85000E+01 0.22360E-03 0.75127E+00 0.10637E+01 0.32701E-01 0.44710E-01 0.10949E+01 0.10978E+01 0.00000E+00 0.00000E+00 -.10426E+01       720949   6/0.22360E-03
 0.85000E+01 0.24000E-03 0.69993E+00 0.11947E+01 0.62595E-01 0.72729E-01 0.10962E+01 0.11105E+01 0.00000E+00 0.00000E+00 0.13458E+01       720949   6/0.24000E-03
 0.85000E+01 0.25800E-03 0.65110E+00 0.11188E+01 0.27626E-01 0.37442E-01 0.10947E+01 0.11095E+01 0.00000E+00 0.00000E+00 0.33621E+00       720949   6/0.25800E-03
 0.85000E+01 0.29900E-03 0.56182E+00 0.11882E+01 0.66659E-01 0.70538E-01 0.10843E+01 0.11111E+01 0.00000E+00 0.00000E+00 0.11563E+01       720949   6/0.29900E-03
 0.85000E+01 0.34220E-03 0.49089E+00 0.10570E+01 0.20265E-01 0.27390E-01 0.10683E+01 0.10773E+01 0.00000E+00 0.00000E+00 -.10026E+01       720949   6/0.34220E-03
 0.85000E+01 0.43300E-03 0.38795E+00 0.11513E+01 0.86476E-01 0.88973E-01 0.10316E+01 0.10558E+01 0.00000E+00 0.00000E+00 0.11038E+01       720949   6/0.43300E-03
 0.85000E+01 0.54090E-03 0.31056E+00 0.10201E+01 0.19951E-01 0.25586E-01 0.99157E+00 0.10095E+01 0.00000E+00 0.00000E+00 0.52962E+00       720949   6/0.54090E-03
 0.85000E+01 0.83840E-03 0.20036E+00 0.94303E+00 0.19144E-01 0.24577E-01 0.90874E+00 0.92683E+00 0.00000E+00 0.00000E+00 0.84618E+00       720949   6/0.83840E-03
 0.85000E+01 0.13970E-02 0.12025E+00 0.86446E+00 0.18907E-01 0.24071E-01 0.81531E+00 0.83188E+00 0.00000E+00 0.00000E+00 0.17233E+01       720949   6/0.13970E-02
 0.12000E+02 0.27850E-03 0.85154E+00 0.11616E+01 0.64215E-01 0.95528E-01 0.11448E+01 0.11095E+01 0.00000E+00 0.00000E+00 0.81172E+00       720949   7/0.27850E-03
 0.12000E+02 0.31560E-03 0.75144E+00 0.11775E+01 0.33464E-01 0.46389E-01 0.11545E+01 0.11563E+01 0.00000E+00 0.00000E+00 0.63334E+00       720949   7/0.31560E-03
 0.12000E+02 0.34300E-03 0.69141E+00 0.11660E+01 0.49887E-01 0.58847E-01 0.11550E+01 0.11729E+01 0.00000E+00 0.00000E+00 -.13812E+00       720949   7/0.34300E-03
 0.12000E+02 0.36420E-03 0.65116E+00 0.11273E+01 0.27111E-01 0.35345E-01 0.11528E+01 0.11664E+01 0.00000E+00 0.00000E+00 -.14431E+01       720949   7/0.36420E-03
 0.12000E+02 0.42300E-03 0.56065E+00 0.12347E+01 0.40764E-01 0.50021E-01 0.11397E+01 0.11684E+01 0.00000E+00 0.00000E+00 0.16253E+01       720949   7/0.42300E-03
 0.12000E+02 0.48310E-03 0.49090E+00 0.11199E+01 0.20084E-01 0.28240E-01 0.11215E+01 0.11353E+01 0.00000E+00 0.00000E+00 -.76597E+00       720949   7/0.48310E-03
 0.12000E+02 0.59200E-03 0.40060E+00 0.11422E+01 0.49110E-01 0.53589E-01 0.10859E+01 0.11069E+01 0.00000E+00 0.00000E+00 0.71974E+00       720949   7/0.59200E-03
 0.12000E+02 0.76360E-03 0.31057E+00 0.10325E+01 0.19190E-01 0.25768E-01 0.10347E+01 0.10541E+01 0.00000E+00 0.00000E+00 -.11244E+01       720949   7/0.76360E-03
 0.12000E+02 0.11840E-02 0.20030E+00 0.97922E+00 0.18835E-01 0.24597E-01 0.94219E+00 0.96056E+00 0.00000E+00 0.00000E+00 0.99050E+00       720949   7/0.11840E-02
 0.12000E+02 0.19730E-02 0.12020E+00 0.87972E+00 0.17648E-01 0.23903E-01 0.83906E+00 0.85556E+00 0.00000E+00 0.00000E+00 0.13689E+01       720949   7/0.19730E-02
 0.15000E+02 0.34810E-03 0.85160E+00 0.12427E+01 0.69610E-01 0.88095E-01 0.11703E+01 0.11495E+01 0.00000E+00 0.00000E+00 0.13395E+01       720949   8/0.34810E-03
 0.15000E+02 0.39450E-03 0.75144E+00 0.11382E+01 0.31641E-01 0.39662E-01 0.11800E+01 0.11825E+01 0.00000E+00 0.00000E+00 -.13995E+01       720949   8/0.39450E-03
 0.15000E+02 0.42200E-03 0.70247E+00 0.11906E+01 0.40473E-01 0.47931E-01 0.11805E+01 0.11996E+01 0.00000E+00 0.00000E+00 -.22250E+00       720949   8/0.42200E-03
 0.15000E+02 0.45520E-03 0.65124E+00 0.11743E+01 0.26283E-01 0.35309E-01 0.11776E+01 0.11926E+01 0.00000E+00 0.00000E+00 -.69503E+00       720949   8/0.45520E-03
 0.15000E+02 0.52900E-03 0.56038E+00 0.12540E+01 0.29070E-01 0.38997E-01 0.11633E+01 0.11888E+01 0.00000E+00 0.00000E+00 0.22438E+01       720949   8/0.52900E-03
 0.15000E+02 0.60390E-03 0.49088E+00 0.11704E+01 0.18340E-01 0.28085E-01 0.11437E+01 0.11612E+01 0.00000E+00 0.00000E+00 0.49926E+00       720949   8/0.60390E-03
 0.15000E+02 0.76300E-03 0.38852E+00 0.11680E+01 0.30659E-01 0.38641E-01 0.10997E+01 0.11224E+01 0.00000E+00 0.00000E+00 0.14860E+01       720949   8/0.76300E-03
 0.15000E+02 0.95450E-03 0.31057E+00 0.10831E+01 0.18265E-01 0.26380E-01 0.10518E+01 0.10699E+01 0.00000E+00 0.00000E+00 0.72170E+00       720949   8/0.95450E-03
 0.15000E+02 0.14790E-02 0.20043E+00 0.94294E+00 0.17046E-01 0.23363E-01 0.95439E+00 0.97206E+00 0.00000E+00 0.00000E+00 -.17082E+01       720949   8/0.14790E-02
 0.15000E+02 0.24660E-02 0.12021E+00 0.85624E+00 0.16191E-01 0.23129E-01 0.84578E+00 0.86122E+00 0.00000E+00 0.00000E+00 -.30774E+00       720949   8/0.24660E-02
 0.20000E+02 0.46420E-03 0.85148E+00 0.10297E+01 0.69417E-01 0.86428E-01 0.11939E+01 0.11675E+01 0.00000E+00 0.00000E+00 -.19854E+01       720949   9/0.46420E-03
 0.20000E+02 0.52610E-03 0.75130E+00 0.12138E+01 0.44311E-01 0.51282E-01 0.12034E+01 0.12078E+01 0.00000E+00 0.00000E+00 0.13521E+00       720949   9/0.52610E-03
 0.20000E+02 0.60700E-03 0.65116E+00 0.11796E+01 0.36523E-01 0.41178E-01 0.11999E+01 0.12082E+01 0.00000E+00 0.00000E+00 -.78343E+00       720949   9/0.60700E-03
 0.20000E+02 0.80520E-03 0.49088E+00 0.11713E+01 0.24962E-01 0.32673E-01 0.11627E+01 0.11757E+01 0.00000E+00 0.00000E+00 -.17537E+00       720949   9/0.80520E-03
 0.20000E+02 0.12730E-02 0.31049E+00 0.10893E+01 0.22814E-01 0.29228E-01 0.10638E+01 0.10844E+01 0.00000E+00 0.00000E+00 0.21674E+00       720949   9/0.12730E-02
 0.20000E+02 0.19730E-02 0.20033E+00 0.98618E+00 0.20839E-01 0.26346E-01 0.96037E+00 0.97836E+00 0.00000E+00 0.00000E+00 0.37545E+00       720949   9/0.19730E-02
 0.20000E+02 0.32880E-02 0.12021E+00 0.87679E+00 0.19201E-01 0.24629E-01 0.84598E+00 0.86293E+00 0.00000E+00 0.00000E+00 0.72181E+00       720949   9/0.32880E-02
 0.25000E+02 0.61650E-03 0.80141E+00 0.12106E+01 0.46073E-01 0.51787E-01 0.12125E+01 0.12150E+01 0.00000E+00 0.00000E+00 -.94606E-01       720949  10/0.61650E-03
 0.25000E+02 0.65700E-03 0.75201E+00 0.12095E+01 0.48004E-01 0.54021E-01 0.12154E+01 0.12213E+01 0.00000E+00 0.00000E+00 -.24660E+00       720949  10/0.65700E-03
 0.25000E+02 0.70000E-03 0.70582E+00 0.12513E+01 0.40412E-01 0.45894E-01 0.12152E+01 0.12362E+01 0.00000E+00 0.00000E+00 0.37408E+00       720949  10/0.70000E-03
 0.25000E+02 0.75870E-03 0.65121E+00 0.12230E+01 0.25429E-01 0.32195E-01 0.12108E+01 0.12280E+01 0.00000E+00 0.00000E+00 -.19779E+00       720949  10/0.75870E-03
 0.25000E+02 0.88000E-03 0.56144E+00 0.12374E+01 0.28047E-01 0.35466E-01 0.11937E+01 0.12192E+01 0.00000E+00 0.00000E+00 0.64777E+00       720949  10/0.88000E-03
 0.25000E+02 0.10070E-02 0.49064E+00 0.11879E+01 0.17535E-01 0.27020E-01 0.11705E+01 0.11893E+01 0.00000E+00 0.00000E+00 -.79762E-01       720949  10/0.10070E-02
 0.25000E+02 0.12700E-02 0.38903E+00 0.11461E+01 0.20952E-01 0.29970E-01 0.11207E+01 0.11445E+01 0.00000E+00 0.00000E+00 0.76044E-01       720949  10/0.12700E-02
 0.25000E+02 0.15910E-02 0.31054E+00 0.10781E+01 0.15366E-01 0.24229E-01 0.10666E+01 0.10848E+01 0.00000E+00 0.00000E+00 -.43765E+00       720949  10/0.15910E-02
 0.25000E+02 0.24660E-02 0.20035E+00 0.98870E+00 0.15418E-01 0.23259E-01 0.95852E+00 0.97448E+00 0.00000E+00 0.00000E+00 0.92261E+00       720949  10/0.24660E-02
 0.25000E+02 0.41100E-02 0.12021E+00 0.85212E+00 0.13988E-01 0.20710E-01 0.83963E+00 0.84883E+00 0.00000E+00 0.00000E+00 0.23552E+00       720949  10/0.41100E-02
 0.35000E+02 0.81230E-03 0.85153E+00 0.13358E+01 0.78376E-01 0.91866E-01 0.12141E+01 0.12186E+01 0.00000E+00 0.00000E+00 0.14951E+01       720949  11/0.81230E-03
 0.35000E+02 0.92060E-03 0.75136E+00 0.12102E+01 0.38665E-01 0.45836E-01 0.12212E+01 0.12269E+01 0.00000E+00 0.00000E+00 -.43110E+00       720949  11/0.92060E-03
 0.35000E+02 0.10000E-02 0.69170E+00 0.13627E+01 0.43933E-01 0.47780E-01 0.12189E+01 0.12430E+01 0.00000E+00 0.00000E+00 0.27245E+01       720949  11/0.10000E-02
 0.35000E+02 0.10620E-02 0.65132E+00 0.12367E+01 0.27742E-01 0.33717E-01 0.12142E+01 0.12328E+01 0.00000E+00 0.00000E+00 0.13907E+00       720949  11/0.10620E-02
 0.35000E+02 0.12300E-02 0.56236E+00 0.12222E+01 0.29133E-01 0.34060E-01 0.11948E+01 0.12176E+01 0.00000E+00 0.00000E+00 0.15635E+00       720949  11/0.12300E-02
 0.35000E+02 0.14090E-02 0.49092E+00 0.12185E+01 0.18210E-01 0.26524E-01 0.11690E+01 0.11876E+01 0.00000E+00 0.00000E+00 0.16950E+01       720949  11/0.14090E-02
 0.35000E+02 0.18000E-02 0.38428E+00 0.11433E+01 0.22084E-01 0.28725E-01 0.11121E+01 0.11354E+01 0.00000E+00 0.00000E+00 0.35886E+00       720949  11/0.18000E-02
 0.35000E+02 0.22270E-02 0.31060E+00 0.10656E+01 0.13776E-01 0.21964E-01 0.10575E+01 0.10767E+01 0.00000E+00 0.00000E+00 -.80505E+00       720949  11/0.22270E-02
 0.35000E+02 0.31000E-02 0.22313E+00 0.98448E+00 0.20038E-01 0.26090E-01 0.97124E+00 0.98279E+00 0.00000E+00 0.00000E+00 0.84492E-01       720949  11/0.31000E-02
 0.35000E+02 0.34520E-02 0.20038E+00 0.97699E+00 0.22441E-01 0.28162E-01 0.94367E+00 0.95977E+00 0.00000E+00 0.00000E+00 0.76732E+00       720949  11/0.34520E-02
 0.35000E+02 0.57540E-02 0.12021E+00 0.83266E+00 0.12646E-01 0.19893E-01 0.81969E+00 0.82855E+00 0.00000E+00 0.00000E+00 0.32529E+00       720949  11/0.57540E-02
 0.45000E+02 0.10440E-02 0.85185E+00 0.11690E+01 0.67932E-01 0.77478E-01 0.12102E+01 0.12176E+01 0.00000E+00 0.00000E+00 -.71538E+00       720949  12/0.10440E-02
 0.45000E+02 0.11840E-02 0.75112E+00 0.12051E+01 0.44391E-01 0.47955E-01 0.12154E+01 0.12315E+01 0.00000E+00 0.00000E+00 -.59427E+00       720949  12/0.11840E-02
 0.45000E+02 0.12700E-02 0.70026E+00 0.12808E+01 0.49002E-01 0.51827E-01 0.12127E+01 0.12331E+01 0.00000E+00 0.00000E+00 0.97371E+00       720949  12/0.12700E-02
 0.45000E+02 0.13660E-02 0.65105E+00 0.12430E+01 0.31738E-01 0.35635E-01 0.12063E+01 0.12256E+01 0.00000E+00 0.00000E+00 0.54935E+00       720949  12/0.13660E-02
 0.45000E+02 0.15850E-02 0.56109E+00 0.12574E+01 0.31528E-01 0.35576E-01 0.11843E+01 0.12124E+01 0.00000E+00 0.00000E+00 0.14282E+01       720949  12/0.15850E-02
 0.45000E+02 0.18120E-02 0.49080E+00 0.11579E+01 0.18922E-01 0.25162E-01 0.11572E+01 0.11776E+01 0.00000E+00 0.00000E+00 -.10387E+01       720949  12/0.18120E-02
 0.45000E+02 0.22900E-02 0.38835E+00 0.10938E+01 0.21534E-01 0.26295E-01 0.11002E+01 0.11226E+01 0.00000E+00 0.00000E+00 -.13354E+01       720949  12/0.22900E-02
 0.45000E+02 0.28640E-02 0.31052E+00 0.10848E+01 0.14566E-01 0.21430E-01 0.10406E+01 0.10596E+01 0.00000E+00 0.00000E+00 0.17296E+01       720949  12/0.28640E-02
 0.45000E+02 0.44390E-02 0.20034E+00 0.92948E+00 0.14286E-01 0.19968E-01 0.92330E+00 0.93833E+00 0.00000E+00 0.00000E+00 -.61960E+00       720949  12/0.44390E-02
 0.45000E+02 0.73980E-02 0.12021E+00 0.80197E+00 0.11304E-01 0.17747E-01 0.79682E+00 0.80415E+00 0.00000E+00 0.00000E+00 -.19260E+00       720949  12/0.73980E-02
 0.60000E+02 0.13920E-02 0.85185E+00 0.11852E+01 0.69184E-01 0.75768E-01 0.11965E+01 0.12063E+01 0.00000E+00 0.00000E+00 -.30430E+00       720949  13/0.13920E-02
 0.60000E+02 0.15780E-02 0.75144E+00 0.11418E+01 0.39510E-01 0.43705E-01 0.11988E+01 0.12144E+01 0.00000E+00 0.00000E+00 -.18363E+01       720949  13/0.15780E-02
 0.60000E+02 0.17100E-02 0.69343E+00 0.12549E+01 0.56383E-01 0.58737E-01 0.11939E+01 0.12181E+01 0.00000E+00 0.00000E+00 0.65325E+00       720949  13/0.17100E-02
 0.60000E+02 0.18210E-02 0.65116E+00 0.11897E+01 0.54930E-01 0.56985E-01 0.11869E+01 0.12086E+01 0.00000E+00 0.00000E+00 -.34339E+00       720949  13/0.18210E-02
 0.60000E+02 0.21100E-02 0.56198E+00 0.12092E+01 0.36864E-01 0.39778E-01 0.11626E+01 0.11893E+01 0.00000E+00 0.00000E+00 0.54101E+00       720949  13/0.21100E-02
 0.60000E+02 0.24160E-02 0.49080E+00 0.11840E+01 0.22231E-01 0.27545E-01 0.11332E+01 0.11528E+01 0.00000E+00 0.00000E+00 0.14052E+01       720949  13/0.24160E-02
 0.60000E+02 0.30500E-02 0.38878E+00 0.10973E+01 0.25902E-01 0.29359E-01 0.10735E+01 0.10973E+01 0.00000E+00 0.00000E+00 -.16599E-02       720949  13/0.30500E-02
 0.60000E+02 0.38180E-02 0.31057E+00 0.10209E+01 0.15589E-01 0.20858E-01 0.10115E+01 0.10302E+01 0.00000E+00 0.00000E+00 -.59401E+00       720949  13/0.38180E-02
 0.60000E+02 0.59180E-02 0.20037E+00 0.89388E+00 0.14429E-01 0.18841E-01 0.89155E+00 0.90524E+00 0.00000E+00 0.00000E+00 -.78763E+00       720949  13/0.59180E-02
 0.60000E+02 0.98640E-02 0.12021E+00 0.75760E+00 0.11026E-01 0.16274E-01 0.76378E+00 0.76933E+00 0.00000E+00 0.00000E+00 -.10638E+01       720949  13/0.98640E-02
 0.90000E+02 0.20890E-02 0.85144E+00 0.12617E+01 0.76017E-01 0.81913E-01 0.11596E+01 0.11704E+01 0.00000E+00 0.00000E+00 0.12007E+01       720949  14/0.20890E-02
 0.90000E+02 0.23670E-02 0.75144E+00 0.12064E+01 0.43291E-01 0.46980E-01 0.11572E+01 0.11773E+01 0.00000E+00 0.00000E+00 0.67153E+00       720949  14/0.23670E-02
 0.90000E+02 0.25000E-02 0.71146E+00 0.10779E+01 0.59825E-01 0.61759E-01 0.11524E+01 0.11834E+01 0.00000E+00 0.00000E+00 -.17627E+01       720949  14/0.25000E-02
 0.90000E+02 0.27310E-02 0.65128E+00 0.11486E+01 0.35820E-01 0.39332E-01 0.11407E+01 0.11660E+01 0.00000E+00 0.00000E+00 -.48442E+00       720949  14/0.27310E-02
 0.90000E+02 0.31700E-02 0.56109E+00 0.10940E+01 0.40047E-01 0.42380E-01 0.11125E+01 0.11390E+01 0.00000E+00 0.00000E+00 -.11229E+01       720949  14/0.31700E-02
 0.90000E+02 0.36230E-02 0.49093E+00 0.11058E+01 0.27058E-01 0.30323E-01 0.10808E+01 0.11031E+01 0.00000E+00 0.00000E+00 0.10043E+00       720949  14/0.36230E-02
 0.90000E+02 0.46000E-02 0.38666E+00 0.10207E+01 0.26887E-01 0.29577E-01 0.10166E+01 0.10361E+01 0.00000E+00 0.00000E+00 -.57439E+00       720949  14/0.46000E-02
 0.90000E+02 0.57270E-02 0.31057E+00 0.95683E+00 0.16461E-01 0.20364E-01 0.95440E+00 0.97146E+00 0.00000E+00 0.00000E+00 -.88861E+00       720949  14/0.57270E-02
 0.90000E+02 0.80000E-02 0.22233E+00 0.90591E+00 0.20028E-01 0.23169E-01 0.86107E+00 0.87193E+00 0.00000E+00 0.00000E+00 0.16964E+01       720949  14/0.80000E-02
 0.90000E+02 0.88770E-02 0.20037E+00 0.83577E+00 0.22180E-01 0.26079E-01 0.83313E+00 0.84956E+00 0.00000E+00 0.00000E+00 -.62185E+00       720949  14/0.88770E-02
 0.90000E+02 0.13600E-01 0.13078E+00 0.71227E+00 0.13987E-01 0.17781E-01 0.72649E+00 0.73030E+00 0.00000E+00 0.00000E+00 -.12891E+01       720949  14/0.13600E-01
 0.90000E+02 0.14800E-01 0.12018E+00 0.71746E+00 0.20318E-01 0.23509E-01 0.70705E+00 0.72085E+00 0.00000E+00 0.00000E+00 -.16674E+00       720949  14/0.14800E-01
 0.12000E+03 0.28000E-02 0.84698E+00 0.12458E+01 0.82722E-01 0.87863E-01 0.11209E+01 0.11309E+01 0.00000E+00 0.00000E+00 0.13895E+01       720949  15/0.28000E-02
 0.12000E+03 0.32000E-02 0.74111E+00 0.10539E+01 0.49588E-01 0.52162E-01 0.11135E+01 0.11332E+01 0.00000E+00 0.00000E+00 -.16001E+01       720949  15/0.32000E-02
 0.12000E+03 0.34000E-02 0.69751E+00 0.11854E+01 0.73465E-01 0.75135E-01 0.11061E+01 0.11352E+01 0.00000E+00 0.00000E+00 0.68398E+00       720949  15/0.34000E-02
 0.12000E+03 0.36000E-02 0.65876E+00 0.10959E+01 0.40567E-01 0.43369E-01 0.10973E+01 0.11190E+01 0.00000E+00 0.00000E+00 -.56892E+00       720949  15/0.36000E-02
 0.12000E+03 0.42000E-02 0.56465E+00 0.10438E+01 0.42911E-01 0.44880E-01 0.10663E+01 0.10926E+01 0.00000E+00 0.00000E+00 -.11379E+01       720949  15/0.42000E-02
 0.12000E+03 0.48000E-02 0.49407E+00 0.10287E+01 0.33110E-01 0.38003E-01 0.10335E+01 0.10559E+01 0.00000E+00 0.00000E+00 -.82022E+00       720949  15/0.48000E-02
 0.12000E+03 0.50000E-02 0.47431E+00 0.10977E+01 0.38781E-01 0.41076E-01 0.10228E+01 0.10469E+01 0.00000E+00 0.00000E+00 0.13105E+01       720949  15/0.50000E-02
 0.12000E+03 0.59000E-02 0.40196E+00 0.99268E+00 0.30525E-01 0.32836E-01 0.97735E+00 0.99583E+00 0.00000E+00 0.00000E+00 -.10335E+00       720949  15/0.59000E-02
 0.12000E+03 0.76000E-02 0.31205E+00 0.89439E+00 0.23232E-01 0.25812E-01 0.90533E+00 0.91979E+00 0.00000E+00 0.00000E+00 -.10933E+01       720949  15/0.76000E-02
 0.12000E+03 0.11000E-01 0.21559E+00 0.81789E+00 0.19965E-01 0.22997E-01 0.80340E+00 0.81211E+00 0.00000E+00 0.00000E+00 0.28941E+00       720949  15/0.11000E-01
 0.12000E+03 0.18000E-01 0.13175E+00 0.67065E+00 0.15687E-01 0.19269E-01 0.68244E+00 0.68449E+00 0.00000E+00 0.00000E+00 -.88213E+00       720949  15/0.18000E-01
 0.15000E+03 0.35000E-02 0.84698E+00 0.12266E+01 0.93082E-01 0.98620E-01 0.10846E+01 0.10915E+01 0.00000E+00 0.00000E+00 0.14518E+01       720949  16/0.35000E-02
 0.15000E+03 0.39000E-02 0.76011E+00 0.10170E+01 0.61824E-01 0.64104E-01 0.10771E+01 0.10951E+01 0.00000E+00 0.00000E+00 -.12638E+01       720949  16/0.39000E-02
 0.15000E+03 0.45000E-02 0.65876E+00 0.10012E+01 0.53782E-01 0.56424E-01 0.10563E+01 0.10771E+01 0.00000E+00 0.00000E+00 -.14108E+01       720949  16/0.45000E-02
 0.15000E+03 0.60000E-02 0.49407E+00 0.10482E+01 0.32682E-01 0.37650E-01 0.99017E+00 0.10109E+01 0.00000E+00 0.00000E+00 0.11410E+01       720949  16/0.60000E-02
 0.15000E+03 0.80000E-02 0.37055E+00 0.96366E+00 0.28099E-01 0.33409E-01 0.91067E+00 0.93140E+00 0.00000E+00 0.00000E+00 0.11483E+01       720949  16/0.80000E-02
 0.15000E+03 0.13000E-01 0.22803E+00 0.82278E+00 0.30002E-01 0.33653E-01 0.77680E+00 0.79416E+00 0.00000E+00 0.00000E+00 0.95389E+00       720949  16/0.13000E-01
 0.15000E+03 0.20000E-01 0.14822E+00 0.68984E+00 0.34476E-01 0.37141E-01 0.67135E+00 0.68578E+00 0.00000E+00 0.00000E+00 0.11774E+00       720949  16/0.20000E-01
 0.20000E+03 0.46000E-02 0.85925E+00 0.11165E+01 0.10519E+00 0.11014E+00 0.10319E+01 0.10381E+01 0.00000E+00 0.00000E+00 0.74531E+00       720949  17/0.46000E-02
 0.20000E+03 0.52000E-02 0.76011E+00 0.10113E+01 0.80659E-01 0.82790E-01 0.10206E+01 0.10350E+01 0.00000E+00 0.00000E+00 -.29426E+00       720949  17/0.52000E-02
 0.20000E+03 0.61000E-02 0.64796E+00 0.98944E+00 0.67276E-01 0.69468E-01 0.99379E+00 0.10143E+01 0.00000E+00 0.00000E+00 -.37018E+00       720949  17/0.61000E-02
 0.20000E+03 0.80000E-02 0.49407E+00 0.94718E+00 0.36134E-01 0.39882E-01 0.92897E+00 0.94838E+00 0.00000E+00 0.00000E+00 -.33102E-01       720949  17/0.80000E-02
 0.20000E+03 0.13000E-01 0.30404E+00 0.83133E+00 0.27467E-01 0.31462E-01 0.79588E+00 0.81365E+00 0.00000E+00 0.00000E+00 0.64369E+00       720949  17/0.13000E-01
 0.20000E+03 0.20000E-01 0.19763E+00 0.63813E+00 0.25105E-01 0.27737E-01 0.68599E+00 0.70111E+00 0.00000E+00 0.00000E+00 -.25087E+01       720949  17/0.20000E-01
 0.20000E+03 0.32000E-01 0.12352E+00 0.52289E+00 0.21580E-01 0.23556E-01 0.58418E+00 0.59567E+00 0.00000E+00 0.00000E+00 -.33725E+01       720949  17/0.32000E-01
 0.20000E+03 0.50000E-01 0.79051E-01 0.52264E+00 0.22515E-01 0.24293E-01 0.50539E+00 0.51409E+00 0.00000E+00 0.00000E+00 0.37977E+00       720949  17/0.50000E-01
 0.20000E+03 0.80000E-01 0.49407E-01 0.45167E+00 0.22326E-01 0.23859E-01 0.43731E+00 0.44561E+00 0.00000E+00 0.00000E+00 0.27152E+00       720949  17/0.80000E-01
 0.20000E+03 0.13000E+00 0.30404E-01 0.35199E+00 0.19231E-01 0.20316E-01 0.37409E+00 0.38044E+00 0.00000E+00 0.00000E+00 -.14796E+01       720949  17/0.13000E+00
 0.20000E+03 0.18000E+00 0.21959E-01 0.31895E+00 0.19945E-01 0.21005E-01 0.32747E+00 0.33623E+00 0.00000E+00 0.00000E+00 -.86659E+00       720949  17/0.18000E+00
 0.20000E+03 0.40000E+00 0.98814E-02 0.17759E+00 0.16286E-01 0.17428E-01 0.14971E+00 0.15754E+00 0.00000E+00 0.00000E+00 0.12312E+01       720949  17/0.40000E+00
 0.25000E+03 0.58000E-02 0.85185E+00 0.10499E+01 0.11257E+00 0.11691E+00 0.98552E+00 0.98865E+00 0.00000E+00 0.00000E+00 0.54409E+00       720949  18/0.58000E-02
 0.25000E+03 0.66000E-02 0.74859E+00 0.10288E+01 0.93231E-01 0.95405E-01 0.97021E+00 0.98271E+00 0.00000E+00 0.00000E+00 0.49440E+00       720949  18/0.66000E-02
 0.25000E+03 0.76000E-02 0.65009E+00 0.93833E+00 0.75047E-01 0.76720E-01 0.94449E+00 0.96260E+00 0.00000E+00 0.00000E+00 -.32343E+00       720949  18/0.76000E-02
 0.25000E+03 0.10000E-01 0.49407E+00 0.87409E+00 0.37722E-01 0.40781E-01 0.87833E+00 0.89652E+00 0.00000E+00 0.00000E+00 -.59472E+00       720949  18/0.10000E-01
 0.25000E+03 0.13000E-01 0.38005E+00 0.81769E+00 0.32229E-01 0.35342E-01 0.80789E+00 0.82476E+00 0.00000E+00 0.00000E+00 -.21934E+00       720949  18/0.13000E-01
 0.25000E+03 0.20000E-01 0.24704E+00 0.67007E+00 0.26651E-01 0.29348E-01 0.69612E+00 0.71153E+00 0.00000E+00 0.00000E+00 -.15558E+01       720949  18/0.20000E-01
 0.25000E+03 0.32000E-01 0.15440E+00 0.57910E+00 0.24743E-01 0.27024E-01 0.59081E+00 0.60343E+00 0.00000E+00 0.00000E+00 -.98315E+00       720949  18/0.32000E-01
 0.25000E+03 0.50000E-01 0.98814E-01 0.49947E+00 0.21679E-01 0.23564E-01 0.50913E+00 0.51922E+00 0.00000E+00 0.00000E+00 -.91104E+00       720949  18/0.50000E-01
 0.25000E+03 0.80000E-01 0.61759E-01 0.44149E+00 0.20327E-01 0.21953E-01 0.43852E+00 0.44649E+00 0.00000E+00 0.00000E+00 -.24584E+00       720949  18/0.80000E-01
 0.25000E+03 0.13000E+00 0.38005E-01 0.37144E+00 0.17146E-01 0.18455E-01 0.37333E+00 0.37897E+00 0.00000E+00 0.00000E+00 -.43912E+00       720949  18/0.13000E+00
 0.25000E+03 0.18000E+00 0.27448E-01 0.36092E+00 0.17777E-01 0.19181E-01 0.32561E+00 0.33299E+00 0.00000E+00 0.00000E+00 0.15709E+01       720949  18/0.18000E+00
 0.25000E+03 0.40000E+00 0.12352E-01 0.17969E+00 0.14450E-01 0.15964E-01 0.14679E+00 0.15435E+00 0.00000E+00 0.00000E+00 0.17538E+01       720949  18/0.40000E+00
 0.30000E+03 0.69000E-02 0.85925E+00 0.87240E+00 0.11777E+00 0.12161E+00 0.94646E+00 0.94693E+00 0.00000E+00 0.00000E+00 -.63286E+00       720949  19/0.69000E-02
 0.30000E+03 0.79000E-02 0.75049E+00 0.82271E+00 0.91325E-01 0.92500E-01 0.92904E+00 0.94082E+00 0.00000E+00 0.00000E+00 -.12932E+01       720949  19/0.79000E-02
 0.30000E+03 0.91000E-02 0.65152E+00 0.83525E+00 0.81575E-01 0.82853E-01 0.90232E+00 0.92039E+00 0.00000E+00 0.00000E+00 -.10437E+01       720949  19/0.91000E-02
 0.30000E+03 0.12100E-01 0.48999E+00 0.89474E+00 0.43104E-01 0.45843E-01 0.83370E+00 0.85038E+00 0.00000E+00 0.00000E+00 0.10292E+01       720949  19/0.12100E-01
 0.30000E+03 0.20000E-01 0.29644E+00 0.71886E+00 0.31330E-01 0.33864E-01 0.70338E+00 0.71820E+00 0.00000E+00 0.00000E+00 0.21119E-01       720949  19/0.20000E-01
 0.30000E+03 0.32000E-01 0.18528E+00 0.61968E+00 0.28690E-01 0.30722E-01 0.59584E+00 0.60770E+00 0.00000E+00 0.00000E+00 0.41768E+00       720949  19/0.32000E-01
 0.30000E+03 0.50000E-01 0.11858E+00 0.51861E+00 0.25222E-01 0.26976E-01 0.51187E+00 0.52239E+00 0.00000E+00 0.00000E+00 -.14996E+00       720949  19/0.50000E-01
 0.30000E+03 0.80000E-01 0.74111E-01 0.45827E+00 0.23469E-01 0.25058E-01 0.43940E+00 0.44801E+00 0.00000E+00 0.00000E+00 0.43704E+00       720949  19/0.80000E-01
 0.30000E+03 0.13000E+00 0.45607E-01 0.36671E+00 0.19502E-01 0.20730E-01 0.37265E+00 0.37909E+00 0.00000E+00 0.00000E+00 -.63469E+00       720949  19/0.13000E+00
 0.30000E+03 0.18000E+00 0.32938E-01 0.33547E+00 0.19035E-01 0.20252E-01 0.32409E+00 0.33102E+00 0.00000E+00 0.00000E+00 0.23391E+00       720949  19/0.18000E+00
 0.30000E+03 0.40000E+00 0.14822E-01 0.16839E+00 0.15171E-01 0.16534E-01 0.14450E+00 0.15216E+00 0.00000E+00 0.00000E+00 0.10701E+01       720949  19/0.40000E+00
 0.40000E+03 0.93000E-02 0.85002E+00 0.10255E+01 0.13862E+00 0.14293E+00 0.87930E+00 0.88121E+00 0.00000E+00 0.00000E+00 0.10409E+01       720949  20/0.93000E-02
 0.40000E+03 0.10500E-01 0.75287E+00 0.10707E+01 0.11110E+00 0.11250E+00 0.86124E+00 0.87563E+00 0.00000E+00 0.00000E+00 0.17557E+01       720949  20/0.10500E-01
 0.40000E+03 0.12100E-01 0.65332E+00 0.91756E+00 0.91725E-01 0.93023E-01 0.83352E+00 0.84919E+00 0.00000E+00 0.00000E+00 0.74537E+00       720949  20/0.12100E-01
 0.40000E+03 0.16100E-01 0.49100E+00 0.80594E+00 0.46044E-01 0.48225E-01 0.76611E+00 0.78203E+00 0.00000E+00 0.00000E+00 0.51931E+00       720949  20/0.16100E-01
 0.40000E+03 0.32000E-01 0.24704E+00 0.62115E+00 0.32179E-01 0.34059E-01 0.60254E+00 0.61540E+00 0.00000E+00 0.00000E+00 0.17854E+00       720949  20/0.32000E-01
 0.40000E+03 0.50000E-01 0.15810E+00 0.56798E+00 0.30186E-01 0.31976E-01 0.51565E+00 0.52577E+00 0.00000E+00 0.00000E+00 0.13983E+01       720949  20/0.50000E-01
 0.40000E+03 0.80000E-01 0.98814E-01 0.44788E+00 0.25735E-01 0.26963E-01 0.44043E+00 0.44935E+00 0.00000E+00 0.00000E+00 -.57088E-01       720949  20/0.80000E-01
 0.40000E+03 0.13000E+00 0.60809E-01 0.42742E+00 0.23502E-01 0.24732E-01 0.37147E+00 0.37726E+00 0.00000E+00 0.00000E+00 0.21341E+01       720949  20/0.13000E+00
 0.40000E+03 0.18000E+00 0.43917E-01 0.33931E+00 0.20614E-01 0.21626E-01 0.32168E+00 0.32812E+00 0.00000E+00 0.00000E+00 0.54272E+00       720949  20/0.18000E+00
 0.40000E+03 0.40000E+00 0.19763E-01 0.16009E+00 0.15418E-01 0.16451E-01 0.14105E+00 0.14756E+00 0.00000E+00 0.00000E+00 0.81268E+00       720949  20/0.40000E+00
 0.50000E+03 0.11600E-01 0.85185E+00 0.10060E+01 0.14853E+00 0.15146E+00 0.82651E+00 0.83085E+00 0.00000E+00 0.00000E+00 0.11793E+01       720949  21/0.11600E-01
 0.50000E+03 0.13100E-01 0.75431E+00 0.74999E+00 0.10399E+00 0.10475E+00 0.80718E+00 0.82225E+00 0.00000E+00 0.00000E+00 -.69482E+00       720949  21/0.13100E-01
 0.50000E+03 0.15200E-01 0.65009E+00 0.68643E+00 0.85261E-01 0.86102E-01 0.77785E+00 0.79367E+00 0.00000E+00 0.00000E+00 -.12578E+01       720949  21/0.15200E-01
 0.50000E+03 0.20100E-01 0.49161E+00 0.73304E+00 0.49403E-01 0.51050E-01 0.71371E+00 0.72804E+00 0.00000E+00 0.00000E+00 0.10128E+00       720949  21/0.20100E-01
 0.50000E+03 0.32000E-01 0.30879E+00 0.64854E+00 0.39708E-01 0.41352E-01 0.60640E+00 0.61914E+00 0.00000E+00 0.00000E+00 0.74029E+00       720949  21/0.32000E-01
 0.50000E+03 0.50000E-01 0.19763E+00 0.59870E+00 0.36273E-01 0.37830E-01 0.51791E+00 0.52873E+00 0.00000E+00 0.00000E+00 0.19289E+01       720949  21/0.50000E-01
 0.50000E+03 0.80000E-01 0.12352E+00 0.47085E+00 0.30259E-01 0.31449E-01 0.44090E+00 0.44940E+00 0.00000E+00 0.00000E+00 0.70888E+00       720949  21/0.80000E-01
 0.50000E+03 0.13000E+00 0.76011E-01 0.40988E+00 0.31289E-01 0.32214E-01 0.37041E+00 0.37710E+00 0.00000E+00 0.00000E+00 0.10475E+01       720949  21/0.13000E+00
 0.50000E+03 0.18000E+00 0.54897E-01 0.30352E+00 0.26027E-01 0.26630E-01 0.31978E+00 0.32505E+00 0.00000E+00 0.00000E+00 -.82705E+00       720949  21/0.18000E+00
 0.50000E+03 0.25000E+00 0.39526E-01 0.27834E+00 0.23456E-01 0.24097E-01 0.25727E+00 0.26271E+00 0.00000E+00 0.00000E+00 0.66649E+00       720949  21/0.25000E+00
 0.50000E+03 0.40000E+00 0.24704E-01 0.13829E+00 0.16823E-01 0.17306E-01 0.13851E+00 0.14313E+00 0.00000E+00 0.00000E+00 -.28780E+00       720949  21/0.40000E+00
 0.50000E+03 0.65000E+00 0.15202E-01 0.19075E-01 0.43392E-02 0.44644E-02 0.22430E-01 0.23912E-01 0.00000E+00 0.00000E+00 -.11146E+01       720949  21/0.65000E+00
 0.65000E+03 0.15100E-01 0.85072E+00 0.80412E+00 0.15769E+00 0.15833E+00 0.76293E+00 0.76980E+00 0.00000E+00 0.00000E+00 0.21763E+00       720949  22/0.15100E-01
 0.65000E+03 0.17100E-01 0.75122E+00 0.91393E+00 0.12842E+00 0.12935E+00 0.74216E+00 0.75628E+00 0.00000E+00 0.00000E+00 0.12276E+01       720949  22/0.17100E-01
 0.65000E+03 0.19700E-01 0.65207E+00 0.90458E+00 0.11012E+00 0.11121E+00 0.71447E+00 0.72847E+00 0.00000E+00 0.00000E+00 0.15993E+01       720949  22/0.19700E-01
 0.65000E+03 0.26100E-01 0.49218E+00 0.60233E+00 0.48259E-01 0.49402E-01 0.65329E+00 0.66652E+00 0.00000E+00 0.00000E+00 -.13301E+01       720949  22/0.26100E-01
 0.65000E+03 0.50000E-01 0.25692E+00 0.48789E+00 0.38785E-01 0.39774E-01 0.51952E+00 0.53073E+00 0.00000E+00 0.00000E+00 -.11045E+01       720949  22/0.50000E-01
 0.65000E+03 0.80000E-01 0.16057E+00 0.45057E+00 0.35363E-01 0.36297E-01 0.44095E+00 0.44988E+00 0.00000E+00 0.00000E+00 0.19384E-01       720949  22/0.80000E-01
 0.65000E+03 0.13000E+00 0.98814E-01 0.37402E+00 0.35296E-01 0.35963E-01 0.36895E+00 0.37558E+00 0.00000E+00 0.00000E+00 -.44279E-01       720949  22/0.13000E+00
 0.65000E+03 0.18000E+00 0.71366E-01 0.33851E+00 0.32607E-01 0.33198E-01 0.31747E+00 0.32315E+00 0.00000E+00 0.00000E+00 0.47106E+00       720949  22/0.18000E+00
 0.65000E+03 0.25000E+00 0.51383E-01 0.25211E+00 0.25869E-01 0.26271E-01 0.25432E+00 0.25942E+00 0.00000E+00 0.00000E+00 -.28265E+00       720949  22/0.25000E+00
 0.65000E+03 0.40000E+00 0.32115E-01 0.20084E+00 0.23308E-01 0.23982E-01 0.13565E+00 0.13972E+00 0.00000E+00 0.00000E+00 0.26223E+01       720949  22/0.40000E+00
 0.65000E+03 0.65000E+00 0.19763E-01 0.27076E-01 0.60625E-02 0.62512E-02 0.21563E-01 0.22860E-01 0.00000E+00 0.00000E+00 0.69547E+00       720949  22/0.65000E+00
 0.80000E+03 0.18500E-01 0.85461E+00 0.28611E+00 0.10637E+00 0.10648E+00 0.71326E+00 0.72637E+00 0.00000E+00 0.00000E+00 -.41389E+01       720949  23/0.18500E-01
 0.80000E+03 0.21000E-01 0.75287E+00 0.65795E+00 0.12673E+00 0.12722E+00 0.69202E+00 0.70500E+00 0.00000E+00 0.00000E+00 -.37129E+00       720949  23/0.21000E-01
 0.80000E+03 0.24200E-01 0.65332E+00 0.65562E+00 0.10540E+00 0.10598E+00 0.66494E+00 0.67721E+00 0.00000E+00 0.00000E+00 -.20484E+00       720949  23/0.24200E-01
 0.80000E+03 0.32200E-01 0.49100E+00 0.61029E+00 0.53810E-01 0.54826E-01 0.60617E+00 0.61783E+00 0.00000E+00 0.00000E+00 -.14016E+00       720949  23/0.32200E-01
 0.80000E+03 0.50000E-01 0.31621E+00 0.47882E+00 0.43573E-01 0.44353E-01 0.51957E+00 0.52980E+00 0.00000E+00 0.00000E+00 -.11699E+01       720949  23/0.50000E-01
 0.80000E+03 0.80000E-01 0.19763E+00 0.44652E+00 0.41562E-01 0.42329E-01 0.44036E+00 0.44977E+00 0.00000E+00 0.00000E+00 -.78108E-01       720949  23/0.80000E-01
 0.80000E+03 0.13000E+00 0.12162E+00 0.38790E+00 0.41475E-01 0.42099E-01 0.36753E+00 0.37412E+00 0.00000E+00 0.00000E+00 0.33225E+00       720949  23/0.13000E+00
 0.80000E+03 0.18000E+00 0.87835E-01 0.36312E+00 0.40035E-01 0.40549E-01 0.31553E+00 0.32141E+00 0.00000E+00 0.00000E+00 0.10418E+01       720949  23/0.18000E+00
 0.80000E+03 0.25000E+00 0.63241E-01 0.27571E+00 0.32160E-01 0.32569E-01 0.25199E+00 0.25622E+00 0.00000E+00 0.00000E+00 0.60591E+00       720949  23/0.25000E+00
 0.80000E+03 0.40000E+00 0.39526E-01 0.13119E+00 0.20887E-01 0.21128E-01 0.13348E+00 0.13685E+00 0.00000E+00 0.00000E+00 -.27109E+00       720949  23/0.40000E+00
 0.80000E+03 0.65000E+00 0.24324E-01 0.21659E-01 0.61297E-02 0.62076E-02 0.20922E-01 0.21976E-01 0.00000E+00 0.00000E+00 -.51728E-01       720949  23/0.65000E+00
     4347215
 HERA1+2 NCem                                                                                                            
Plot1@Experiment:HERA1+2@ExtraLabel:e^{-}p #rightarrow e^{-}X (NC) @XTitle: x @YTitle: #sigma_{red}  @Title:Q^{2} = 60  @Xlog
Plot2@Experiment:HERA1+2@ExtraLabel:e^{-}p #rightarrow e^{-}X (NC) @XTitle: x @YTitle: #sigma_{red}  @Title:Q^{2} = 90  @Xlog
Plot3@Experiment:HERA1+2@ExtraLabel:e^{-}p #rightarrow e^{-}X (NC) @XTitle: x @YTitle: #sigma_{red}  @Title:Q^{2} = 120 @Xlog
Plot4@Experiment:HERA1+2@ExtraLabel:e^{-}p #rightarrow e^{-}X (NC) @XTitle: x @YTitle: #sigma_{red}  @Title:Q^{2} = 150 @Xlog
Plot5@Experiment:HERA1+2@ExtraLabel:e^{-}p #rightarrow e^{-}X (NC) @XTitle: x @YTitle: #sigma_{red}  @Title:Q^{2} = 200 @Xlog
Plot6@Experiment:HERA1+2@ExtraLabel:e^{-}p #rightarrow e^{-}X (NC) @XTitle: x @YTitle: #sigma_{red}  @Title:Q^{2} = 250 @Xlog
Plot7@Experiment:HERA1+2@ExtraLabel:e^{-}p #rightarrow e^{-}X (NC) @XTitle: x @YTitle: #sigma_{red}  @Title:Q^{2} = 300 @Xlog
Plot8@Experiment:HERA1+2@ExtraLabel:e^{-}p #rightarrow e^{-}X (NC) @XTitle: x @YTitle: #sigma_{red}  @Title:Q^{2} = 400 @Xlog
Plot9@Experiment:HERA1+2@ExtraLabel:e^{-}p #rightarrow e^{-}X (NC) @XTitle: x @YTitle: #sigma_{red}  @Title:Q^{2} = 500 @Xlog
Plot10@Experiment:HERA1+2@ExtraLabel:e^{-}p #rightarrow e^{-}X (NC) @XTitle: x @YTitle: #sigma_{red}  @Title:Q^{2} = 650 @Xlog
Plot11@Experiment:HERA1+2@ExtraLabel:e^{-}p #rightarrow e^{-}X (NC) @XTitle: x @YTitle: #sigma_{red}  @Title:Q^{2} = 800  @Xlog
Plot12@Experiment:HERA1+2@ExtraLabel:e^{-}p #rightarrow e^{-}X (NC) @XTitle: x @YTitle: #sigma_{red}  @Title:Q^{2} = 1000 @Xlog
Plot13@Experiment:HERA1+2@ExtraLabel:e^{-}p #rightarrow e^{-}X (NC) @XTitle: x @YTitle: #sigma_{red}  @Title:Q^{2} = 1200 @Xlog
Plot14@Experiment:HERA1+2@ExtraLabel:e^{-}p #rightarrow e^{-}X (NC) @XTitle: x @YTitle: #sigma_{red}  @Title:Q^{2} = 1500 @Xlog
Plot15@Experiment:HERA1+2@ExtraLabel:e^{-}p #rightarrow e^{-}X (NC) @XTitle: x @YTitle: #sigma_{red}  @Title:Q^{2} = 2000 @Xlog
Plot16@Experiment:HERA1+2@ExtraLabel:e^{-}p #rightarrow e^{-}X (NC) @XTitle: x @YTitle: #sigma_{red}  @Title:Q^{2} = 3000 @Xlog
Plot17@Experiment:HERA1+2@ExtraLabel:e^{-}p #rightarrow e^{-}X (NC) @XTitle: x @YTitle: #sigma_{red}  @Title:Q^{2} = 5000 @Xlog
Plot18@Experiment:HERA1+2@ExtraLabel:e^{-}p #rightarrow e^{-}X (NC) @XTitle: x @YTitle: #sigma_{red}  @Title:Q^{2} = 8000 @Xlog
Plot19@Experiment:HERA1+2@ExtraLabel:e^{-}p #rightarrow e^{-}X (NC) @XTitle: x @YTitle: #sigma_{red}  @Title:Q^{2} = 12000@Xlog
Plot20@Experiment:HERA1+2@ExtraLabel:e^{-}p #rightarrow e^{-}X (NC) @XTitle: x @YTitle: #sigma_{red}  @Title:Q^{2} = 20000@Xlog
Plot21@Experiment:HERA1+2@ExtraLabel:e^{-}p #rightarrow e^{-}X (NC) @XTitle: x @YTitle: #sigma_{red}  @Title:Q^{2} = 30000@Xlog
Plot22@Experiment:HERA1+2@ExtraLabel:e^{-}p #rightarrow e^{-}X (NC) @XTitle: x @YTitle: #sigma_{red}  @Title:Q^{2} = 50000@Xlog
 Q2          x           y              data      +- uncor     +- tot     th orig         th mod   therr+         therr-     pull    iset       iplot
 0.60000E+02 0.80000E-03 0.74111E+00 0.14831E+01 0.31141E-01 0.35885E-01 0.14579E+01 0.14640E+01 0.00000E+00 0.00000E+00 0.61286E+00      4347215   1/0.80000E-03
 0.90000E+02 0.13000E-02 0.68410E+00 0.14660E+01 0.26790E-01 0.31445E-01 0.14168E+01 0.14205E+01 0.00000E+00 0.00000E+00 0.16968E+01      4347215   2/0.13000E-02
 0.90000E+02 0.15000E-02 0.59289E+00 0.14219E+01 0.23120E-01 0.37416E-01 0.13908E+01 0.14042E+01 0.00000E+00 0.00000E+00 0.76517E+00      4347215   2/0.15000E-02
 0.90000E+02 0.20000E-02 0.44466E+00 0.12700E+01 0.60268E-01 0.65166E-01 0.13112E+01 0.13133E+01 0.00000E+00 0.00000E+00 -.71914E+00      4347215   2/0.20000E-02
 0.12000E+03 0.16000E-02 0.74111E+00 0.14388E+01 0.27936E-01 0.32153E-01 0.13858E+01 0.13887E+01 0.00000E+00 0.00000E+00 0.17934E+01      4347215   3/0.16000E-02
 0.12000E+03 0.20000E-02 0.59289E+00 0.13558E+01 0.15596E-01 0.26046E-01 0.13466E+01 0.13565E+01 0.00000E+00 0.00000E+00 -.47869E-01      4347215   3/0.20000E-02
 0.12000E+03 0.32000E-02 0.37055E+00 0.12184E+01 0.17628E-01 0.22016E-01 0.12016E+01 0.12074E+01 0.00000E+00 0.00000E+00 0.62313E+00      4347215   3/0.32000E-02
 0.15000E+03 0.20000E-02 0.74111E+00 0.13552E+01 0.27753E-01 0.31361E-01 0.13474E+01 0.13498E+01 0.00000E+00 0.00000E+00 0.19470E+00      4347215   4/0.20000E-02
 0.15000E+03 0.32000E-02 0.46319E+00 0.12286E+01 0.12686E-01 0.19494E-01 0.12316E+01 0.12385E+01 0.00000E+00 0.00000E+00 -.77660E+00      4347215   4/0.32000E-02
 0.15000E+03 0.50000E-02 0.29644E+00 0.11088E+01 0.14803E-01 0.18856E-01 0.10787E+01 0.10846E+01 0.00000E+00 0.00000E+00 0.16364E+01      4347215   4/0.50000E-02
 0.15000E+03 0.80000E-02 0.18528E+00 0.95164E+00 0.18803E-01 0.21718E-01 0.92269E+00 0.92673E+00 0.00000E+00 0.00000E+00 0.13247E+01      4347215   4/0.80000E-02
 0.15000E+03 0.13000E-01 0.11402E+00 0.80578E+00 0.26450E-01 0.28319E-01 0.78040E+00 0.78318E+00 0.00000E+00 0.00000E+00 0.85431E+00      4347215   4/0.13000E-01
 0.20000E+03 0.26000E-02 0.76011E+00 0.12836E+01 0.29087E-01 0.32118E-01 0.12931E+01 0.12957E+01 0.00000E+00 0.00000E+00 -.41734E+00      4347215   5/0.26000E-02
 0.20000E+03 0.32000E-02 0.61759E+00 0.12495E+01 0.17061E-01 0.23110E-01 0.12527E+01 0.12599E+01 0.00000E+00 0.00000E+00 -.61185E+00      4347215   5/0.32000E-02
 0.20000E+03 0.50000E-02 0.39526E+00 0.11112E+01 0.88333E-02 0.14430E-01 0.11131E+01 0.11167E+01 0.00000E+00 0.00000E+00 -.62394E+00      4347215   5/0.50000E-02
 0.20000E+03 0.80000E-02 0.24704E+00 0.94415E+00 0.83951E-02 0.12829E-01 0.95281E+00 0.95529E+00 0.00000E+00 0.00000E+00 -.13267E+01      4347215   5/0.80000E-02
 0.20000E+03 0.13000E-01 0.15202E+00 0.79922E+00 0.64322E-02 0.10390E-01 0.80269E+00 0.80389E+00 0.00000E+00 0.00000E+00 -.72635E+00      4347215   5/0.13000E-01
 0.20000E+03 0.20000E-01 0.98814E-01 0.69621E+00 0.63558E-02 0.95437E-02 0.68871E+00 0.68982E+00 0.00000E+00 0.00000E+00 0.10057E+01      4347215   5/0.20000E-01
 0.20000E+03 0.32000E-01 0.61759E-01 0.57972E+00 0.58132E-02 0.87535E-02 0.58546E+00 0.58456E+00 0.00000E+00 0.00000E+00 -.83253E+00      4347215   5/0.32000E-01
 0.20000E+03 0.50000E-01 0.39526E-01 0.51327E+00 0.55970E-02 0.77787E-02 0.50617E+00 0.50491E+00 0.00000E+00 0.00000E+00 0.14939E+01      4347215   5/0.50000E-01
 0.20000E+03 0.80000E-01 0.24704E-01 0.43830E+00 0.46542E-02 0.70563E-02 0.43782E+00 0.43487E+00 0.00000E+00 0.00000E+00 0.73726E+00      4347215   5/0.80000E-01
 0.20000E+03 0.13000E+00 0.15202E-01 0.36412E+00 0.99085E-02 0.10887E-01 0.37442E+00 0.37718E+00 0.00000E+00 0.00000E+00 -.13182E+01      4347215   5/0.13000E+00
 0.20000E+03 0.18000E+00 0.10979E-01 0.32897E+00 0.43563E-02 0.60223E-02 0.32770E+00 0.32582E+00 0.00000E+00 0.00000E+00 0.72338E+00      4347215   5/0.18000E+00
 0.25000E+03 0.33000E-02 0.74859E+00 0.12701E+01 0.30094E-01 0.32977E-01 0.12404E+01 0.12424E+01 0.00000E+00 0.00000E+00 0.92017E+00      4347215   6/0.33000E-02
 0.25000E+03 0.50000E-02 0.49407E+00 0.11238E+01 0.13248E-01 0.17940E-01 0.11327E+01 0.11371E+01 0.00000E+00 0.00000E+00 -.10011E+01      4347215   6/0.50000E-02
 0.25000E+03 0.80000E-02 0.30879E+00 0.96093E+00 0.83117E-02 0.12800E-01 0.97412E+00 0.97731E+00 0.00000E+00 0.00000E+00 -.19705E+01      4347215   6/0.80000E-02
 0.25000E+03 0.13000E-01 0.19003E+00 0.81748E+00 0.71412E-02 0.11169E-01 0.81917E+00 0.82179E+00 0.00000E+00 0.00000E+00 -.60404E+00      4347215   6/0.13000E-01
 0.25000E+03 0.20000E-01 0.12352E+00 0.69030E+00 0.68070E-02 0.98827E-02 0.70049E+00 0.70138E+00 0.00000E+00 0.00000E+00 -.16283E+01      4347215   6/0.20000E-01
 0.25000E+03 0.32000E-01 0.77199E-01 0.58859E+00 0.60449E-02 0.88736E-02 0.59284E+00 0.59229E+00 0.00000E+00 0.00000E+00 -.61176E+00      4347215   6/0.32000E-01
 0.25000E+03 0.50000E-01 0.49407E-01 0.50803E+00 0.51938E-02 0.75028E-02 0.51035E+00 0.51026E+00 0.00000E+00 0.00000E+00 -.42984E+00      4347215   6/0.50000E-01
 0.25000E+03 0.80000E-01 0.30879E-01 0.43120E+00 0.41511E-02 0.64680E-02 0.43932E+00 0.43641E+00 0.00000E+00 0.00000E+00 -.12562E+01      4347215   6/0.80000E-01
 0.25000E+03 0.13000E+00 0.19003E-01 0.37135E+00 0.76770E-02 0.88121E-02 0.37385E+00 0.37532E+00 0.00000E+00 0.00000E+00 -.51751E+00      4347215   6/0.13000E+00
 0.25000E+03 0.18000E+00 0.13724E-01 0.32754E+00 0.44026E-02 0.60076E-02 0.32597E+00 0.32365E+00 0.00000E+00 0.00000E+00 0.88332E+00      4347215   6/0.18000E+00
 0.25000E+03 0.25000E+00 0.98814E-02 0.23527E+00 0.26587E-01 0.27019E-01 0.26557E+00 0.26736E+00 0.00000E+00 0.00000E+00 -.12071E+01      4347215   6/0.25000E+00
 0.25000E+03 0.40000E+00 0.61759E-02 0.14096E+00 0.16128E-01 0.16233E-01 0.14688E+00 0.14772E+00 0.00000E+00 0.00000E+00 -.41921E+00      4347215   6/0.40000E+00
 0.30000E+03 0.39000E-02 0.76011E+00 0.12157E+01 0.30415E-01 0.33006E-01 0.11988E+01 0.12006E+01 0.00000E+00 0.00000E+00 0.49620E+00      4347215   7/0.39000E-02
 0.30000E+03 0.50000E-02 0.59289E+00 0.11566E+01 0.20067E-01 0.24079E-01 0.11412E+01 0.11470E+01 0.00000E+00 0.00000E+00 0.48039E+00      4347215   7/0.50000E-02
 0.30000E+03 0.80000E-02 0.37055E+00 0.98719E+00 0.94532E-02 0.14148E-01 0.98965E+00 0.99561E+00 0.00000E+00 0.00000E+00 -.89022E+00      4347215   7/0.80000E-02
 0.30000E+03 0.13000E-01 0.22803E+00 0.82711E+00 0.77048E-02 0.11546E-01 0.83211E+00 0.83544E+00 0.00000E+00 0.00000E+00 -.10816E+01      4347215   7/0.13000E-01
 0.30000E+03 0.20000E-01 0.14822E+00 0.71235E+00 0.69621E-02 0.10065E-01 0.70987E+00 0.71082E+00 0.00000E+00 0.00000E+00 0.21925E+00      4347215   7/0.20000E-01
 0.30000E+03 0.32000E-01 0.92638E-01 0.60799E+00 0.63258E-02 0.88863E-02 0.59881E+00 0.60024E+00 0.00000E+00 0.00000E+00 0.12256E+01      4347215   7/0.32000E-01
 0.30000E+03 0.50000E-01 0.59289E-01 0.51723E+00 0.54956E-02 0.77146E-02 0.51364E+00 0.51415E+00 0.00000E+00 0.00000E+00 0.55972E+00      4347215   7/0.50000E-01
 0.30000E+03 0.80000E-01 0.37055E-01 0.43642E+00 0.46411E-02 0.64762E-02 0.44055E+00 0.43898E+00 0.00000E+00 0.00000E+00 -.55106E+00      4347215   7/0.80000E-01
 0.30000E+03 0.13000E+00 0.22803E-01 0.36568E+00 0.82081E-02 0.92437E-02 0.37339E+00 0.37405E+00 0.00000E+00 0.00000E+00 -.10193E+01      4347215   7/0.13000E+00
 0.30000E+03 0.18000E+00 0.16469E-01 0.31448E+00 0.41297E-02 0.60371E-02 0.32461E+00 0.32192E+00 0.00000E+00 0.00000E+00 -.18025E+01      4347215   7/0.18000E+00
 0.30000E+03 0.25000E+00 0.11858E-01 0.29312E+00 0.33833E-01 0.34650E-01 0.26350E+00 0.26519E+00 0.00000E+00 0.00000E+00 0.82554E+00      4347215   7/0.25000E+00
 0.30000E+03 0.40000E+00 0.74111E-02 0.15709E+00 0.61859E-02 0.69598E-02 0.14462E+00 0.14735E+00 0.00000E+00 0.00000E+00 0.15742E+01      4347215   7/0.40000E+00
 0.40000E+03 0.53000E-02 0.74577E+00 0.11528E+01 0.30062E-01 0.32343E-01 0.11212E+01 0.11242E+01 0.00000E+00 0.00000E+00 0.95281E+00      4347215   8/0.53000E-02
 0.40000E+03 0.80000E-02 0.49407E+00 0.10323E+01 0.10756E-01 0.17405E-01 0.10083E+01 0.10167E+01 0.00000E+00 0.00000E+00 0.14546E+01      4347215   8/0.80000E-02
 0.40000E+03 0.13000E-01 0.30404E+00 0.86568E+00 0.93594E-02 0.12980E-01 0.85103E+00 0.85521E+00 0.00000E+00 0.00000E+00 0.11184E+01      4347215   8/0.13000E-01
 0.40000E+03 0.20000E-01 0.19763E+00 0.71222E+00 0.88287E-02 0.11547E-01 0.72420E+00 0.72658E+00 0.00000E+00 0.00000E+00 -.16267E+01      4347215   8/0.20000E-01
 0.40000E+03 0.32000E-01 0.12352E+00 0.60799E+00 0.71456E-02 0.95393E-02 0.60794E+00 0.60859E+00 0.00000E+00 0.00000E+00 -.84236E-01      4347215   8/0.32000E-01
 0.40000E+03 0.50000E-01 0.79051E-01 0.51927E+00 0.59577E-02 0.80179E-02 0.51881E+00 0.51915E+00 0.00000E+00 0.00000E+00 0.20426E-01      4347215   8/0.50000E-01
 0.40000E+03 0.80000E-01 0.49407E-01 0.43146E+00 0.52163E-02 0.68438E-02 0.44247E+00 0.44092E+00 0.00000E+00 0.00000E+00 -.18138E+01      4347215   8/0.80000E-01
 0.40000E+03 0.13000E+00 0.30404E-01 0.36709E+00 0.47572E-02 0.62792E-02 0.37277E+00 0.37108E+00 0.00000E+00 0.00000E+00 -.83835E+00      4347215   8/0.13000E+00
 0.40000E+03 0.18000E+00 0.21959E-01 0.32088E+00 0.99965E-02 0.11119E-01 0.32260E+00 0.32513E+00 0.00000E+00 0.00000E+00 -.42481E+00      4347215   8/0.18000E+00
 0.40000E+03 0.25000E+00 0.15810E-01 0.26418E+00 0.52553E-02 0.65129E-02 0.26039E+00 0.25856E+00 0.00000E+00 0.00000E+00 0.10697E+01      4347215   8/0.25000E+00
 0.40000E+03 0.40000E+00 0.98814E-02 0.15657E+00 0.61277E-02 0.69393E-02 0.14126E+00 0.14412E+00 0.00000E+00 0.00000E+00 0.20319E+01      4347215   8/0.40000E+00
 0.50000E+03 0.66000E-02 0.74859E+00 0.10587E+01 0.28764E-01 0.30793E-01 0.10622E+01 0.10641E+01 0.00000E+00 0.00000E+00 -.18920E+00      4347215   9/0.66000E-02
 0.50000E+03 0.80000E-02 0.61759E+00 0.10065E+01 0.22744E-01 0.25104E-01 0.10143E+01 0.10181E+01 0.00000E+00 0.00000E+00 -.50949E+00      4347215   9/0.80000E-02
 0.50000E+03 0.13000E-01 0.38005E+00 0.89862E+00 0.15351E-01 0.17937E-01 0.86409E+00 0.86732E+00 0.00000E+00 0.00000E+00 0.20390E+01      4347215   9/0.13000E-01
 0.50000E+03 0.20000E-01 0.24704E+00 0.73144E+00 0.13249E-01 0.15290E-01 0.73494E+00 0.73728E+00 0.00000E+00 0.00000E+00 -.44052E+00      4347215   9/0.20000E-01
 0.50000E+03 0.32000E-01 0.15440E+00 0.62977E+00 0.11275E-01 0.13064E-01 0.61504E+00 0.61640E+00 0.00000E+00 0.00000E+00 0.11856E+01      4347215   9/0.32000E-01
 0.50000E+03 0.50000E-01 0.98814E-01 0.55070E+00 0.10424E-01 0.11999E-01 0.52290E+00 0.52324E+00 0.00000E+00 0.00000E+00 0.26345E+01      4347215   9/0.50000E-01
 0.50000E+03 0.80000E-01 0.61759E-01 0.43243E+00 0.89553E-02 0.10135E-01 0.44409E+00 0.44407E+00 0.00000E+00 0.00000E+00 -.13001E+01      4347215   9/0.80000E-01
 0.50000E+03 0.13000E+00 0.38005E-01 0.37705E+00 0.91041E-02 0.10020E-01 0.37244E+00 0.37194E+00 0.00000E+00 0.00000E+00 0.56104E+00      4347215   9/0.13000E+00
 0.50000E+03 0.18000E+00 0.27448E-01 0.33842E+00 0.95681E-02 0.10499E-01 0.32120E+00 0.32169E+00 0.00000E+00 0.00000E+00 0.17489E+01      4347215   9/0.18000E+00
 0.50000E+03 0.25000E+00 0.19763E-01 0.26715E+00 0.94905E-02 0.10443E-01 0.25816E+00 0.26085E+00 0.00000E+00 0.00000E+00 0.66391E+00      4347215   9/0.25000E+00
 0.50000E+03 0.40000E+00 0.12352E-01 0.14869E+00 0.28407E-01 0.29099E-01 0.13883E+00 0.13932E+00 0.00000E+00 0.00000E+00 0.32968E+00      4347215   9/0.40000E+00
 0.50000E+03 0.65000E+00 0.76011E-02 0.27157E-01 0.59380E-02 0.59797E-02 0.22462E-01 0.22696E-01 0.00000E+00 0.00000E+00 0.75122E+00      4347215   9/0.65000E+00
 0.65000E+03 0.85000E-02 0.75564E+00 0.98713E+00 0.26461E-01 0.28345E-01 0.99322E+00 0.99551E+00 0.00000E+00 0.00000E+00 -.31675E+00      4347215  10/0.85000E-02
 0.65000E+03 0.13000E-01 0.49407E+00 0.90475E+00 0.10151E-01 0.14028E-01 0.87635E+00 0.88162E+00 0.00000E+00 0.00000E+00 0.22786E+01      4347215  10/0.13000E-01
 0.65000E+03 0.20000E-01 0.32115E+00 0.77797E+00 0.99171E-02 0.12669E-01 0.74727E+00 0.74976E+00 0.00000E+00 0.00000E+00 0.28442E+01      4347215  10/0.20000E-01
 0.65000E+03 0.32000E-01 0.20072E+00 0.62508E+00 0.89492E-02 0.11073E-01 0.62371E+00 0.62402E+00 0.00000E+00 0.00000E+00 0.11879E+00      4347215  10/0.32000E-01
 0.65000E+03 0.50000E-01 0.12846E+00 0.53435E+00 0.75504E-02 0.93203E-02 0.52806E+00 0.52821E+00 0.00000E+00 0.00000E+00 0.81368E+00      4347215  10/0.50000E-01
 0.65000E+03 0.80000E-01 0.80287E-01 0.43531E+00 0.70297E-02 0.83395E-02 0.44634E+00 0.44621E+00 0.00000E+00 0.00000E+00 -.15512E+01      4347215  10/0.80000E-01
 0.65000E+03 0.13000E+00 0.49407E-01 0.36181E+00 0.64109E-02 0.74410E-02 0.37234E+00 0.37135E+00 0.00000E+00 0.00000E+00 -.14883E+01      4347215  10/0.13000E+00
 0.65000E+03 0.18000E+00 0.35683E-01 0.33341E+00 0.98536E-02 0.10551E-01 0.31983E+00 0.32030E+00 0.00000E+00 0.00000E+00 0.13307E+01      4347215  10/0.18000E+00
 0.65000E+03 0.25000E+00 0.25692E-01 0.25646E+00 0.54138E-02 0.64449E-02 0.25580E+00 0.25506E+00 0.00000E+00 0.00000E+00 0.25936E+00      4347215  10/0.25000E+00
 0.65000E+03 0.40000E+00 0.16057E-01 0.12565E+00 0.72910E-02 0.76463E-02 0.13617E+00 0.13788E+00 0.00000E+00 0.00000E+00 -.16768E+01      4347215  10/0.40000E+00
 0.80000E+03 0.10500E-01 0.75287E+00 0.96275E+00 0.31627E-01 0.33142E-01 0.93662E+00 0.93841E+00 0.00000E+00 0.00000E+00 0.76955E+00      4347215  11/0.10500E-01
 0.80000E+03 0.13000E-01 0.60809E+00 0.88824E+00 0.13308E-01 0.17083E-01 0.88178E+00 0.88975E+00 0.00000E+00 0.00000E+00 -.11318E+00      4347215  11/0.13000E-01
 0.80000E+03 0.20000E-01 0.39526E+00 0.75247E+00 0.11389E-01 0.13737E-01 0.75663E+00 0.75738E+00 0.00000E+00 0.00000E+00 -.43150E+00      4347215  11/0.20000E-01
 0.80000E+03 0.32000E-01 0.24704E+00 0.64142E+00 0.99513E-02 0.11876E-01 0.63091E+00 0.63289E+00 0.00000E+00 0.00000E+00 0.85707E+00      4347215  11/0.32000E-01
 0.80000E+03 0.50000E-01 0.15810E+00 0.54669E+00 0.80965E-02 0.99186E-02 0.53263E+00 0.53235E+00 0.00000E+00 0.00000E+00 0.17710E+01      4347215  11/0.50000E-01
 0.80000E+03 0.80000E-01 0.98814E-01 0.45181E+00 0.73850E-02 0.88129E-02 0.44852E+00 0.44864E+00 0.00000E+00 0.00000E+00 0.42896E+00      4347215  11/0.80000E-01
 0.80000E+03 0.13000E+00 0.60809E-01 0.37330E+00 0.69667E-02 0.79543E-02 0.37262E+00 0.37175E+00 0.00000E+00 0.00000E+00 0.22193E+00      4347215  11/0.13000E+00
 0.80000E+03 0.18000E+00 0.43917E-01 0.32606E+00 0.11420E-01 0.12031E-01 0.31905E+00 0.31916E+00 0.00000E+00 0.00000E+00 0.60453E+00      4347215  11/0.18000E+00
 0.80000E+03 0.25000E+00 0.31621E-01 0.25374E+00 0.57198E-02 0.64837E-02 0.25418E+00 0.25295E+00 0.00000E+00 0.00000E+00 0.13821E+00      4347215  11/0.25000E+00
 0.80000E+03 0.40000E+00 0.19763E-01 0.14051E+00 0.85533E-02 0.91468E-02 0.13425E+00 0.13596E+00 0.00000E+00 0.00000E+00 0.53231E+00      4347215  11/0.40000E+00
 0.80000E+03 0.65000E+00 0.12162E-01 0.15845E-01 0.38985E-02 0.39446E-02 0.20995E-01 0.21024E-01 0.00000E+00 0.00000E+00 -.13285E+01      4347215  11/0.65000E+00
 0.10000E+04 0.13000E-01 0.76011E+00 0.86202E+00 0.27007E-01 0.31555E-01 0.88055E+00 0.88632E+00 0.00000E+00 0.00000E+00 -.89960E+00      4347215  12/0.13000E-01
 0.10000E+04 0.20000E-01 0.49407E+00 0.76995E+00 0.19178E-01 0.20771E-01 0.76594E+00 0.76834E+00 0.00000E+00 0.00000E+00 0.84188E-01      4347215  12/0.20000E-01
 0.10000E+04 0.32000E-01 0.30879E+00 0.65796E+00 0.16746E-01 0.18039E-01 0.63951E+00 0.64175E+00 0.00000E+00 0.00000E+00 0.96781E+00      4347215  12/0.32000E-01
 0.10000E+04 0.50000E-01 0.19763E+00 0.51651E+00 0.14732E-01 0.15690E-01 0.53839E+00 0.54101E+00 0.00000E+00 0.00000E+00 -.16631E+01      4347215  12/0.50000E-01
 0.10000E+04 0.80000E-01 0.12352E+00 0.44019E+00 0.12760E-01 0.13548E-01 0.45160E+00 0.45218E+00 0.00000E+00 0.00000E+00 -.93944E+00      4347215  12/0.80000E-01
 0.10000E+04 0.13000E+00 0.76011E-01 0.36865E+00 0.12755E-01 0.13375E-01 0.37345E+00 0.37247E+00 0.00000E+00 0.00000E+00 -.29932E+00      4347215  12/0.13000E+00
 0.10000E+04 0.18000E+00 0.54897E-01 0.34453E+00 0.12422E-01 0.13006E-01 0.31865E+00 0.31858E+00 0.00000E+00 0.00000E+00 0.20893E+01      4347215  12/0.18000E+00
 0.10000E+04 0.25000E+00 0.39526E-01 0.28083E+00 0.11460E-01 0.12002E-01 0.25278E+00 0.25351E+00 0.00000E+00 0.00000E+00 0.23841E+01      4347215  12/0.25000E+00
 0.10000E+04 0.40000E+00 0.24704E-01 0.13688E+00 0.89201E-02 0.93793E-02 0.13238E+00 0.13424E+00 0.00000E+00 0.00000E+00 0.29563E+00      4347215  12/0.40000E+00
 0.12000E+04 0.14000E-01 0.84698E+00 0.91602E+00 0.18195E-01 0.23543E-01 0.85821E+00 0.87659E+00 0.00000E+00 0.00000E+00 0.21674E+01      4347215  13/0.14000E-01
 0.12000E+04 0.20000E-01 0.59289E+00 0.80103E+00 0.13357E-01 0.15912E-01 0.77242E+00 0.77434E+00 0.00000E+00 0.00000E+00 0.19984E+01      4347215  13/0.20000E-01
 0.12000E+04 0.32000E-01 0.37055E+00 0.63869E+00 0.10521E-01 0.12364E-01 0.64724E+00 0.64929E+00 0.00000E+00 0.00000E+00 -.10079E+01      4347215  13/0.32000E-01
 0.12000E+04 0.50000E-01 0.23715E+00 0.55735E+00 0.84561E-02 0.10185E-01 0.54405E+00 0.54473E+00 0.00000E+00 0.00000E+00 0.14927E+01      4347215  13/0.50000E-01
 0.12000E+04 0.80000E-01 0.14822E+00 0.46241E+00 0.72838E-02 0.86977E-02 0.45488E+00 0.45395E+00 0.00000E+00 0.00000E+00 0.11608E+01      4347215  13/0.80000E-01
 0.12000E+04 0.13000E+00 0.91213E-01 0.37632E+00 0.68254E-02 0.78191E-02 0.37472E+00 0.37410E+00 0.00000E+00 0.00000E+00 0.32507E+00      4347215  13/0.13000E+00
 0.12000E+04 0.18000E+00 0.65876E-01 0.31918E+00 0.13038E-01 0.13499E-01 0.31877E+00 0.31867E+00 0.00000E+00 0.00000E+00 0.38748E-01      4347215  13/0.18000E+00
 0.12000E+04 0.25000E+00 0.47431E-01 0.24677E+00 0.51097E-02 0.57428E-02 0.25198E+00 0.25144E+00 0.00000E+00 0.00000E+00 -.91475E+00      4347215  13/0.25000E+00
 0.12000E+04 0.40000E+00 0.29644E-01 0.12513E+00 0.43173E-02 0.55699E-02 0.13103E+00 0.13004E+00 0.00000E+00 0.00000E+00 -.11381E+01      4347215  13/0.40000E+00
 0.15000E+04 0.20000E-01 0.74111E+00 0.80501E+00 0.18278E-01 0.22065E-01 0.77745E+00 0.79219E+00 0.00000E+00 0.00000E+00 0.70119E+00      4347215  14/0.20000E-01
 0.15000E+04 0.32000E-01 0.46319E+00 0.66054E+00 0.13536E-01 0.15045E-01 0.65819E+00 0.66022E+00 0.00000E+00 0.00000E+00 0.23330E-01      4347215  14/0.32000E-01
 0.15000E+04 0.50000E-01 0.29644E+00 0.54454E+00 0.10371E-01 0.11756E-01 0.55265E+00 0.55373E+00 0.00000E+00 0.00000E+00 -.88642E+00      4347215  14/0.50000E-01
 0.15000E+04 0.80000E-01 0.18528E+00 0.48967E+00 0.91823E-02 0.10402E-01 0.46029E+00 0.46113E+00 0.00000E+00 0.00000E+00 0.31081E+01      4347215  14/0.80000E-01
 0.15000E+04 0.13000E+00 0.11402E+00 0.37787E+00 0.90776E-02 0.99046E-02 0.37728E+00 0.37732E+00 0.00000E+00 0.00000E+00 0.60768E-01      4347215  14/0.13000E+00
 0.15000E+04 0.18000E+00 0.82345E-01 0.31308E+00 0.79680E-02 0.85746E-02 0.31970E+00 0.31995E+00 0.00000E+00 0.00000E+00 -.86234E+00      4347215  14/0.18000E+00
 0.15000E+04 0.25000E+00 0.59289E-01 0.25961E+00 0.76441E-02 0.81134E-02 0.25155E+00 0.25125E+00 0.00000E+00 0.00000E+00 0.10933E+01      4347215  14/0.25000E+00
 0.15000E+04 0.40000E+00 0.37055E-01 0.12966E+00 0.59100E-02 0.71582E-02 0.12966E+00 0.12941E+00 0.00000E+00 0.00000E+00 0.42707E-01      4347215  14/0.40000E+00
 0.15000E+04 0.65000E+00 0.22803E-01 0.15968E-01 0.20397E-02 0.21281E-02 0.19416E-01 0.19914E-01 0.00000E+00 0.00000E+00 -.19345E+01      4347215  14/0.65000E+00
 0.20000E+04 0.21900E-01 0.90241E+00 0.87821E+00 0.52105E-01 0.56022E-01 0.75915E+00 0.76482E+00 0.00000E+00 0.00000E+00 0.21762E+01      4347215  15/0.21900E-01
 0.20000E+04 0.32000E-01 0.61759E+00 0.65822E+00 0.16262E-01 0.18051E-01 0.67476E+00 0.67911E+00 0.00000E+00 0.00000E+00 -.12845E+01      4347215  15/0.32000E-01
 0.20000E+04 0.50000E-01 0.39526E+00 0.56966E+00 0.12966E-01 0.14163E-01 0.56796E+00 0.56868E+00 0.00000E+00 0.00000E+00 0.75858E-01      4347215  15/0.50000E-01
 0.20000E+04 0.80000E-01 0.24704E+00 0.46439E+00 0.10578E-01 0.11604E-01 0.47066E+00 0.47049E+00 0.00000E+00 0.00000E+00 -.57623E+00      4347215  15/0.80000E-01
 0.20000E+04 0.13000E+00 0.15202E+00 0.37034E+00 0.10170E-01 0.10843E-01 0.38294E+00 0.38269E+00 0.00000E+00 0.00000E+00 -.12139E+01      4347215  15/0.13000E+00
 0.20000E+04 0.18000E+00 0.10979E+00 0.31010E+00 0.93639E-02 0.99576E-02 0.32267E+00 0.32361E+00 0.00000E+00 0.00000E+00 -.14427E+01      4347215  15/0.18000E+00
 0.20000E+04 0.25000E+00 0.79051E-01 0.25130E+00 0.86476E-02 0.90426E-02 0.25221E+00 0.25153E+00 0.00000E+00 0.00000E+00 -.26548E-01      4347215  15/0.25000E+00
 0.20000E+04 0.40000E+00 0.49407E-01 0.12339E+00 0.60061E-02 0.62099E-02 0.12843E+00 0.12798E+00 0.00000E+00 0.00000E+00 -.76396E+00      4347215  15/0.40000E+00
 0.20000E+04 0.65000E+00 0.30404E-01 0.11157E-01 0.19769E-02 0.20230E-02 0.18853E-01 0.19324E-01 0.00000E+00 0.00000E+00 -.41313E+01      4347215  15/0.65000E+00
 0.30000E+04 0.32000E-01 0.92638E+00 0.73112E+00 0.30294E-01 0.31843E-01 0.69695E+00 0.70032E+00 0.00000E+00 0.00000E+00 0.10168E+01      4347215  16/0.32000E-01
 0.30000E+04 0.50000E-01 0.59289E+00 0.59879E+00 0.14594E-01 0.15973E-01 0.60120E+00 0.60285E+00 0.00000E+00 0.00000E+00 -.27817E+00      4347215  16/0.50000E-01
 0.30000E+04 0.80000E-01 0.37055E+00 0.50755E+00 0.12233E-01 0.13248E-01 0.49584E+00 0.49629E+00 0.00000E+00 0.00000E+00 0.92078E+00      4347215  16/0.80000E-01
 0.30000E+04 0.13000E+00 0.22803E+00 0.39384E+00 0.11439E-01 0.12085E-01 0.39821E+00 0.39884E+00 0.00000E+00 0.00000E+00 -.43742E+00      4347215  16/0.13000E+00
 0.30000E+04 0.18000E+00 0.16469E+00 0.31678E+00 0.10201E-01 0.10689E-01 0.33212E+00 0.33252E+00 0.00000E+00 0.00000E+00 -.15429E+01      4347215  16/0.18000E+00
 0.30000E+04 0.25000E+00 0.11858E+00 0.26471E+00 0.93897E-02 0.99729E-02 0.25663E+00 0.25481E+00 0.00000E+00 0.00000E+00 0.10545E+01      4347215  16/0.25000E+00
 0.30000E+04 0.40000E+00 0.74111E-01 0.13087E+00 0.65078E-02 0.67027E-02 0.12814E+00 0.12836E+00 0.00000E+00 0.00000E+00 0.38552E+00      4347215  16/0.40000E+00
 0.30000E+04 0.65000E+00 0.45607E-01 0.15162E-01 0.14548E-02 0.15057E-02 0.18265E-01 0.18491E-01 0.00000E+00 0.00000E+00 -.22887E+01      4347215  16/0.65000E+00
 0.50000E+04 0.54700E-01 0.90324E+00 0.64239E+00 0.34442E-01 0.35425E-01 0.63995E+00 0.64337E+00 0.00000E+00 0.00000E+00 -.28590E-01      4347215  17/0.54700E-01
 0.50000E+04 0.80000E-01 0.61759E+00 0.54571E+00 0.13141E-01 0.14414E-01 0.55654E+00 0.55943E+00 0.00000E+00 0.00000E+00 -.10438E+01      4347215  17/0.80000E-01
 0.50000E+04 0.13000E+00 0.38005E+00 0.47130E+00 0.13850E-01 0.14633E-01 0.43881E+00 0.43944E+00 0.00000E+00 0.00000E+00 0.23007E+01      4347215  17/0.13000E+00
 0.50000E+04 0.18000E+00 0.27448E+00 0.36470E+00 0.11859E-01 0.12403E-01 0.35909E+00 0.35979E+00 0.00000E+00 0.00000E+00 0.41382E+00      4347215  17/0.18000E+00
 0.50000E+04 0.25000E+00 0.19763E+00 0.24890E+00 0.10736E-01 0.11073E-01 0.27176E+00 0.27118E+00 0.00000E+00 0.00000E+00 -.20752E+01      4347215  17/0.25000E+00
 0.50000E+04 0.40000E+00 0.12352E+00 0.13002E+00 0.70648E-02 0.72738E-02 0.13133E+00 0.13046E+00 0.00000E+00 0.00000E+00 -.62803E-01      4347215  17/0.40000E+00
 0.50000E+04 0.65000E+00 0.76011E-01 0.14706E-01 0.20724E-02 0.21050E-02 0.17945E-01 0.17964E-01 0.00000E+00 0.00000E+00 -.15722E+01      4347215  17/0.65000E+00
 0.80000E+04 0.87500E-01 0.90344E+00 0.64366E+00 0.50209E-01 0.51385E-01 0.61422E+00 0.61835E+00 0.00000E+00 0.00000E+00 0.50403E+00      4347215  18/0.87500E-01
 0.80000E+04 0.13000E+00 0.60809E+00 0.55872E+00 0.18575E-01 0.19648E-01 0.51058E+00 0.51416E+00 0.00000E+00 0.00000E+00 0.23989E+01      4347215  18/0.13000E+00
 0.80000E+04 0.18000E+00 0.43917E+00 0.41651E+00 0.16964E-01 0.17488E-01 0.40945E+00 0.41015E+00 0.00000E+00 0.00000E+00 0.37487E+00      4347215  18/0.18000E+00
 0.80000E+04 0.25000E+00 0.31621E+00 0.29676E+00 0.14177E-01 0.14541E-01 0.30140E+00 0.30287E+00 0.00000E+00 0.00000E+00 -.43081E+00      4347215  18/0.25000E+00
 0.80000E+04 0.40000E+00 0.19763E+00 0.12136E+00 0.91403E-02 0.92680E-02 0.13960E+00 0.13898E+00 0.00000E+00 0.00000E+00 -.19278E+01      4347215  18/0.40000E+00
 0.80000E+04 0.65000E+00 0.12162E+00 0.15898E-01 0.19649E-02 0.19889E-02 0.18178E-01 0.18210E-01 0.00000E+00 0.00000E+00 -.11766E+01      4347215  18/0.65000E+00
 0.12000E+05 0.13000E+00 0.91213E+00 0.73310E+00 0.97002E-01 0.98172E-01 0.58936E+00 0.59394E+00 0.00000E+00 0.00000E+00 0.14347E+01      4347215  19/0.13000E+00
 0.12000E+05 0.18000E+00 0.65876E+00 0.48247E+00 0.22670E-01 0.23823E-01 0.48025E+00 0.48262E+00 0.00000E+00 0.00000E+00 -.65093E-02      4347215  19/0.18000E+00
 0.12000E+05 0.25000E+00 0.47431E+00 0.33417E+00 0.19999E-01 0.20408E-01 0.34586E+00 0.34521E+00 0.00000E+00 0.00000E+00 -.55178E+00      4347215  19/0.25000E+00
 0.12000E+05 0.40000E+00 0.29644E+00 0.17141E+00 0.14167E-01 0.14338E-01 0.15280E+00 0.15305E+00 0.00000E+00 0.00000E+00 0.12963E+01      4347215  19/0.40000E+00
 0.12000E+05 0.65000E+00 0.18243E+00 0.14910E-01 0.35106E-02 0.35251E-02 0.18888E-01 0.18728E-01 0.00000E+00 0.00000E+00 -.10876E+01      4347215  19/0.65000E+00
 0.20000E+05 0.25000E+00 0.79051E+00 0.47861E+00 0.33812E-01 0.35345E-01 0.42716E+00 0.43726E+00 0.00000E+00 0.00000E+00 0.12228E+01      4347215  20/0.25000E+00
 0.20000E+05 0.40000E+00 0.49407E+00 0.20599E+00 0.20449E-01 0.20625E-01 0.18112E+00 0.18137E+00 0.00000E+00 0.00000E+00 0.12041E+01      4347215  20/0.40000E+00
 0.20000E+05 0.65000E+00 0.30404E+00 0.17364E-01 0.58637E-02 0.58822E-02 0.20681E-01 0.20414E-01 0.00000E+00 0.00000E+00 -.52015E+00      4347215  20/0.65000E+00
 0.30000E+05 0.40000E+00 0.74111E+00 0.23073E+00 0.31460E-01 0.32085E-01 0.21276E+00 0.20910E+00 0.00000E+00 0.00000E+00 0.68767E+00      4347215  21/0.40000E+00
 0.30000E+05 0.65000E+00 0.45607E+00 0.44179E-01 0.14307E-01 0.14342E-01 0.23106E-01 0.22836E-01 0.00000E+00 0.00000E+00 0.14917E+01      4347215  21/0.65000E+00
 0.50000E+05 0.65000E+00 0.76011E+00 0.82210E-01 0.46643E-01 0.46667E-01 0.27348E-01 0.27169E-01 0.00000E+00 0.00000E+00 0.11800E+01      4347215  22/0.65000E+00
     2045511
 HERA1+2 CCep                                                                                                            
Plot1@Experiment:HERA1+2@ExtraLabel:e^{+}p #rightarrow #bar{#nu}X (CC) @XTitle: x @YTitle: d^{2}#sigma/dxdQ^{2} @Title:Q^{2} = 300  @Ymin:0.01@Xlog@Ylog
Plot2@Experiment:HERA1+2@ExtraLabel:e^{+}p #rightarrow #bar{#nu}X (CC) @XTitle: x @YTitle: d^{2}#sigma/dxdQ^{2} @Title:Q^{2} = 500  @Ymin:0.01@Xlog@Ylog
Plot3@Experiment:HERA1+2@ExtraLabel:e^{+}p #rightarrow #bar{#nu}X (CC) @XTitle: x @YTitle: d^{2}#sigma/dxdQ^{2} @Title:Q^{2} = 1000 @Ymin:0.001@Xlog@Ylog
Plot4@Experiment:HERA1+2@ExtraLabel:e^{+}p #rightarrow #bar{#nu}X (CC) @XTitle: x @YTitle: d^{2}#sigma/dxdQ^{2} @Title:Q^{2} = 1500 @Ymin:0.001@Xlog@Ylog
Plot5@Experiment:HERA1+2@ExtraLabel:e^{+}p #rightarrow #bar{#nu}X (CC) @XTitle: x @YTitle: d^{2}#sigma/dxdQ^{2} @Title:Q^{2} = 2000 @Ymin:0.001@Xlog@Ylog
Plot6@Experiment:HERA1+2@ExtraLabel:e^{+}p #rightarrow #bar{#nu}X (CC) @XTitle: x @YTitle: d^{2}#sigma/dxdQ^{2} @Title:Q^{2} = 3000 @Ymin:0.0005@Xlog@Ylog
Plot7@Experiment:HERA1+2@ExtraLabel:e^{+}p #rightarrow #bar{#nu}X (CC) @XTitle: x @YTitle: d^{2}#sigma/dxdQ^{2} @Title:Q^{2} = 5000 @Ymin:0.0001@Xlog@Ylog
Plot8@Experiment:HERA1+2@ExtraLabel:e^{+}p #rightarrow #bar{#nu}X (CC) @XTitle: x @YTitle: d^{2}#sigma/dxdQ^{2} @Title:Q^{2} = 8000 @Ymin:0.0001@Xlog@Ylog
Plot9@Experiment:HERA1+2@ExtraLabel:e^{+}p #rightarrow #bar{#nu}X (CC) @XTitle: x @YTitle: d^{2}#sigma/dxdQ^{2} @Title:Q^{2} = 15000@Ymin:0.00001@Xlog@Ylog
Plot10@Experiment:HERA1+2@ExtraLabel:e^{+}p #rightarrow #bar{#nu}X (CC) @XTitle: x @YTitle: d^{2}#sigma/dxdQ^{2} @Title:Q^{2} = 30000@Ymin:0.00001@Xlog@Ylog
 Q2          x           y              data      +- uncor     +- tot     th orig         th mod   therr+         therr-     pull    iset       iplot
 0.30000E+03 0.80000E-02 0.37055E+00 0.11422E+01 0.13816E+00 0.14321E+00 0.11013E+01 0.11154E+01 0.00000E+00 0.00000E+00 0.19411E+00      2045511   1/0.80000E-02
 0.30000E+03 0.13000E-01 0.22803E+00 0.72565E+00 0.45233E-01 0.50373E-01 0.65109E+00 0.66195E+00 0.00000E+00 0.00000E+00 0.14082E+01      2045511   1/0.13000E-01
 0.30000E+03 0.32000E-01 0.92638E-01 0.20678E+00 0.11581E-01 0.12367E-01 0.20877E+00 0.20982E+00 0.00000E+00 0.00000E+00 -.26286E+00      2045511   1/0.32000E-01
 0.30000E+03 0.80000E-01 0.37055E-01 0.46781E-01 0.34271E-02 0.35421E-02 0.57339E-01 0.57766E-01 0.00000E+00 0.00000E+00 -.32053E+01      2045511   1/0.80000E-01
 0.30000E+03 0.13000E+00 0.22803E-01 0.33700E-01 0.92544E-02 0.92797E-02 0.26978E-01 0.27153E-01 0.00000E+00 0.00000E+00 0.70748E+00      2045511   1/0.13000E+00
 0.50000E+03 0.80000E-02 0.61759E+00 0.66582E+00 0.16919E+00 0.17336E+00 0.82871E+00 0.84906E+00 0.00000E+00 0.00000E+00 -.10831E+01      2045511   2/0.80000E-02
 0.50000E+03 0.13000E-01 0.38005E+00 0.52424E+00 0.29495E-01 0.32238E-01 0.52860E+00 0.53574E+00 0.00000E+00 0.00000E+00 -.38984E+00      2045511   2/0.13000E-01
 0.50000E+03 0.32000E-01 0.15440E+00 0.19580E+00 0.84720E-02 0.90224E-02 0.18461E+00 0.18579E+00 0.00000E+00 0.00000E+00 0.11819E+01      2045511   2/0.32000E-01
 0.50000E+03 0.80000E-01 0.61759E-01 0.52823E-01 0.25517E-02 0.26115E-02 0.52087E-01 0.52183E-01 0.00000E+00 0.00000E+00 0.25086E+00      2045511   2/0.80000E-01
 0.50000E+03 0.13000E+00 0.38005E-01 0.23908E-01 0.20609E-02 0.21473E-02 0.24545E-01 0.24664E-01 0.00000E+00 0.00000E+00 -.36679E+00      2045511   2/0.13000E+00
 0.10000E+04 0.13000E-01 0.76011E+00 0.31717E+00 0.20960E-01 0.22497E-01 0.32170E+00 0.32587E+00 0.00000E+00 0.00000E+00 -.41486E+00      2045511   3/0.13000E-01
 0.10000E+04 0.32000E-01 0.30879E+00 0.14431E+00 0.51516E-02 0.54755E-02 0.13294E+00 0.13404E+00 0.00000E+00 0.00000E+00 0.19930E+01      2045511   3/0.32000E-01
 0.10000E+04 0.80000E-01 0.12352E+00 0.40671E-01 0.16268E-02 0.16772E-02 0.41103E-01 0.41263E-01 0.00000E+00 0.00000E+00 -.36410E+00      2045511   3/0.80000E-01
 0.10000E+04 0.13000E+00 0.76011E-01 0.20941E-01 0.11949E-02 0.12147E-02 0.19730E-01 0.19820E-01 0.00000E+00 0.00000E+00 0.93849E+00      2045511   3/0.13000E+00
 0.10000E+04 0.25000E+00 0.39526E-01 0.58808E-02 0.70246E-03 0.70716E-03 0.55446E-02 0.55621E-02 0.00000E+00 0.00000E+00 0.45370E+00      2045511   3/0.25000E+00
 0.15000E+04 0.32000E-01 0.46319E+00 0.98212E-01 0.54433E-02 0.57531E-02 0.95644E-01 0.96632E-01 0.00000E+00 0.00000E+00 0.29027E+00      2045511   4/0.32000E-01
 0.15000E+04 0.80000E-01 0.18528E+00 0.32999E-01 0.17119E-02 0.17670E-02 0.32634E-01 0.32980E-01 0.00000E+00 0.00000E+00 0.11193E-01      2045511   4/0.80000E-01
 0.15000E+04 0.13000E+00 0.11402E+00 0.14766E-01 0.10900E-02 0.11024E-02 0.16076E-01 0.16146E-01 0.00000E+00 0.00000E+00 -.12664E+01      2045511   4/0.13000E+00
 0.15000E+04 0.25000E+00 0.59289E-01 0.50457E-02 0.46768E-03 0.47067E-03 0.45869E-02 0.46111E-02 0.00000E+00 0.00000E+00 0.92916E+00      2045511   4/0.25000E+00
 0.15000E+04 0.40000E+00 0.37055E-01 0.10004E-02 0.42054E-03 0.42080E-03 0.10540E-02 0.10589E-02 0.00000E+00 0.00000E+00 -.13919E+00      2045511   4/0.40000E+00
 0.20000E+04 0.32000E-01 0.61759E+00 0.79423E-01 0.42036E-02 0.43664E-02 0.70013E-01 0.69987E-01 0.00000E+00 0.00000E+00 0.22448E+01      2045511   5/0.32000E-01
 0.20000E+04 0.80000E-01 0.24704E+00 0.26220E-01 0.13073E-02 0.13355E-02 0.26049E-01 0.26045E-01 0.00000E+00 0.00000E+00 0.13413E+00      2045511   5/0.80000E-01
 0.20000E+04 0.13000E+00 0.15202E+00 0.13023E-01 0.89855E-03 0.91036E-03 0.13214E-01 0.13247E-01 0.00000E+00 0.00000E+00 -.24962E+00      2045511   5/0.13000E+00
 0.20000E+04 0.25000E+00 0.79051E-01 0.42520E-02 0.45931E-03 0.49167E-03 0.38484E-02 0.39003E-02 0.00000E+00 0.00000E+00 0.76572E+00      2045511   5/0.25000E+00
 0.30000E+04 0.32000E-01 0.92638E+00 0.47224E-01 0.60115E-02 0.62284E-02 0.43203E-01 0.44030E-01 0.00000E+00 0.00000E+00 0.53140E+00      2045511   6/0.32000E-01
 0.30000E+04 0.80000E-01 0.37055E+00 0.18553E-01 0.68362E-03 0.73650E-03 0.16825E-01 0.16890E-01 0.00000E+00 0.00000E+00 0.24332E+01      2045511   6/0.80000E-01
 0.30000E+04 0.13000E+00 0.22803E+00 0.94418E-02 0.42682E-03 0.44006E-03 0.90976E-02 0.91244E-02 0.00000E+00 0.00000E+00 0.74370E+00      2045511   6/0.13000E+00
 0.30000E+04 0.25000E+00 0.11858E+00 0.26184E-02 0.17031E-03 0.17276E-03 0.27850E-02 0.28041E-02 0.00000E+00 0.00000E+00 -.10904E+01      2045511   6/0.25000E+00
 0.30000E+04 0.40000E+00 0.74111E-01 0.61961E-03 0.10009E-03 0.10303E-03 0.65170E-03 0.65769E-03 0.00000E+00 0.00000E+00 -.38043E+00      2045511   6/0.40000E+00
 0.50000E+04 0.80000E-01 0.61759E+00 0.75414E-02 0.45183E-03 0.48372E-03 0.74389E-02 0.74539E-02 0.00000E+00 0.00000E+00 0.19363E+00      2045511   7/0.80000E-01
 0.50000E+04 0.13000E+00 0.38005E+00 0.45257E-02 0.23767E-03 0.24967E-03 0.45297E-02 0.45253E-02 0.00000E+00 0.00000E+00 0.15823E-02      2045511   7/0.13000E+00
 0.50000E+04 0.25000E+00 0.19763E+00 0.15381E-02 0.97631E-04 0.10011E-03 0.15657E-02 0.15715E-02 0.00000E+00 0.00000E+00 -.34210E+00      2045511   7/0.25000E+00
 0.50000E+04 0.40000E+00 0.12352E+00 0.56331E-03 0.62015E-04 0.63177E-04 0.38333E-03 0.38785E-03 0.00000E+00 0.00000E+00 0.28293E+01      2045511   7/0.40000E+00
 0.80000E+04 0.13000E+00 0.60809E+00 0.15093E-02 0.12910E-03 0.13777E-03 0.17214E-02 0.17121E-02 0.00000E+00 0.00000E+00 -.15708E+01      2045511   8/0.13000E+00
 0.80000E+04 0.25000E+00 0.31621E+00 0.74339E-03 0.57045E-04 0.59627E-04 0.72996E-03 0.73000E-03 0.00000E+00 0.00000E+00 0.23465E+00      2045511   8/0.25000E+00
 0.80000E+04 0.40000E+00 0.19763E+00 0.20493E-03 0.29514E-04 0.30062E-04 0.19602E-03 0.19879E-03 0.00000E+00 0.00000E+00 0.20790E+00      2045511   8/0.40000E+00
 0.15000E+05 0.25000E+00 0.59289E+00 0.13735E-03 0.19547E-04 0.20530E-04 0.14643E-03 0.14472E-03 0.00000E+00 0.00000E+00 -.37725E+00      2045511   9/0.25000E+00
 0.15000E+05 0.40000E+00 0.37055E+00 0.59554E-04 0.95476E-05 0.98190E-05 0.53793E-04 0.54065E-04 0.00000E+00 0.00000E+00 0.57492E+00      2045511   9/0.40000E+00
 0.30000E+05 0.40000E+00 0.74111E+00 0.54400E-05 0.37741E-05 0.39421E-05 0.40426E-05 0.38888E-05 0.00000E+00 0.00000E+00 0.41102E+00      2045511  10/0.40000E+00
     4493380
 HERA1+2 CCem                                                                                                            
Plot1@Experiment:HERA1+2@ExtraLabel:e^{-}p #rightarrow #nuX (CC) @XTitle: x @YTitle: d^{2}#sigma/dxdQ^{2} @Title:Q^{2} = 300  @Ymin:0.01@Xlog@Ylog
Plot2@Experiment:HERA1+2@ExtraLabel:e^{-}p #rightarrow #nuX (CC) @XTitle: x @YTitle: d^{2}#sigma/dxdQ^{2} @Title:Q^{2} = 500  @Ymin:0.01@Xlog@Ylog
Plot3@Experiment:HERA1+2@ExtraLabel:e^{-}p #rightarrow #nuX (CC) @XTitle: x @YTitle: d^{2}#sigma/dxdQ^{2} @Title:Q^{2} = 1000 @Ymin:0.001@Xlog@Ylog
Plot4@Experiment:HERA1+2@ExtraLabel:e^{-}p #rightarrow #nuX (CC) @XTitle: x @YTitle: d^{2}#sigma/dxdQ^{2} @Title:Q^{2} = 1500 @Ymin:0.001@Xlog@Ylog
Plot5@Experiment:HERA1+2@ExtraLabel:e^{-}p #rightarrow #nuX (CC) @XTitle: x @YTitle: d^{2}#sigma/dxdQ^{2} @Title:Q^{2} = 2000 @Ymin:0.001@Xlog@Ylog
Plot6@Experiment:HERA1+2@ExtraLabel:e^{-}p #rightarrow #nuX (CC) @XTitle: x @YTitle: d^{2}#sigma/dxdQ^{2} @Title:Q^{2} = 3000 @Ymin:0.0005@Xlog@Ylog
Plot7@Experiment:HERA1+2@ExtraLabel:e^{-}p #rightarrow #nuX (CC) @XTitle: x @YTitle: d^{2}#sigma/dxdQ^{2} @Title:Q^{2} = 5000 @Ymin:0.0001@Xlog@Ylog
Plot8@Experiment:HERA1+2@ExtraLabel:e^{-}p #rightarrow #nuX (CC) @XTitle: x @YTitle: d^{2}#sigma/dxdQ^{2} @Title:Q^{2} = 8000 @Ymin:0.0001@Xlog@Ylog
Plot9@Experiment:HERA1+2@ExtraLabel:e^{-}p #rightarrow #nuX (CC) @XTitle: x @YTitle: d^{2}#sigma/dxdQ^{2} @Title:Q^{2} = 15000@Ymin:0.00001@Xlog@Ylog
Plot10@Experiment:HERA1+2@ExtraLabel:e^{-}p #rightarrow #nuX (CC) @XTitle: x @YTitle: d^{2}#sigma/dxdQ^{2} @Title:Q^{2} = 30000@Ymin:0.00001@Xlog@Ylog
 Q2          x           y              data      +- uncor     +- tot     th orig         th mod   therr+         therr-     pull    iset       iplot
 0.30000E+03 0.80000E-02 0.37055E+00 0.18618E+01 0.74183E+00 0.76722E+00 0.12399E+01 0.12732E+01 0.00000E+00 0.00000E+00 0.79348E+00      4493380   1/0.80000E-02
 0.30000E+03 0.13000E-01 0.22803E+00 0.70388E+00 0.60427E-01 0.63197E-01 0.74753E+00 0.73337E+00 0.00000E+00 0.00000E+00 -.48808E+00      4493380   1/0.13000E-01
 0.30000E+03 0.32000E-01 0.92638E-01 0.26247E+00 0.20461E-01 0.21503E-01 0.26014E+00 0.25752E+00 0.00000E+00 0.00000E+00 0.24178E+00      4493380   1/0.32000E-01
 0.30000E+03 0.80000E-01 0.37055E-01 0.91028E-01 0.71264E-02 0.80511E-02 0.83732E-01 0.82794E-01 0.00000E+00 0.00000E+00 0.11554E+01      4493380   1/0.80000E-01
 0.30000E+03 0.13000E+00 0.22803E-01 0.38063E-01 0.10090E-01 0.10125E-01 0.44615E-01 0.43504E-01 0.00000E+00 0.00000E+00 -.53921E+00      4493380   1/0.13000E+00
 0.50000E+03 0.13000E-01 0.38005E+00 0.61064E+00 0.38567E-01 0.41412E-01 0.63423E+00 0.62438E+00 0.00000E+00 0.00000E+00 -.35628E+00      4493380   2/0.13000E-01
 0.50000E+03 0.32000E-01 0.15440E+00 0.21978E+00 0.12589E-01 0.13186E-01 0.23751E+00 0.23497E+00 0.00000E+00 0.00000E+00 -.12064E+01      4493380   2/0.32000E-01
 0.50000E+03 0.80000E-01 0.61759E-01 0.63485E-01 0.38344E-02 0.39577E-02 0.77987E-01 0.76955E-01 0.00000E+00 0.00000E+00 -.35128E+01      4493380   2/0.80000E-01
 0.50000E+03 0.13000E+00 0.38005E-01 0.46285E-01 0.39570E-02 0.45989E-02 0.41523E-01 0.41260E-01 0.00000E+00 0.00000E+00 0.12699E+01      4493380   2/0.13000E+00
 0.10000E+04 0.13000E-01 0.76011E+00 0.43228E+00 0.28193E-01 0.30069E-01 0.43330E+00 0.42618E+00 0.00000E+00 0.00000E+00 0.21619E+00      4493380   3/0.13000E-01
 0.10000E+04 0.32000E-01 0.30879E+00 0.18144E+00 0.85901E-02 0.89278E-02 0.18717E+00 0.18542E+00 0.00000E+00 0.00000E+00 -.46387E+00      4493380   3/0.32000E-01
 0.10000E+04 0.80000E-01 0.12352E+00 0.58715E-01 0.26767E-02 0.27668E-02 0.65654E-01 0.64960E-01 0.00000E+00 0.00000E+00 -.23331E+01      4493380   3/0.80000E-01
 0.10000E+04 0.13000E+00 0.76011E-01 0.33102E-01 0.18245E-02 0.19271E-02 0.35254E-01 0.35002E-01 0.00000E+00 0.00000E+00 -.10416E+01      4493380   3/0.13000E+00
 0.10000E+04 0.25000E+00 0.39526E-01 0.13116E-01 0.14834E-02 0.14917E-02 0.12900E-01 0.12785E-01 0.00000E+00 0.00000E+00 0.22299E+00      4493380   3/0.25000E+00
 0.15000E+04 0.32000E-01 0.46319E+00 0.14347E+00 0.10575E-01 0.10743E-01 0.14895E+00 0.14728E+00 0.00000E+00 0.00000E+00 -.36027E+00      4493380   4/0.32000E-01
 0.15000E+04 0.80000E-01 0.18528E+00 0.52158E-01 0.30617E-02 0.31241E-02 0.55814E-01 0.55314E-01 0.00000E+00 0.00000E+00 -.10308E+01      4493380   4/0.80000E-01
 0.15000E+04 0.13000E+00 0.11402E+00 0.27866E-01 0.17229E-02 0.17720E-02 0.30349E-01 0.29921E-01 0.00000E+00 0.00000E+00 -.11929E+01      4493380   4/0.13000E+00
 0.15000E+04 0.25000E+00 0.59289E-01 0.11505E-01 0.84345E-03 0.85273E-03 0.11107E-01 0.11131E-01 0.00000E+00 0.00000E+00 0.44356E+00      4493380   4/0.25000E+00
 0.15000E+04 0.40000E+00 0.37055E-01 0.48258E-02 0.81697E-03 0.82105E-03 0.36988E-02 0.37478E-02 0.00000E+00 0.00000E+00 0.13195E+01      4493380   4/0.40000E+00
 0.20000E+04 0.32000E-01 0.61759E+00 0.12372E+00 0.67613E-02 0.70199E-02 0.12095E+00 0.12068E+00 0.00000E+00 0.00000E+00 0.45021E+00      4493380   5/0.32000E-01
 0.20000E+04 0.80000E-01 0.24704E+00 0.46340E-01 0.22571E-02 0.23187E-02 0.47888E-01 0.47781E-01 0.00000E+00 0.00000E+00 -.63860E+00      4493380   5/0.80000E-01
 0.20000E+04 0.13000E+00 0.15202E+00 0.23176E-01 0.16075E-02 0.16359E-02 0.26395E-01 0.26291E-01 0.00000E+00 0.00000E+00 -.19378E+01      4493380   5/0.13000E+00
 0.20000E+04 0.25000E+00 0.79051E-01 0.10108E-01 0.11302E-02 0.13568E-02 0.96898E-02 0.98528E-02 0.00000E+00 0.00000E+00 0.22581E+00      4493380   5/0.25000E+00
 0.30000E+04 0.32000E-01 0.92638E+00 0.86065E-01 0.10267E-01 0.10349E-01 0.86920E-01 0.85627E-01 0.00000E+00 0.00000E+00 0.42619E-01      4493380   6/0.32000E-01
 0.30000E+04 0.80000E-01 0.37055E+00 0.32522E-01 0.12105E-02 0.12631E-02 0.36140E-01 0.36133E-01 0.00000E+00 0.00000E+00 -.29828E+01      4493380   6/0.80000E-01
 0.30000E+04 0.13000E+00 0.22803E+00 0.18460E-01 0.83114E-03 0.85372E-03 0.20454E-01 0.20391E-01 0.00000E+00 0.00000E+00 -.23229E+01      4493380   6/0.13000E+00
 0.30000E+04 0.25000E+00 0.11858E+00 0.75154E-02 0.38209E-03 0.39179E-03 0.75830E-02 0.76181E-02 0.00000E+00 0.00000E+00 -.26886E+00      4493380   6/0.25000E+00
 0.30000E+04 0.40000E+00 0.74111E-01 0.26072E-02 0.23459E-03 0.24189E-03 0.24886E-02 0.25432E-02 0.00000E+00 0.00000E+00 0.27266E+00      4493380   6/0.40000E+00
 0.50000E+04 0.80000E-01 0.61759E+00 0.21095E-01 0.97579E-03 0.10125E-02 0.22428E-01 0.22491E-01 0.00000E+00 0.00000E+00 -.14310E+01      4493380   7/0.80000E-01
 0.50000E+04 0.13000E+00 0.38005E+00 0.11992E-01 0.53316E-03 0.55035E-03 0.13220E-01 0.13235E-01 0.00000E+00 0.00000E+00 -.23310E+01      4493380   7/0.13000E+00
 0.50000E+04 0.25000E+00 0.19763E+00 0.46471E-02 0.22704E-03 0.23416E-03 0.50141E-02 0.50571E-02 0.00000E+00 0.00000E+00 -.18061E+01      4493380   7/0.25000E+00
 0.50000E+04 0.40000E+00 0.12352E+00 0.19005E-02 0.14709E-03 0.15312E-03 0.16348E-02 0.16803E-02 0.00000E+00 0.00000E+00 0.14969E+01      4493380   7/0.40000E+00
 0.50000E+04 0.65000E+00 0.76011E-01 0.32341E-03 0.97021E-04 0.99958E-04 0.14676E-03 0.15890E-03 0.00000E+00 0.00000E+00 0.16956E+01      4493380   7/0.65000E+00
 0.80000E+04 0.13000E+00 0.60809E+00 0.82050E-02 0.44274E-03 0.47261E-03 0.78217E-02 0.79269E-02 0.00000E+00 0.00000E+00 0.62824E+00      4493380   8/0.13000E+00
 0.80000E+04 0.25000E+00 0.31621E+00 0.28236E-02 0.15417E-03 0.16185E-03 0.30521E-02 0.30860E-02 0.00000E+00 0.00000E+00 -.17021E+01      4493380   8/0.25000E+00
 0.80000E+04 0.40000E+00 0.19763E+00 0.10278E-02 0.82749E-04 0.86718E-04 0.99302E-03 0.10239E-02 0.00000E+00 0.00000E+00 0.47105E-01      4493380   8/0.40000E+00
 0.80000E+04 0.65000E+00 0.12162E+00 0.91788E-04 0.49520E-04 0.50413E-04 0.87227E-04 0.97298E-04 0.00000E+00 0.00000E+00 -.11127E+00      4493380   8/0.65000E+00
 0.15000E+05 0.25000E+00 0.59289E+00 0.13893E-02 0.91267E-04 0.10237E-03 0.13216E-02 0.13632E-02 0.00000E+00 0.00000E+00 0.28589E+00      4493380   9/0.25000E+00
 0.15000E+05 0.40000E+00 0.37055E+00 0.39046E-03 0.32524E-04 0.35413E-04 0.43096E-03 0.44736E-03 0.00000E+00 0.00000E+00 -.17493E+01      4493380   9/0.40000E+00
 0.15000E+05 0.65000E+00 0.22803E+00 0.42399E-04 0.22183E-04 0.22762E-04 0.36905E-04 0.41892E-04 0.00000E+00 0.00000E+00 0.22866E-01      4493380   9/0.65000E+00
 0.30000E+05 0.40000E+00 0.74111E+00 0.15339E-03 0.22215E-04 0.24377E-04 0.14199E-03 0.15140E-03 0.00000E+00 0.00000E+00 0.89574E-01      4493380  10/0.40000E+00
 0.30000E+05 0.65000E+00 0.45607E+00 0.16313E-04 0.85605E-05 0.91931E-05 0.11871E-04 0.14572E-04 0.00000E+00 0.00000E+00 0.20342E+00      4493380  10/0.65000E+00
     3448910
 Charm cross section H1-ZEUS combined                                                                                    
Plot1@ExtraLabel: H1 ZEUS Charm@Title:Q2 = 2.5 @XTitle: x @YTitle: #sigma^{cc}_{red} @Xmin:0.00001@Xmax:0.1@Ymin:0.001@Ymax:.15@YminR:0.7@YmaxR:1.3@Xlog
Plot2@ExtraLabel: H1 ZEUS Charm@Title:Q2 = 5   @XTitle: x @YTitle: #sigma^{cc}_{red} @Xmin:0.00001@Xmax:0.1@Ymin:0.001@Ymax:.25@YminR:0.7@YmaxR:1.3@Xlog
Plot3@ExtraLabel: H1 ZEUS Charm@Title:Q2 = 7   @XTitle: x @YTitle: #sigma^{cc}_{red} @Xmin:0.00001@Xmax:0.1@Ymin:0.001@Ymax:.35@YminR:0.7@YmaxR:1.3@Xlog
Plot4@ExtraLabel: H1 ZEUS Charm@Title:Q2 = 12  @XTitle: x @YTitle: #sigma^{cc}_{red} @Xmin:0.00001@Xmax:0.1@Ymin:0.001@Ymax:.5@YminR:0.7@YmaxR:1.3@Xlog
Plot5@ExtraLabel: H1 ZEUS Charm@Title:Q2 = 18  @XTitle: x @YTitle: #sigma^{cc}_{red} @Xmin:0.00001@Xmax:0.1@Ymin:0.001@Ymax:.5@YminR:0.7@YmaxR:1.3@Xlog
Plot6@ExtraLabel: H1 ZEUS Charm@Title:Q2 = 32  @XTitle: x @YTitle: #sigma^{cc}_{red} @Xmin:0.00001@Xmax:0.1@Ymin:0.001@Ymax:.5@YminR:0.7@YmaxR:1.3@Xlog
Plot7@ExtraLabel: H1 ZEUS Charm@Title:Q2 = 60  @XTitle: x @YTitle: #sigma^{cc}_{red} @Xmin:0.00001@Xmax:0.1@Ymin:0.001@Ymax:.5@YminR:0.7@YmaxR:1.3@Xlog
Plot8@ExtraLabel: H1 ZEUS Charm@Title:Q2 = 120 @XTitle: x @YTitle: #sigma^{cc}_{red} @Xmin:0.00001@Xmax:0.1@Ymin:0.001@Ymax:.5@YminR:0.7@YmaxR:1.3@Xlog
Plot9@ExtraLabel: H1 ZEUS Charm@Title:Q2 = 200 @XTitle: x @YTitle: #sigma^{cc}_{red} @Xmin:0.00001@Xmax:0.1@Ymin:0.001@Ymax:.5@YminR:0.7@YmaxR:1.3@Xlog
Plot10@ExtraLabel: H1 ZEUS Charm@Title:Q2 = 350 @XTitle: x @YTitle: #sigma^{cc}_{red} @Xmin:0.00001@Xmax:0.1@Ymin:0.001@Ymax:.5@YminR:0.7@YmaxR:1.3@Xlog
Plot11@ExtraLabel: H1 ZEUS Charm@Title:Q2 = 650 @XTitle: x @YTitle: #sigma^{cc}_{red} @Xmin:0.00001@Xmax:0.1@Ymin:0.001@Ymax:.5@YminR:0.7@YmaxR:1.3@Xlog
Plot12@ExtraLabel: H1 ZEUS Charm@Title:Q2 = 2000@XTitle: x @YTitle: #sigma^{cc}_{red} @Xmin:0.00001@Xmax:0.1@Ymin:0.001@Ymax:.5@YminR:0.7@YmaxR:1.3@Xlog
 x           Q2          y              data      +- uncor     +- tot     th orig         th mod   therr+         therr-     pull    iset       iplot
 0.18000E-03 0.50000E+01 0.27448E+00 0.14949E+00 0.12494E-01 0.16189E-01 0.11446E+00 0.12972E+00 0.00000E+00 0.00000E+00 0.15823E+01      3448910   2/0.18000E-03
 0.50000E-03 0.70000E+01 0.13834E+00 0.15531E+00 0.67075E-02 0.11326E-01 0.13906E+00 0.14378E+00 0.00000E+00 0.00000E+00 0.17192E+01      3448910   3/0.50000E-03
 0.30000E-03 0.70000E+01 0.23057E+00 0.16886E+00 0.77272E-02 0.13147E-01 0.15793E+00 0.16920E+00 0.00000E+00 0.00000E+00 -.44048E-01      3448910   3/0.30000E-03
 0.15000E-02 0.12000E+02 0.79051E-01 0.14129E+00 0.77142E-02 0.12309E-01 0.15808E+00 0.14724E+00 0.00000E+00 0.00000E+00 -.77070E+00      3448910   4/0.15000E-02
 0.80000E-03 0.12000E+02 0.14822E+00 0.17714E+00 0.66666E-02 0.12156E-01 0.19210E+00 0.18712E+00 0.00000E+00 0.00000E+00 -.14969E+01      3448910   4/0.80000E-03
 0.50000E-03 0.12000E+02 0.23715E+00 0.23416E+00 0.10045E-01 0.15567E-01 0.21957E+00 0.23161E+00 0.00000E+00 0.00000E+00 0.25395E+00      3448910   4/0.50000E-03
 0.32000E-03 0.12000E+02 0.37055E+00 0.28523E+00 0.13440E-01 0.23022E-01 0.24652E+00 0.27095E+00 0.00000E+00 0.00000E+00 0.10624E+01      3448910   4/0.32000E-03
 0.25000E-02 0.18000E+02 0.71146E-01 0.15760E+00 0.55574E-02 0.10599E-01 0.16723E+00 0.15786E+00 0.00000E+00 0.00000E+00 -.46805E-01      3448910   5/0.25000E-02
 0.13500E-02 0.18000E+02 0.13175E+00 0.20087E+00 0.65335E-02 0.12404E-01 0.20558E+00 0.20469E+00 0.00000E+00 0.00000E+00 -.58543E+00      3448910   5/0.13500E-02
 0.80000E-03 0.18000E+02 0.22233E+00 0.26374E+00 0.10135E-01 0.15956E-01 0.24063E+00 0.25032E+00 0.00000E+00 0.00000E+00 0.13242E+01      3448910   5/0.80000E-03
 0.50000E-03 0.18000E+02 0.35573E+00 0.27655E+00 0.12886E-01 0.23197E-01 0.27310E+00 0.29428E+00 0.00000E+00 0.00000E+00 -.13764E+01      3448910   5/0.50000E-03
 0.32000E-02 0.32000E+02 0.98814E-01 0.19420E+00 0.13741E-01 0.17556E-01 0.20089E+00 0.18953E+00 0.00000E+00 0.00000E+00 0.33998E+00      3448910   6/0.32000E-02
 0.24000E-02 0.32000E+02 0.13175E+00 0.20353E+00 0.97816E-02 0.14045E-01 0.22361E+00 0.21960E+00 0.00000E+00 0.00000E+00 -.16433E+01      3448910   6/0.24000E-02
 0.14000E-02 0.32000E+02 0.22586E+00 0.27666E+00 0.10720E-01 0.15959E-01 0.26829E+00 0.27048E+00 0.00000E+00 0.00000E+00 0.57593E+00      3448910   6/0.14000E-02
 0.80000E-03 0.32000E+02 0.39526E+00 0.35273E+00 0.15185E-01 0.24225E-01 0.31509E+00 0.33431E+00 0.00000E+00 0.00000E+00 0.12128E+01      3448910   6/0.80000E-03
 0.50000E-02 0.60000E+02 0.11858E+00 0.19753E+00 0.93173E-02 0.13409E-01 0.21015E+00 0.20306E+00 0.00000E+00 0.00000E+00 -.59443E+00      3448910   7/0.50000E-02
 0.32000E-02 0.60000E+02 0.18528E+00 0.27206E+00 0.12873E-01 0.16660E-01 0.25365E+00 0.25778E+00 0.00000E+00 0.00000E+00 0.11094E+01      3448910   7/0.32000E-02
 0.20000E-02 0.60000E+02 0.29644E+00 0.33871E+00 0.14681E-01 0.19321E-01 0.30162E+00 0.30133E+00 0.00000E+00 0.00000E+00 0.25458E+01      3448910   7/0.20000E-02
 0.14000E-02 0.60000E+02 0.42349E+00 0.32181E+00 0.19730E-01 0.26884E-01 0.33662E+00 0.33625E+00 0.00000E+00 0.00000E+00 -.73202E+00      3448910   7/0.14000E-02
 0.10000E-01 0.12000E+03 0.11858E+00 0.15901E+00 0.10477E-01 0.13658E-01 0.17732E+00 0.16569E+00 0.00000E+00 0.00000E+00 -.63683E+00      3448910   8/0.10000E-01
 0.55000E-02 0.12000E+03 0.21559E+00 0.22599E+00 0.11746E-01 0.15645E-01 0.24255E+00 0.23275E+00 0.00000E+00 0.00000E+00 -.57520E+00      3448910   8/0.55000E-02
 0.20000E-02 0.12000E+03 0.59289E+00 0.34498E+00 0.24498E-01 0.30481E-01 0.35278E+00 0.35712E+00 0.00000E+00 0.00000E+00 -.49545E+00      3448910   8/0.20000E-02
 0.13000E-01 0.20000E+03 0.15202E+00 0.16594E+00 0.11093E-01 0.13710E-01 0.16680E+00 0.16277E+00 0.00000E+00 0.00000E+00 0.28645E+00      3448910   9/0.13000E-01
 0.50000E-02 0.20000E+03 0.39526E+00 0.24389E+00 0.19701E-01 0.24198E-01 0.27991E+00 0.26605E+00 0.00000E+00 0.00000E+00 -.11246E+01      3448910   9/0.50000E-02
 0.25000E-01 0.35000E+03 0.13834E+00 0.10163E+00 0.11370E-01 0.14009E-01 0.11130E+00 0.10334E+00 0.00000E+00 0.00000E+00 -.15048E+00      3448910  10/0.25000E-01
 0.10000E-01 0.35000E+03 0.34585E+00 0.22009E+00 0.19184E-01 0.25113E-01 0.21306E+00 0.21201E+00 0.00000E+00 0.00000E+00 0.42112E+00      3448910  10/0.10000E-01
 0.32000E-01 0.65000E+03 0.20072E+00 0.93895E-01 0.11633E-01 0.15376E-01 0.95075E-01 0.85835E-01 0.00000E+00 0.00000E+00 0.69289E+00      3448910  11/0.32000E-01
 0.13000E-01 0.65000E+03 0.49407E+00 0.20037E+00 0.22302E-01 0.26706E-01 0.19257E+00 0.18890E+00 0.00000E+00 0.00000E+00 0.51451E+00      3448910  11/0.13000E-01
 0.50000E-01 0.20000E+04 0.39526E+00 0.62148E-01 0.17185E-01 0.19430E-01 0.63084E-01 0.61349E-01 0.00000E+00 0.00000E+00 0.46496E-01      3448910  12/0.50000E-01
 0.16000E-02 0.70000E+01 0.43231E-01 0.92482E-01 0.58761E-02 0.91569E-02 0.10040E+00 0.94508E-01 0.00000E+00 0.00000E+00 -.34480E+00      3448910   3/0.16000E-02
 0.80000E-03 0.70000E+01 0.86462E-01 0.11561E+00 0.82650E-02 0.10848E-01 0.12280E+00 0.12116E+00 0.00000E+00 0.00000E+00 -.67151E+00      3448910   3/0.80000E-03
 0.13000E-03 0.70000E+01 0.53208E+00 0.21417E+00 0.17368E-01 0.24365E-01 0.19004E+00 0.22136E+00 0.00000E+00 0.00000E+00 -.41369E+00      3448910   3/0.13000E-03
 0.30000E-02 0.12000E+02 0.39526E-01 0.10278E+00 0.63153E-02 0.10407E-01 0.12429E+00 0.11009E+00 0.00000E+00 0.00000E+00 -.11585E+01      3448910   4/0.30000E-02
 0.22000E-03 0.12000E+02 0.53899E+00 0.29831E+00 0.25172E-01 0.33126E-01 0.26742E+00 0.30775E+00 0.00000E+00 0.00000E+00 -.37485E+00      3448910   4/0.22000E-03
 0.45000E-02 0.18000E+02 0.39526E-01 0.13490E+00 0.77761E-02 0.13499E-01 0.13324E+00 0.11879E+00 0.00000E+00 0.00000E+00 0.20716E+01      3448910   5/0.45000E-02
 0.35000E-03 0.18000E+02 0.50819E+00 0.30928E+00 0.28365E-01 0.34840E-01 0.29540E+00 0.32925E+00 0.00000E+00 0.00000E+00 -.70394E+00      3448910   5/0.35000E-03
 0.80000E-02 0.32000E+02 0.39526E-01 0.10273E+00 0.10954E-01 0.13857E-01 0.13402E+00 0.11528E+00 0.00000E+00 0.00000E+00 -.11460E+01      3448910   6/0.80000E-02
 0.55000E-02 0.32000E+02 0.57492E-01 0.14873E+00 0.10240E-01 0.13592E-01 0.16030E+00 0.14900E+00 0.00000E+00 0.00000E+00 -.25788E-01      3448910   6/0.55000E-02
 0.15000E-01 0.60000E+02 0.39526E-01 0.10079E+00 0.10658E-01 0.12492E-01 0.11614E+00 0.10351E+00 0.00000E+00 0.00000E+00 -.25491E+00      3448910   7/0.15000E-01
 0.80000E-02 0.60000E+02 0.74111E-01 0.14560E+00 0.17488E-01 0.19083E-01 0.16750E+00 0.15543E+00 0.00000E+00 0.00000E+00 -.56173E+00      3448910   7/0.80000E-02
 0.30000E-04 0.25000E+01 0.82345E+00 0.11263E+00 0.15807E-01 0.20003E-01 0.88884E-01 0.11274E+00 0.00000E+00 0.00000E+00 -.71245E-02      3448910   1/0.30000E-04
 0.70000E-04 0.25000E+01 0.35291E+00 0.10674E+00 0.95942E-02 0.14283E-01 0.75533E-01 0.93005E-01 0.00000E+00 0.00000E+00 0.14321E+01      3448910   1/0.70000E-04
 0.13000E-03 0.25000E+01 0.19003E+00 0.88876E-01 0.88817E-02 0.12176E-01 0.66506E-01 0.78979E-01 0.00000E+00 0.00000E+00 0.11144E+01      3448910   1/0.13000E-03
 0.18000E-03 0.25000E+01 0.13724E+00 0.90667E-01 0.85787E-02 0.11498E-01 0.62204E-01 0.71495E-01 0.00000E+00 0.00000E+00 0.22348E+01      3448910   1/0.18000E-03
 0.35000E-03 0.25000E+01 0.70582E-01 0.55989E-01 0.48764E-02 0.66768E-02 0.54109E-01 0.57896E-01 0.00000E+00 0.00000E+00 -.39105E+00      3448910   1/0.35000E-03
 0.18000E-03 0.70000E+01 0.38428E+00 0.19090E+00 0.19413E-01 0.25718E-01 0.17780E+00 0.20785E+00 0.00000E+00 0.00000E+00 -.87341E+00      3448910   3/0.18000E-03
 0.70000E-04 0.50000E+01 0.70582E+00 0.14661E+00 0.22897E-01 0.27181E-01 0.13407E+00 0.16789E+00 0.00000E+00 0.00000E+00 -.92899E+00      3448910   2/0.70000E-04
 0.35000E-03 0.50000E+01 0.14116E+00 0.11511E+00 0.81749E-02 0.11230E-01 0.10016E+00 0.10810E+00 0.00000E+00 0.00000E+00 0.85697E+00      3448910   2/0.35000E-03
 0.10000E-02 0.50000E+01 0.49407E-01 0.80289E-01 0.74222E-02 0.99535E-02 0.79472E-01 0.74853E-01 0.00000E+00 0.00000E+00 0.73231E+00      3448910   2/0.10000E-02
 0.60000E-03 0.32000E+02 0.52701E+00 0.41185E+00 0.62266E-01 0.66598E-01 0.33519E+00 0.37223E+00 0.00000E+00 0.00000E+00 0.63631E+00      3448910   6/0.60000E-03
 0.32000E-02 0.12000E+03 0.37055E+00 0.24324E+00 0.38665E-01 0.40233E-01 0.30559E+00 0.30874E+00 0.00000E+00 0.00000E+00 -.16940E+01      3448910   8/0.32000E-02
 0.25000E-01 0.12000E+03 0.47431E-01 0.86573E-01 0.11841E-01 0.13306E-01 0.94330E-01 0.85094E-01 0.00000E+00 0.00000E+00 0.12485E+00      3448910   8/0.25000E-01
     8898920
 Beauty cross section ZEUS Vertex                                                                                        
Plot1@Experiment:ZEUS Beauty vertex@ExtraLabel:ep #rightarrow b#bar{b} @XTitle: x @YTitle: #sigma^{b#bar{b}}_{red} @Title:Q^{2} = 6.5@Xlog
Plot2@Experiment:ZEUS Beauty vertex@ExtraLabel:ep #rightarrow b#bar{b} @XTitle: x @YTitle: #sigma^{b#bar{b}}_{red} @Title:Q^{2} = 12@Xlog
Plot3@Experiment:ZEUS Beauty vertex@ExtraLabel:ep #rightarrow b#bar{b} @XTitle: x @YTitle: #sigma^{b#bar{b}}_{red} @Title:Q^{2} = 25@Xlog
Plot4@Experiment:ZEUS Beauty vertex@ExtraLabel:ep #rightarrow b#bar{b} @XTitle: x @YTitle: #sigma^{b#bar{b}}_{red} @Title:Q^{2} = 30@Xlog
Plot5@Experiment:ZEUS Beauty vertex@ExtraLabel:ep #rightarrow b#bar{b} @XTitle: x @YTitle: #sigma^{b#bar{b}}_{red} @Title:Q^{2} = 80@Xlog
Plot6@Experiment:ZEUS Beauty vertex@ExtraLabel:ep #rightarrow b#bar{b} @XTitle: x @YTitle: #sigma^{b#bar{b}}_{red} @Title:Q^{2} = 160@Xlog
Plot7@Experiment:ZEUS Beauty vertex@ExtraLabel:ep #rightarrow b#bar{b} @XTitle: x @YTitle: #sigma^{b#bar{b}}_{red} @Title:Q^{2} = 600@Xlog
 Q2          x           y              data      +- uncor     +- tot     th orig         th mod   therr+         therr-     pull    iset       iplot
 0.65000E+01 0.15000E-03 0.42850E+00 0.42900E-02 0.86827E-03 0.94222E-03 0.48973E-02 0.44042E-02 0.00000E+00 0.00000E+00 -.13150E+00      8898920   1/0.15000E-03
 0.65000E+01 0.28000E-03 0.22950E+00 0.35700E-02 0.63215E-03 0.70730E-03 0.37632E-02 0.31213E-02 0.00000E+00 0.00000E+00 0.70973E+00      8898920   1/0.28000E-03
 0.12000E+02 0.43000E-03 0.27590E+00 0.63100E-02 0.91820E-03 0.10427E-02 0.68736E-02 0.59864E-02 0.00000E+00 0.00000E+00 0.35241E+00      8898920   2/0.43000E-03
 0.12000E+02 0.65000E-03 0.18250E+00 0.43600E-02 0.64552E-03 0.74690E-03 0.56891E-02 0.49085E-02 0.00000E+00 0.00000E+00 -.84968E+00      8898920   2/0.65000E-03
 0.25000E+02 0.43000E-03 0.57490E+00 0.11600E-01 0.37706E-02 0.39582E-02 0.15787E-01 0.13077E-01 0.00000E+00 0.00000E+00 -.39167E+00      8898920   3/0.43000E-03
 0.25000E+02 0.80000E-03 0.30900E+00 0.10400E-01 0.12862E-02 0.15112E-02 0.12359E-01 0.10773E-01 0.00000E+00 0.00000E+00 -.28982E+00      8898920   3/0.80000E-03
 0.30000E+02 0.16000E-02 0.18540E+00 0.99400E-02 0.14700E-02 0.16359E-02 0.10905E-01 0.97856E-02 0.00000E+00 0.00000E+00 0.10504E+00      8898920   4/0.16000E-02
 0.30000E+02 0.25000E-02 0.11860E+00 0.67200E-02 0.13347E-02 0.15475E-02 0.85991E-02 0.72615E-02 0.00000E+00 0.00000E+00 -.40570E+00      8898920   4/0.25000E-02
 0.30000E+02 0.45000E-02 0.65900E-01 0.41300E-02 0.25293E-02 0.26117E-02 0.59566E-02 0.43914E-02 0.00000E+00 0.00000E+00 -.10334E+00      8898920   4/0.45000E-02
 0.80000E+02 0.16000E-02 0.49440E+00 0.35400E-01 0.54305E-02 0.60485E-02 0.28161E-01 0.24931E-01 0.00000E+00 0.00000E+00 0.19278E+01      8898920   5/0.16000E-02
 0.80000E+02 0.25000E-02 0.31640E+00 0.19400E-01 0.27644E-02 0.31820E-02 0.23015E-01 0.20108E-01 0.00000E+00 0.00000E+00 -.25612E+00      8898920   5/0.25000E-02
 0.80000E+02 0.45000E-02 0.17580E+00 0.10900E-01 0.20959E-02 0.24280E-02 0.16739E-01 0.13686E-01 0.00000E+00 0.00000E+00 -.13293E+01      8898920   5/0.45000E-02
 0.16000E+03 0.35000E-02 0.45200E+00 0.22300E-01 0.32680E-02 0.36108E-02 0.30338E-01 0.26818E-01 0.00000E+00 0.00000E+00 -.13824E+01      8898920   6/0.35000E-02
 0.16000E+03 0.80000E-02 0.19770E+00 0.17600E-01 0.16938E-02 0.19306E-02 0.19007E-01 0.17218E-01 0.00000E+00 0.00000E+00 0.22561E+00      8898920   6/0.80000E-02
 0.16000E+03 0.20000E-01 0.79100E-01 0.78400E-02 0.43140E-02 0.45028E-02 0.92818E-02 0.70061E-02 0.00000E+00 0.00000E+00 0.19329E+00      8898920   6/0.20000E-01
 0.60000E+03 0.13000E-01 0.45640E+00 0.14900E-01 0.33924E-02 0.38648E-02 0.23439E-01 0.19262E-01 0.00000E+00 0.00000E+00 -.12858E+01      8898920   7/0.13000E-01
 0.60000E+03 0.35000E-01 0.16950E+00 0.87600E-02 0.30955E-02 0.33234E-02 0.98213E-02 0.78044E-02 0.00000E+00 0.00000E+00 0.30871E+00      8898920   7/0.35000E-01
      495249
 H1 F2 Beauty Vertex                                                                                                     
Plot1@Experiment:H1 Beauty @ExtraLabel:ep #rightarrow b#bar{b} @XTitle: x @YTitle: #sigma^{b#bar{b}}_{red} @Title:Q^{2} = 5@Xlog
Plot2@Experiment:H1 Beauty @ExtraLabel:ep #rightarrow b#bar{b} @XTitle: x @YTitle: #sigma^{b#bar{b}}_{red} @Title:Q^{2} = 12@Xlog
Plot3@Experiment:H1 Beauty @ExtraLabel:ep #rightarrow b#bar{b} @XTitle: x @YTitle: #sigma^{b#bar{b}}_{red} @Title:Q^{2} = 25@Xlog
Plot4@Experiment:H1 Beauty @ExtraLabel:ep #rightarrow b#bar{b} @XTitle: x @YTitle: #sigma^{b#bar{b}}_{red} @Title:Q^{2} = 60@Xlog
Plot5@Experiment:H1 Beauty @ExtraLabel:ep #rightarrow b#bar{b} @XTitle: x @YTitle: #sigma^{b#bar{b}}_{red} @Title:Q^{2} = 200@Xlog
Plot6@Experiment:H1 Beauty @ExtraLabel:ep #rightarrow b#bar{b} @XTitle: x @YTitle: #sigma^{b#bar{b}}_{red} @Title:Q^{2} = 650@Xlog
Plot7@Experiment:H1 Beauty @ExtraLabel:ep #rightarrow b#bar{b} @XTitle: x @YTitle: #sigma^{b#bar{b}}_{red} @Title:Q^{2} = 2000@Xlog
 Q2          x           y              data      +- uncor     +- tot     th orig         th mod   therr+         therr-     pull    iset       iplot
 0.50000E+01 0.20000E-03 0.24600E+00 0.24400E-02 0.84807E-03 0.11271E-02 0.30740E-02 0.23489E-02 0.00000E+00 0.00000E+00 0.10739E+00       495249   1/0.20000E-03
 0.12000E+02 0.32000E-03 0.36900E+00 0.48700E-02 0.88006E-03 0.15472E-02 0.77862E-02 0.54389E-02 0.00000E+00 0.00000E+00 -.64648E+00       495249   2/0.32000E-03
 0.12000E+02 0.80000E-03 0.14800E+00 0.24700E-02 0.47579E-03 0.10800E-02 0.51360E-02 0.24789E-02 0.00000E+00 0.00000E+00 -.18766E-01       495249   2/0.80000E-03
 0.25000E+02 0.50000E-03 0.49200E+00 0.11890E-01 0.13400E-02 0.29879E-02 0.14953E-01 0.11388E-01 0.00000E+00 0.00000E+00 0.37438E+00       495249   3/0.50000E-03
 0.25000E+02 0.13000E-02 0.18900E+00 0.58600E-02 0.84362E-03 0.20146E-02 0.98814E-02 0.61673E-02 0.00000E+00 0.00000E+00 -.36424E+00       495249   3/0.13000E-02
 0.60000E+02 0.13000E-02 0.45400E+00 0.19280E-01 0.27877E-02 0.48316E-02 0.23890E-01 0.18071E-01 0.00000E+00 0.00000E+00 0.43357E+00       495249   4/0.13000E-02
 0.60000E+02 0.50000E-02 0.11800E+00 0.96400E-02 0.14672E-02 0.31535E-02 0.11949E-01 0.91510E-02 0.00000E+00 0.00000E+00 0.33332E+00       495249   4/0.50000E-02
 0.20000E+03 0.50000E-02 0.39400E+00 0.23650E-01 0.29039E-02 0.54864E-02 0.28352E-01 0.22606E-01 0.00000E+00 0.00000E+00 0.35946E+00       495249   5/0.50000E-02
 0.20000E+03 0.13000E-01 0.15100E+00 0.11390E-01 0.22820E-02 0.39319E-02 0.15278E-01 0.11741E-01 0.00000E+00 0.00000E+00 -.15384E+00       495249   5/0.13000E-01
 0.65000E+03 0.13000E-01 0.49200E+00 0.13310E-01 0.36122E-02 0.46154E-02 0.23855E-01 0.17276E-01 0.00000E+00 0.00000E+00 -.10980E+01       495249   6/0.13000E-01
 0.65000E+03 0.32000E-01 0.20000E+00 0.10180E-01 0.19651E-02 0.30657E-02 0.11077E-01 0.93721E-02 0.00000E+00 0.00000E+00 0.41110E+00       495249   6/0.32000E-01
 0.20000E+04 0.50000E-01 0.39400E+00 0.49900E-02 0.28785E-02 0.30571E-02 0.84134E-02 0.65442E-02 0.00000E+00 0.00000E+00 -.53996E+00       495249   7/0.50000E-01
     8013004
 BCDMS F2p 100GeV                                                                                                        
Plot1@Experiment:BCDMS muon DIS@ExtraLabel:#mu beam energy E = 100 GeV @XTitle: x @YTitle: F_{2}(x, Q^{2}) @Title:Q^{2} = 7.5  @Ymin:0.1@Ymax:1.@Xlog@Ylog
Plot2@Experiment:BCDMS muon DIS@ExtraLabel:#mu beam energy E = 100 GeV @XTitle: x @YTitle: F_{2}(x, Q^{2}) @Title:Q^{2} = 8.75  @Ymin:0.1@Ymax:1.@Xlog@Ylog
Plot3@Experiment:BCDMS muon DIS@ExtraLabel:#mu beam energy E = 100 GeV @XTitle: x @YTitle: F_{2}(x, Q^{2}) @Title:Q^{2} = 10.25  @Ymin:0.1@Ymax:1.@Xlog@Ylog
Plot4@Experiment:BCDMS muon DIS@ExtraLabel:#mu beam energy E = 100 GeV @XTitle: x @YTitle: F_{2}(x, Q^{2}) @Title:Q^{2} = 11.75  @Ymin:0.1@Ymax:1.@Xlog@Ylog
Plot5@Experiment:BCDMS muon DIS@ExtraLabel:#mu beam energy E = 100 GeV @XTitle: x @YTitle: F_{2}(x, Q^{2}) @Title:Q^{2} = 13.25 @Ymin:0.05@Ymax:1.@Xlog@Ylog
Plot6@Experiment:BCDMS muon DIS@ExtraLabel:#mu beam energy E = 100 GeV @XTitle: x @YTitle: F_{2}(x, Q^{2}) @Title:Q^{2} = 15 @Ymin:0.05@Ymax:1.@Xlog@Ylog
Plot7@Experiment:BCDMS muon DIS@ExtraLabel:#mu beam energy E = 100 GeV @XTitle: x @YTitle: F_{2}(x, Q^{2}) @Title:Q^{2} = 17  @Ymin:0.05@Ymax:1.@Xlog@Ylog
Plot8@Experiment:BCDMS muon DIS@ExtraLabel:#mu beam energy E = 100 GeV @XTitle: x @YTitle: F_{2}(x, Q^{2}) @Title:Q^{2} = 19  @Ymin:0.05@Ymax:1.@Xlog@Ylog
Plot9@Experiment:BCDMS muon DIS@ExtraLabel:#mu beam energy E = 100 GeV @XTitle: x @YTitle: F_{2}(x, Q^{2}) @Title:Q^{2} = 21.5 @Ymin:0.01@Ymax:1.@Xlog@Ylog
Plot10@Experiment:BCDMS muon DIS@ExtraLabel:#mu beam energy E = 100 GeV @XTitle: x @YTitle: F_{2}(x, Q^{2}) @Title:Q^{2} = 24.5 @Ymin:0.01@Ymax:1.@Xlog@Ylog
Plot11@Experiment:BCDMS muon DIS@ExtraLabel:#mu beam energy E = 100 GeV @XTitle: x @YTitle: F_{2}(x, Q^{2}) @Title:Q^{2} = 28 @Ymin:0.01@Ymax:1.@Xlog@Ylog
Plot12@Experiment:BCDMS muon DIS@ExtraLabel:#mu beam energy E = 100 GeV @XTitle: x @YTitle: F_{2}(x, Q^{2}) @Title:Q^{2} = 32 @Ymin:0.01@Ymax:1.@Xlog@Ylog
Plot13@Experiment:BCDMS muon DIS@ExtraLabel:#mu beam energy E = 100 GeV @XTitle: x @YTitle: F_{2}(x, Q^{2}) @Title:Q^{2} = 37 @Ymin:0.01@Ymax:1.@Xlog@Ylog
Plot14@Experiment:BCDMS muon DIS@ExtraLabel:#mu beam energy E = 100 GeV @XTitle: x @YTitle: F_{2}(x, Q^{2}) @Title:Q^{2} = 43 @Ymin:0.001@Ymax:1.@Xlog@Ylog
Plot15@Experiment:BCDMS muon DIS@ExtraLabel:#mu beam energy E = 100 GeV @XTitle: x @YTitle: F_{2}(x, Q^{2}) @Title:Q^{2} = 49 @Ymin:0.001@Ymax:1.@Xlog@Ylog
Plot16@Experiment:BCDMS muon DIS@ExtraLabel:#mu beam energy E = 100 GeV @XTitle: x @YTitle: F_{2}(x, Q^{2}) @Title:Q^{2} = 57 @Ymin:0.001@Ymax:1.@Xlog@Ylog
Plot17@Experiment:BCDMS muon DIS@ExtraLabel:#mu beam energy E = 100 GeV @XTitle: x @YTitle: F_{2}(x, Q^{2}) @Title:Q^{2} = 65 @Ymin:0.001@Ymax:.5@Xlog@Ylog
Plot18@Experiment:BCDMS muon DIS@ExtraLabel:#mu beam energy E = 100 GeV @XTitle: x @YTitle: F_{2}(x, Q^{2}) @Title:Q^{2} = 75 @Ymin:0.001@Ymax:.5@Xlog@Ylog
 x           Q2          y              data      +- uncor     +- tot     th orig         th mod   therr+         therr-     pull    iset       iplot
 0.70000E-01 0.75000E+01 0.57106E+00 0.38934E+00 0.59958E-02 0.24098E-01 0.37743E+00 0.37829E+00 0.00000E+00 0.00000E+00 0.18433E+01      8013004   1/0.70000E-01
 0.70000E-01 0.87500E+01 0.66624E+00 0.37624E+00 0.51921E-02 0.24488E-01 0.37423E+00 0.37667E+00 0.00000E+00 0.00000E+00 -.82570E-01      8013004   2/0.70000E-01
 0.10000E+00 0.75000E+01 0.39974E+00 0.38055E+00 0.42241E-02 0.21664E-01 0.37677E+00 0.38589E+00 0.00000E+00 0.00000E+00 -.12634E+01      8013004   1/0.10000E+00
 0.10000E+00 0.87500E+01 0.46637E+00 0.38347E+00 0.35279E-02 0.21954E-01 0.37668E+00 0.38468E+00 0.00000E+00 0.00000E+00 -.34215E+00      8013004   2/0.10000E+00
 0.10000E+00 0.10250E+02 0.54632E+00 0.37960E+00 0.36062E-02 0.21724E-01 0.37519E+00 0.38236E+00 0.00000E+00 0.00000E+00 -.76528E+00      8013004   3/0.10000E+00
 0.14000E+00 0.87500E+01 0.33312E+00 0.37560E+00 0.39062E-02 0.21064E-01 0.36493E+00 0.37681E+00 0.00000E+00 0.00000E+00 -.31053E+00      8013004   2/0.14000E+00
 0.14000E+00 0.10250E+02 0.39023E+00 0.37676E+00 0.39560E-02 0.21245E-01 0.36438E+00 0.37644E+00 0.00000E+00 0.00000E+00 0.81737E-01      8013004   3/0.14000E+00
 0.14000E+00 0.11750E+02 0.44733E+00 0.37259E+00 0.42848E-02 0.21153E-01 0.36348E+00 0.37420E+00 0.00000E+00 0.00000E+00 -.37475E+00      8013004   4/0.14000E+00
 0.14000E+00 0.13250E+02 0.50444E+00 0.36575E+00 0.46816E-02 0.20588E-01 0.36212E+00 0.37239E+00 0.00000E+00 0.00000E+00 -.14176E+01      8013004   5/0.14000E+00
 0.14000E+00 0.15000E+02 0.57106E+00 0.37196E+00 0.47983E-02 0.21105E-01 0.36032E+00 0.37006E+00 0.00000E+00 0.00000E+00 0.39525E+00      8013004   6/0.14000E+00
 0.18000E+00 0.87500E+01 0.25909E+00 0.36786E+00 0.48925E-02 0.21175E-01 0.34820E+00 0.36073E+00 0.00000E+00 0.00000E+00 0.14582E+01      8013004   2/0.18000E+00
 0.18000E+00 0.10250E+02 0.30351E+00 0.36457E+00 0.47394E-02 0.20617E-01 0.34704E+00 0.35827E+00 0.00000E+00 0.00000E+00 0.13289E+01      8013004   3/0.18000E+00
 0.18000E+00 0.11750E+02 0.34792E+00 0.36492E+00 0.49994E-02 0.20723E-01 0.34584E+00 0.35710E+00 0.00000E+00 0.00000E+00 0.15638E+01      8013004   4/0.18000E+00
 0.18000E+00 0.13250E+02 0.39234E+00 0.36270E+00 0.53317E-02 0.20823E-01 0.34459E+00 0.35536E+00 0.00000E+00 0.00000E+00 0.13775E+01      8013004   5/0.18000E+00
 0.18000E+00 0.15000E+02 0.44416E+00 0.36228E+00 0.52168E-02 0.20575E-01 0.34307E+00 0.35288E+00 0.00000E+00 0.00000E+00 0.18022E+01      8013004   6/0.18000E+00
 0.18000E+00 0.17000E+02 0.50338E+00 0.35350E+00 0.57267E-02 0.20181E-01 0.34125E+00 0.34997E+00 0.00000E+00 0.00000E+00 0.61709E+00      8013004   7/0.18000E+00
 0.22500E+00 0.10250E+02 0.24281E+00 0.34051E+00 0.48012E-02 0.19418E-01 0.32346E+00 0.33449E+00 0.00000E+00 0.00000E+00 0.12528E+01      8013004   3/0.22500E+00
 0.22500E+00 0.11750E+02 0.27834E+00 0.34545E+00 0.50090E-02 0.19653E-01 0.32161E+00 0.33196E+00 0.00000E+00 0.00000E+00 0.26941E+01      8013004   4/0.22500E+00
 0.22500E+00 0.13250E+02 0.31387E+00 0.33693E+00 0.51887E-02 0.19216E-01 0.31990E+00 0.32957E+00 0.00000E+00 0.00000E+00 0.14192E+01      8013004   5/0.22500E+00
 0.22500E+00 0.15000E+02 0.35533E+00 0.33517E+00 0.48935E-02 0.19045E-01 0.31804E+00 0.32754E+00 0.00000E+00 0.00000E+00 0.15582E+01      8013004   6/0.22500E+00
 0.22500E+00 0.17000E+02 0.40270E+00 0.31962E+00 0.52098E-02 0.18256E-01 0.31605E+00 0.32434E+00 0.00000E+00 0.00000E+00 -.90608E+00      8013004   7/0.22500E+00
 0.22500E+00 0.19000E+02 0.45008E+00 0.32172E+00 0.57910E-02 0.18629E-01 0.31415E+00 0.32256E+00 0.00000E+00 0.00000E+00 -.14447E+00      8013004   8/0.22500E+00
 0.22500E+00 0.21500E+02 0.50930E+00 0.31154E+00 0.55143E-02 0.17960E-01 0.31187E+00 0.32012E+00 0.00000E+00 0.00000E+00 -.15568E+01      8013004   9/0.22500E+00
 0.22500E+00 0.24500E+02 0.58037E+00 0.32112E+00 0.52343E-02 0.18311E-01 0.30919E+00 0.31648E+00 0.00000E+00 0.00000E+00 0.88569E+00      8013004  10/0.22500E+00
 0.22500E+00 0.28000E+02 0.66328E+00 0.31410E+00 0.52769E-02 0.18015E-01 0.30609E+00 0.31356E+00 0.00000E+00 0.00000E+00 0.10302E+00      8013004  11/0.22500E+00
 0.27500E+00 0.10250E+02 0.19866E+00 0.30440E+00 0.53574E-02 0.18708E-01 0.29313E+00 0.29957E+00 0.00000E+00 0.00000E+00 0.90189E+00      8013004   3/0.27500E+00
 0.27500E+00 0.11750E+02 0.22773E+00 0.29925E+00 0.54464E-02 0.17554E-01 0.29060E+00 0.29678E+00 0.00000E+00 0.00000E+00 0.45302E+00      8013004   4/0.27500E+00
 0.27500E+00 0.13250E+02 0.25681E+00 0.30155E+00 0.57294E-02 0.17557E-01 0.28837E+00 0.29511E+00 0.00000E+00 0.00000E+00 0.11234E+01      8013004   5/0.27500E+00
 0.27500E+00 0.15000E+02 0.29072E+00 0.30341E+00 0.52793E-02 0.17428E-01 0.28604E+00 0.29216E+00 0.00000E+00 0.00000E+00 0.21309E+01      8013004   6/0.27500E+00
 0.27500E+00 0.17000E+02 0.32949E+00 0.30373E+00 0.56494E-02 0.17560E-01 0.28366E+00 0.28973E+00 0.00000E+00 0.00000E+00 0.24783E+01      8013004   7/0.27500E+00
 0.27500E+00 0.19000E+02 0.36825E+00 0.28923E+00 0.59292E-02 0.16933E-01 0.28151E+00 0.28809E+00 0.00000E+00 0.00000E+00 0.19279E+00      8013004   8/0.27500E+00
 0.27500E+00 0.21500E+02 0.41670E+00 0.29763E+00 0.55954E-02 0.17199E-01 0.27907E+00 0.28565E+00 0.00000E+00 0.00000E+00 0.21410E+01      8013004   9/0.27500E+00
 0.27500E+00 0.24500E+02 0.47485E+00 0.27886E+00 0.49916E-02 0.15362E-01 0.27640E+00 0.28374E+00 0.00000E+00 0.00000E+00 -.97706E+00      8013004  10/0.27500E+00
 0.27500E+00 0.28000E+02 0.54268E+00 0.28971E+00 0.50699E-02 0.16035E-01 0.27355E+00 0.28106E+00 0.00000E+00 0.00000E+00 0.17062E+01      8013004  11/0.27500E+00
 0.27500E+00 0.32500E+02 0.62990E+00 0.28090E+00 0.47191E-02 0.15411E-01 0.27014E+00 0.27637E+00 0.00000E+00 0.00000E+00 0.95924E+00      8013004  12/0.27500E+00
 0.27500E+00 0.37500E+02 0.72681E+00 0.26784E+00 0.58389E-02 0.15126E-01 0.26657E+00 0.27265E+00 0.00000E+00 0.00000E+00 -.82463E+00      8013004  13/0.27500E+00
 0.35000E+00 0.11750E+02 0.17893E+00 0.24001E+00 0.42722E-02 0.14569E-01 0.23810E+00 0.24231E+00 0.00000E+00 0.00000E+00 -.53897E+00      8013004   4/0.35000E+00
 0.35000E+00 0.13250E+02 0.20178E+00 0.23349E+00 0.43429E-02 0.13901E-01 0.23534E+00 0.23941E+00 0.00000E+00 0.00000E+00 -.13634E+01      8013004   5/0.35000E+00
 0.35000E+00 0.15000E+02 0.22842E+00 0.23093E+00 0.38334E-02 0.13441E-01 0.23253E+00 0.23652E+00 0.00000E+00 0.00000E+00 -.14592E+01      8013004   6/0.35000E+00
 0.35000E+00 0.17000E+02 0.25888E+00 0.23689E+00 0.40982E-02 0.13705E-01 0.22974E+00 0.23368E+00 0.00000E+00 0.00000E+00 0.78332E+00      8013004   7/0.35000E+00
 0.35000E+00 0.19000E+02 0.28934E+00 0.22257E+00 0.41621E-02 0.12927E-01 0.22729E+00 0.23120E+00 0.00000E+00 0.00000E+00 -.20728E+01      8013004   8/0.35000E+00
 0.35000E+00 0.21500E+02 0.32741E+00 0.23218E+00 0.38774E-02 0.13277E-01 0.22460E+00 0.22850E+00 0.00000E+00 0.00000E+00 0.94971E+00      8013004   9/0.35000E+00
 0.35000E+00 0.24500E+02 0.37310E+00 0.22318E+00 0.28344E-02 0.12101E-01 0.22179E+00 0.22591E+00 0.00000E+00 0.00000E+00 -.96252E+00      8013004  10/0.35000E+00
 0.35000E+00 0.28000E+02 0.42639E+00 0.22454E+00 0.35253E-02 0.12301E-01 0.21894E+00 0.22331E+00 0.00000E+00 0.00000E+00 0.34867E+00      8013004  11/0.35000E+00
 0.35000E+00 0.32500E+02 0.49492E+00 0.21917E+00 0.31999E-02 0.11875E-01 0.21575E+00 0.22024E+00 0.00000E+00 0.00000E+00 -.33445E+00      8013004  12/0.35000E+00
 0.35000E+00 0.37500E+02 0.57106E+00 0.21761E+00 0.34382E-02 0.11847E-01 0.21266E+00 0.21697E+00 0.00000E+00 0.00000E+00 0.18586E+00      8013004  13/0.35000E+00
 0.35000E+00 0.43000E+02 0.65482E+00 0.21422E+00 0.36632E-02 0.11741E-01 0.20965E+00 0.21393E+00 0.00000E+00 0.00000E+00 0.80228E-01      8013004  14/0.35000E+00
 0.45000E+00 0.11750E+02 0.13917E+00 0.16020E+00 0.40851E-02 0.10196E-01 0.16506E+00 0.16302E+00 0.00000E+00 0.00000E+00 -.69114E+00      8013004   4/0.45000E+00
 0.45000E+00 0.13250E+02 0.15694E+00 0.15598E+00 0.43050E-02 0.10033E-01 0.16214E+00 0.16058E+00 0.00000E+00 0.00000E+00 -.10692E+01      8013004   5/0.45000E+00
 0.45000E+00 0.15000E+02 0.17766E+00 0.15493E+00 0.37803E-02 0.97303E-02 0.15922E+00 0.15797E+00 0.00000E+00 0.00000E+00 -.80399E+00      8013004   6/0.45000E+00
 0.45000E+00 0.17000E+02 0.20135E+00 0.15323E+00 0.40299E-02 0.95471E-02 0.15637E+00 0.15577E+00 0.00000E+00 0.00000E+00 -.63060E+00      8013004   7/0.45000E+00
 0.45000E+00 0.19000E+02 0.22504E+00 0.15558E+00 0.42940E-02 0.97640E-02 0.15391E+00 0.15406E+00 0.00000E+00 0.00000E+00 0.35302E+00      8013004   8/0.45000E+00
 0.45000E+00 0.21500E+02 0.25465E+00 0.14470E+00 0.36175E-02 0.89221E-02 0.15126E+00 0.15121E+00 0.00000E+00 0.00000E+00 -.17991E+01      8013004   9/0.45000E+00
 0.45000E+00 0.24500E+02 0.29019E+00 0.14443E+00 0.25564E-02 0.86242E-02 0.14855E+00 0.14935E+00 0.00000E+00 0.00000E+00 -.19236E+01      8013004  10/0.45000E+00
 0.45000E+00 0.28000E+02 0.33164E+00 0.13996E+00 0.31351E-02 0.80557E-02 0.14588E+00 0.14708E+00 0.00000E+00 0.00000E+00 -.22711E+01      8013004  11/0.45000E+00
 0.45000E+00 0.32500E+02 0.38494E+00 0.14332E+00 0.28234E-02 0.81335E-02 0.14300E+00 0.14445E+00 0.00000E+00 0.00000E+00 -.40070E+00      8013004  12/0.45000E+00
 0.45000E+00 0.37500E+02 0.44416E+00 0.14506E+00 0.31043E-02 0.82425E-02 0.14033E+00 0.14204E+00 0.00000E+00 0.00000E+00 0.97237E+00      8013004  13/0.45000E+00
 0.45000E+00 0.43000E+02 0.50930E+00 0.14063E+00 0.31079E-02 0.80680E-02 0.13785E+00 0.13951E+00 0.00000E+00 0.00000E+00 0.35931E+00      8013004  14/0.45000E+00
 0.45000E+00 0.49500E+02 0.58629E+00 0.13379E+00 0.36123E-02 0.79148E-02 0.13537E+00 0.13702E+00 0.00000E+00 0.00000E+00 -.89471E+00      8013004  15/0.45000E+00
 0.45000E+00 0.57000E+02 0.67512E+00 0.13603E+00 0.35368E-02 0.79674E-02 0.13293E+00 0.13508E+00 0.00000E+00 0.00000E+00 0.26890E+00      8013004  16/0.45000E+00
 0.55000E+00 0.11750E+02 0.11387E+00 0.92860E-01 0.31572E-02 0.85990E-02 0.10114E+00 0.95548E-01 0.00000E+00 0.00000E+00 -.85148E+00      8013004   4/0.55000E+00
 0.55000E+00 0.13250E+02 0.12840E+00 0.87840E-01 0.32940E-02 0.76611E-02 0.98422E-01 0.93438E-01 0.00000E+00 0.00000E+00 -.16993E+01      8013004   5/0.55000E+00
 0.55000E+00 0.15000E+02 0.14536E+00 0.89980E-01 0.30593E-02 0.72939E-02 0.95755E-01 0.91531E-01 0.00000E+00 0.00000E+00 -.50693E+00      8013004   6/0.55000E+00
 0.55000E+00 0.17000E+02 0.16474E+00 0.84690E-01 0.30827E-02 0.66405E-02 0.93202E-01 0.89548E-01 0.00000E+00 0.00000E+00 -.15758E+01      8013004   7/0.55000E+00
 0.55000E+00 0.19000E+02 0.18413E+00 0.82860E-01 0.31901E-02 0.63627E-02 0.91043E-01 0.88013E-01 0.00000E+00 0.00000E+00 -.16154E+01      8013004   8/0.55000E+00
 0.55000E+00 0.21500E+02 0.20835E+00 0.82790E-01 0.28894E-02 0.59727E-02 0.88757E-01 0.86308E-01 0.00000E+00 0.00000E+00 -.12174E+01      8013004   9/0.55000E+00
 0.55000E+00 0.24500E+02 0.23742E+00 0.85130E-01 0.20601E-02 0.55564E-02 0.86465E-01 0.84735E-01 0.00000E+00 0.00000E+00 0.19164E+00      8013004  10/0.55000E+00
 0.55000E+00 0.28000E+02 0.27134E+00 0.80990E-01 0.19924E-02 0.52228E-02 0.84244E-01 0.83051E-01 0.00000E+00 0.00000E+00 -.10345E+01      8013004  11/0.55000E+00
 0.55000E+00 0.32500E+02 0.31495E+00 0.85160E-01 0.23589E-02 0.53883E-02 0.81902E-01 0.81208E-01 0.00000E+00 0.00000E+00 0.16753E+01      8013004  12/0.55000E+00
 0.55000E+00 0.37500E+02 0.36340E+00 0.81000E-01 0.24705E-02 0.51415E-02 0.79781E-01 0.79328E-01 0.00000E+00 0.00000E+00 0.67695E+00      8013004  13/0.55000E+00
 0.55000E+00 0.43000E+02 0.41670E+00 0.80050E-01 0.25136E-02 0.50296E-02 0.77860E-01 0.77809E-01 0.00000E+00 0.00000E+00 0.89153E+00      8013004  14/0.55000E+00
 0.55000E+00 0.49500E+02 0.47969E+00 0.76900E-01 0.24993E-02 0.48696E-02 0.75988E-01 0.76098E-01 0.00000E+00 0.00000E+00 0.32085E+00      8013004  15/0.55000E+00
 0.55000E+00 0.57000E+02 0.55237E+00 0.73870E-01 0.26667E-02 0.47952E-02 0.74210E-01 0.74428E-01 0.00000E+00 0.00000E+00 -.20907E+00      8013004  16/0.55000E+00
 0.55000E+00 0.65500E+02 0.63475E+00 0.71960E-01 0.28712E-02 0.48098E-02 0.72544E-01 0.73024E-01 0.00000E+00 0.00000E+00 -.37053E+00      8013004  17/0.55000E+00
 0.65000E+00 0.13250E+02 0.10865E+00 0.43890E-01 0.18697E-02 0.83907E-02 0.51996E-01 0.47864E-01 0.00000E+00 0.00000E+00 -.21252E+01      8013004   5/0.65000E+00
 0.65000E+00 0.15000E+02 0.12300E+00 0.42640E-01 0.16587E-02 0.71728E-02 0.49809E-01 0.46068E-01 0.00000E+00 0.00000E+00 -.20664E+01      8013004   6/0.65000E+00
 0.65000E+00 0.17000E+02 0.13940E+00 0.41660E-01 0.18414E-02 0.64007E-02 0.47767E-01 0.44607E-01 0.00000E+00 0.00000E+00 -.16002E+01      8013004   7/0.65000E+00
 0.65000E+00 0.19000E+02 0.15580E+00 0.41500E-01 0.19795E-02 0.57231E-02 0.46078E-01 0.43194E-01 0.00000E+00 0.00000E+00 -.85569E+00      8013004   8/0.65000E+00
 0.65000E+00 0.21500E+02 0.17630E+00 0.40100E-01 0.17804E-02 0.49278E-02 0.44330E-01 0.41906E-01 0.00000E+00 0.00000E+00 -.10143E+01      8013004   9/0.65000E+00
 0.65000E+00 0.24500E+02 0.20090E+00 0.41150E-01 0.12098E-02 0.40293E-02 0.42615E-01 0.40357E-01 0.00000E+00 0.00000E+00 0.65553E+00      8013004  10/0.65000E+00
 0.65000E+00 0.28000E+02 0.22960E+00 0.38690E-01 0.12110E-02 0.35779E-02 0.40992E-01 0.39148E-01 0.00000E+00 0.00000E+00 -.37840E+00      8013004  11/0.65000E+00
 0.65000E+00 0.32500E+02 0.26650E+00 0.38260E-01 0.14309E-02 0.33145E-02 0.39319E-01 0.37915E-01 0.00000E+00 0.00000E+00 0.24102E+00      8013004  12/0.65000E+00
 0.65000E+00 0.37500E+02 0.30750E+00 0.36620E-01 0.16076E-02 0.30516E-02 0.37837E-01 0.36665E-01 0.00000E+00 0.00000E+00 -.27724E-01      8013004  13/0.65000E+00
 0.65000E+00 0.43000E+02 0.35259E+00 0.35240E-01 0.16598E-02 0.28449E-02 0.36523E-01 0.35621E-01 0.00000E+00 0.00000E+00 -.22977E+00      8013004  14/0.65000E+00
 0.65000E+00 0.49500E+02 0.40589E+00 0.33030E-01 0.16614E-02 0.26437E-02 0.35268E-01 0.34594E-01 0.00000E+00 0.00000E+00 -.94116E+00      8013004  15/0.65000E+00
 0.65000E+00 0.57000E+02 0.46739E+00 0.33630E-01 0.18396E-02 0.27281E-02 0.34098E-01 0.33595E-01 0.00000E+00 0.00000E+00 0.19117E-01      8013004  16/0.65000E+00
 0.65000E+00 0.65500E+02 0.53709E+00 0.29800E-01 0.18595E-02 0.25869E-02 0.33025E-01 0.32600E-01 0.00000E+00 0.00000E+00 -.15059E+01      8013004  17/0.65000E+00
 0.65000E+00 0.75000E+02 0.61499E+00 0.31940E-01 0.21687E-02 0.28307E-02 0.32048E-01 0.31827E-01 0.00000E+00 0.00000E+00 0.52170E-01      8013004  18/0.65000E+00
 0.75000E+00 0.24500E+02 0.17411E+00 0.13570E-01 0.64050E-03 0.28975E-02 0.16610E-01 0.14846E-01 0.00000E+00 0.00000E+00 -.19926E+01      8013004  10/0.75000E+00
 0.75000E+00 0.28000E+02 0.19898E+00 0.13650E-01 0.67977E-03 0.25214E-02 0.15657E-01 0.14172E-01 0.00000E+00 0.00000E+00 -.76751E+00      8013004  11/0.75000E+00
 0.75000E+00 0.32500E+02 0.23096E+00 0.13070E-01 0.64958E-03 0.21675E-02 0.14700E-01 0.13528E-01 0.00000E+00 0.00000E+00 -.70569E+00      8013004  12/0.75000E+00
 0.75000E+00 0.37500E+02 0.26650E+00 0.11690E-01 0.73998E-03 0.17445E-02 0.13875E-01 0.12882E-01 0.00000E+00 0.00000E+00 -.16114E+01      8013004  13/0.75000E+00
 0.75000E+00 0.43000E+02 0.30558E+00 0.11050E-01 0.79008E-03 0.15650E-02 0.13161E-01 0.12373E-01 0.00000E+00 0.00000E+00 -.16743E+01      8013004  14/0.75000E+00
 0.75000E+00 0.49500E+02 0.35178E+00 0.10820E-01 0.83963E-03 0.14201E-02 0.12493E-01 0.11856E-01 0.00000E+00 0.00000E+00 -.12338E+01      8013004  15/0.75000E+00
 0.75000E+00 0.57000E+02 0.40507E+00 0.11480E-01 0.99991E-03 0.14416E-02 0.11885E-01 0.11312E-01 0.00000E+00 0.00000E+00 0.16774E+00      8013004  16/0.75000E+00
 0.75000E+00 0.65500E+02 0.46548E+00 0.96600E-02 0.10201E-02 0.12944E-02 0.11337E-01 0.10890E-01 0.00000E+00 0.00000E+00 -.12054E+01      8013004  17/0.75000E+00
 0.75000E+00 0.75000E+02 0.53299E+00 0.10310E-01 0.11898E-02 0.14208E-02 0.10847E-01 0.10498E-01 0.00000E+00 0.00000E+00 -.15763E+00      8013004  18/0.75000E+00
     3109322
 BCDMS F2p 120GeV                                                                                                        
Plot1@Experiment:BCDMS muon DIS@ExtraLabel:#mu beam energy E = 120 GeV @XTitle: x @YTitle: F_{2}(x, Q^{2}) @Title:Q^{2} = 8.75  @Ymin:0.1@Ymax:1.@Xlog@Ylog
Plot2@Experiment:BCDMS muon DIS@ExtraLabel:#mu beam energy E = 120 GeV @XTitle: x @YTitle: F_{2}(x, Q^{2}) @Title:Q^{2} = 10.25  @Ymin:0.1@Ymax:1.@Xlog@Ylog
Plot3@Experiment:BCDMS muon DIS@ExtraLabel:#mu beam energy E = 120 GeV @XTitle: x @YTitle: F_{2}(x, Q^{2}) @Title:Q^{2} = 11.75  @Ymin:0.1@Ymax:1.@Xlog@Ylog
Plot4@Experiment:BCDMS muon DIS@ExtraLabel:#mu beam energy E = 120 GeV @XTitle: x @YTitle: F_{2}(x, Q^{2}) @Title:Q^{2} = 13.25 @Ymin:0.05@Ymax:1.@Xlog@Ylog
Plot5@Experiment:BCDMS muon DIS@ExtraLabel:#mu beam energy E = 120 GeV @XTitle: x @YTitle: F_{2}(x, Q^{2}) @Title:Q^{2} = 15 @Ymin:0.05@Ymax:1.@Xlog@Ylog
Plot6@Experiment:BCDMS muon DIS@ExtraLabel:#mu beam energy E = 120 GeV @XTitle: x @YTitle: F_{2}(x, Q^{2}) @Title:Q^{2} = 17  @Ymin:0.05@Ymax:1.@Xlog@Ylog
Plot7@Experiment:BCDMS muon DIS@ExtraLabel:#mu beam energy E = 120 GeV @XTitle: x @YTitle: F_{2}(x, Q^{2}) @Title:Q^{2} = 19  @Ymin:0.05@Ymax:1.@Xlog@Ylog
Plot8@Experiment:BCDMS muon DIS@ExtraLabel:#mu beam energy E = 120 GeV @XTitle: x @YTitle: F_{2}(x, Q^{2}) @Title:Q^{2} = 21.5 @Ymin:0.01@Ymax:1.@Xlog@Ylog
Plot9@Experiment:BCDMS muon DIS@ExtraLabel:#mu beam energy E = 120 GeV @XTitle: x @YTitle: F_{2}(x, Q^{2}) @Title:Q^{2} = 24.5 @Ymin:0.01@Ymax:1.@Xlog@Ylog
Plot10@Experiment:BCDMS muon DIS@ExtraLabel:#mu beam energy E = 120 GeV @XTitle: x @YTitle: F_{2}(x, Q^{2}) @Title:Q^{2} = 28 @Ymin:0.01@Ymax:1.@Xlog@Ylog
Plot11@Experiment:BCDMS muon DIS@ExtraLabel:#mu beam energy E = 120 GeV @XTitle: x @YTitle: F_{2}(x, Q^{2}) @Title:Q^{2} = 32 @Ymin:0.005@Ymax:1.@Xlog@Ylog
Plot12@Experiment:BCDMS muon DIS@ExtraLabel:#mu beam energy E = 120 GeV @XTitle: x @YTitle: F_{2}(x, Q^{2}) @Title:Q^{2} = 37 @Ymin:0.005@Ymax:1.@Xlog@Ylog
Plot13@Experiment:BCDMS muon DIS@ExtraLabel:#mu beam energy E = 120 GeV @XTitle: x @YTitle: F_{2}(x, Q^{2}) @Title:Q^{2} = 43 @Ymin:0.001@Ymax:1.@Xlog@Ylog
Plot14@Experiment:BCDMS muon DIS@ExtraLabel:#mu beam energy E = 120 GeV @XTitle: x @YTitle: F_{2}(x, Q^{2}) @Title:Q^{2} = 49 @Ymin:0.001@Ymax:1.@Xlog@Ylog
Plot15@Experiment:BCDMS muon DIS@ExtraLabel:#mu beam energy E = 120 GeV @XTitle: x @YTitle: F_{2}(x, Q^{2}) @Title:Q^{2} = 57 @Ymin:0.001@Ymax:1.@Xlog@Ylog
Plot16@Experiment:BCDMS muon DIS@ExtraLabel:#mu beam energy E = 120 GeV @XTitle: x @YTitle: F_{2}(x, Q^{2}) @Title:Q^{2} = 65 @Ymin:0.001@Ymax:1.@Xlog@Ylog
Plot17@Experiment:BCDMS muon DIS@ExtraLabel:#mu beam energy E = 120 GeV @XTitle: x @YTitle: F_{2}(x, Q^{2}) @Title:Q^{2} = 75 @Ymin:0.001@Ymax:1.@Xlog@Ylog
Plot18@Experiment:BCDMS muon DIS@ExtraLabel:#mu beam energy E = 120 GeV @XTitle: x @YTitle: F_{2}(x, Q^{2}) @Title:Q^{2} = 86 @Ymin:0.001@Ymax:.5@Xlog@Ylog
Plot19@Experiment:BCDMS muon DIS@ExtraLabel:#mu beam energy E = 120 GeV @XTitle: x @YTitle: F_{2}(x, Q^{2}) @Title:Q^{2} = 99 @Ymin:0.001@Ymax:.1@Xlog@Ylog
 x           Q2          y              data      +- uncor     +- tot     th orig         th mod   therr+         therr-     pull    iset       iplot
 0.70000E-01 0.87500E+01 0.55526E+00 0.37824E+00 0.58249E-02 0.23477E-01 0.38416E+00 0.38500E+00 0.00000E+00 0.00000E+00 -.11605E+01      3109322   1/0.70000E-01
 0.70000E-01 0.10250E+02 0.65045E+00 0.37381E+00 0.59436E-02 0.23689E-01 0.38154E+00 0.38297E+00 0.00000E+00 0.00000E+00 -.15418E+01      3109322   2/0.70000E-01
 0.10000E+00 0.10250E+02 0.45531E+00 0.38707E+00 0.45674E-02 0.22126E-01 0.37972E+00 0.38732E+00 0.00000E+00 0.00000E+00 -.54161E-01      3109322   2/0.10000E+00
 0.10000E+00 0.11750E+02 0.52194E+00 0.38341E+00 0.47543E-02 0.22065E-01 0.37901E+00 0.38672E+00 0.00000E+00 0.00000E+00 -.69566E+00      3109322   3/0.10000E+00
 0.10000E+00 0.13250E+02 0.58857E+00 0.38291E+00 0.51693E-02 0.21925E-01 0.37760E+00 0.38424E+00 0.00000E+00 0.00000E+00 -.25635E+00      3109322   4/0.10000E+00
 0.14000E+00 0.11750E+02 0.37282E+00 0.38246E+00 0.56987E-02 0.21834E-01 0.36546E+00 0.37716E+00 0.00000E+00 0.00000E+00 0.93026E+00      3109322   3/0.14000E+00
 0.14000E+00 0.13250E+02 0.42041E+00 0.37607E+00 0.58291E-02 0.21591E-01 0.36471E+00 0.37579E+00 0.00000E+00 0.00000E+00 0.47956E-01      3109322   4/0.14000E+00
 0.14000E+00 0.15000E+02 0.47594E+00 0.37557E+00 0.56336E-02 0.21450E-01 0.36366E+00 0.37395E+00 0.00000E+00 0.00000E+00 0.28700E+00      3109322   5/0.14000E+00
 0.14000E+00 0.17000E+02 0.53939E+00 0.37197E+00 0.62863E-02 0.21311E-01 0.36214E+00 0.37144E+00 0.00000E+00 0.00000E+00 0.84788E-01      3109322   6/0.14000E+00
 0.14000E+00 0.19000E+02 0.60285E+00 0.36233E+00 0.68480E-02 0.20950E-01 0.36031E+00 0.36942E+00 0.00000E+00 0.00000E+00 -.10348E+01      3109322   7/0.14000E+00
 0.18000E+00 0.11750E+02 0.28997E+00 0.36009E+00 0.68777E-02 0.21077E-01 0.34670E+00 0.35830E+00 0.00000E+00 0.00000E+00 0.26040E+00      3109322   3/0.18000E+00
 0.18000E+00 0.13250E+02 0.32699E+00 0.35608E+00 0.68723E-02 0.20759E-01 0.34568E+00 0.35661E+00 0.00000E+00 0.00000E+00 -.77776E-01      3109322   4/0.18000E+00
 0.18000E+00 0.15000E+02 0.37017E+00 0.34792E+00 0.64365E-02 0.20185E-01 0.34448E+00 0.35477E+00 0.00000E+00 0.00000E+00 -.10636E+01      3109322   5/0.18000E+00
 0.18000E+00 0.17000E+02 0.41953E+00 0.35021E+00 0.69342E-02 0.20451E-01 0.34306E+00 0.35268E+00 0.00000E+00 0.00000E+00 -.35658E+00      3109322   6/0.18000E+00
 0.18000E+00 0.19000E+02 0.46889E+00 0.34539E+00 0.74604E-02 0.20365E-01 0.34171E+00 0.35056E+00 0.00000E+00 0.00000E+00 -.69345E+00      3109322   7/0.18000E+00
 0.18000E+00 0.21500E+02 0.53058E+00 0.35670E+00 0.69557E-02 0.20728E-01 0.33975E+00 0.34847E+00 0.00000E+00 0.00000E+00 0.11830E+01      3109322   8/0.18000E+00
 0.18000E+00 0.24500E+02 0.60462E+00 0.33272E+00 0.79853E-02 0.19857E-01 0.33727E+00 0.34579E+00 0.00000E+00 0.00000E+00 -.16370E+01      3109322   9/0.18000E+00
 0.22500E+00 0.11750E+02 0.23197E+00 0.32274E+00 0.66162E-02 0.19043E-01 0.32203E+00 0.33302E+00 0.00000E+00 0.00000E+00 -.15530E+01      3109322   3/0.22500E+00
 0.22500E+00 0.13250E+02 0.26159E+00 0.34040E+00 0.70463E-02 0.20039E-01 0.32042E+00 0.33068E+00 0.00000E+00 0.00000E+00 0.13792E+01      3109322   4/0.22500E+00
 0.22500E+00 0.15000E+02 0.29614E+00 0.32526E+00 0.63100E-02 0.18943E-01 0.31870E+00 0.32816E+00 0.00000E+00 0.00000E+00 -.45897E+00      3109322   5/0.22500E+00
 0.22500E+00 0.17000E+02 0.33562E+00 0.33403E+00 0.67808E-02 0.19548E-01 0.31689E+00 0.32623E+00 0.00000E+00 0.00000E+00 0.11497E+01      3109322   6/0.22500E+00
 0.22500E+00 0.19000E+02 0.37511E+00 0.31631E+00 0.70537E-02 0.18697E-01 0.31521E+00 0.32330E+00 0.00000E+00 0.00000E+00 -.99133E+00      3109322   7/0.22500E+00
 0.22500E+00 0.21500E+02 0.42446E+00 0.32392E+00 0.64784E-02 0.18916E-01 0.31323E+00 0.32135E+00 0.00000E+00 0.00000E+00 0.39735E+00      3109322   8/0.22500E+00
 0.22500E+00 0.24500E+02 0.48369E+00 0.31374E+00 0.70905E-02 0.18559E-01 0.31097E+00 0.31889E+00 0.00000E+00 0.00000E+00 -.72612E+00      3109322   9/0.22500E+00
 0.22500E+00 0.28000E+02 0.55279E+00 0.31301E+00 0.59159E-02 0.17415E-01 0.30844E+00 0.31665E+00 0.00000E+00 0.00000E+00 -.61572E+00      3109322  10/0.22500E+00
 0.22500E+00 0.32500E+02 0.64163E+00 0.31897E+00 0.58053E-02 0.17634E-01 0.30528E+00 0.31333E+00 0.00000E+00 0.00000E+00 0.97104E+00      3109322  11/0.22500E+00
 0.27500E+00 0.13250E+02 0.21403E+00 0.30041E+00 0.78407E-02 0.18318E-01 0.28863E+00 0.29732E+00 0.00000E+00 0.00000E+00 0.39386E+00      3109322   4/0.27500E+00
 0.27500E+00 0.15000E+02 0.24230E+00 0.31094E+00 0.73071E-02 0.18795E-01 0.28636E+00 0.29464E+00 0.00000E+00 0.00000E+00 0.22306E+01      3109322   5/0.27500E+00
 0.27500E+00 0.17000E+02 0.27460E+00 0.29574E+00 0.72161E-02 0.17725E-01 0.28407E+00 0.29136E+00 0.00000E+00 0.00000E+00 0.60665E+00      3109322   6/0.27500E+00
 0.27500E+00 0.19000E+02 0.30691E+00 0.29560E+00 0.75378E-02 0.17989E-01 0.28202E+00 0.28949E+00 0.00000E+00 0.00000E+00 0.81073E+00      3109322   7/0.27500E+00
 0.27500E+00 0.21500E+02 0.34729E+00 0.29235E+00 0.67533E-02 0.17337E-01 0.27971E+00 0.28620E+00 0.00000E+00 0.00000E+00 0.91032E+00      3109322   8/0.27500E+00
 0.27500E+00 0.24500E+02 0.39575E+00 0.28614E+00 0.48358E-02 0.15847E-01 0.27724E+00 0.28422E+00 0.00000E+00 0.00000E+00 0.39773E+00      3109322   9/0.27500E+00
 0.27500E+00 0.28000E+02 0.45228E+00 0.28387E+00 0.46271E-02 0.15635E-01 0.27465E+00 0.28131E+00 0.00000E+00 0.00000E+00 0.55390E+00      3109322  10/0.27500E+00
 0.27500E+00 0.32500E+02 0.52497E+00 0.28255E+00 0.47186E-02 0.15493E-01 0.27164E+00 0.27853E+00 0.00000E+00 0.00000E+00 0.85154E+00      3109322  11/0.27500E+00
 0.27500E+00 0.37500E+02 0.60574E+00 0.28359E+00 0.60972E-02 0.16064E-01 0.26857E+00 0.27470E+00 0.00000E+00 0.00000E+00 0.14581E+01      3109322  12/0.27500E+00
 0.27500E+00 0.43000E+02 0.69458E+00 0.26798E+00 0.61367E-02 0.15452E-01 0.26542E+00 0.27164E+00 0.00000E+00 0.00000E+00 -.59679E+00      3109322  13/0.27500E+00
 0.35000E+00 0.13250E+02 0.16816E+00 0.23697E+00 0.60427E-02 0.14468E-01 0.23544E+00 0.23982E+00 0.00000E+00 0.00000E+00 -.47154E+00      3109322   4/0.35000E+00
 0.35000E+00 0.15000E+02 0.19037E+00 0.23426E+00 0.54583E-02 0.14095E-01 0.23265E+00 0.23698E+00 0.00000E+00 0.00000E+00 -.49827E+00      3109322   5/0.35000E+00
 0.35000E+00 0.17000E+02 0.21576E+00 0.23448E+00 0.53461E-02 0.13878E-01 0.22988E+00 0.23385E+00 0.00000E+00 0.00000E+00 0.11792E+00      3109322   6/0.35000E+00
 0.35000E+00 0.19000E+02 0.24114E+00 0.22909E+00 0.54982E-02 0.13745E-01 0.22747E+00 0.23156E+00 0.00000E+00 0.00000E+00 -.44858E+00      3109322   7/0.35000E+00
 0.35000E+00 0.21500E+02 0.27287E+00 0.22136E+00 0.46486E-02 0.12994E-01 0.22482E+00 0.22857E+00 0.00000E+00 0.00000E+00 -.15519E+01      3109322   8/0.35000E+00
 0.35000E+00 0.24500E+02 0.31095E+00 0.23127E+00 0.35153E-02 0.12727E-01 0.22207E+00 0.22636E+00 0.00000E+00 0.00000E+00 0.13977E+01      3109322   9/0.35000E+00
 0.35000E+00 0.28000E+02 0.35537E+00 0.22575E+00 0.33185E-02 0.12354E-01 0.21930E+00 0.22347E+00 0.00000E+00 0.00000E+00 0.68693E+00      3109322  10/0.35000E+00
 0.35000E+00 0.32500E+02 0.41248E+00 0.22033E+00 0.31948E-02 0.11959E-01 0.21624E+00 0.22028E+00 0.00000E+00 0.00000E+00 0.14280E-01      3109322  11/0.35000E+00
 0.35000E+00 0.37500E+02 0.47594E+00 0.22098E+00 0.41323E-02 0.12226E-01 0.21332E+00 0.21756E+00 0.00000E+00 0.00000E+00 0.82792E+00      3109322  12/0.35000E+00
 0.35000E+00 0.43000E+02 0.54574E+00 0.21710E+00 0.41900E-02 0.12140E-01 0.21053E+00 0.21490E+00 0.00000E+00 0.00000E+00 0.52460E+00      3109322  13/0.35000E+00
 0.35000E+00 0.49500E+02 0.62824E+00 0.20737E+00 0.42096E-02 0.11595E-01 0.20761E+00 0.21177E+00 0.00000E+00 0.00000E+00 -.10461E+01      3109322  14/0.35000E+00
 0.35000E+00 0.57000E+02 0.72342E+00 0.21152E+00 0.49707E-02 0.12163E-01 0.20461E+00 0.20887E+00 0.00000E+00 0.00000E+00 0.53406E+00      3109322  15/0.35000E+00
 0.45000E+00 0.13250E+02 0.13079E+00 0.15958E+00 0.59364E-02 0.11158E-01 0.16215E+00 0.15952E+00 0.00000E+00 0.00000E+00 0.10480E-01      3109322   4/0.45000E+00
 0.45000E+00 0.15000E+02 0.14807E+00 0.16145E+00 0.54893E-02 0.10914E-01 0.15923E+00 0.15705E+00 0.00000E+00 0.00000E+00 0.80090E+00      3109322   5/0.45000E+00
 0.45000E+00 0.17000E+02 0.16781E+00 0.15240E+00 0.52730E-02 0.10279E-01 0.15638E+00 0.15480E+00 0.00000E+00 0.00000E+00 -.45483E+00      3109322   6/0.45000E+00
 0.45000E+00 0.19000E+02 0.18755E+00 0.15374E+00 0.55346E-02 0.10502E-01 0.15393E+00 0.15329E+00 0.00000E+00 0.00000E+00 0.80752E-01      3109322   7/0.45000E+00
 0.45000E+00 0.21500E+02 0.21223E+00 0.15342E+00 0.48020E-02 0.99168E-02 0.15128E+00 0.15071E+00 0.00000E+00 0.00000E+00 0.56464E+00      3109322   8/0.45000E+00
 0.45000E+00 0.24500E+02 0.24185E+00 0.14968E+00 0.31882E-02 0.86783E-02 0.14859E+00 0.14872E+00 0.00000E+00 0.00000E+00 0.30135E+00      3109322   9/0.45000E+00
 0.45000E+00 0.28000E+02 0.27640E+00 0.14585E+00 0.30337E-02 0.84059E-02 0.14592E+00 0.14670E+00 0.00000E+00 0.00000E+00 -.28107E+00      3109322  10/0.45000E+00
 0.45000E+00 0.32500E+02 0.32082E+00 0.14579E+00 0.29158E-02 0.82648E-02 0.14306E+00 0.14402E+00 0.00000E+00 0.00000E+00 0.60537E+00      3109322  11/0.45000E+00
 0.45000E+00 0.37500E+02 0.37017E+00 0.14296E+00 0.31594E-02 0.82017E-02 0.14041E+00 0.14169E+00 0.00000E+00 0.00000E+00 0.40166E+00      3109322  12/0.45000E+00
 0.45000E+00 0.43000E+02 0.42446E+00 0.14187E+00 0.36461E-02 0.83492E-02 0.13797E+00 0.13975E+00 0.00000E+00 0.00000E+00 0.58178E+00      3109322  13/0.45000E+00
 0.45000E+00 0.49500E+02 0.48863E+00 0.13688E+00 0.36684E-02 0.81007E-02 0.13554E+00 0.13725E+00 0.00000E+00 0.00000E+00 -.10119E+00      3109322  14/0.45000E+00
 0.45000E+00 0.57000E+02 0.56266E+00 0.13681E+00 0.38580E-02 0.83072E-02 0.13318E+00 0.13503E+00 0.00000E+00 0.00000E+00 0.46061E+00      3109322  15/0.45000E+00
 0.45000E+00 0.65500E+02 0.64657E+00 0.13381E+00 0.42150E-02 0.81907E-02 0.13092E+00 0.13305E+00 0.00000E+00 0.00000E+00 0.18025E+00      3109322  16/0.45000E+00
 0.45000E+00 0.75000E+02 0.74035E+00 0.12253E+00 0.47909E-02 0.80092E-02 0.12874E+00 0.13079E+00 0.00000E+00 0.00000E+00 -.17237E+01      3109322  17/0.45000E+00
 0.55000E+00 0.15000E+02 0.12115E+00 0.84940E-01 0.38478E-02 0.80172E-02 0.95748E-01 0.90545E-01 0.00000E+00 0.00000E+00 -.14568E+01      3109322   5/0.55000E+00
 0.55000E+00 0.17000E+02 0.13730E+00 0.79990E-01 0.36235E-02 0.71688E-02 0.93195E-01 0.88721E-01 0.00000E+00 0.00000E+00 -.24094E+01      3109322   6/0.55000E+00
 0.55000E+00 0.19000E+02 0.15345E+00 0.90730E-01 0.45093E-02 0.78053E-02 0.91035E-01 0.87058E-01 0.00000E+00 0.00000E+00 0.81422E+00      3109322   7/0.55000E+00
 0.55000E+00 0.21500E+02 0.17364E+00 0.85370E-01 0.37136E-02 0.68843E-02 0.88748E-01 0.85480E-01 0.00000E+00 0.00000E+00 -.29670E-01      3109322   8/0.55000E+00
 0.55000E+00 0.24500E+02 0.19787E+00 0.91560E-01 0.43308E-02 0.73225E-02 0.86455E-01 0.83956E-01 0.00000E+00 0.00000E+00 0.17558E+01      3109322   9/0.55000E+00
 0.55000E+00 0.28000E+02 0.22614E+00 0.81540E-01 0.22913E-02 0.54661E-02 0.84233E-01 0.82347E-01 0.00000E+00 0.00000E+00 -.35207E+00      3109322  10/0.55000E+00
 0.55000E+00 0.32500E+02 0.26249E+00 0.79230E-01 0.22026E-02 0.51099E-02 0.81889E-01 0.80580E-01 0.00000E+00 0.00000E+00 -.61288E+00      3109322  11/0.55000E+00
 0.55000E+00 0.37500E+02 0.30287E+00 0.78600E-01 0.24680E-02 0.51429E-02 0.79766E-01 0.78823E-01 0.00000E+00 0.00000E+00 -.90523E-01      3109322  12/0.55000E+00
 0.55000E+00 0.43000E+02 0.34729E+00 0.76170E-01 0.28488E-02 0.51266E-02 0.77845E-01 0.77400E-01 0.00000E+00 0.00000E+00 -.43187E+00      3109322  13/0.55000E+00
 0.55000E+00 0.49500E+02 0.39979E+00 0.78880E-01 0.29974E-02 0.52834E-02 0.75975E-01 0.75798E-01 0.00000E+00 0.00000E+00 0.10283E+01      3109322  14/0.55000E+00
 0.55000E+00 0.57000E+02 0.46036E+00 0.74640E-01 0.30901E-02 0.51053E-02 0.74200E-01 0.74124E-01 0.00000E+00 0.00000E+00 0.16686E+00      3109322  15/0.55000E+00
 0.55000E+00 0.65500E+02 0.52901E+00 0.66710E-01 0.32021E-02 0.48160E-02 0.72545E-01 0.72729E-01 0.00000E+00 0.00000E+00 -.18798E+01      3109322  16/0.55000E+00
 0.55000E+00 0.75000E+02 0.60574E+00 0.70390E-01 0.35688E-02 0.51908E-02 0.71014E-01 0.71453E-01 0.00000E+00 0.00000E+00 -.29797E+00      3109322  17/0.55000E+00
 0.55000E+00 0.86000E+02 0.69458E+00 0.70200E-01 0.37908E-02 0.53238E-02 0.69540E-01 0.70136E-01 0.00000E+00 0.00000E+00 0.16757E-01      3109322  18/0.55000E+00
 0.65000E+00 0.17000E+02 0.11618E+00 0.41110E-01 0.21418E-02 0.71175E-02 0.47766E-01 0.43692E-01 0.00000E+00 0.00000E+00 -.12055E+01      3109322   6/0.65000E+00
 0.65000E+00 0.19000E+02 0.12984E+00 0.42820E-01 0.23808E-02 0.67429E-02 0.46077E-01 0.42414E-01 0.00000E+00 0.00000E+00 0.17056E+00      3109322   7/0.65000E+00
 0.65000E+00 0.21500E+02 0.14693E+00 0.41060E-01 0.21803E-02 0.59724E-02 0.44329E-01 0.41355E-01 0.00000E+00 0.00000E+00 -.13531E+00      3109322   8/0.65000E+00
 0.65000E+00 0.24500E+02 0.16743E+00 0.36540E-01 0.22984E-02 0.49302E-02 0.42614E-01 0.40054E-01 0.00000E+00 0.00000E+00 -.15289E+01      3109322   9/0.65000E+00
 0.65000E+00 0.28000E+02 0.19135E+00 0.36920E-01 0.22484E-02 0.45236E-02 0.40991E-01 0.38730E-01 0.00000E+00 0.00000E+00 -.80509E+00      3109322  10/0.65000E+00
 0.65000E+00 0.32500E+02 0.22210E+00 0.36790E-01 0.13612E-02 0.35672E-02 0.39317E-01 0.37521E-01 0.00000E+00 0.00000E+00 -.53725E+00      3109322  11/0.65000E+00
 0.65000E+00 0.37500E+02 0.25627E+00 0.40650E-01 0.16992E-02 0.36775E-02 0.37835E-01 0.36332E-01 0.00000E+00 0.00000E+00 0.25410E+01      3109322  12/0.65000E+00
 0.65000E+00 0.43000E+02 0.29386E+00 0.36120E-01 0.18385E-02 0.32411E-02 0.36522E-01 0.35309E-01 0.00000E+00 0.00000E+00 0.44133E+00      3109322  13/0.65000E+00
 0.65000E+00 0.49500E+02 0.33828E+00 0.35890E-01 0.19811E-02 0.31649E-02 0.35266E-01 0.34326E-01 0.00000E+00 0.00000E+00 0.78957E+00      3109322  14/0.65000E+00
 0.65000E+00 0.57000E+02 0.38954E+00 0.30420E-01 0.19286E-02 0.27510E-02 0.34098E-01 0.33353E-01 0.00000E+00 0.00000E+00 -.15205E+01      3109322  15/0.65000E+00
 0.65000E+00 0.65500E+02 0.44762E+00 0.35600E-01 0.23104E-02 0.31974E-02 0.33026E-01 0.32518E-01 0.00000E+00 0.00000E+00 0.13339E+01      3109322  16/0.65000E+00
 0.65000E+00 0.75000E+02 0.51255E+00 0.31680E-01 0.24299E-02 0.30787E-02 0.32053E-01 0.31698E-01 0.00000E+00 0.00000E+00 -.74744E-02      3109322  17/0.65000E+00
 0.65000E+00 0.86000E+02 0.58772E+00 0.30410E-01 0.25088E-02 0.30779E-02 0.31134E-01 0.30965E-01 0.00000E+00 0.00000E+00 -.22139E+00      3109322  18/0.65000E+00
 0.65000E+00 0.99000E+02 0.67656E+00 0.34360E-01 0.29515E-02 0.35410E-02 0.30250E-01 0.30162E-01 0.00000E+00 0.00000E+00 0.14222E+01      3109322  19/0.65000E+00
 0.75000E+00 0.32500E+02 0.19249E+00 0.13350E-01 0.75027E-03 0.25837E-02 0.14705E-01 0.13225E-01 0.00000E+00 0.00000E+00 0.16620E+00      3109322  11/0.75000E+00
 0.75000E+00 0.37500E+02 0.22210E+00 0.11940E-01 0.84058E-03 0.21478E-02 0.13881E-01 0.12725E-01 0.00000E+00 0.00000E+00 -.93419E+00      3109322  12/0.75000E+00
 0.75000E+00 0.43000E+02 0.25468E+00 0.12380E-01 0.90993E-03 0.20528E-02 0.13168E-01 0.12242E-01 0.00000E+00 0.00000E+00 0.15165E+00      3109322  13/0.75000E+00
 0.75000E+00 0.49500E+02 0.29318E+00 0.11550E-01 0.97020E-03 0.18174E-02 0.12502E-01 0.11769E-01 0.00000E+00 0.00000E+00 -.22548E+00      3109322  14/0.75000E+00
 0.75000E+00 0.57000E+02 0.33760E+00 0.11690E-01 0.10498E-02 0.17259E-02 0.11895E-01 0.11309E-01 0.00000E+00 0.00000E+00 0.36298E+00      3109322  15/0.75000E+00
 0.75000E+00 0.65500E+02 0.38794E+00 0.10560E-01 0.11700E-02 0.16208E-02 0.11350E-01 0.10890E-01 0.00000E+00 0.00000E+00 -.28244E+00      3109322  16/0.75000E+00
 0.75000E+00 0.75000E+02 0.44421E+00 0.99200E-02 0.12400E-02 0.15331E-02 0.10864E-01 0.10457E-01 0.00000E+00 0.00000E+00 -.43295E+00      3109322  17/0.75000E+00
 0.75000E+00 0.86000E+02 0.50936E+00 0.96100E-02 0.13396E-02 0.15585E-02 0.10412E-01 0.10113E-01 0.00000E+00 0.00000E+00 -.37513E+00      3109322  18/0.75000E+00
 0.75000E+00 0.99000E+02 0.58635E+00 0.81500E-02 0.13097E-02 0.14454E-02 0.99848E-02 0.97413E-02 0.00000E+00 0.00000E+00 -.12150E+01      3109322  19/0.75000E+00
     5495627
 BCDMS F2p 200GeV                                                                                                        
Plot1@Experiment:BCDMS muon DIS@ExtraLabel:#mu beam energy E = 200 GeV @XTitle: x @YTitle: F_{2}(x, Q^{2}) @Title:Q^{2} = 17  @Ymin:0.1@Ymax:1.@Xlog@Ylog
Plot2@Experiment:BCDMS muon DIS@ExtraLabel:#mu beam energy E = 200 GeV @XTitle: x @YTitle: F_{2}(x, Q^{2}) @Title:Q^{2} = 19  @Ymin:0.1@Ymax:1.@Xlog@Ylog
Plot3@Experiment:BCDMS muon DIS@ExtraLabel:#mu beam energy E = 200 GeV @XTitle: x @YTitle: F_{2}(x, Q^{2}) @Title:Q^{2} = 21.5 @Ymin:0.1@Ymax:1.@Xlog@Ylog
Plot4@Experiment:BCDMS muon DIS@ExtraLabel:#mu beam energy E = 200 GeV @XTitle: x @YTitle: F_{2}(x, Q^{2}) @Title:Q^{2} = 24.5 @Ymin:0.1@Ymax:1.@Xlog@Ylog
Plot5@Experiment:BCDMS muon DIS@ExtraLabel:#mu beam energy E = 200 GeV @XTitle: x @YTitle: F_{2}(x, Q^{2}) @Title:Q^{2} = 28 @Ymin:0.1@Ymax:1.@Xlog@Ylog
Plot6@Experiment:BCDMS muon DIS@ExtraLabel:#mu beam energy E = 200 GeV @XTitle: x @YTitle: F_{2}(x, Q^{2}) @Title:Q^{2} = 32 @Ymin:0.005@Ymax:1.@Xlog@Ylog
Plot7@Experiment:BCDMS muon DIS@ExtraLabel:#mu beam energy E = 200 GeV @XTitle: x @YTitle: F_{2}(x, Q^{2}) @Title:Q^{2} = 37 @Ymin:0.005@Ymax:1.@Xlog@Ylog
Plot8@Experiment:BCDMS muon DIS@ExtraLabel:#mu beam energy E = 200 GeV @XTitle: x @YTitle: F_{2}(x, Q^{2}) @Title:Q^{2} = 43 @Ymin:0.001@Ymax:1.@Xlog@Ylog
Plot9@Experiment:BCDMS muon DIS@ExtraLabel:#mu beam energy E = 200 GeV @XTitle: x @YTitle: F_{2}(x, Q^{2}) @Title:Q^{2} = 49 @Ymin:0.001@Ymax:1.@Xlog@Ylog
Plot10@Experiment:BCDMS muon DIS@ExtraLabel:#mu beam energy E = 200 GeV @XTitle: x @YTitle: F_{2}(x, Q^{2}) @Title:Q^{2} = 57 @Ymin:0.001@Ymax:1.@Xlog@Ylog
Plot11@Experiment:BCDMS muon DIS@ExtraLabel:#mu beam energy E = 200 GeV @XTitle: x @YTitle: F_{2}(x, Q^{2}) @Title:Q^{2} = 65 @Ymin:0.001@Ymax:1.@Xlog@Ylog
Plot12@Experiment:BCDMS muon DIS@ExtraLabel:#mu beam energy E = 200 GeV @XTitle: x @YTitle: F_{2}(x, Q^{2}) @Title:Q^{2} = 75 @Ymin:0.001@Ymax:1.@Xlog@Ylog
Plot13@Experiment:BCDMS muon DIS@ExtraLabel:#mu beam energy E = 200 GeV @XTitle: x @YTitle: F_{2}(x, Q^{2}) @Title:Q^{2} = 86 @Ymin:0.001@Ymax:1.@Xlog@Ylog
Plot14@Experiment:BCDMS muon DIS@ExtraLabel:#mu beam energy E = 200 GeV @XTitle: x @YTitle: F_{2}(x, Q^{2}) @Title:Q^{2} = 99 @Ymin:0.001@Ymax:1.@Xlog@Ylog
Plot15@Experiment:BCDMS muon DIS@ExtraLabel:#mu beam energy E = 200 GeV @XTitle: x @YTitle: F_{2}(x, Q^{2}) @Title:Q^{2} = 115 @Ymin:0.001@Ymax:1.@Xlog@Ylog
Plot16@Experiment:BCDMS muon DIS@ExtraLabel:#mu beam energy E = 200 GeV @XTitle: x @YTitle: F_{2}(x, Q^{2}) @Title:Q^{2} = 137 @Ymin:0.001@Ymax:1.@Xlog@Ylog
 x           Q2          y              data      +- uncor     +- tot     th orig         th mod   therr+         therr-     pull    iset       iplot
 0.70000E-01 0.17000E+02 0.64727E+00 0.39928E+00 0.51906E-02 0.23049E-01 0.39800E+00 0.39998E+00 0.00000E+00 0.00000E+00 -.13494E+00      5495627   1/0.70000E-01
 0.70000E-01 0.19000E+02 0.72342E+00 0.39989E+00 0.52785E-02 0.23131E-01 0.39514E+00 0.39613E+00 0.00000E+00 0.00000E+00 0.71287E+00      5495627   2/0.70000E-01
 0.10000E+00 0.19000E+02 0.50640E+00 0.39548E+00 0.40734E-02 0.20669E-01 0.38720E+00 0.39543E+00 0.00000E+00 0.00000E+00 0.12035E-01      5495627   2/0.10000E+00
 0.10000E+00 0.21500E+02 0.57303E+00 0.39338E+00 0.31864E-02 0.20610E-01 0.38604E+00 0.39450E+00 0.00000E+00 0.00000E+00 -.35135E+00      5495627   3/0.10000E+00
 0.10000E+00 0.24500E+02 0.65299E+00 0.39402E+00 0.33886E-02 0.20400E-01 0.38391E+00 0.39196E+00 0.00000E+00 0.00000E+00 0.60658E+00      5495627   4/0.10000E+00
 0.14000E+00 0.21500E+02 0.40931E+00 0.37841E+00 0.35949E-02 0.19661E-01 0.36647E+00 0.37906E+00 0.00000E+00 0.00000E+00 -.18067E+00      5495627   3/0.14000E+00
 0.14000E+00 0.24500E+02 0.46642E+00 0.37991E+00 0.37611E-02 0.19934E-01 0.36544E+00 0.37750E+00 0.00000E+00 0.00000E+00 0.64190E+00      5495627   4/0.14000E+00
 0.14000E+00 0.28000E+02 0.53305E+00 0.37499E+00 0.36374E-02 0.19243E-01 0.36397E+00 0.37472E+00 0.00000E+00 0.00000E+00 0.73161E-01      5495627   5/0.14000E+00
 0.14000E+00 0.32500E+02 0.61872E+00 0.36709E+00 0.35608E-02 0.18905E-01 0.36166E+00 0.37246E+00 0.00000E+00 0.00000E+00 -.15071E+01      5495627   6/0.14000E+00
 0.18000E+00 0.21500E+02 0.31835E+00 0.35061E+00 0.42073E-02 0.18442E-01 0.34355E+00 0.35609E+00 0.00000E+00 0.00000E+00 -.13036E+01      5495627   3/0.18000E+00
 0.18000E+00 0.24500E+02 0.36277E+00 0.36077E+00 0.43292E-02 0.18735E-01 0.34226E+00 0.35373E+00 0.00000E+00 0.00000E+00 0.16256E+01      5495627   4/0.18000E+00
 0.18000E+00 0.28000E+02 0.41459E+00 0.36004E+00 0.41405E-02 0.18638E-01 0.34078E+00 0.35158E+00 0.00000E+00 0.00000E+00 0.20443E+01      5495627   5/0.18000E+00
 0.18000E+00 0.32500E+02 0.48123E+00 0.34712E+00 0.28811E-02 0.17645E-01 0.33887E+00 0.34918E+00 0.00000E+00 0.00000E+00 -.71644E+00      5495627   6/0.18000E+00
 0.18000E+00 0.37500E+02 0.55526E+00 0.34052E+00 0.30306E-02 0.17191E-01 0.33669E+00 0.34665E+00 0.00000E+00 0.00000E+00 -.20240E+01      5495627   7/0.18000E+00
 0.18000E+00 0.43000E+02 0.63670E+00 0.34255E+00 0.30144E-02 0.17251E-01 0.33420E+00 0.34354E+00 0.00000E+00 0.00000E+00 -.32900E+00      5495627   8/0.18000E+00
 0.22500E+00 0.28000E+02 0.33167E+00 0.32246E+00 0.38373E-02 0.16780E-01 0.31130E+00 0.32149E+00 0.00000E+00 0.00000E+00 0.25195E+00      5495627   5/0.22500E+00
 0.22500E+00 0.32500E+02 0.38498E+00 0.32715E+00 0.36641E-02 0.16845E-01 0.30943E+00 0.31850E+00 0.00000E+00 0.00000E+00 0.23610E+01      5495627   6/0.22500E+00
 0.22500E+00 0.37500E+02 0.44421E+00 0.31302E+00 0.27546E-02 0.15772E-01 0.30720E+00 0.31632E+00 0.00000E+00 0.00000E+00 -.11984E+01      5495627   7/0.22500E+00
 0.22500E+00 0.43000E+02 0.50936E+00 0.31337E+00 0.26950E-02 0.15837E-01 0.30492E+00 0.31358E+00 0.00000E+00 0.00000E+00 -.79390E-01      5495627   8/0.22500E+00
 0.22500E+00 0.49500E+02 0.58635E+00 0.30607E+00 0.26322E-02 0.15598E-01 0.30237E+00 0.31114E+00 0.00000E+00 0.00000E+00 -.19270E+01      5495627   9/0.22500E+00
 0.22500E+00 0.57000E+02 0.67519E+00 0.31349E+00 0.36365E-02 0.15956E-01 0.29952E+00 0.30766E+00 0.00000E+00 0.00000E+00 0.16036E+01      5495627  10/0.22500E+00
 0.27500E+00 0.28000E+02 0.27137E+00 0.28822E+00 0.40927E-02 0.15090E-01 0.27597E+00 0.28413E+00 0.00000E+00 0.00000E+00 0.99990E+00      5495627   5/0.27500E+00
 0.27500E+00 0.32500E+02 0.31498E+00 0.28252E+00 0.37293E-02 0.14761E-01 0.27343E+00 0.28064E+00 0.00000E+00 0.00000E+00 0.50317E+00      5495627   6/0.27500E+00
 0.27500E+00 0.37500E+02 0.36344E+00 0.27908E+00 0.29024E-02 0.14169E-01 0.27098E+00 0.27841E+00 0.00000E+00 0.00000E+00 0.23144E+00      5495627   7/0.27500E+00
 0.27500E+00 0.43000E+02 0.41675E+00 0.27264E+00 0.27264E-02 0.13813E-01 0.26862E+00 0.27601E+00 0.00000E+00 0.00000E+00 -.12351E+01      5495627   8/0.27500E+00
 0.27500E+00 0.49500E+02 0.47974E+00 0.27001E+00 0.27271E-02 0.13771E-01 0.26638E+00 0.27403E+00 0.00000E+00 0.00000E+00 -.14729E+01      5495627   9/0.27500E+00
 0.27500E+00 0.57000E+02 0.55243E+00 0.27276E+00 0.29185E-02 0.13843E-01 0.26375E+00 0.27058E+00 0.00000E+00 0.00000E+00 0.74691E+00      5495627  10/0.27500E+00
 0.27500E+00 0.65500E+02 0.63481E+00 0.26985E+00 0.36160E-02 0.13910E-01 0.26104E+00 0.26767E+00 0.00000E+00 0.00000E+00 0.60293E+00      5495627  11/0.27500E+00
 0.27500E+00 0.75000E+02 0.72689E+00 0.26068E+00 0.38581E-02 0.13758E-01 0.25823E+00 0.26506E+00 0.00000E+00 0.00000E+00 -.11352E+01      5495627  12/0.27500E+00
 0.35000E+00 0.32500E+02 0.24749E+00 0.22221E+00 0.27554E-02 0.11491E-01 0.21680E+00 0.22122E+00 0.00000E+00 0.00000E+00 0.35828E+00      5495627   6/0.35000E+00
 0.35000E+00 0.37500E+02 0.28556E+00 0.21985E+00 0.20886E-02 0.11140E-01 0.21406E+00 0.21871E+00 0.00000E+00 0.00000E+00 0.54758E+00      5495627   7/0.35000E+00
 0.35000E+00 0.43000E+02 0.32744E+00 0.21666E+00 0.20149E-02 0.11011E-01 0.21151E+00 0.21628E+00 0.00000E+00 0.00000E+00 0.18687E+00      5495627   8/0.35000E+00
 0.35000E+00 0.49500E+02 0.37694E+00 0.21473E+00 0.19540E-02 0.10865E-01 0.20894E+00 0.21360E+00 0.00000E+00 0.00000E+00 0.58060E+00      5495627   9/0.35000E+00
 0.35000E+00 0.57000E+02 0.43405E+00 0.21410E+00 0.20340E-02 0.10940E-01 0.20641E+00 0.21114E+00 0.00000E+00 0.00000E+00 0.14561E+01      5495627  10/0.35000E+00
 0.35000E+00 0.65500E+02 0.49878E+00 0.20758E+00 0.20966E-02 0.10499E-01 0.20397E+00 0.20840E+00 0.00000E+00 0.00000E+00 -.39195E+00      5495627  11/0.35000E+00
 0.35000E+00 0.75000E+02 0.57112E+00 0.20193E+00 0.25847E-02 0.10314E-01 0.20160E+00 0.20616E+00 0.00000E+00 0.00000E+00 -.16384E+01      5495627  12/0.35000E+00
 0.35000E+00 0.86000E+02 0.65489E+00 0.20554E+00 0.27337E-02 0.10712E-01 0.19922E+00 0.20401E+00 0.00000E+00 0.00000E+00 0.56128E+00      5495627  13/0.35000E+00
 0.35000E+00 0.99000E+02 0.75388E+00 0.20033E+00 0.29649E-02 0.10382E-01 0.19672E+00 0.20126E+00 0.00000E+00 0.00000E+00 -.31484E+00      5495627  14/0.35000E+00
 0.45000E+00 0.32500E+02 0.19249E+00 0.14298E+00 0.26594E-02 0.81018E-02 0.14311E+00 0.14301E+00 0.00000E+00 0.00000E+00 -.11827E-01      5495627   6/0.45000E+00
 0.45000E+00 0.37500E+02 0.22210E+00 0.13689E+00 0.27652E-02 0.76819E-02 0.14048E+00 0.14051E+00 0.00000E+00 0.00000E+00 -.13082E+01      5495627   7/0.45000E+00
 0.45000E+00 0.43000E+02 0.25468E+00 0.13873E+00 0.18312E-02 0.73721E-02 0.13807E+00 0.13878E+00 0.00000E+00 0.00000E+00 -.27516E-01      5495627   8/0.45000E+00
 0.45000E+00 0.49500E+02 0.29318E+00 0.13676E+00 0.17916E-02 0.71559E-02 0.13568E+00 0.13679E+00 0.00000E+00 0.00000E+00 -.19241E-01      5495627   9/0.45000E+00
 0.45000E+00 0.57000E+02 0.33760E+00 0.13594E+00 0.18488E-02 0.71129E-02 0.13339E+00 0.13466E+00 0.00000E+00 0.00000E+00 0.69489E+00      5495627  10/0.45000E+00
 0.45000E+00 0.65500E+02 0.38794E+00 0.13030E+00 0.18242E-02 0.68349E-02 0.13122E+00 0.13286E+00 0.00000E+00 0.00000E+00 -.14031E+01      5495627  11/0.45000E+00
 0.45000E+00 0.75000E+02 0.44421E+00 0.12735E+00 0.22541E-02 0.67567E-02 0.12919E+00 0.13112E+00 0.00000E+00 0.00000E+00 -.16734E+01      5495627  12/0.45000E+00
 0.45000E+00 0.86000E+02 0.50936E+00 0.13085E+00 0.23553E-02 0.70248E-02 0.12723E+00 0.12924E+00 0.00000E+00 0.00000E+00 0.68534E+00      5495627  13/0.45000E+00
 0.45000E+00 0.99000E+02 0.58635E+00 0.12724E+00 0.24303E-02 0.67996E-02 0.12529E+00 0.12711E+00 0.00000E+00 0.00000E+00 0.53257E-01      5495627  14/0.45000E+00
 0.45000E+00 0.11550E+03 0.68408E+00 0.12334E+00 0.23928E-02 0.66138E-02 0.12325E+00 0.12561E+00 0.00000E+00 0.00000E+00 -.94792E+00      5495627  15/0.45000E+00
 0.55000E+00 0.32500E+02 0.15749E+00 0.77330E-01 0.20183E-02 0.61682E-02 0.81859E-01 0.79097E-01 0.00000E+00 0.00000E+00 -.87537E+00      5495627   6/0.55000E+00
 0.55000E+00 0.37500E+02 0.18172E+00 0.80190E-01 0.22694E-02 0.59936E-02 0.79730E-01 0.77496E-01 0.00000E+00 0.00000E+00 0.11870E+01      5495627   7/0.55000E+00
 0.55000E+00 0.43000E+02 0.20837E+00 0.75910E-01 0.13512E-02 0.49422E-02 0.77802E-01 0.76139E-01 0.00000E+00 0.00000E+00 -.16965E+00      5495627   8/0.55000E+00
 0.55000E+00 0.49500E+02 0.23987E+00 0.75580E-01 0.13604E-02 0.47534E-02 0.75923E-01 0.74643E-01 0.00000E+00 0.00000E+00 0.68853E+00      5495627   9/0.55000E+00
 0.55000E+00 0.57000E+02 0.27622E+00 0.75890E-01 0.14495E-02 0.45164E-02 0.74141E-01 0.73253E-01 0.00000E+00 0.00000E+00 0.18191E+01      5495627  10/0.55000E+00
 0.55000E+00 0.65500E+02 0.31741E+00 0.70900E-01 0.14180E-02 0.40811E-02 0.72479E-01 0.71932E-01 0.00000E+00 0.00000E+00 -.72782E+00      5495627  11/0.55000E+00
 0.55000E+00 0.75000E+02 0.36344E+00 0.70220E-01 0.15519E-02 0.40466E-02 0.70947E-01 0.70666E-01 0.00000E+00 0.00000E+00 -.28738E+00      5495627  12/0.55000E+00
 0.55000E+00 0.86000E+02 0.41675E+00 0.72990E-01 0.19123E-02 0.43464E-02 0.69483E-01 0.69403E-01 0.00000E+00 0.00000E+00 0.18755E+01      5495627  13/0.55000E+00
 0.55000E+00 0.99000E+02 0.47974E+00 0.66830E-01 0.18779E-02 0.39437E-02 0.68065E-01 0.68309E-01 0.00000E+00 0.00000E+00 -.78781E+00      5495627  14/0.55000E+00
 0.55000E+00 0.11550E+03 0.55970E+00 0.65130E-01 0.18497E-02 0.38230E-02 0.66611E-01 0.66956E-01 0.00000E+00 0.00000E+00 -.98719E+00      5495627  15/0.55000E+00
 0.55000E+00 0.13750E+03 0.66631E+00 0.66210E-01 0.19598E-02 0.39149E-02 0.65085E-01 0.65711E-01 0.00000E+00 0.00000E+00 0.25485E+00      5495627  16/0.55000E+00
 0.65000E+00 0.32500E+02 0.13326E+00 0.37210E-01 0.12205E-02 0.53281E-02 0.39311E-01 0.36117E-01 0.00000E+00 0.00000E+00 0.89532E+00      5495627   6/0.65000E+00
 0.65000E+00 0.37500E+02 0.15376E+00 0.34070E-01 0.13015E-02 0.45260E-02 0.37827E-01 0.35303E-01 0.00000E+00 0.00000E+00 -.94769E+00      5495627   7/0.65000E+00
 0.65000E+00 0.43000E+02 0.17632E+00 0.35380E-01 0.77836E-03 0.40219E-02 0.36511E-01 0.34480E-01 0.00000E+00 0.00000E+00 0.11565E+01      5495627   8/0.65000E+00
 0.65000E+00 0.49500E+02 0.20297E+00 0.35120E-01 0.82883E-03 0.36229E-02 0.35253E-01 0.33598E-01 0.00000E+00 0.00000E+00 0.18360E+01      5495627   9/0.65000E+00
 0.65000E+00 0.57000E+02 0.23372E+00 0.33270E-01 0.85837E-03 0.30236E-02 0.34081E-01 0.32639E-01 0.00000E+00 0.00000E+00 0.73525E+00      5495627  10/0.65000E+00
 0.65000E+00 0.65500E+02 0.26858E+00 0.32480E-01 0.91918E-03 0.26447E-02 0.33005E-01 0.31752E-01 0.00000E+00 0.00000E+00 0.79183E+00      5495627  11/0.65000E+00
 0.65000E+00 0.75000E+02 0.30753E+00 0.32130E-01 0.99924E-03 0.24112E-02 0.32028E-01 0.31006E-01 0.00000E+00 0.00000E+00 0.11245E+01      5495627  12/0.65000E+00
 0.65000E+00 0.86000E+02 0.35263E+00 0.33590E-01 0.12596E-02 0.24784E-02 0.31106E-01 0.30338E-01 0.00000E+00 0.00000E+00 0.25816E+01      5495627  13/0.65000E+00
 0.65000E+00 0.99000E+02 0.40594E+00 0.30800E-01 0.12813E-02 0.22974E-02 0.30223E-01 0.29637E-01 0.00000E+00 0.00000E+00 0.90774E+00      5495627  14/0.65000E+00
 0.65000E+00 0.11550E+03 0.47359E+00 0.28390E-01 0.12492E-02 0.20650E-02 0.29328E-01 0.28971E-01 0.00000E+00 0.00000E+00 -.46527E+00      5495627  15/0.65000E+00
 0.65000E+00 0.13750E+03 0.56380E+00 0.27800E-01 0.13010E-02 0.20166E-02 0.28401E-01 0.28228E-01 0.00000E+00 0.00000E+00 -.32927E+00      5495627  16/0.65000E+00
 0.75000E+00 0.43000E+02 0.15281E+00 0.12520E-01 0.41942E-03 0.31693E-02 0.13174E-01 0.11623E-01 0.00000E+00 0.00000E+00 0.21381E+01      5495627   8/0.75000E+00
 0.75000E+00 0.49500E+02 0.17591E+00 0.11890E-01 0.43993E-03 0.26974E-02 0.12510E-01 0.11266E-01 0.00000E+00 0.00000E+00 0.14188E+01      5495627   9/0.75000E+00
 0.75000E+00 0.57000E+02 0.20256E+00 0.10760E-01 0.46053E-03 0.22393E-02 0.11904E-01 0.10948E-01 0.00000E+00 0.00000E+00 -.40728E+00      5495627  10/0.75000E+00
 0.75000E+00 0.65500E+02 0.23276E+00 0.10680E-01 0.52012E-03 0.20233E-02 0.11361E-01 0.10637E-01 0.00000E+00 0.00000E+00 0.82650E-01      5495627  11/0.75000E+00
 0.75000E+00 0.75000E+02 0.26653E+00 0.11170E-01 0.57972E-03 0.19627E-02 0.10877E-01 0.10316E-01 0.00000E+00 0.00000E+00 0.14737E+01      5495627  12/0.75000E+00
 0.75000E+00 0.86000E+02 0.30562E+00 0.99900E-02 0.58042E-03 0.15663E-02 0.10428E-01 0.99812E-02 0.00000E+00 0.00000E+00 0.15210E-01      5495627  13/0.75000E+00
 0.75000E+00 0.99000E+02 0.35181E+00 0.90500E-02 0.60002E-03 0.13279E-02 0.10004E-01 0.96583E-02 0.00000E+00 0.00000E+00 -.10138E+01      5495627  14/0.75000E+00
 0.75000E+00 0.11550E+03 0.41045E+00 0.81300E-02 0.60975E-03 0.10984E-02 0.95810E-02 0.92991E-02 0.00000E+00 0.00000E+00 -.19173E+01      5495627  15/0.75000E+00
 0.75000E+00 0.13750E+03 0.48863E+00 0.90300E-02 0.67996E-03 0.10933E-02 0.91485E-02 0.89319E-02 0.00000E+00 0.00000E+00 0.14420E+00      5495627  16/0.75000E+00
     5880899
 BCDMS F2p 280GeV                                                                                                        
Plot1@Experiment:BCDMS muon DIS@ExtraLabel:#mu beam energy E = 280 GeV @XTitle: x @YTitle: F_{2}(x, Q^{2}) @Title:Q^{2} = 32.5  @Ymin:0.1@Ymax:1.@Xlog@Ylog
Plot2@Experiment:BCDMS muon DIS@ExtraLabel:#mu beam energy E = 280 GeV @XTitle: x @YTitle: F_{2}(x, Q^{2}) @Title:Q^{2} = 37.5  @Ymin:0.1@Ymax:1.@Xlog@Ylog
Plot3@Experiment:BCDMS muon DIS@ExtraLabel:#mu beam energy E = 280 GeV @XTitle: x @YTitle: F_{2}(x, Q^{2}) @Title:Q^{2} = 43 @Ymin:0.01@Ymax:1.@Xlog@Ylog
Plot4@Experiment:BCDMS muon DIS@ExtraLabel:#mu beam energy E = 280 GeV @XTitle: x @YTitle: F_{2}(x, Q^{2}) @Title:Q^{2} = 49 @Ymin:0.01@Ymax:1.@Xlog@Ylog
Plot5@Experiment:BCDMS muon DIS@ExtraLabel:#mu beam energy E = 280 GeV @XTitle: x @YTitle: F_{2}(x, Q^{2}) @Title:Q^{2} = 57 @Ymin:0.001@Ymax:1.@Xlog@Ylog
Plot6@Experiment:BCDMS muon DIS@ExtraLabel:#mu beam energy E = 280 GeV @XTitle: x @YTitle: F_{2}(x, Q^{2}) @Title:Q^{2} = 65.5 @Ymin:0.001@Ymax:1.@Xlog@Ylog
Plot7@Experiment:BCDMS muon DIS@ExtraLabel:#mu beam energy E = 280 GeV @XTitle: x @YTitle: F_{2}(x, Q^{2}) @Title:Q^{2} = 75 @Ymin:0.001@Ymax:1.@Xlog@Ylog
Plot8@Experiment:BCDMS muon DIS@ExtraLabel:#mu beam energy E = 280 GeV @XTitle: x @YTitle: F_{2}(x, Q^{2}) @Title:Q^{2} = 86 @Ymin:0.001@Ymax:1.@Xlog@Ylog
Plot9@Experiment:BCDMS muon DIS@ExtraLabel:#mu beam energy E = 280 GeV @XTitle: x @YTitle: F_{2}(x, Q^{2}) @Title:Q^{2} = 99@Ymin:0.001@Ymax:1.@Xlog@Ylog
Plot10@Experiment:BCDMS muon DIS@ExtraLabel:#mu beam energy E = 280 GeV @XTitle: x @YTitle: F_{2}(x, Q^{2}) @Title:Q^{2} = 115.5@Ymin:0.001@Ymax:1.@Xlog@Ylog
Plot11@Experiment:BCDMS muon DIS@ExtraLabel:#mu beam energy E = 280 GeV @XTitle: x @YTitle: F_{2}(x, Q^{2}) @Title:Q^{2} = 137.5@Ymin:0.001@Ymax:1.@Xlog@Ylog
Plot12@Experiment:BCDMS muon DIS@ExtraLabel:#mu beam energy E = 280 GeV @XTitle: x @YTitle: F_{2}(x, Q^{2}) @Title:Q^{2} = 175@Ymin:0.001@Ymax:1.@Xlog@Ylog
Plot13@Experiment:BCDMS muon DIS@ExtraLabel:#mu beam energy E = 280 GeV @XTitle: x @YTitle: F_{2}(x, Q^{2}) @Title:Q^{2} = 230@Ymin:0.001@Ymax:1.@Xlog@Ylog
 x           Q2          y              data      +- uncor     +- tot     th orig         th mod   therr+         therr-     pull    iset       iplot
 0.10000E+00 0.32500E+02 0.61872E+00 0.39629E+00 0.55877E-02 0.22496E-01 0.38925E+00 0.39735E+00 0.00000E+00 0.00000E+00 -.18942E+00      5880899   1/0.10000E+00
 0.10000E+00 0.37500E+02 0.71391E+00 0.39408E+00 0.63053E-02 0.22062E-01 0.38632E+00 0.39222E+00 0.00000E+00 0.00000E+00 0.29465E+00      5880899   2/0.10000E+00
 0.14000E+00 0.37500E+02 0.50993E+00 0.37285E+00 0.65249E-02 0.20952E-01 0.36500E+00 0.37534E+00 0.00000E+00 0.00000E+00 -.38097E+00      5880899   2/0.14000E+00
 0.14000E+00 0.43000E+02 0.58472E+00 0.37063E+00 0.64490E-02 0.20735E-01 0.36322E+00 0.37339E+00 0.00000E+00 0.00000E+00 -.42864E+00      5880899   3/0.14000E+00
 0.14000E+00 0.49500E+02 0.67311E+00 0.35668E+00 0.65986E-02 0.20072E-01 0.36076E+00 0.37011E+00 0.00000E+00 0.00000E+00 -.20351E+01      5880899   4/0.14000E+00
 0.14000E+00 0.57000E+02 0.77510E+00 0.37001E+00 0.80292E-02 0.21197E-01 0.35748E+00 0.36601E+00 0.00000E+00 0.00000E+00 0.49834E+00      5880899   5/0.14000E+00
 0.18000E+00 0.37500E+02 0.39661E+00 0.34630E+00 0.69606E-02 0.19669E-01 0.33932E+00 0.34984E+00 0.00000E+00 0.00000E+00 -.50824E+00      5880899   2/0.18000E+00
 0.18000E+00 0.43000E+02 0.45478E+00 0.35894E+00 0.69275E-02 0.20175E-01 0.33773E+00 0.34683E+00 0.00000E+00 0.00000E+00 0.17487E+01      5880899   3/0.18000E+00
 0.18000E+00 0.49500E+02 0.52353E+00 0.33701E+00 0.70435E-02 0.19158E-01 0.33586E+00 0.34509E+00 0.00000E+00 0.00000E+00 -.11475E+01      5880899   4/0.18000E+00
 0.18000E+00 0.57000E+02 0.60285E+00 0.34082E+00 0.47374E-02 0.18445E-01 0.33367E+00 0.34247E+00 0.00000E+00 0.00000E+00 -.34862E+00      5880899   5/0.18000E+00
 0.18000E+00 0.65500E+02 0.69275E+00 0.33512E+00 0.50268E-02 0.18441E-01 0.33110E+00 0.33638E+00 0.00000E+00 0.00000E+00 -.25157E+00      5880899   6/0.18000E+00
 0.22500E+00 0.37500E+02 0.31729E+00 0.31199E+00 0.65830E-02 0.17921E-01 0.30834E+00 0.31786E+00 0.00000E+00 0.00000E+00 -.89103E+00      5880899   2/0.22500E+00
 0.22500E+00 0.43000E+02 0.36383E+00 0.30882E+00 0.62999E-02 0.17587E-01 0.30644E+00 0.31503E+00 0.00000E+00 0.00000E+00 -.98525E+00      5880899   3/0.22500E+00
 0.22500E+00 0.49500E+02 0.41882E+00 0.31671E+00 0.65876E-02 0.17970E-01 0.30443E+00 0.31274E+00 0.00000E+00 0.00000E+00 0.60334E+00      5880899   4/0.22500E+00
 0.22500E+00 0.57000E+02 0.48228E+00 0.30994E+00 0.43392E-02 0.16759E-01 0.30233E+00 0.31024E+00 0.00000E+00 0.00000E+00 -.68606E-01      5880899   5/0.22500E+00
 0.22500E+00 0.65500E+02 0.55420E+00 0.31282E+00 0.46923E-02 0.17021E-01 0.30013E+00 0.30784E+00 0.00000E+00 0.00000E+00 0.10610E+01      5880899   6/0.22500E+00
 0.22500E+00 0.75000E+02 0.63458E+00 0.30247E+00 0.49908E-02 0.16559E-01 0.29781E+00 0.30554E+00 0.00000E+00 0.00000E+00 -.61512E+00      5880899   7/0.22500E+00
 0.22500E+00 0.86000E+02 0.72765E+00 0.30229E+00 0.53203E-02 0.16667E-01 0.29520E+00 0.30196E+00 0.00000E+00 0.00000E+00 0.62057E-01      5880899   8/0.22500E+00
 0.27500E+00 0.37500E+02 0.25960E+00 0.27396E+00 0.70408E-02 0.16135E-01 0.27144E+00 0.27870E+00 0.00000E+00 0.00000E+00 -.67260E+00      5880899   2/0.27500E+00
 0.27500E+00 0.43000E+02 0.29768E+00 0.27856E+00 0.66019E-02 0.16106E-01 0.26923E+00 0.27596E+00 0.00000E+00 0.00000E+00 0.39316E+00      5880899   3/0.27500E+00
 0.27500E+00 0.49500E+02 0.34267E+00 0.26652E+00 0.65830E-02 0.15577E-01 0.26729E+00 0.27388E+00 0.00000E+00 0.00000E+00 -.11174E+01      5880899   4/0.27500E+00
 0.27500E+00 0.57000E+02 0.39459E+00 0.27485E+00 0.45900E-02 0.15232E-01 0.26498E+00 0.27174E+00 0.00000E+00 0.00000E+00 0.67838E+00      5880899   5/0.27500E+00
 0.27500E+00 0.65500E+02 0.45344E+00 0.26066E+00 0.47179E-02 0.14503E-01 0.26270E+00 0.26976E+00 0.00000E+00 0.00000E+00 -.19295E+01      5880899   6/0.27500E+00
 0.27500E+00 0.75000E+02 0.51920E+00 0.27476E+00 0.51930E-02 0.15367E-01 0.26046E+00 0.26693E+00 0.00000E+00 0.00000E+00 0.15072E+01      5880899   7/0.27500E+00
 0.27500E+00 0.86000E+02 0.59535E+00 0.25960E+00 0.50882E-02 0.14450E-01 0.25816E+00 0.26381E+00 0.00000E+00 0.00000E+00 -.82657E+00      5880899   8/0.27500E+00
 0.27500E+00 0.99000E+02 0.68535E+00 0.25794E+00 0.62937E-02 0.14989E-01 0.25570E+00 0.26097E+00 0.00000E+00 0.00000E+00 -.48182E+00      5880899   9/0.27500E+00
 0.27500E+00 0.11550E+03 0.79957E+00 0.25851E+00 0.69281E-02 0.15145E-01 0.25282E+00 0.25848E+00 0.00000E+00 0.00000E+00 0.49692E-02      5880899  10/0.27500E+00
 0.35000E+00 0.43000E+02 0.23389E+00 0.20759E+00 0.47123E-02 0.12035E-01 0.21167E+00 0.21557E+00 0.00000E+00 0.00000E+00 -.16928E+01      5880899   3/0.35000E+00
 0.35000E+00 0.49500E+02 0.26924E+00 0.21481E+00 0.47903E-02 0.12340E-01 0.20915E+00 0.21302E+00 0.00000E+00 0.00000E+00 0.37380E+00      5880899   4/0.35000E+00
 0.35000E+00 0.57000E+02 0.31004E+00 0.21242E+00 0.32925E-02 0.11692E-01 0.20670E+00 0.21070E+00 0.00000E+00 0.00000E+00 0.52159E+00      5880899   5/0.35000E+00
 0.35000E+00 0.65500E+02 0.35627E+00 0.20092E+00 0.33353E-02 0.11080E-01 0.20435E+00 0.20832E+00 0.00000E+00 0.00000E+00 -.22175E+01      5880899   6/0.35000E+00
 0.35000E+00 0.75000E+02 0.40795E+00 0.20936E+00 0.36010E-02 0.11548E-01 0.20213E+00 0.20606E+00 0.00000E+00 0.00000E+00 0.91534E+00      5880899   7/0.35000E+00
 0.35000E+00 0.86000E+02 0.46778E+00 0.20583E+00 0.35814E-02 0.11446E-01 0.19995E+00 0.20382E+00 0.00000E+00 0.00000E+00 0.56022E+00      5880899   8/0.35000E+00
 0.35000E+00 0.99000E+02 0.53849E+00 0.20313E+00 0.37579E-02 0.11324E-01 0.19777E+00 0.20161E+00 0.00000E+00 0.00000E+00 0.40547E+00      5880899   9/0.35000E+00
 0.35000E+00 0.11550E+03 0.62824E+00 0.20358E+00 0.44177E-02 0.11504E-01 0.19543E+00 0.19941E+00 0.00000E+00 0.00000E+00 0.94316E+00      5880899  10/0.35000E+00
 0.35000E+00 0.13750E+03 0.74790E+00 0.20044E+00 0.47304E-02 0.11478E-01 0.19274E+00 0.19666E+00 0.00000E+00 0.00000E+00 0.79884E+00      5880899  11/0.35000E+00
 0.45000E+00 0.43000E+02 0.18191E+00 0.12927E+00 0.44081E-02 0.87630E-02 0.13806E+00 0.13697E+00 0.00000E+00 0.00000E+00 -.17464E+01      5880899   3/0.45000E+00
 0.45000E+00 0.49500E+02 0.20941E+00 0.13776E+00 0.45323E-02 0.91845E-02 0.13568E+00 0.13510E+00 0.00000E+00 0.00000E+00 0.58716E+00      5880899   4/0.45000E+00
 0.45000E+00 0.57000E+02 0.24114E+00 0.13211E+00 0.29593E-02 0.78380E-02 0.13338E+00 0.13339E+00 0.00000E+00 0.00000E+00 -.43272E+00      5880899   5/0.45000E+00
 0.45000E+00 0.65500E+02 0.27710E+00 0.12867E+00 0.30752E-02 0.76012E-02 0.13121E+00 0.13146E+00 0.00000E+00 0.00000E+00 -.90864E+00      5880899   6/0.45000E+00
 0.45000E+00 0.75000E+02 0.31729E+00 0.13325E+00 0.32646E-02 0.78194E-02 0.12919E+00 0.12995E+00 0.00000E+00 0.00000E+00 0.10117E+01      5880899   7/0.45000E+00
 0.45000E+00 0.86000E+02 0.36383E+00 0.12660E+00 0.31650E-02 0.74529E-02 0.12723E+00 0.12820E+00 0.00000E+00 0.00000E+00 -.50511E+00      5880899   8/0.45000E+00
 0.45000E+00 0.99000E+02 0.41882E+00 0.13142E+00 0.33644E-02 0.77375E-02 0.12532E+00 0.12654E+00 0.00000E+00 0.00000E+00 0.14510E+01      5880899   9/0.45000E+00
 0.45000E+00 0.11550E+03 0.48863E+00 0.11975E+00 0.32931E-02 0.71469E-02 0.12334E+00 0.12480E+00 0.00000E+00 0.00000E+00 -.15339E+01      5880899  10/0.45000E+00
 0.45000E+00 0.13750E+03 0.58170E+00 0.11797E+00 0.38812E-02 0.73151E-02 0.12124E+00 0.12277E+00 0.00000E+00 0.00000E+00 -.12357E+01      5880899  11/0.45000E+00
 0.45000E+00 0.17500E+03 0.74035E+00 0.11841E+00 0.36470E-02 0.72057E-02 0.11857E+00 0.12052E+00 0.00000E+00 0.00000E+00 -.57727E+00      5880899  12/0.45000E+00
 0.55000E+00 0.43000E+02 0.14884E+00 0.75030E-01 0.34889E-02 0.64260E-02 0.77779E-01 0.73910E-01 0.00000E+00 0.00000E+00 0.32100E+00      5880899   3/0.55000E+00
 0.55000E+00 0.49500E+02 0.17134E+00 0.76800E-01 0.34790E-02 0.62979E-02 0.75894E-01 0.72713E-01 0.00000E+00 0.00000E+00 0.11746E+01      5880899   4/0.55000E+00
 0.55000E+00 0.57000E+02 0.19730E+00 0.73920E-01 0.22102E-02 0.52250E-02 0.74105E-01 0.71679E-01 0.00000E+00 0.00000E+00 0.10139E+01      5880899   5/0.55000E+00
 0.55000E+00 0.65500E+02 0.22672E+00 0.69950E-01 0.23433E-02 0.48636E-02 0.72433E-01 0.70662E-01 0.00000E+00 0.00000E+00 -.30367E+00      5880899   6/0.55000E+00
 0.55000E+00 0.75000E+02 0.25960E+00 0.72650E-01 0.25573E-02 0.49798E-02 0.70890E-01 0.69534E-01 0.00000E+00 0.00000E+00 0.12184E+01      5880899   7/0.55000E+00
 0.55000E+00 0.86000E+02 0.29768E+00 0.67500E-01 0.24705E-02 0.46220E-02 0.69412E-01 0.68338E-01 0.00000E+00 0.00000E+00 -.33902E+00      5880899   8/0.55000E+00
 0.55000E+00 0.99000E+02 0.34267E+00 0.69490E-01 0.26198E-02 0.47149E-02 0.67977E-01 0.67292E-01 0.00000E+00 0.00000E+00 0.83903E+00      5880899   9/0.55000E+00
 0.55000E+00 0.11550E+03 0.39979E+00 0.67750E-01 0.26287E-02 0.45945E-02 0.66504E-01 0.66078E-01 0.00000E+00 0.00000E+00 0.63617E+00      5880899  10/0.55000E+00
 0.55000E+00 0.13750E+03 0.47594E+00 0.70420E-01 0.32393E-02 0.50564E-02 0.64965E-01 0.64803E-01 0.00000E+00 0.00000E+00 0.17339E+01      5880899  11/0.55000E+00
 0.55000E+00 0.17500E+03 0.60574E+00 0.59900E-01 0.27314E-02 0.42495E-02 0.63061E-01 0.63369E-01 0.00000E+00 0.00000E+00 -.12699E+01      5880899  12/0.55000E+00
 0.55000E+00 0.23000E+03 0.79611E+00 0.60910E-01 0.36607E-02 0.49030E-02 0.61187E-01 0.61709E-01 0.00000E+00 0.00000E+00 -.21824E+00      5880899  13/0.55000E+00
 0.65000E+00 0.49500E+02 0.14498E+00 0.33710E-01 0.21204E-02 0.45759E-02 0.35244E-01 0.31949E-01 0.00000E+00 0.00000E+00 0.83051E+00      5880899   4/0.65000E+00
 0.65000E+00 0.57000E+02 0.16694E+00 0.33590E-01 0.13604E-02 0.37960E-02 0.34069E-01 0.31342E-01 0.00000E+00 0.00000E+00 0.16525E+01      5880899   5/0.65000E+00
 0.65000E+00 0.65500E+02 0.19184E+00 0.30770E-01 0.13785E-02 0.31318E-02 0.32990E-01 0.30687E-01 0.00000E+00 0.00000E+00 0.59981E-01      5880899   6/0.65000E+00
 0.65000E+00 0.75000E+02 0.21966E+00 0.32360E-01 0.15598E-02 0.31227E-02 0.32008E-01 0.30056E-01 0.00000E+00 0.00000E+00 0.14773E+01      5880899   7/0.65000E+00
 0.65000E+00 0.86000E+02 0.25188E+00 0.30910E-01 0.16011E-02 0.28608E-02 0.31080E-01 0.29494E-01 0.00000E+00 0.00000E+00 0.88440E+00      5880899   8/0.65000E+00
 0.65000E+00 0.99000E+02 0.28996E+00 0.31820E-01 0.17310E-02 0.28485E-02 0.30189E-01 0.28905E-01 0.00000E+00 0.00000E+00 0.16839E+01      5880899   9/0.65000E+00
 0.65000E+00 0.11550E+03 0.33828E+00 0.29000E-01 0.16704E-02 0.25651E-02 0.29284E-01 0.28323E-01 0.00000E+00 0.00000E+00 0.40518E+00      5880899  10/0.65000E+00
 0.65000E+00 0.13750E+03 0.40272E+00 0.31600E-01 0.22088E-02 0.29856E-02 0.28344E-01 0.27649E-01 0.00000E+00 0.00000E+00 0.17888E+01      5880899  11/0.65000E+00
 0.65000E+00 0.17500E+03 0.51255E+00 0.27240E-01 0.18905E-02 0.25065E-02 0.27189E-01 0.26865E-01 0.00000E+00 0.00000E+00 0.19826E+00      5880899  12/0.65000E+00
 0.65000E+00 0.23000E+03 0.67363E+00 0.29650E-01 0.24787E-02 0.30147E-02 0.26075E-01 0.25985E-01 0.00000E+00 0.00000E+00 0.14787E+01      5880899  13/0.65000E+00
 0.75000E+00 0.57000E+02 0.14469E+00 0.11650E-01 0.77007E-03 0.33381E-02 0.11904E-01 0.10354E-01 0.00000E+00 0.00000E+00 0.16836E+01      5880899   5/0.75000E+00
 0.75000E+00 0.65500E+02 0.16626E+00 0.12250E-01 0.86975E-03 0.31298E-02 0.11361E-01 0.10084E-01 0.00000E+00 0.00000E+00 0.24908E+01      5880899   6/0.75000E+00
 0.75000E+00 0.75000E+02 0.19037E+00 0.11110E-01 0.90991E-03 0.25234E-02 0.10876E-01 0.97975E-02 0.00000E+00 0.00000E+00 0.14424E+01      5880899   7/0.75000E+00
 0.75000E+00 0.86000E+02 0.21830E+00 0.98500E-02 0.87960E-03 0.20052E-02 0.10426E-01 0.95011E-02 0.00000E+00 0.00000E+00 0.39669E+00      5880899   8/0.75000E+00
 0.75000E+00 0.99000E+02 0.25129E+00 0.10100E-01 0.97970E-03 0.17860E-02 0.10002E-01 0.91270E-02 0.00000E+00 0.00000E+00 0.99321E+00      5880899   9/0.75000E+00
 0.75000E+00 0.11550E+03 0.29318E+00 0.83300E-02 0.92963E-03 0.14441E-02 0.95769E-02 0.89168E-02 0.00000E+00 0.00000E+00 -.63126E+00      5880899  10/0.75000E+00
 0.75000E+00 0.13750E+03 0.34902E+00 0.92500E-02 0.10601E-02 0.14984E-02 0.91424E-02 0.86204E-02 0.00000E+00 0.00000E+00 0.59391E+00      5880899  11/0.75000E+00
 0.75000E+00 0.17500E+03 0.44421E+00 0.83200E-02 0.98010E-03 0.12786E-02 0.86139E-02 0.82949E-02 0.00000E+00 0.00000E+00 0.25567E-01      5880899  12/0.75000E+00
 0.75000E+00 0.23000E+03 0.58382E+00 0.79800E-02 0.12999E-02 0.14381E-02 0.81077E-02 0.78769E-02 0.00000E+00 0.00000E+00 0.79335E-01      5880899  13/0.75000E+00
     6742278
 NMC F2p 90 GeV                                                                                                          
Plot1@Experiment:NMC muon DIS@ExtraLabel:#mu beam energy E = 90 GeV @XTitle: Q^{2} @YTitle: d^{2}#sigma/dxdQ^{2} @Title:0.007<x<0.015
Plot2@Experiment:NMC muon DIS@ExtraLabel:#mu beam energy E = 90 GeV @XTitle: Q^{2} @YTitle: d^{2}#sigma/dxdQ^{2} @Title:0.015<x<0.021
Plot3@Experiment:NMC muon DIS@ExtraLabel:#mu beam energy E = 90 GeV @XTitle: Q^{2} @YTitle: d^{2}#sigma/dxdQ^{2} @Title:0.021<x<0.03
Plot4@Experiment:NMC muon DIS@ExtraLabel:#mu beam energy E = 90 GeV @XTitle: Q^{2} @YTitle: d^{2}#sigma/dxdQ^{2} @Title:0.03<x<0.04
Plot5@Experiment:NMC muon DIS@ExtraLabel:#mu beam energy E = 90 GeV @XTitle: Q^{2} @YTitle: d^{2}#sigma/dxdQ^{2} @Title:0.04<x<0.06
Plot6@Experiment:NMC muon DIS@ExtraLabel:#mu beam energy E = 90 GeV @XTitle: Q^{2} @YTitle: d^{2}#sigma/dxdQ^{2} @Title:0.06<x<0.08
Plot7@Experiment:NMC muon DIS@ExtraLabel:#mu beam energy E = 90 GeV @XTitle: Q^{2} @YTitle: d^{2}#sigma/dxdQ^{2} @Title:0.08<x<0.1
Plot8@Experiment:NMC muon DIS@ExtraLabel:#mu beam energy E = 90 GeV @XTitle: Q^{2} @YTitle: d^{2}#sigma/dxdQ^{2} @Title:0.1<x<0.12
Plot9@Experiment:NMC muon DIS@ExtraLabel:#mu beam energy E = 90 GeV @XTitle: Q^{2} @YTitle: d^{2}#sigma/dxdQ^{2} @Title:0.12<x<0.16
Plot10@Experiment:NMC muon DIS@ExtraLabel:#mu beam energy E = 90 GeV @XTitle: Q^{2} @YTitle: d^{2}#sigma/dxdQ^{2} @Title:0.16<x<0.2
Plot11@Experiment:NMC muon DIS@ExtraLabel:#mu beam energy E = 90 GeV @XTitle: Q^{2} @YTitle: d^{2}#sigma/dxdQ^{2} @Title:0.2<x<0.25
Plot12@Experiment:NMC muon DIS@ExtraLabel:#mu beam energy E = 90 GeV @XTitle: Q^{2} @YTitle: d^{2}#sigma/dxdQ^{2} @Title:0.25<x<0.31
Plot13@Experiment:NMC muon DIS@ExtraLabel:#mu beam energy E = 90 GeV @XTitle: Q^{2} @YTitle: d^{2}#sigma/dxdQ^{2} @Title:0.31<x<0.4
Plot14@Experiment:NMC muon DIS@ExtraLabel:#mu beam energy E = 90 GeV @XTitle: Q^{2} @YTitle: d^{2}#sigma/dxdQ^{2} @Title:0.4<x<0.5
 x           Q2          y              data      +- uncor     +- tot     th orig         th mod   therr+         therr-     pull    iset       iplot
 0.27600E-01 0.32400E+01 0.70700E+00 0.32641E+00 0.18638E-01 0.19856E-01 0.31845E+00 0.32785E+00 0.00000E+00 0.00000E+00 -.77512E-01      6742278   3/0.32400E+01
 0.35500E-01 0.33400E+01 0.57000E+00 0.36266E+00 0.89578E-02 0.10335E-01 0.34542E+00 0.35234E+00 0.00000E+00 0.00000E+00 0.11519E+01      6742278   4/0.33400E+01
 0.36400E-01 0.42600E+01 0.70500E+00 0.36976E+00 0.30209E-01 0.31715E-01 0.33912E+00 0.35381E+00 0.00000E+00 0.00000E+00 0.52776E+00      6742278   4/0.42600E+01
 0.50100E-01 0.34100E+01 0.41500E+00 0.36687E+00 0.56131E-02 0.68250E-02 0.36404E+00 0.36799E+00 0.00000E+00 0.00000E+00 -.20084E+00      6742278   5/0.34100E+01
 0.50900E-01 0.43900E+01 0.52600E+00 0.37976E+00 0.11886E-01 0.12910E-01 0.36506E+00 0.37193E+00 0.00000E+00 0.00000E+00 0.65838E+00      6742278   5/0.43900E+01
 0.52600E-01 0.53100E+01 0.60800E+00 0.37605E+00 0.27602E-01 0.28479E-01 0.36456E+00 0.37568E+00 0.00000E+00 0.00000E+00 0.13470E-01      6742278   5/0.53100E+01
 0.69600E-01 0.34500E+01 0.30300E+00 0.38160E+00 0.64490E-02 0.78261E-02 0.36944E+00 0.37174E+00 0.00000E+00 0.00000E+00 0.15290E+01      6742278   6/0.34500E+01
 0.70300E-01 0.44200E+01 0.38200E+00 0.37897E+00 0.97017E-02 0.10512E-01 0.37335E+00 0.37794E+00 0.00000E+00 0.00000E+00 0.10668E+00      6742278   6/0.44200E+01
 0.70300E-01 0.53800E+01 0.46300E+00 0.36409E+00 0.17112E-01 0.17661E-01 0.37458E+00 0.38089E+00 0.00000E+00 0.00000E+00 -.98151E+00      6742278   6/0.53800E+01
 0.71200E-01 0.63800E+01 0.53600E+00 0.36923E+00 0.36960E-01 0.37256E-01 0.37452E+00 0.38121E+00 0.00000E+00 0.00000E+00 -.32407E+00      6742278   6/0.63800E+01
 0.89800E-01 0.34600E+01 0.23600E+00 0.36743E+00 0.71649E-02 0.88049E-02 0.36866E+00 0.37007E+00 0.00000E+00 0.00000E+00 -.36821E+00      6742278   7/0.34600E+01
 0.90000E-01 0.44300E+01 0.29900E+00 0.37189E+00 0.99295E-02 0.10874E-01 0.37269E+00 0.37507E+00 0.00000E+00 0.00000E+00 -.31982E+00      6742278   7/0.44300E+01
 0.90300E-01 0.54400E+01 0.36600E+00 0.35535E+00 0.15351E-01 0.15797E-01 0.37474E+00 0.37873E+00 0.00000E+00 0.00000E+00 -.15231E+01      6742278   7/0.54400E+01
 0.89700E-01 0.65000E+01 0.43600E+00 0.39684E+00 0.26549E-01 0.26926E-01 0.37574E+00 0.38081E+00 0.00000E+00 0.00000E+00 0.60404E+00      6742278   7/0.65000E+01
 0.10990E+00 0.34800E+01 0.19300E+00 0.36705E+00 0.82954E-02 0.10263E-01 0.36608E+00 0.36660E+00 0.00000E+00 0.00000E+00 0.54494E-01      6742278   8/0.34800E+01
 0.11000E+00 0.44500E+01 0.24600E+00 0.36701E+00 0.10386E-01 0.11418E-01 0.36949E+00 0.37107E+00 0.00000E+00 0.00000E+00 -.39070E+00      6742278   8/0.44500E+01
 0.11050E+00 0.54400E+01 0.29800E+00 0.35662E+00 0.14764E-01 0.15343E-01 0.37132E+00 0.37301E+00 0.00000E+00 0.00000E+00 -.11106E+01      6742278   8/0.54400E+01
 0.10960E+00 0.66000E+01 0.36300E+00 0.37254E+00 0.21607E-01 0.21971E-01 0.37259E+00 0.37531E+00 0.00000E+00 0.00000E+00 -.12819E+00      6742278   8/0.66000E+01
 0.13980E+00 0.34800E+01 0.15400E+00 0.36954E+00 0.70951E-02 0.10023E-01 0.36048E+00 0.36079E+00 0.00000E+00 0.00000E+00 0.12325E+01      6742278   9/0.34800E+01
 0.13960E+00 0.44500E+01 0.19500E+00 0.36390E+00 0.82605E-02 0.98943E-02 0.36274E+00 0.36330E+00 0.00000E+00 0.00000E+00 0.72738E-01      6742278   9/0.44500E+01
 0.13990E+00 0.54600E+01 0.23800E+00 0.35818E+00 0.11426E-01 0.12276E-01 0.36376E+00 0.36458E+00 0.00000E+00 0.00000E+00 -.55986E+00      6742278   9/0.54600E+01
 0.14090E+00 0.66900E+01 0.28900E+00 0.37403E+00 0.14288E-01 0.14953E-01 0.36390E+00 0.36588E+00 0.00000E+00 0.00000E+00 0.57066E+00      6742278   9/0.66900E+01
 0.17410E+00 0.26700E+01 0.95000E-01 0.36265E+00 0.10880E-01 0.15849E-01 0.34997E+00 0.34964E+00 0.00000E+00 0.00000E+00 0.11959E+01      6742278  10/0.26700E+01
 0.18070E+00 0.34700E+01 0.11900E+00 0.33815E+00 0.80817E-02 0.11348E-01 0.34980E+00 0.34965E+00 0.00000E+00 0.00000E+00 -.14241E+01      6742278  10/0.34700E+01
 0.18020E+00 0.44600E+01 0.15200E+00 0.37196E+00 0.10192E-01 0.12149E-01 0.35030E+00 0.35006E+00 0.00000E+00 0.00000E+00 0.21493E+01      6742278  10/0.44600E+01
 0.18080E+00 0.54600E+01 0.18500E+00 0.33281E+00 0.11881E-01 0.12814E-01 0.34976E+00 0.35047E+00 0.00000E+00 0.00000E+00 -.14868E+01      6742278  10/0.54600E+01
 0.18040E+00 0.67700E+01 0.22900E+00 0.36023E+00 0.14049E-01 0.14747E-01 0.34908E+00 0.35018E+00 0.00000E+00 0.00000E+00 0.71524E+00      6742278  10/0.67700E+01
 0.17710E+00 0.85000E+01 0.28900E+00 0.38986E+00 0.37778E-01 0.38096E-01 0.34923E+00 0.35116E+00 0.00000E+00 0.00000E+00 0.10245E+01      6742278  10/0.85000E+01
 0.20510E+00 0.29000E+01 0.87000E-01 0.33436E+00 0.31564E-01 0.33151E-01 0.34180E+00 0.34121E+00 0.00000E+00 0.00000E+00 -.21711E+00      6742278  11/0.29000E+01
 0.22100E+00 0.35100E+01 0.99000E-01 0.33073E+00 0.87974E-02 0.12046E-01 0.33575E+00 0.33552E+00 0.00000E+00 0.00000E+00 -.54407E+00      6742278  11/0.35100E+01
 0.22620E+00 0.44700E+01 0.12200E+00 0.32365E+00 0.91917E-02 0.10992E-01 0.33194E+00 0.33184E+00 0.00000E+00 0.00000E+00 -.89153E+00      6742278  11/0.44700E+01
 0.22630E+00 0.54700E+01 0.14900E+00 0.34929E+00 0.12574E-01 0.13734E-01 0.33000E+00 0.33003E+00 0.00000E+00 0.00000E+00 0.15311E+01      6742278  11/0.54700E+01
 0.22800E+00 0.68100E+01 0.18400E+00 0.31985E+00 0.12474E-01 0.13165E-01 0.32672E+00 0.32757E+00 0.00000E+00 0.00000E+00 -.61905E+00      6742278  11/0.68100E+01
 0.22150E+00 0.86400E+01 0.23600E+00 0.30525E+00 0.26404E-01 0.26711E-01 0.32729E+00 0.32863E+00 0.00000E+00 0.00000E+00 -.88565E+00      6742278  11/0.86400E+01
 0.26570E+00 0.37500E+01 0.88000E-01 0.30274E+00 0.14683E-01 0.16577E-01 0.31512E+00 0.31566E+00 0.00000E+00 0.00000E+00 -.87998E+00      6742278  12/0.37500E+01
 0.27360E+00 0.44700E+01 0.10200E+00 0.30430E+00 0.10194E-01 0.11915E-01 0.30839E+00 0.30882E+00 0.00000E+00 0.00000E+00 -.44327E+00      6742278  12/0.44700E+01
 0.27580E+00 0.54400E+01 0.12200E+00 0.30555E+00 0.12802E-01 0.13714E-01 0.30390E+00 0.30455E+00 0.00000E+00 0.00000E+00 0.77694E-01      6742278  12/0.54400E+01
 0.28030E+00 0.68500E+01 0.15100E+00 0.31964E+00 0.13872E-01 0.14632E-01 0.29710E+00 0.29796E+00 0.00000E+00 0.00000E+00 0.15629E+01      6742278  12/0.68500E+01
 0.27370E+00 0.87000E+01 0.19300E+00 0.32315E+00 0.26951E-01 0.27351E-01 0.29681E+00 0.29827E+00 0.00000E+00 0.00000E+00 0.92332E+00      6742278  12/0.87000E+01
 0.31660E+00 0.46200E+01 0.91000E-01 0.28827E+00 0.12280E-01 0.18188E-01 0.28241E+00 0.28517E+00 0.00000E+00 0.00000E+00 0.25258E+00      6742278  13/0.46200E+01
 0.33970E+00 0.54600E+01 0.10000E+00 0.25828E+00 0.95048E-02 0.13392E-01 0.26348E+00 0.26566E+00 0.00000E+00 0.00000E+00 -.77656E+00      6742278  13/0.54600E+01
 0.35110E+00 0.68700E+01 0.12200E+00 0.27574E+00 0.10285E-01 0.12212E-01 0.25005E+00 0.25173E+00 0.00000E+00 0.00000E+00 0.23347E+01      6742278  13/0.68700E+01
 0.34500E+00 0.87300E+01 0.15600E+00 0.23959E+00 0.16292E-01 0.17110E-01 0.24861E+00 0.25026E+00 0.00000E+00 0.00000E+00 -.65489E+00      6742278  13/0.87300E+01
 0.39730E+00 0.57300E+01 0.90000E-01 0.20854E+00 0.21104E-01 0.32268E-01 0.22182E+00 0.22854E+00 0.00000E+00 0.00000E+00 -.94788E+00      6742278  13/0.57300E+01
 0.44250E+00 0.69700E+01 0.99000E-01 0.20235E+00 0.93889E-02 0.21865E-01 0.18409E+00 0.18898E+00 0.00000E+00 0.00000E+00 0.14233E+01      6742278  14/0.69700E+01
 0.46530E+00 0.87500E+01 0.11700E+00 0.18165E+00 0.11789E-01 0.18033E-01 0.16193E+00 0.16556E+00 0.00000E+00 0.00000E+00 0.13642E+01      6742278  14/0.87500E+01
     4325392
 NMC F2p 120 GeV                                                                                                         
Plot1@Experiment:NMC muon DIS@ExtraLabel:#mu beam energy E = 90 GeV @XTitle: Q^{2} @YTitle: d^{2}#sigma/dxdQ^{2} @Title:0.007<x<0.015
Plot2@Experiment:NMC muon DIS@ExtraLabel:#mu beam energy E = 90 GeV @XTitle: Q^{2} @YTitle: d^{2}#sigma/dxdQ^{2} @Title:0.015<x<0.021
Plot3@Experiment:NMC muon DIS@ExtraLabel:#mu beam energy E = 90 GeV @XTitle: Q^{2} @YTitle: d^{2}#sigma/dxdQ^{2} @Title:0.021<x<0.03
Plot4@Experiment:NMC muon DIS@ExtraLabel:#mu beam energy E = 90 GeV @XTitle: Q^{2} @YTitle: d^{2}#sigma/dxdQ^{2} @Title:0.03<x<0.04
Plot5@Experiment:NMC muon DIS@ExtraLabel:#mu beam energy E = 90 GeV @XTitle: Q^{2} @YTitle: d^{2}#sigma/dxdQ^{2} @Title:0.04<x<0.06
Plot6@Experiment:NMC muon DIS@ExtraLabel:#mu beam energy E = 90 GeV @XTitle: Q^{2} @YTitle: d^{2}#sigma/dxdQ^{2} @Title:0.06<x<0.08
Plot7@Experiment:NMC muon DIS@ExtraLabel:#mu beam energy E = 90 GeV @XTitle: Q^{2} @YTitle: d^{2}#sigma/dxdQ^{2} @Title:0.08<x<0.1
Plot8@Experiment:NMC muon DIS@ExtraLabel:#mu beam energy E = 90 GeV @XTitle: Q^{2} @YTitle: d^{2}#sigma/dxdQ^{2} @Title:0.1<x<0.12
Plot9@Experiment:NMC muon DIS@ExtraLabel:#mu beam energy E = 90 GeV @XTitle: Q^{2} @YTitle: d^{2}#sigma/dxdQ^{2} @Title:0.12<x<0.16
Plot10@Experiment:NMC muon DIS@ExtraLabel:#mu beam energy E = 90 GeV @XTitle: Q^{2} @YTitle: d^{2}#sigma/dxdQ^{2} @Title:0.16<x<0.2
Plot11@Experiment:NMC muon DIS@ExtraLabel:#mu beam energy E = 90 GeV @XTitle: Q^{2} @YTitle: d^{2}#sigma/dxdQ^{2} @Title:0.2<x<0.25
Plot12@Experiment:NMC muon DIS@ExtraLabel:#mu beam energy E = 90 GeV @XTitle: Q^{2} @YTitle: d^{2}#sigma/dxdQ^{2} @Title:0.25<x<0.31
Plot13@Experiment:NMC muon DIS@ExtraLabel:#mu beam energy E = 90 GeV @XTitle: Q^{2} @YTitle: d^{2}#sigma/dxdQ^{2} @Title:0.31<x<0.4
Plot14@Experiment:NMC muon DIS@ExtraLabel:#mu beam energy E = 90 GeV @XTitle: Q^{2} @YTitle: d^{2}#sigma/dxdQ^{2} @Title:0.4<x<0.5
 x           Q2          y              data      +- uncor     +- tot     th orig         th mod   therr+         therr-     pull    iset       iplot
 0.24500E-01 0.25000E+01 0.47100E+00 0.33816E+00 0.53092E-02 0.68011E-02 0.34330E+00 0.34109E+00 0.00000E+00 0.00000E+00 -.55101E+00      4325392   3/0.25000E+01
 0.26000E-01 0.33600E+01 0.59000E+00 0.36254E+00 0.74683E-02 0.97910E-02 0.34728E+00 0.35019E+00 0.00000E+00 0.00000E+00 0.16540E+01      4325392   3/0.33600E+01
 0.34800E-01 0.25100E+01 0.33200E+00 0.37032E+00 0.93320E-02 0.10216E-01 0.35658E+00 0.35096E+00 0.00000E+00 0.00000E+00 0.20738E+01      4325392   4/0.25100E+01
 0.34800E-01 0.34800E+01 0.45800E+00 0.37613E+00 0.74849E-02 0.88210E-02 0.36445E+00 0.36332E+00 0.00000E+00 0.00000E+00 0.17105E+01      4325392   4/0.34800E+01
 0.35400E-01 0.44100E+01 0.56800E+00 0.37193E+00 0.10005E-01 0.12187E-01 0.36548E+00 0.37043E+00 0.00000E+00 0.00000E+00 0.15000E+00      4325392   4/0.44100E+01
 0.37400E-01 0.53200E+01 0.64500E+00 0.38807E+00 0.26777E-01 0.28311E-01 0.36559E+00 0.37412E+00 0.00000E+00 0.00000E+00 0.52102E+00      4325392   4/0.53200E+01
 0.49700E-01 0.25400E+01 0.23700E+00 0.33806E+00 0.86543E-02 0.98233E-02 0.36276E+00 0.35457E+00 0.00000E+00 0.00000E+00 -.19080E+01      4325392   5/0.25400E+01
 0.49400E-01 0.34900E+01 0.32700E+00 0.37545E+00 0.69458E-02 0.80634E-02 0.37236E+00 0.36705E+00 0.00000E+00 0.00000E+00 0.12095E+01      4325392   5/0.34900E+01
 0.49500E-01 0.44700E+01 0.41600E+00 0.36295E+00 0.71864E-02 0.83323E-02 0.37730E+00 0.37583E+00 0.00000E+00 0.00000E+00 -.17927E+01      4325392   5/0.44700E+01
 0.50400E-01 0.54300E+01 0.49300E+00 0.36278E+00 0.96862E-02 0.10907E-01 0.37899E+00 0.38009E+00 0.00000E+00 0.00000E+00 -.17868E+01      4325392   5/0.54300E+01
 0.52400E-01 0.66100E+01 0.57600E+00 0.39628E+00 0.15693E-01 0.16916E-01 0.37928E+00 0.38226E+00 0.00000E+00 0.00000E+00 0.89360E+00      4325392   5/0.66100E+01
 0.70700E-01 0.25600E+01 0.16800E+00 0.34199E+00 0.12893E-01 0.14271E-01 0.36416E+00 0.35363E+00 0.00000E+00 0.00000E+00 -.90275E+00      4325392   6/0.25600E+01
 0.70200E-01 0.35000E+01 0.22900E+00 0.35716E+00 0.88575E-02 0.10178E-01 0.37304E+00 0.36538E+00 0.00000E+00 0.00000E+00 -.92800E+00      4325392   6/0.35000E+01
 0.69800E-01 0.44800E+01 0.29500E+00 0.36368E+00 0.88374E-02 0.98158E-02 0.37852E+00 0.37309E+00 0.00000E+00 0.00000E+00 -.10654E+01      4325392   6/0.44800E+01
 0.70000E-01 0.54700E+01 0.35700E+00 0.38307E+00 0.10496E-01 0.11330E-01 0.38188E+00 0.37746E+00 0.00000E+00 0.00000E+00 0.53525E+00      4325392   6/0.54700E+01
 0.70000E-01 0.68600E+01 0.44800E+00 0.38399E+00 0.12787E-01 0.13521E-01 0.38358E+00 0.38251E+00 0.00000E+00 0.00000E+00 0.11605E+00      4325392   6/0.68600E+01
 0.71800E-01 0.86200E+01 0.54400E+00 0.44400E+00 0.30015E-01 0.30722E-01 0.38365E+00 0.38588E+00 0.00000E+00 0.00000E+00 0.19364E+01      4325392   6/0.86200E+01
 0.91500E-01 0.26100E+01 0.13200E+00 0.39444E+00 0.20196E-01 0.21953E-01 0.36317E+00 0.34955E+00 0.00000E+00 0.00000E+00 0.22229E+01      4325392   7/0.26100E+01
 0.90900E-01 0.35000E+01 0.17700E+00 0.34242E+00 0.10889E-01 0.12276E-01 0.37033E+00 0.36042E+00 0.00000E+00 0.00000E+00 -.16528E+01      4325392   7/0.35000E+01
 0.90600E-01 0.44700E+01 0.22600E+00 0.36346E+00 0.10758E-01 0.11945E-01 0.37508E+00 0.36744E+00 0.00000E+00 0.00000E+00 -.36997E+00      4325392   7/0.44700E+01
 0.90400E-01 0.54800E+01 0.27800E+00 0.37898E+00 0.11938E-01 0.12752E-01 0.37822E+00 0.37216E+00 0.00000E+00 0.00000E+00 0.57061E+00      4325392   7/0.54800E+01
 0.90400E-01 0.68100E+01 0.34300E+00 0.37861E+00 0.11131E-01 0.11999E-01 0.38074E+00 0.37646E+00 0.00000E+00 0.00000E+00 0.19317E+00      4325392   7/0.68100E+01
 0.90500E-01 0.87700E+01 0.44000E+00 0.41037E+00 0.21832E-01 0.22455E-01 0.38173E+00 0.38086E+00 0.00000E+00 0.00000E+00 0.13518E+01      4325392   7/0.87700E+01
 0.11260E+00 0.26200E+01 0.10900E+00 0.31731E+00 0.19610E-01 0.21371E-01 0.36078E+00 0.34434E+00 0.00000E+00 0.00000E+00 -.13785E+01      4325392   8/0.26200E+01
 0.11200E+00 0.34800E+01 0.14300E+00 0.37192E+00 0.16476E-01 0.18169E-01 0.36658E+00 0.35437E+00 0.00000E+00 0.00000E+00 0.10649E+01      4325392   8/0.34800E+01
 0.11110E+00 0.44800E+01 0.18500E+00 0.36509E+00 0.13180E-01 0.14531E-01 0.37063E+00 0.36078E+00 0.00000E+00 0.00000E+00 0.32654E+00      4325392   8/0.44800E+01
 0.11090E+00 0.54900E+01 0.22700E+00 0.37130E+00 0.13367E-01 0.14366E-01 0.37311E+00 0.36482E+00 0.00000E+00 0.00000E+00 0.48489E+00      4325392   8/0.54900E+01
 0.11090E+00 0.68300E+01 0.28100E+00 0.36381E+00 0.11678E-01 0.12552E-01 0.37509E+00 0.36921E+00 0.00000E+00 0.00000E+00 -.46231E+00      4325392   8/0.68300E+01
 0.11060E+00 0.88700E+01 0.36500E+00 0.41287E+00 0.20809E-01 0.21442E-01 0.37649E+00 0.37328E+00 0.00000E+00 0.00000E+00 0.19028E+01      4325392   8/0.88700E+01
 0.11120E+00 0.10760E+02 0.43700E+00 0.34412E+00 0.35479E-01 0.35849E-01 0.37609E+00 0.37481E+00 0.00000E+00 0.00000E+00 -.86495E+00      4325392   8/0.10760E+02
 0.14350E+00 0.34800E+01 0.11300E+00 0.36052E+00 0.13375E-01 0.16064E-01 0.36008E+00 0.34507E+00 0.00000E+00 0.00000E+00 0.11551E+01      4325392   9/0.34800E+01
 0.14210E+00 0.44900E+01 0.14700E+00 0.33571E+00 0.10172E-01 0.12020E-01 0.36275E+00 0.35073E+00 0.00000E+00 0.00000E+00 -.14767E+01      4325392   9/0.44900E+01
 0.14110E+00 0.54800E+01 0.17900E+00 0.32488E+00 0.10071E-01 0.11417E-01 0.36429E+00 0.35454E+00 0.00000E+00 0.00000E+00 -.29457E+01      4325392   9/0.54800E+01
 0.14130E+00 0.68700E+01 0.22400E+00 0.34449E+00 0.86811E-02 0.99488E-02 0.36507E+00 0.35727E+00 0.00000E+00 0.00000E+00 -.14719E+01      4325392   9/0.68700E+01
 0.14070E+00 0.89000E+01 0.29100E+00 0.36583E+00 0.14597E-01 0.15404E-01 0.36558E+00 0.36022E+00 0.00000E+00 0.00000E+00 0.38425E+00      4325392   9/0.89000E+01
 0.14230E+00 0.11010E+02 0.35200E+00 0.38899E+00 0.21317E-01 0.22039E-01 0.36455E+00 0.36096E+00 0.00000E+00 0.00000E+00 0.13149E+01      4325392   9/0.11010E+02
 0.18210E+00 0.36200E+01 0.92000E-01 0.31136E+00 0.17997E-01 0.20128E-01 0.34971E+00 0.33332E+00 0.00000E+00 0.00000E+00 -.12200E+01      4325392  10/0.36200E+01
 0.18660E+00 0.45000E+01 0.11300E+00 0.33995E+00 0.12578E-01 0.14767E-01 0.34828E+00 0.33475E+00 0.00000E+00 0.00000E+00 0.41315E+00      4325392  10/0.45000E+01
 0.18450E+00 0.54900E+01 0.13700E+00 0.31936E+00 0.11880E-01 0.13267E-01 0.34869E+00 0.33731E+00 0.00000E+00 0.00000E+00 -.15112E+01      4325392  10/0.54900E+01
 0.18370E+00 0.68700E+01 0.17200E+00 0.34541E+00 0.10086E-01 0.11412E-01 0.34819E+00 0.33970E+00 0.00000E+00 0.00000E+00 0.56665E+00      4325392  10/0.68700E+01
 0.18130E+00 0.89400E+01 0.22700E+00 0.33503E+00 0.15847E-01 0.16560E-01 0.34787E+00 0.34138E+00 0.00000E+00 0.00000E+00 -.40054E+00      4325392  10/0.89400E+01
 0.18160E+00 0.11150E+02 0.28000E+00 0.36753E+00 0.19516E-01 0.20260E-01 0.34621E+00 0.34185E+00 0.00000E+00 0.00000E+00 0.13160E+01      4325392  10/0.11150E+02
 0.22920E+00 0.45600E+01 0.93000E-01 0.31101E+00 0.14898E-01 0.16567E-01 0.33057E+00 0.31751E+00 0.00000E+00 0.00000E+00 -.43608E+00      4325392  11/0.45600E+01
 0.23120E+00 0.54700E+01 0.11000E+00 0.31016E+00 0.12593E-01 0.14027E-01 0.32783E+00 0.31647E+00 0.00000E+00 0.00000E+00 -.50085E+00      4325392  11/0.54700E+01
 0.23110E+00 0.69200E+01 0.13900E+00 0.31845E+00 0.99039E-02 0.11219E-01 0.32522E+00 0.31625E+00 0.00000E+00 0.00000E+00 0.22254E+00      4325392  11/0.69200E+01
 0.22760E+00 0.88400E+01 0.17800E+00 0.30770E+00 0.12893E-01 0.13659E-01 0.32414E+00 0.31787E+00 0.00000E+00 0.00000E+00 -.78882E+00      4325392  11/0.88400E+01
 0.22760E+00 0.11240E+02 0.22600E+00 0.36552E+00 0.18349E-01 0.19186E-01 0.32104E+00 0.31591E+00 0.00000E+00 0.00000E+00 0.27036E+01      4325392  11/0.11240E+02
 0.28010E+00 0.55400E+01 0.93000E-01 0.29586E+00 0.16095E-01 0.17038E-01 0.30120E+00 0.29240E+00 0.00000E+00 0.00000E+00 0.21547E+00      4325392  12/0.55400E+01
 0.28530E+00 0.69300E+01 0.11300E+00 0.28643E+00 0.10598E-01 0.11539E-01 0.29397E+00 0.28735E+00 0.00000E+00 0.00000E+00 -.86544E-01      4325392  12/0.69300E+01
 0.28080E+00 0.88600E+01 0.14600E+00 0.29434E+00 0.13981E-01 0.14688E-01 0.29221E+00 0.28701E+00 0.00000E+00 0.00000E+00 0.52413E+00      4325392  12/0.88600E+01
 0.27900E+00 0.11270E+02 0.18600E+00 0.28103E+00 0.16384E-01 0.16997E-01 0.28891E+00 0.28503E+00 0.00000E+00 0.00000E+00 -.24423E+00      4325392  12/0.11270E+02
 0.27920E+00 0.14190E+02 0.23100E+00 0.29653E+00 0.29446E-01 0.29882E-01 0.28450E+00 0.28159E+00 0.00000E+00 0.00000E+00 0.50767E+00      4325392  12/0.14190E+02
 0.34110E+00 0.70800E+01 0.97000E-01 0.26740E+00 0.10402E-01 0.12181E-01 0.25642E+00 0.25519E+00 0.00000E+00 0.00000E+00 0.11743E+01      4325392  13/0.70800E+01
 0.35270E+00 0.88600E+01 0.11700E+00 0.25309E+00 0.10402E-01 0.11785E-01 0.24284E+00 0.24174E+00 0.00000E+00 0.00000E+00 0.10904E+01      4325392  13/0.88600E+01
 0.35280E+00 0.11330E+02 0.14900E+00 0.23385E+00 0.11692E-01 0.12693E-01 0.23696E+00 0.23645E+00 0.00000E+00 0.00000E+00 -.22225E+00      4325392  13/0.11330E+02
 0.35210E+00 0.14320E+02 0.18600E+00 0.26286E+00 0.19688E-01 0.20390E-01 0.23212E+00 0.23158E+00 0.00000E+00 0.00000E+00 0.15888E+01      4325392  13/0.14320E+02
 0.43340E+00 0.90200E+01 0.97000E-01 0.16096E+00 0.10302E-01 0.16498E-01 0.18365E+00 0.19648E+00 0.00000E+00 0.00000E+00 -.34471E+01      4325392  14/0.90200E+01
 0.46260E+00 0.11360E+02 0.11500E+00 0.16916E+00 0.94898E-02 0.13805E-01 0.15709E+00 0.16587E+00 0.00000E+00 0.00000E+00 0.34649E+00      4325392  14/0.11360E+02
 0.47220E+00 0.14390E+02 0.14100E+00 0.15345E+00 0.11493E-01 0.13060E-01 0.14483E+00 0.15093E+00 0.00000E+00 0.00000E+00 0.21888E+00      4325392  14/0.14390E+02
     1480335
 NMC F2p 200 GeV                                                                                                         
Plot1@Experiment:NMC muon DIS@ExtraLabel:#mu beam energy E = 90 GeV @XTitle: Q^{2} @YTitle: d^{2}#sigma/dxdQ^{2} @Title:0.007<x<0.015
Plot2@Experiment:NMC muon DIS@ExtraLabel:#mu beam energy E = 90 GeV @XTitle: Q^{2} @YTitle: d^{2}#sigma/dxdQ^{2} @Title:0.015<x<0.021
Plot3@Experiment:NMC muon DIS@ExtraLabel:#mu beam energy E = 90 GeV @XTitle: Q^{2} @YTitle: d^{2}#sigma/dxdQ^{2} @Title:0.021<x<0.03
Plot4@Experiment:NMC muon DIS@ExtraLabel:#mu beam energy E = 90 GeV @XTitle: Q^{2} @YTitle: d^{2}#sigma/dxdQ^{2} @Title:0.03<x<0.04
Plot5@Experiment:NMC muon DIS@ExtraLabel:#mu beam energy E = 90 GeV @XTitle: Q^{2} @YTitle: d^{2}#sigma/dxdQ^{2} @Title:0.04<x<0.06
Plot6@Experiment:NMC muon DIS@ExtraLabel:#mu beam energy E = 90 GeV @XTitle: Q^{2} @YTitle: d^{2}#sigma/dxdQ^{2} @Title:0.06<x<0.08
Plot7@Experiment:NMC muon DIS@ExtraLabel:#mu beam energy E = 90 GeV @XTitle: Q^{2} @YTitle: d^{2}#sigma/dxdQ^{2} @Title:0.08<x<0.1
Plot8@Experiment:NMC muon DIS@ExtraLabel:#mu beam energy E = 90 GeV @XTitle: Q^{2} @YTitle: d^{2}#sigma/dxdQ^{2} @Title:0.1<x<0.12
Plot9@Experiment:NMC muon DIS@ExtraLabel:#mu beam energy E = 90 GeV @XTitle: Q^{2} @YTitle: d^{2}#sigma/dxdQ^{2} @Title:0.12<x<0.16
Plot10@Experiment:NMC muon DIS@ExtraLabel:#mu beam energy E = 90 GeV @XTitle: Q^{2} @YTitle: d^{2}#sigma/dxdQ^{2} @Title:0.16<x<0.2
Plot11@Experiment:NMC muon DIS@ExtraLabel:#mu beam energy E = 90 GeV @XTitle: Q^{2} @YTitle: d^{2}#sigma/dxdQ^{2} @Title:0.2<x<0.25
Plot12@Experiment:NMC muon DIS@ExtraLabel:#mu beam energy E = 90 GeV @XTitle: Q^{2} @YTitle: d^{2}#sigma/dxdQ^{2} @Title:0.25<x<0.31
Plot13@Experiment:NMC muon DIS@ExtraLabel:#mu beam energy E = 90 GeV @XTitle: Q^{2} @YTitle: d^{2}#sigma/dxdQ^{2} @Title:0.31<x<0.4
Plot14@Experiment:NMC muon DIS@ExtraLabel:#mu beam energy E = 90 GeV @XTitle: Q^{2} @YTitle: d^{2}#sigma/dxdQ^{2} @Title:0.4<x<0.5
 x           Q2          y              data      +- uncor     +- tot     th orig         th mod   therr+         therr-     pull    iset       iplot
 0.13800E-01 0.32500E+01 0.64000E+00 0.34130E+00 0.16963E-01 0.18994E-01 0.35354E+00 0.35445E+00 0.00000E+00 0.00000E+00 -.77525E+00      1480335   1/0.32500E+01
 0.16900E-01 0.36200E+01 0.58500E+00 0.36772E+00 0.12760E-01 0.15299E-01 0.36794E+00 0.36936E+00 0.00000E+00 0.00000E+00 -.12829E+00      1480335   2/0.36200E+01
 0.18500E-01 0.43400E+01 0.63800E+00 0.38356E+00 0.15342E-01 0.18550E-01 0.37250E+00 0.37682E+00 0.00000E+00 0.00000E+00 0.43943E+00      1480335   2/0.43400E+01
 0.24600E-01 0.25000E+01 0.27900E+00 0.34765E+00 0.80655E-02 0.12944E-01 0.36443E+00 0.35175E+00 0.00000E+00 0.00000E+00 -.50823E+00      1480335   3/0.25000E+01
 0.24800E-01 0.34500E+01 0.38000E+00 0.38096E+00 0.94859E-02 0.13836E-01 0.37950E+00 0.36856E+00 0.00000E+00 0.00000E+00 0.13075E+01      1480335   3/0.34500E+01
 0.24000E-01 0.45400E+01 0.52000E+00 0.38642E+00 0.11051E-01 0.13830E-01 0.38562E+00 0.38700E+00 0.00000E+00 0.00000E+00 -.52479E-01      1480335   3/0.45400E+01
 0.25200E-01 0.54500E+01 0.59000E+00 0.38466E+00 0.11001E-01 0.14677E-01 0.38855E+00 0.39278E+00 0.00000E+00 0.00000E+00 -.73803E+00      1480335   3/0.54500E+01
 0.27700E-01 0.65100E+01 0.63600E+00 0.40382E+00 0.15386E-01 0.19042E-01 0.39195E+00 0.39656E+00 0.00000E+00 0.00000E+00 0.47177E+00      1480335   3/0.65100E+01
 0.34700E-01 0.25300E+01 0.19900E+00 0.34732E+00 0.12781E-01 0.16384E-01 0.36576E+00 0.35233E+00 0.00000E+00 0.00000E+00 -.39185E+00      1480335   4/0.25300E+01
 0.34900E-01 0.34600E+01 0.27100E+00 0.36847E+00 0.11460E-01 0.14918E-01 0.38015E+00 0.36762E+00 0.00000E+00 0.00000E+00 0.74925E-01      1480335   4/0.34600E+01
 0.35000E-01 0.44300E+01 0.34300E+00 0.39339E+00 0.15578E-01 0.18364E-01 0.38981E+00 0.37901E+00 0.00000E+00 0.00000E+00 0.92306E+00      1480335   4/0.44300E+01
 0.34600E-01 0.55000E+01 0.43400E+00 0.38291E+00 0.13287E-01 0.14840E-01 0.39586E+00 0.39421E+00 0.00000E+00 0.00000E+00 -.85020E+00      1480335   4/0.55000E+01
 0.34700E-01 0.69600E+01 0.54700E+00 0.41395E+00 0.99348E-02 0.13084E-01 0.39915E+00 0.39975E+00 0.00000E+00 0.00000E+00 0.14291E+01      1480335   4/0.69600E+01
 0.36800E-01 0.86500E+01 0.63500E+00 0.37763E+00 0.15521E-01 0.18361E-01 0.39991E+00 0.40373E+00 0.00000E+00 0.00000E+00 -.16820E+01      1480335   4/0.86500E+01
 0.48400E-01 0.35200E+01 0.19900E+00 0.32893E+00 0.11480E-01 0.14349E-01 0.37936E+00 0.36667E+00 0.00000E+00 0.00000E+00 -.32877E+01      1480335   5/0.35200E+01
 0.49300E-01 0.44600E+01 0.24800E+00 0.37480E+00 0.12143E-01 0.14854E-01 0.38739E+00 0.37601E+00 0.00000E+00 0.00000E+00 -.10024E+00      1480335   5/0.44600E+01
 0.49000E-01 0.54700E+01 0.30600E+00 0.39648E+00 0.13005E-01 0.14760E-01 0.39331E+00 0.38505E+00 0.00000E+00 0.00000E+00 0.87867E+00      1480335   5/0.54700E+01
 0.48900E-01 0.69900E+01 0.39300E+00 0.38044E+00 0.87883E-02 0.10465E-01 0.39951E+00 0.39553E+00 0.00000E+00 0.00000E+00 -.17167E+01      1480335   5/0.69900E+01
 0.49400E-01 0.89600E+01 0.49800E+00 0.38558E+00 0.92154E-02 0.11459E-01 0.40296E+00 0.40189E+00 0.00000E+00 0.00000E+00 -.17694E+01      1480335   5/0.89600E+01
 0.51600E-01 0.11120E+02 0.58600E+00 0.41487E+00 0.11450E-01 0.14696E-01 0.40312E+00 0.40456E+00 0.00000E+00 0.00000E+00 0.89993E+00      1480335   5/0.11120E+02
 0.69500E-01 0.45000E+01 0.17700E+00 0.34073E+00 0.18366E-01 0.20121E-01 0.38256E+00 0.36999E+00 0.00000E+00 0.00000E+00 -.15932E+01      1480335   6/0.45000E+01
 0.69000E-01 0.54800E+01 0.21600E+00 0.36330E+00 0.19146E-01 0.20610E-01 0.38765E+00 0.37580E+00 0.00000E+00 0.00000E+00 -.65243E+00      1480335   6/0.54800E+01
 0.69800E-01 0.69400E+01 0.27100E+00 0.41055E+00 0.13425E-01 0.14793E-01 0.39225E+00 0.38472E+00 0.00000E+00 0.00000E+00 0.19244E+01      1480335   6/0.69400E+01
 0.69500E-01 0.89900E+01 0.35300E+00 0.39063E+00 0.11875E-01 0.13132E-01 0.39709E+00 0.39249E+00 0.00000E+00 0.00000E+00 -.15599E+00      1480335   6/0.89900E+01
 0.69600E-01 0.11390E+02 0.44500E+00 0.41790E+00 0.11033E-01 0.12819E-01 0.39965E+00 0.39756E+00 0.00000E+00 0.00000E+00 0.18438E+01      1480335   6/0.11390E+02
 0.70700E-01 0.14460E+02 0.55300E+00 0.38177E+00 0.13744E-01 0.15938E-01 0.39945E+00 0.40132E+00 0.00000E+00 0.00000E+00 -.14228E+01      1480335   6/0.14460E+02
 0.89300E-01 0.55000E+01 0.16800E+00 0.35837E+00 0.28275E-01 0.29632E-01 0.38121E+00 0.36820E+00 0.00000E+00 0.00000E+00 -.34784E+00      1480335   7/0.55000E+01
 0.89700E-01 0.69600E+01 0.21100E+00 0.40381E+00 0.16839E-01 0.18509E-01 0.38511E+00 0.37673E+00 0.00000E+00 0.00000E+00 0.16085E+01      1480335   7/0.69600E+01
 0.89900E-01 0.89600E+01 0.27100E+00 0.35986E+00 0.13855E-01 0.15488E-01 0.38833E+00 0.38204E+00 0.00000E+00 0.00000E+00 -.16003E+01      1480335   7/0.89600E+01
 0.89900E-01 0.11450E+02 0.34600E+00 0.37758E+00 0.12007E-01 0.13489E-01 0.39094E+00 0.38655E+00 0.00000E+00 0.00000E+00 -.74664E+00      1480335   7/0.11450E+02
 0.90100E-01 0.14660E+02 0.44100E+00 0.41352E+00 0.13812E-01 0.15690E-01 0.39206E+00 0.39028E+00 0.00000E+00 0.00000E+00 0.16828E+01      1480335   7/0.14660E+02
 0.90700E-01 0.19020E+02 0.56600E+00 0.37645E+00 0.23641E-01 0.25314E-01 0.39071E+00 0.39353E+00 0.00000E+00 0.00000E+00 -.72250E+00      1480335   7/0.19020E+02
 0.11020E+00 0.69700E+01 0.17300E+00 0.34764E+00 0.18077E-01 0.19325E-01 0.37757E+00 0.36843E+00 0.00000E+00 0.00000E+00 -.11500E+01      1480335   8/0.69700E+01
 0.11010E+00 0.89900E+01 0.22200E+00 0.35175E+00 0.16075E-01 0.17469E-01 0.38011E+00 0.37288E+00 0.00000E+00 0.00000E+00 -.13143E+01      1480335   8/0.89900E+01
 0.11030E+00 0.11450E+02 0.28200E+00 0.37229E+00 0.13663E-01 0.15131E-01 0.38156E+00 0.37573E+00 0.00000E+00 0.00000E+00 -.25169E+00      1480335   8/0.11450E+02
 0.11000E+00 0.14760E+02 0.36400E+00 0.37194E+00 0.13539E-01 0.15072E-01 0.38269E+00 0.37905E+00 0.00000E+00 0.00000E+00 -.52530E+00      1480335   8/0.14760E+02
 0.11020E+00 0.19380E+02 0.47600E+00 0.45334E+00 0.24617E-01 0.26576E-01 0.38215E+00 0.38026E+00 0.00000E+00 0.00000E+00 0.29688E+01      1480335   8/0.19380E+02
 0.13950E+00 0.71500E+01 0.14100E+00 0.34969E+00 0.19478E-01 0.20860E-01 0.36692E+00 0.35771E+00 0.00000E+00 0.00000E+00 -.41209E+00      1480335   9/0.71500E+01
 0.14020E+00 0.90100E+01 0.17600E+00 0.38958E+00 0.17765E-01 0.19237E-01 0.36742E+00 0.35999E+00 0.00000E+00 0.00000E+00 0.16658E+01      1480335   9/0.90100E+01
 0.13980E+00 0.11430E+02 0.22300E+00 0.37013E+00 0.11474E-01 0.13232E-01 0.36799E+00 0.36183E+00 0.00000E+00 0.00000E+00 0.72325E+00      1480335   9/0.11430E+02
 0.13980E+00 0.14830E+02 0.28900E+00 0.35191E+00 0.10346E-01 0.12283E-01 0.36787E+00 0.36276E+00 0.00000E+00 0.00000E+00 -.10489E+01      1480335   9/0.14830E+02
 0.14000E+00 0.19320E+02 0.37400E+00 0.35862E+00 0.12695E-01 0.14730E-01 0.36695E+00 0.36360E+00 0.00000E+00 0.00000E+00 -.39266E+00      1480335   9/0.19320E+02
 0.14180E+00 0.25370E+02 0.48300E+00 0.37425E+00 0.27433E-01 0.29023E-01 0.36397E+00 0.36342E+00 0.00000E+00 0.00000E+00 0.39489E+00      1480335   9/0.25370E+02
 0.17890E+00 0.73800E+01 0.11400E+00 0.29137E+00 0.24271E-01 0.25186E-01 0.35052E+00 0.34143E+00 0.00000E+00 0.00000E+00 -.20627E+01      1480335  10/0.73800E+01
 0.18030E+00 0.89700E+01 0.13600E+00 0.35003E+00 0.20162E-01 0.21486E-01 0.34907E+00 0.34076E+00 0.00000E+00 0.00000E+00 0.46003E+00      1480335  10/0.89700E+01
 0.18180E+00 0.11440E+02 0.17200E+00 0.34318E+00 0.13281E-01 0.14855E-01 0.34699E+00 0.34046E+00 0.00000E+00 0.00000E+00 0.20434E+00      1480335  10/0.11440E+02
 0.18040E+00 0.14860E+02 0.22400E+00 0.34965E+00 0.12273E-01 0.14051E-01 0.34605E+00 0.34032E+00 0.00000E+00 0.00000E+00 0.76011E+00      1480335  10/0.14860E+02
 0.18040E+00 0.19420E+02 0.29200E+00 0.35382E+00 0.13056E-01 0.15172E-01 0.34418E+00 0.33953E+00 0.00000E+00 0.00000E+00 0.10947E+01      1480335  10/0.19420E+02
 0.18050E+00 0.25900E+02 0.38800E+00 0.37247E+00 0.23540E-01 0.25238E-01 0.34128E+00 0.33902E+00 0.00000E+00 0.00000E+00 0.14211E+01      1480335  10/0.25900E+02
 0.22260E+00 0.91500E+01 0.11300E+00 0.32610E+00 0.23284E-01 0.24290E-01 0.32694E+00 0.31915E+00 0.00000E+00 0.00000E+00 0.29840E+00      1480335  11/0.91500E+01
 0.22640E+00 0.11470E+02 0.13900E+00 0.33582E+00 0.14105E-01 0.15532E-01 0.32202E+00 0.31536E+00 0.00000E+00 0.00000E+00 0.14506E+01      1480335  11/0.11470E+02
 0.22630E+00 0.14900E+02 0.18000E+00 0.30791E+00 0.11393E-01 0.12888E-01 0.31879E+00 0.31352E+00 0.00000E+00 0.00000E+00 -.49216E+00      1480335  11/0.14900E+02
 0.22540E+00 0.19530E+02 0.23600E+00 0.31994E+00 0.11870E-01 0.13576E-01 0.31587E+00 0.31136E+00 0.00000E+00 0.00000E+00 0.72324E+00      1480335  11/0.19530E+02
 0.22580E+00 0.26320E+02 0.31600E+00 0.32976E+00 0.19522E-01 0.20964E-01 0.31158E+00 0.30822E+00 0.00000E+00 0.00000E+00 0.11033E+01      1480335  11/0.26320E+02
 0.27760E+00 0.11620E+02 0.11500E+00 0.27287E+00 0.15281E-01 0.16123E-01 0.28956E+00 0.28419E+00 0.00000E+00 0.00000E+00 -.74034E+00      1480335  12/0.11620E+02
 0.27550E+00 0.14820E+02 0.14700E+00 0.28830E+00 0.13291E-01 0.14424E-01 0.28664E+00 0.28158E+00 0.00000E+00 0.00000E+00 0.50581E+00      1480335  12/0.14820E+02
 0.27600E+00 0.19590E+02 0.19300E+00 0.28009E+00 0.12184E-01 0.13422E-01 0.28140E+00 0.27763E+00 0.00000E+00 0.00000E+00 0.20200E+00      1480335  12/0.19590E+02
 0.27640E+00 0.26490E+02 0.26000E+00 0.26999E+00 0.18360E-01 0.19287E-01 0.27588E+00 0.27259E+00 0.00000E+00 0.00000E+00 -.14170E+00      1480335  12/0.26490E+02
 0.27630E+00 0.33920E+02 0.33000E+00 0.33264E+00 0.37589E-01 0.38401E-01 0.27172E+00 0.26990E+00 0.00000E+00 0.00000E+00 0.16691E+01      1480335  12/0.33920E+02
 0.34210E+00 0.15020E+02 0.12100E+00 0.21512E+00 0.90996E-02 0.10146E-01 0.23862E+00 0.23612E+00 0.00000E+00 0.00000E+00 -.23077E+01      1480335  13/0.15020E+02
 0.34670E+00 0.19650E+02 0.15500E+00 0.22128E+00 0.85856E-02 0.96971E-02 0.22944E+00 0.22706E+00 0.00000E+00 0.00000E+00 -.67375E+00      1480335  13/0.19650E+02
 0.34730E+00 0.26200E+02 0.20500E+00 0.20682E+00 0.11189E-01 0.12091E-01 0.22309E+00 0.22085E+00 0.00000E+00 0.00000E+00 -.12541E+01      1480335  13/0.26200E+02
 0.34940E+00 0.34490E+02 0.26700E+00 0.24066E+00 0.20576E-01 0.21455E-01 0.21610E+00 0.21418E+00 0.00000E+00 0.00000E+00 0.12870E+01      1480335  13/0.34490E+02
 0.45540E+00 0.20050E+02 0.12100E+00 0.14617E+00 0.71915E-02 0.94757E-02 0.14902E+00 0.15047E+00 0.00000E+00 0.00000E+00 -.59782E+00      1480335  14/0.20050E+02
 0.47450E+00 0.26220E+02 0.15200E+00 0.12676E+00 0.74916E-02 0.88013E-02 0.13059E+00 0.13129E+00 0.00000E+00 0.00000E+00 -.60375E+00      1480335  14/0.26220E+02
 0.47690E+00 0.34800E+02 0.20000E+00 0.10765E+00 0.10291E-01 0.11121E-01 0.12380E+00 0.12417E+00 0.00000E+00 0.00000E+00 -.16056E+01      1480335  14/0.34800E+02
     4765079
 NMC F2p 280 GeV                                                                                                         
Plot1@Experiment:NMC muon DIS@ExtraLabel:#mu beam energy E = 90 GeV @XTitle: Q^{2} @YTitle: d^{2}#sigma/dxdQ^{2} @Title:0.007<x<0.015
Plot2@Experiment:NMC muon DIS@ExtraLabel:#mu beam energy E = 90 GeV @XTitle: Q^{2} @YTitle: d^{2}#sigma/dxdQ^{2} @Title:0.015<x<0.021
Plot3@Experiment:NMC muon DIS@ExtraLabel:#mu beam energy E = 90 GeV @XTitle: Q^{2} @YTitle: d^{2}#sigma/dxdQ^{2} @Title:0.021<x<0.03
Plot4@Experiment:NMC muon DIS@ExtraLabel:#mu beam energy E = 90 GeV @XTitle: Q^{2} @YTitle: d^{2}#sigma/dxdQ^{2} @Title:0.03<x<0.04
Plot5@Experiment:NMC muon DIS@ExtraLabel:#mu beam energy E = 90 GeV @XTitle: Q^{2} @YTitle: d^{2}#sigma/dxdQ^{2} @Title:0.04<x<0.06
Plot6@Experiment:NMC muon DIS@ExtraLabel:#mu beam energy E = 90 GeV @XTitle: Q^{2} @YTitle: d^{2}#sigma/dxdQ^{2} @Title:0.06<x<0.08
Plot7@Experiment:NMC muon DIS@ExtraLabel:#mu beam energy E = 90 GeV @XTitle: Q^{2} @YTitle: d^{2}#sigma/dxdQ^{2} @Title:0.08<x<0.1
Plot8@Experiment:NMC muon DIS@ExtraLabel:#mu beam energy E = 90 GeV @XTitle: Q^{2} @YTitle: d^{2}#sigma/dxdQ^{2} @Title:0.1<x<0.12
Plot9@Experiment:NMC muon DIS@ExtraLabel:#mu beam energy E = 90 GeV @XTitle: Q^{2} @YTitle: d^{2}#sigma/dxdQ^{2} @Title:0.12<x<0.16
Plot10@Experiment:NMC muon DIS@ExtraLabel:#mu beam energy E = 90 GeV @XTitle: Q^{2} @YTitle: d^{2}#sigma/dxdQ^{2} @Title:0.16<x<0.2
Plot11@Experiment:NMC muon DIS@ExtraLabel:#mu beam energy E = 90 GeV @XTitle: Q^{2} @YTitle: d^{2}#sigma/dxdQ^{2} @Title:0.2<x<0.25
Plot12@Experiment:NMC muon DIS@ExtraLabel:#mu beam energy E = 90 GeV @XTitle: Q^{2} @YTitle: d^{2}#sigma/dxdQ^{2} @Title:0.25<x<0.31
Plot13@Experiment:NMC muon DIS@ExtraLabel:#mu beam energy E = 90 GeV @XTitle: Q^{2} @YTitle: d^{2}#sigma/dxdQ^{2} @Title:0.31<x<0.4
Plot14@Experiment:NMC muon DIS@ExtraLabel:#mu beam energy E = 90 GeV @XTitle: Q^{2} @YTitle: d^{2}#sigma/dxdQ^{2} @Title:0.4<x<0.5
 x           Q2          y              data      +- uncor     +- tot     th orig         th mod   therr+         therr-     pull    iset       iplot
 0.90000E-02 0.33700E+01 0.73300E+00 0.35829E+00 0.69866E-02 0.13799E-01 0.35740E+00 0.35688E+00 0.00000E+00 0.00000E+00 0.20142E+00      4765079   1/0.33700E+01
 0.12100E-01 0.25500E+01 0.41300E+00 0.35934E+00 0.68992E-02 0.13439E-01 0.37058E+00 0.35825E+00 0.00000E+00 0.00000E+00 0.15747E+00      4765079   1/0.25500E+01
 0.12300E-01 0.34700E+01 0.55200E+00 0.38058E+00 0.58990E-02 0.13135E-01 0.38305E+00 0.37496E+00 0.00000E+00 0.00000E+00 0.95286E+00      4765079   1/0.34700E+01
 0.12500E-01 0.44500E+01 0.69500E+00 0.37843E+00 0.57521E-02 0.13971E-01 0.38283E+00 0.38755E+00 0.00000E+00 0.00000E+00 -.15858E+01      4765079   1/0.44500E+01
 0.13900E-01 0.53800E+01 0.75400E+00 0.39881E+00 0.10010E-01 0.18350E-01 0.38580E+00 0.39527E+00 0.00000E+00 0.00000E+00 0.35354E+00      4765079   1/0.53800E+01
 0.17300E-01 0.25900E+01 0.29400E+00 0.34891E+00 0.10781E-01 0.15434E-01 0.37322E+00 0.35967E+00 0.00000E+00 0.00000E+00 -.99824E+00      4765079   2/0.25900E+01
 0.17300E-01 0.34900E+01 0.39300E+00 0.37332E+00 0.77650E-02 0.13260E-01 0.39075E+00 0.37909E+00 0.00000E+00 0.00000E+00 -.74349E+00      4765079   2/0.34900E+01
 0.17400E-01 0.44600E+01 0.50100E+00 0.39892E+00 0.82178E-02 0.14313E-01 0.40014E+00 0.39378E+00 0.00000E+00 0.00000E+00 0.62582E+00      4765079   2/0.44600E+01
 0.16800E-01 0.56000E+01 0.65800E+00 0.39741E+00 0.98556E-02 0.16434E-01 0.39915E+00 0.40812E+00 0.00000E+00 0.00000E+00 -.10870E+01      4765079   2/0.56000E+01
 0.18000E-01 0.67300E+01 0.72700E+00 0.39013E+00 0.66322E-02 0.15478E-01 0.40100E+00 0.41013E+00 0.00000E+00 0.00000E+00 -.30153E+01      4765079   2/0.67300E+01
 0.24500E-01 0.34900E+01 0.28000E+00 0.36977E+00 0.83567E-02 0.13670E-01 0.38852E+00 0.37501E+00 0.00000E+00 0.00000E+00 -.62797E+00      4765079   3/0.34900E+01
 0.24500E-01 0.44800E+01 0.35900E+00 0.38763E+00 0.75200E-02 0.12876E-01 0.40099E+00 0.39045E+00 0.00000E+00 0.00000E+00 -.37555E+00      4765079   3/0.44800E+01
 0.24600E-01 0.54700E+01 0.43500E+00 0.40518E+00 0.81037E-02 0.13542E-01 0.40901E+00 0.40076E+00 0.00000E+00 0.00000E+00 0.54639E+00      4765079   3/0.54700E+01
 0.23600E-01 0.72200E+01 0.60500E+00 0.40863E+00 0.66198E-02 0.12611E-01 0.41301E+00 0.41691E+00 0.00000E+00 0.00000E+00 -.12509E+01      4765079   3/0.72200E+01
 0.25300E-01 0.88800E+01 0.68400E+00 0.42667E+00 0.61440E-02 0.14452E-01 0.41417E+00 0.42001E+00 0.00000E+00 0.00000E+00 0.10846E+01      4765079   3/0.88800E+01
 0.27900E-01 0.10790E+02 0.74500E+00 0.44874E+00 0.11129E-01 0.19431E-01 0.41381E+00 0.42085E+00 0.00000E+00 0.00000E+00 0.25059E+01      4765079   3/0.10790E+02
 0.34700E-01 0.44800E+01 0.25300E+00 0.41217E+00 0.10840E-01 0.15282E-01 0.39583E+00 0.38343E+00 0.00000E+00 0.00000E+00 0.26512E+01      4765079   4/0.44800E+01
 0.34800E-01 0.54900E+01 0.30800E+00 0.39433E+00 0.10134E-01 0.14188E-01 0.40451E+00 0.39289E+00 0.00000E+00 0.00000E+00 0.14221E+00      4765079   4/0.54900E+01
 0.34800E-01 0.68600E+01 0.38300E+00 0.39842E+00 0.90042E-02 0.13236E-01 0.41294E+00 0.40345E+00 0.00000E+00 0.00000E+00 -.55869E+00      4765079   4/0.68600E+01
 0.34500E-01 0.90300E+01 0.51200E+00 0.41321E+00 0.77270E-02 0.11729E-01 0.41939E+00 0.41893E+00 0.00000E+00 0.00000E+00 -.74126E+00      4765079   4/0.90300E+01
 0.34800E-01 0.11440E+02 0.64100E+00 0.42471E+00 0.60734E-02 0.13231E-01 0.41935E+00 0.42453E+00 0.00000E+00 0.00000E+00 0.29917E-01      4765079   4/0.11440E+02
 0.36900E-01 0.14100E+02 0.73500E+00 0.43384E+00 0.10369E-01 0.18253E-01 0.41648E+00 0.42512E+00 0.00000E+00 0.00000E+00 0.84086E+00      4765079   4/0.14100E+02
 0.46900E-01 0.55300E+01 0.23200E+00 0.38579E+00 0.10956E-01 0.14724E-01 0.39811E+00 0.38557E+00 0.00000E+00 0.00000E+00 0.20197E-01      4765079   5/0.55300E+01
 0.49300E-01 0.69300E+01 0.27600E+00 0.39189E+00 0.71716E-02 0.11565E-01 0.40459E+00 0.39318E+00 0.00000E+00 0.00000E+00 -.18054E+00      4765079   5/0.69300E+01
 0.49000E-01 0.89900E+01 0.36100E+00 0.39685E+00 0.75401E-02 0.10707E-01 0.41220E+00 0.40531E+00 0.00000E+00 0.00000E+00 -.11223E+01      4765079   5/0.89900E+01
 0.48700E-01 0.11570E+02 0.46900E+00 0.41794E+00 0.58930E-02 0.98622E-02 0.41695E+00 0.41704E+00 0.00000E+00 0.00000E+00 0.15311E+00      4765079   5/0.11570E+02
 0.49400E-01 0.14870E+02 0.58900E+00 0.41814E+00 0.51431E-02 0.11438E-01 0.41762E+00 0.42135E+00 0.00000E+00 0.00000E+00 -.62476E+00      4765079   5/0.14870E+02
 0.52900E-01 0.18900E+02 0.69000E+00 0.43575E+00 0.77128E-02 0.15863E-01 0.41408E+00 0.42222E+00 0.00000E+00 0.00000E+00 0.17549E+01      4765079   5/0.18900E+02
 0.66300E-01 0.73200E+01 0.21700E+00 0.37417E+00 0.13657E-01 0.16375E-01 0.39718E+00 0.38468E+00 0.00000E+00 0.00000E+00 -.76978E+00      4765079   6/0.73200E+01
 0.69900E-01 0.89300E+01 0.24900E+00 0.38841E+00 0.10953E-01 0.14171E-01 0.39998E+00 0.38883E+00 0.00000E+00 0.00000E+00 -.38823E-01      4765079   6/0.89300E+01
 0.69600E-01 0.11470E+02 0.32300E+00 0.40560E+00 0.84364E-02 0.10797E-01 0.40486E+00 0.40021E+00 0.00000E+00 0.00000E+00 0.63893E+00      4765079   6/0.11470E+02
 0.69400E-01 0.15010E+02 0.42400E+00 0.40778E+00 0.65245E-02 0.96240E-02 0.40836E+00 0.40815E+00 0.00000E+00 0.00000E+00 -.56465E-01      4765079   6/0.15010E+02
 0.69900E-01 0.19650E+02 0.54700E+00 0.41607E+00 0.59498E-02 0.11391E-01 0.40873E+00 0.41214E+00 0.00000E+00 0.00000E+00 0.65954E+00      4765079   6/0.19650E+02
 0.71600E-01 0.25560E+02 0.68900E+00 0.45364E+00 0.13292E-01 0.19682E-01 0.40458E+00 0.41379E+00 0.00000E+00 0.00000E+00 0.29979E+01      4765079   6/0.25560E+02
 0.86300E-01 0.93500E+01 0.21300E+00 0.34963E+00 0.18740E-01 0.20578E-01 0.39214E+00 0.38019E+00 0.00000E+00 0.00000E+00 -.16305E+01      4765079   7/0.93500E+01
 0.89700E-01 0.11490E+02 0.25000E+00 0.40736E+00 0.10265E-01 0.12888E-01 0.39343E+00 0.38648E+00 0.00000E+00 0.00000E+00 0.20335E+01      4765079   7/0.11490E+02
 0.89700E-01 0.14970E+02 0.32600E+00 0.39385E+00 0.83495E-02 0.10775E-01 0.39629E+00 0.39408E+00 0.00000E+00 0.00000E+00 -.28383E-01      4765079   7/0.14970E+02
 0.89500E-01 0.19880E+02 0.43300E+00 0.39698E+00 0.66295E-02 0.10382E-01 0.39791E+00 0.39798E+00 0.00000E+00 0.00000E+00 -.15066E+00      4765079   7/0.19880E+02
 0.90300E-01 0.26070E+02 0.55800E+00 0.39748E+00 0.81882E-02 0.13546E-01 0.39660E+00 0.40099E+00 0.00000E+00 0.00000E+00 -.42845E+00      4765079   7/0.26070E+02
 0.10950E+00 0.11800E+02 0.21200E+00 0.36598E+00 0.13175E-01 0.15081E-01 0.38342E+00 0.37637E+00 0.00000E+00 0.00000E+00 -.78858E+00      4765079   8/0.11800E+02
 0.10970E+00 0.14930E+02 0.26500E+00 0.39006E+00 0.10298E-01 0.12639E-01 0.38497E+00 0.38057E+00 0.00000E+00 0.00000E+00 0.92231E+00      4765079   8/0.14930E+02
 0.10970E+00 0.19860E+02 0.35300E+00 0.38181E+00 0.73689E-02 0.10762E-01 0.38603E+00 0.38465E+00 0.00000E+00 0.00000E+00 -.38583E+00      4765079   8/0.19860E+02
 0.11000E+00 0.26380E+02 0.46500E+00 0.37339E+00 0.77292E-02 0.11969E-01 0.38549E+00 0.38540E+00 0.00000E+00 0.00000E+00 -.15544E+01      4765079   8/0.26380E+02
 0.11060E+00 0.34500E+02 0.60100E+00 0.42605E+00 0.16786E-01 0.21231E-01 0.38268E+00 0.38695E+00 0.00000E+00 0.00000E+00 0.23292E+01      4765079   8/0.34500E+02
 0.13910E+00 0.11770E+02 0.16700E+00 0.36140E+00 0.21865E-01 0.23319E-01 0.36896E+00 0.36089E+00 0.00000E+00 0.00000E+00 0.23332E-01      4765079   9/0.11770E+02
 0.13740E+00 0.15030E+02 0.21500E+00 0.38240E+00 0.88717E-02 0.11806E-01 0.37011E+00 0.36514E+00 0.00000E+00 0.00000E+00 0.19455E+01      4765079   9/0.15030E+02
 0.13890E+00 0.19890E+02 0.28000E+00 0.36486E+00 0.59837E-02 0.95699E-02 0.36912E+00 0.36650E+00 0.00000E+00 0.00000E+00 -.27415E+00      4765079   9/0.19890E+02
 0.13940E+00 0.26630E+02 0.37300E+00 0.37184E+00 0.59495E-02 0.10790E-01 0.36784E+00 0.36655E+00 0.00000E+00 0.00000E+00 0.88853E+00      4765079   9/0.26630E+02
 0.14010E+00 0.35240E+02 0.48900E+00 0.35922E+00 0.98786E-02 0.14139E-01 0.36536E+00 0.36729E+00 0.00000E+00 0.00000E+00 -.81635E+00      4765079   9/0.35240E+02
 0.17900E+00 0.15070E+02 0.16500E+00 0.32899E+00 0.10692E-01 0.12671E-01 0.34716E+00 0.34299E+00 0.00000E+00 0.00000E+00 -.13093E+01      4765079  10/0.15070E+02
 0.17960E+00 0.19990E+02 0.21800E+00 0.33422E+00 0.69853E-02 0.10159E-01 0.34513E+00 0.34200E+00 0.00000E+00 0.00000E+00 -.11132E+01      4765079  10/0.19990E+02
 0.17930E+00 0.26740E+02 0.29100E+00 0.33804E+00 0.64903E-02 0.10334E-01 0.34298E+00 0.34101E+00 0.00000E+00 0.00000E+00 -.45734E+00      4765079  10/0.26740E+02
 0.18000E+00 0.35130E+02 0.37800E+00 0.35276E+00 0.82546E-02 0.12535E-01 0.33994E+00 0.33971E+00 0.00000E+00 0.00000E+00 0.15811E+01      4765079  10/0.35130E+02
 0.18070E+00 0.45790E+02 0.48800E+00 0.36720E+00 0.15459E-01 0.19149E-01 0.33637E+00 0.33854E+00 0.00000E+00 0.00000E+00 0.18538E+01      4765079  10/0.45790E+02
 0.22450E+00 0.15140E+02 0.13300E+00 0.32079E+00 0.11388E-01 0.13173E-01 0.31991E+00 0.31549E+00 0.00000E+00 0.00000E+00 0.46560E+00      4765079  11/0.15140E+02
 0.22450E+00 0.19970E+02 0.17500E+00 0.30388E+00 0.68981E-02 0.94511E-02 0.31649E+00 0.31356E+00 0.00000E+00 0.00000E+00 -.14028E+01      4765079  11/0.19970E+02
 0.22440E+00 0.26770E+02 0.23300E+00 0.31485E+00 0.63915E-02 0.95815E-02 0.31285E+00 0.31139E+00 0.00000E+00 0.00000E+00 0.54100E+00      4765079  11/0.26770E+02
 0.22420E+00 0.35280E+02 0.30600E+00 0.30292E+00 0.70883E-02 0.10430E-01 0.30970E+00 0.30914E+00 0.00000E+00 0.00000E+00 -.87712E+00      4765079  11/0.35280E+02
 0.22500E+00 0.46620E+02 0.40100E+00 0.31513E+00 0.12038E-01 0.14896E-01 0.30524E+00 0.30605E+00 0.00000E+00 0.00000E+00 0.75478E+00      4765079  11/0.46620E+02
 0.26540E+00 0.16070E+02 0.11900E+00 0.31526E+00 0.28783E-01 0.29391E-01 0.29227E+00 0.29059E+00 0.00000E+00 0.00000E+00 0.85710E+00      4765079  12/0.16070E+02
 0.27440E+00 0.19990E+02 0.14300E+00 0.28384E+00 0.78907E-02 0.97206E-02 0.28233E+00 0.28035E+00 0.00000E+00 0.00000E+00 0.44254E+00      4765079  12/0.19990E+02
 0.27420E+00 0.26760E+02 0.19100E+00 0.26415E+00 0.64981E-02 0.85845E-02 0.27756E+00 0.27620E+00 0.00000E+00 0.00000E+00 -.18538E+01      4765079  12/0.26760E+02
 0.27490E+00 0.35440E+02 0.25100E+00 0.27957E+00 0.73805E-02 0.97526E-02 0.27242E+00 0.27198E+00 0.00000E+00 0.00000E+00 0.10285E+01      4765079  12/0.35440E+02
 0.27450E+00 0.47030E+02 0.33300E+00 0.27617E+00 0.11268E-01 0.13203E-01 0.26815E+00 0.26875E+00 0.00000E+00 0.00000E+00 0.65821E+00      4765079  12/0.47030E+02
 0.27720E+00 0.59810E+02 0.41300E+00 0.18714E+00 0.28688E-01 0.29193E-01 0.26249E+00 0.26225E+00 0.00000E+00 0.00000E+00 -.26183E+01      4765079  12/0.59810E+02
 0.32930E+00 0.20740E+02 0.12400E+00 0.24641E+00 0.85013E-02 0.97458E-02 0.24145E+00 0.24142E+00 0.00000E+00 0.00000E+00 0.58729E+00      4765079  13/0.20740E+02
 0.34470E+00 0.26740E+02 0.15300E+00 0.22150E+00 0.48951E-02 0.68213E-02 0.22473E+00 0.22491E+00 0.00000E+00 0.00000E+00 -.69781E+00      4765079  13/0.26740E+02
 0.34530E+00 0.35490E+02 0.20100E+00 0.21853E+00 0.50918E-02 0.73523E-02 0.21882E+00 0.21911E+00 0.00000E+00 0.00000E+00 -.11280E+00      4765079  13/0.35490E+02
 0.34610E+00 0.46630E+02 0.26200E+00 0.22393E+00 0.65835E-02 0.89861E-02 0.21321E+00 0.21389E+00 0.00000E+00 0.00000E+00 0.15244E+01      4765079  13/0.46630E+02
 0.35010E+00 0.61210E+02 0.33700E+00 0.23353E+00 0.19267E-01 0.20614E-01 0.20540E+00 0.20507E+00 0.00000E+00 0.00000E+00 0.14774E+01      4765079  13/0.61210E+02
 0.43310E+00 0.27700E+02 0.12500E+00 0.16526E+00 0.57016E-02 0.95514E-02 0.15808E+00 0.16291E+00 0.00000E+00 0.00000E+00 0.41282E+00      4765079  14/0.27700E+02
 0.46520E+00 0.35550E+02 0.15000E+00 0.13466E+00 0.35013E-02 0.70387E-02 0.13113E+00 0.13471E+00 0.00000E+00 0.00000E+00 -.13350E-01      4765079  14/0.35550E+02
 0.47010E+00 0.46570E+02 0.19400E+00 0.12195E+00 0.39999E-02 0.70412E-02 0.12327E+00 0.12631E+00 0.00000E+00 0.00000E+00 -.10899E+01      4765079  14/0.46570E+02
 0.47900E+00 0.62340E+02 0.25400E+00 0.12262E+00 0.98950E-02 0.11741E-01 0.11306E+00 0.11476E+00 0.00000E+00 0.00000E+00 0.79356E+00      4765079  14/0.62340E+02
     5621410
 SLAC 49a                                                                                                                
Plot1@Experiment:SLAC-49a ep DIS@ExtraLabel:SLAC-49a @XTitle: Q^{2} @YTitle: d^{2}#sigma/dxdQ^{2} @Title:0.085<x<0.12
Plot2@Experiment:SLAC-49a ep DIS@ExtraLabel:SLAC-49a @XTitle: Q^{2} @YTitle: d^{2}#sigma/dxdQ^{2} @Title:0.12<x<0.16
Plot3@Experiment:SLAC-49a ep DIS@ExtraLabel:SLAC-49a @XTitle: Q^{2} @YTitle: d^{2}#sigma/dxdQ^{2} @Title:0.16<x<0.2
Plot4@Experiment:SLAC-49a ep DIS@ExtraLabel:SLAC-49a @XTitle: Q^{2} @YTitle: d^{2}#sigma/dxdQ^{2} @Title:0.2<x<0.25
Plot5@Experiment:SLAC-49a ep DIS@ExtraLabel:SLAC-49a @XTitle: Q^{2} @YTitle: d^{2}#sigma/dxdQ^{2} @Title:0.25<x<0.3
Plot6@Experiment:SLAC-49a ep DIS@ExtraLabel:SLAC-49a @XTitle: Q^{2} @YTitle: d^{2}#sigma/dxdQ^{2} @Title:0.3<x<0.4
Plot7@Experiment:SLAC-49a ep DIS@ExtraLabel:SLAC-49a @XTitle: Q^{2} @YTitle: d^{2}#sigma/dxdQ^{2} @Title:0.4<x<0.5
Plot8@Experiment:SLAC-49a ep DIS@ExtraLabel:SLAC-49a @XTitle: Q^{2} @YTitle: d^{2}#sigma/dxdQ^{2} @Title:0.5<x<0.6
Plot9@Experiment:SLAC-49a ep DIS@ExtraLabel:SLAC-49a @XTitle: Q^{2} @YTitle: d^{2}#sigma/dxdQ^{2} @Title:0.6<x<0.7
Plot10@Experiment:SLAC-49a ep DIS@ExtraLabel:SLAC-49a @XTitle: Q^{2} @YTitle: d^{2}#sigma/dxdQ^{2} @Title:0.7<x<0.8
Plot11@Experiment:SLAC-49a ep DIS@ExtraLabel:SLAC-49a @XTitle: Q^{2} @YTitle: d^{2}#sigma/dxdQ^{2} @Title:0.8<x<0.9
 x           Q2          y              data      +- uncor     +- tot     th orig         th mod   therr+         therr-     pull    iset       iplot
 0.59600E+00 0.35010E+01 0.16000E+00 0.11610E+00 0.30187E-02 0.36512E-02 0.11453E+00 0.11525E+00 0.00000E+00 0.00000E+00 0.28263E+00      5621410   8/0.35010E+01
 0.54230E+00 0.34460E+01 0.17300E+00 0.14299E+00 0.32887E-02 0.39909E-02 0.14280E+00 0.14373E+00 0.00000E+00 0.00000E+00 -.22698E+00      5621410   8/0.34460E+01
 0.48990E+00 0.33830E+01 0.18800E+00 0.17833E+00 0.39232E-02 0.45951E-02 0.17441E+00 0.17550E+00 0.00000E+00 0.00000E+00 0.71911E+00      5621410   7/0.33830E+01
 0.44110E+00 0.33140E+01 0.20500E+00 0.21458E+00 0.45062E-02 0.52605E-02 0.20686E+00 0.20819E+00 0.00000E+00 0.00000E+00 0.14175E+01      5621410   7/0.33140E+01
 0.37160E+00 0.31920E+01 0.23400E+00 0.25275E+00 0.68243E-02 0.74380E-02 0.25430E+00 0.25580E+00 0.00000E+00 0.00000E+00 -.44617E+00      5621410   6/0.31920E+01
 0.30890E+00 0.30470E+01 0.26900E+00 0.29064E+00 0.81379E-02 0.86707E-02 0.29320E+00 0.29457E+00 0.00000E+00 0.00000E+00 -.48237E+00      5621410   6/0.30470E+01
 0.23930E+00 0.28260E+01 0.32200E+00 0.32129E+00 0.80322E-02 0.84944E-02 0.32552E+00 0.32666E+00 0.00000E+00 0.00000E+00 -.66914E+00      5621410   4/0.28260E+01
 0.18260E+00 0.25690E+01 0.38400E+00 0.34049E+00 0.10215E-01 0.10495E-01 0.33999E+00 0.34080E+00 0.00000E+00 0.00000E+00 -.30291E-01      5621410   3/0.25690E+01
 0.53930E+00 0.27630E+01 0.24800E+00 0.15250E+00 0.30500E-02 0.32170E-02 0.15332E+00 0.15298E+00 0.00000E+00 0.00000E+00 -.15722E+00      5621410   8/0.27630E+01
 0.48900E+00 0.26940E+01 0.26700E+00 0.18117E+00 0.36235E-02 0.37743E-02 0.18301E+00 0.18262E+00 0.00000E+00 0.00000E+00 -.39998E+00      5621410   7/0.26940E+01
 0.44010E+00 0.26170E+01 0.28800E+00 0.21071E+00 0.44250E-02 0.45827E-02 0.21448E+00 0.21392E+00 0.00000E+00 0.00000E+00 -.72412E+00      5621410   7/0.26170E+01
 0.63830E+00 0.41490E+01 0.25600E+00 0.91008E-01 0.23662E-02 0.25709E-02 0.88603E-01 0.88568E-01 0.00000E+00 0.00000E+00 0.10312E+01      5621410   9/0.41490E+01
 0.58010E+00 0.40450E+01 0.27400E+00 0.11579E+00 0.33581E-02 0.34835E-02 0.11683E+00 0.11675E+00 0.00000E+00 0.00000E+00 -.28433E+00      5621410   8/0.40450E+01
 0.55250E+00 0.39900E+01 0.28400E+00 0.12515E+00 0.85105E-02 0.85554E-02 0.13192E+00 0.13184E+00 0.00000E+00 0.00000E+00 -.78583E+00      5621410   8/0.39900E+01
 0.47120E+00 0.38040E+01 0.31800E+00 0.18235E+00 0.51059E-02 0.51898E-02 0.18249E+00 0.18231E+00 0.00000E+00 0.00000E+00 0.90625E-02      5621410   7/0.38040E+01
 0.39800E+00 0.35940E+01 0.35500E+00 0.23317E+00 0.65288E-02 0.66116E-02 0.23254E+00 0.23219E+00 0.00000E+00 0.00000E+00 0.15057E+00      5621410   6/0.35940E+01
 0.33200E+00 0.33570E+01 0.39800E+00 0.27747E+00 0.83242E-02 0.84390E-02 0.27520E+00 0.27464E+00 0.00000E+00 0.00000E+00 0.34072E+00      5621410   6/0.33570E+01
 0.27320E+00 0.30920E+01 0.44500E+00 0.30188E+00 0.90564E-02 0.92160E-02 0.30601E+00 0.30521E+00 0.00000E+00 0.00000E+00 -.36759E+00      5621410   5/0.30920E+01
 0.22430E+00 0.28190E+01 0.49400E+00 0.32093E+00 0.99487E-02 0.10379E-01 0.32327E+00 0.32197E+00 0.00000E+00 0.00000E+00 -.10545E+00      5621410   4/0.28190E+01
 0.17950E+00 0.25090E+01 0.55000E+00 0.32463E+00 0.10063E-01 0.10564E-01 0.32931E+00 0.32780E+00 0.00000E+00 0.00000E+00 -.31470E+00      5621410   3/0.25090E+01
 0.69170E+00 0.51800E+01 0.26200E+00 0.62810E-01 0.31405E-02 0.33027E-02 0.59553E-01 0.59570E-01 0.00000E+00 0.00000E+00 0.10315E+01      5621410   9/0.51800E+01
 0.60120E+00 0.49830E+01 0.29100E+00 0.10436E+00 0.35481E-02 0.36762E-02 0.98802E-01 0.98836E-01 0.00000E+00 0.00000E+00 0.15556E+01      5621410   9/0.49830E+01
 0.53020E+00 0.47970E+01 0.31700E+00 0.14015E+00 0.37842E-02 0.38790E-02 0.13816E+00 0.13817E+00 0.00000E+00 0.00000E+00 0.52428E+00      5621410   8/0.47970E+01
 0.45370E+00 0.45530E+01 0.35200E+00 0.19484E+00 0.56503E-02 0.57038E-02 0.18836E+00 0.18829E+00 0.00000E+00 0.00000E+00 0.11590E+01      5621410   7/0.45530E+01
 0.38740E+00 0.42940E+01 0.38900E+00 0.22922E+00 0.68765E-02 0.69411E-02 0.23460E+00 0.23439E+00 0.00000E+00 0.00000E+00 -.75224E+00      5621410   6/0.42940E+01
 0.32820E+00 0.40140E+01 0.42900E+00 0.27691E+00 0.74765E-02 0.75784E-02 0.27344E+00 0.27303E+00 0.00000E+00 0.00000E+00 0.51838E+00      5621410   6/0.40140E+01
 0.27390E+00 0.36990E+01 0.47300E+00 0.29716E+00 0.89147E-02 0.90376E-02 0.30320E+00 0.30258E+00 0.00000E+00 0.00000E+00 -.60840E+00      5621410   5/0.36990E+01
 0.22740E+00 0.33730E+01 0.52000E+00 0.32296E+00 0.10012E-01 0.10223E-01 0.32163E+00 0.32060E+00 0.00000E+00 0.00000E+00 0.23564E+00      5621410   4/0.33730E+01
 0.18490E+00 0.30130E+01 0.57100E+00 0.34900E+00 0.10819E-01 0.11287E-01 0.33029E+00 0.32897E+00 0.00000E+00 0.00000E+00 0.18513E+01      5621410   3/0.30130E+01
 0.14740E+00 0.26310E+01 0.62500E+00 0.32985E+00 0.10555E-01 0.11122E-01 0.32755E+00 0.32586E+00 0.00000E+00 0.00000E+00 0.37770E+00      5621410   2/0.26310E+01
 0.74320E+00 0.68740E+01 0.27800E+00 0.35243E-01 0.22203E-02 0.23613E-02 0.35233E-01 0.35284E-01 0.00000E+00 0.00000E+00 -.18444E-01      5621410  10/0.68740E+01
 0.69010E+00 0.67300E+01 0.29400E+00 0.53315E-01 0.20793E-02 0.22506E-02 0.52465E-01 0.52574E-01 0.00000E+00 0.00000E+00 0.35627E+00      5621410   9/0.67300E+01
 0.66210E+00 0.66470E+01 0.30200E+00 0.59194E-01 0.10951E-01 0.10982E-01 0.63108E-01 0.63214E-01 0.00000E+00 0.00000E+00 -.36711E+00      5621410   9/0.66470E+01
 0.59860E+00 0.64410E+01 0.32400E+00 0.95856E-01 0.34508E-02 0.35892E-02 0.91764E-01 0.91951E-01 0.00000E+00 0.00000E+00 0.11317E+01      5621410   8/0.64410E+01
 0.52820E+00 0.61740E+01 0.35200E+00 0.12971E+00 0.42805E-02 0.43815E-02 0.13132E+00 0.13154E+00 0.00000E+00 0.00000E+00 -.42783E+00      5621410   8/0.61740E+01
 0.46530E+00 0.58940E+01 0.38100E+00 0.17911E+00 0.53734E-02 0.54739E-02 0.17280E+00 0.17302E+00 0.00000E+00 0.00000E+00 0.11338E+01      5621410   7/0.58940E+01
 0.40360E+00 0.55690E+01 0.41500E+00 0.21592E+00 0.66936E-02 0.67525E-02 0.21653E+00 0.21657E+00 0.00000E+00 0.00000E+00 -.97652E-01      5621410   7/0.55690E+01
 0.34680E+00 0.52150E+01 0.45300E+00 0.25158E+00 0.75474E-02 0.76142E-02 0.25596E+00 0.25587E+00 0.00000E+00 0.00000E+00 -.56807E+00      5621410   6/0.52150E+01
 0.29680E+00 0.48450E+01 0.49100E+00 0.28094E+00 0.84283E-02 0.85075E-02 0.28715E+00 0.28689E+00 0.00000E+00 0.00000E+00 -.70525E+00      5621410   5/0.48450E+01
 0.25100E+00 0.44460E+01 0.53300E+00 0.30533E+00 0.97706E-02 0.98891E-02 0.31058E+00 0.30995E+00 0.00000E+00 0.00000E+00 -.47246E+00      5621410   5/0.44460E+01
 0.20780E+00 0.40030E+01 0.58000E+00 0.31986E+00 0.99156E-02 0.10079E-01 0.32621E+00 0.32535E+00 0.00000E+00 0.00000E+00 -.55392E+00      5621410   4/0.40030E+01
 0.17800E+00 0.36490E+01 0.61700E+00 0.32725E+00 0.10472E-01 0.10898E-01 0.33173E+00 0.33040E+00 0.00000E+00 0.00000E+00 -.30059E+00      5621410   3/0.36490E+01
 0.14950E+00 0.32650E+01 0.65700E+00 0.33133E+00 0.10934E-01 0.11415E-01 0.33097E+00 0.32946E+00 0.00000E+00 0.00000E+00 0.17120E+00      5621410   2/0.32650E+01
 0.12250E+00 0.28510E+01 0.70100E+00 0.32825E+00 0.10832E-01 0.11461E-01 0.32160E+00 0.31976E+00 0.00000E+00 0.00000E+00 0.78398E+00      5621410   2/0.28510E+01
 0.76390E+00 0.80680E+01 0.29100E+00 0.24704E-01 0.12599E-02 0.14170E-02 0.26638E-01 0.26700E-01 0.00000E+00 0.00000E+00 -.15847E+01      5621410  10/0.80680E+01
 0.71630E+00 0.79150E+01 0.30400E+00 0.37021E-01 0.14808E-02 0.16507E-02 0.39975E-01 0.40093E-01 0.00000E+00 0.00000E+00 -.20745E+01      5621410  10/0.79150E+01
 0.64490E+00 0.76570E+01 0.32700E+00 0.66276E-01 0.21208E-02 0.23121E-02 0.66103E-01 0.66295E-01 0.00000E+00 0.00000E+00 -.87815E-02      5621410   9/0.76570E+01
 0.57150E+00 0.73480E+01 0.35400E+00 0.10285E+00 0.29826E-02 0.31549E-02 0.10170E+00 0.10197E+00 0.00000E+00 0.00000E+00 0.29375E+00      5621410   8/0.73480E+01
 0.50810E+00 0.70370E+01 0.38100E+00 0.14219E+00 0.41236E-02 0.42706E-02 0.13975E+00 0.14008E+00 0.00000E+00 0.00000E+00 0.51369E+00      5621410   8/0.70370E+01
 0.44750E+00 0.66910E+01 0.41200E+00 0.18363E+00 0.53252E-02 0.54038E-02 0.18119E+00 0.18143E+00 0.00000E+00 0.00000E+00 0.41290E+00      5621410   7/0.66910E+01
 0.39270E+00 0.63280E+01 0.44400E+00 0.21752E+00 0.65257E-02 0.65978E-02 0.22049E+00 0.22067E+00 0.00000E+00 0.00000E+00 -.48139E+00      5621410   6/0.63280E+01
 0.34120E+00 0.59310E+01 0.47900E+00 0.25816E+00 0.77449E-02 0.78177E-02 0.25640E+00 0.25645E+00 0.00000E+00 0.00000E+00 0.22079E+00      5621410   6/0.59310E+01
 0.29310E+00 0.54980E+01 0.51700E+00 0.28152E+00 0.84456E-02 0.85250E-02 0.28668E+00 0.28642E+00 0.00000E+00 0.00000E+00 -.57983E+00      5621410   5/0.54980E+01
 0.24850E+00 0.50320E+01 0.55800E+00 0.30784E+00 0.92352E-02 0.93373E-02 0.31003E+00 0.30957E+00 0.00000E+00 0.00000E+00 -.18682E+00      5621410   4/0.50320E+01
 0.21530E+00 0.46340E+01 0.59300E+00 0.30722E+00 0.95238E-02 0.96810E-02 0.32326E+00 0.32241E+00 0.00000E+00 0.00000E+00 -.15952E+01      5621410   4/0.46340E+01
 0.18470E+00 0.42190E+01 0.62900E+00 0.32931E+00 0.10209E-01 0.10424E-01 0.33108E+00 0.33002E+00 0.00000E+00 0.00000E+00 -.70195E-01      5621410   3/0.42190E+01
 0.15740E+00 0.38040E+01 0.66600E+00 0.32999E+00 0.10230E-01 0.10672E-01 0.33293E+00 0.33159E+00 0.00000E+00 0.00000E+00 -.15678E+00      5621410   2/0.38040E+01
 0.13100E+00 0.33550E+01 0.70500E+00 0.31008E+00 0.99227E-02 0.10456E-01 0.32798E+00 0.32629E+00 0.00000E+00 0.00000E+00 -.16330E+01      5621410   2/0.33550E+01
 0.10660E+00 0.28880E+01 0.74600E+00 0.32748E+00 0.94969E-02 0.10566E-01 0.31381E+00 0.31175E+00 0.00000E+00 0.00000E+00 0.16561E+01      5621410   1/0.28880E+01
     8269859
 SLAC 49b                                                                                                                
Plot1@Experiment:SLAC-49b ep DIS@ExtraLabel:SLAC-49b @XTitle: Q^{2} @YTitle: d^{2}#sigma/dxdQ^{2} @Title:0.085<x<0.12
Plot2@Experiment:SLAC-49b ep DIS@ExtraLabel:SLAC-49b @XTitle: Q^{2} @YTitle: d^{2}#sigma/dxdQ^{2} @Title:0.12<x<0.16
Plot3@Experiment:SLAC-49b ep DIS@ExtraLabel:SLAC-49b @XTitle: Q^{2} @YTitle: d^{2}#sigma/dxdQ^{2} @Title:0.16<x<0.2
Plot4@Experiment:SLAC-49b ep DIS@ExtraLabel:SLAC-49b @XTitle: Q^{2} @YTitle: d^{2}#sigma/dxdQ^{2} @Title:0.2<x<0.25
Plot5@Experiment:SLAC-49b ep DIS@ExtraLabel:SLAC-49b @XTitle: Q^{2} @YTitle: d^{2}#sigma/dxdQ^{2} @Title:0.25<x<0.3
Plot6@Experiment:SLAC-49b ep DIS@ExtraLabel:SLAC-49b @XTitle: Q^{2} @YTitle: d^{2}#sigma/dxdQ^{2} @Title:0.3<x<0.4
Plot7@Experiment:SLAC-49b ep DIS@ExtraLabel:SLAC-49b @XTitle: Q^{2} @YTitle: d^{2}#sigma/dxdQ^{2} @Title:0.4<x<0.5
Plot8@Experiment:SLAC-49b ep DIS@ExtraLabel:SLAC-49b @XTitle: Q^{2} @YTitle: d^{2}#sigma/dxdQ^{2} @Title:0.5<x<0.6
Plot9@Experiment:SLAC-49b ep DIS@ExtraLabel:SLAC-49b @XTitle: Q^{2} @YTitle: d^{2}#sigma/dxdQ^{2} @Title:0.6<x<0.7
Plot10@Experiment:SLAC-49b ep DIS@ExtraLabel:SLAC-49b @XTitle: Q^{2} @YTitle: d^{2}#sigma/dxdQ^{2} @Title:0.7<x<0.8
Plot11@Experiment:SLAC-49b ep DIS@ExtraLabel:SLAC-49b @XTitle: Q^{2} @YTitle: d^{2}#sigma/dxdQ^{2} @Title:0.8<x<0.9
 x           Q2          y              data      +- uncor     +- tot     th orig         th mod   therr+         therr-     pull    iset       iplot
 0.52150E+00 0.25150E+01 0.39500E+00 0.16588E+00 0.23223E-02 0.25537E-02 0.16743E+00 0.16756E+00 0.00000E+00 0.00000E+00 -.72404E+00      8269859   8/0.25150E+01
 0.64950E+00 0.42990E+01 0.40900E+00 0.85151E-01 0.11921E-02 0.16156E-02 0.82574E-01 0.82659E-01 0.00000E+00 0.00000E+00 0.20905E+01      8269859   9/0.42990E+01
 0.60610E+00 0.41760E+01 0.42600E+00 0.10063E+00 0.18114E-02 0.21442E-02 0.10322E+00 0.10331E+00 0.00000E+00 0.00000E+00 -.14774E+01      8269859   9/0.41760E+01
 0.54030E+00 0.39700E+01 0.45500E+00 0.13762E+00 0.17891E-02 0.22572E-02 0.13952E+00 0.13963E+00 0.00000E+00 0.00000E+00 -.11217E+01      8269859   8/0.39700E+01
 0.47500E+00 0.37370E+01 0.48700E+00 0.18110E+00 0.25354E-02 0.29033E-02 0.18060E+00 0.18072E+00 0.00000E+00 0.00000E+00 0.15017E+00      8269859   7/0.37370E+01
 0.41000E+00 0.34690E+01 0.52300E+00 0.22088E+00 0.33132E-02 0.36629E-02 0.22334E+00 0.22350E+00 0.00000E+00 0.00000E+00 -.78979E+00      8269859   7/0.34690E+01
 0.34700E+00 0.31680E+01 0.56500E+00 0.26176E+00 0.39264E-02 0.41388E-02 0.26163E+00 0.26179E+00 0.00000E+00 0.00000E+00 -.80135E-02      8269859   6/0.31680E+01
 0.29870E+00 0.29030E+01 0.60100E+00 0.29150E+00 0.40810E-02 0.42842E-02 0.28566E+00 0.28585E+00 0.00000E+00 0.00000E+00 0.13846E+01      8269859   5/0.29030E+01
 0.26740E+00 0.27120E+01 0.62700E+00 0.29553E+00 0.53195E-02 0.54573E-02 0.29753E+00 0.29774E+00 0.00000E+00 0.00000E+00 -.41571E+00      8269859   5/0.27120E+01
 0.23580E+00 0.25010E+01 0.65600E+00 0.31539E+00 0.47309E-02 0.48962E-02 0.30551E+00 0.30574E+00 0.00000E+00 0.00000E+00 0.20402E+01      8269859   4/0.25010E+01
 0.74160E+00 0.61150E+01 0.42300E+00 0.37714E-01 0.16594E-02 0.18197E-02 0.38263E-01 0.38339E-01 0.00000E+00 0.00000E+00 -.37667E+00      8269859  10/0.61150E+01
 0.67300E+00 0.58620E+01 0.44700E+00 0.58895E-01 0.24736E-02 0.26555E-02 0.62526E-01 0.62605E-01 0.00000E+00 0.00000E+00 -.15000E+01      8269859   9/0.58620E+01
 0.61030E+00 0.56050E+01 0.47100E+00 0.89032E-01 0.32942E-02 0.35356E-02 0.90793E-01 0.90878E-01 0.00000E+00 0.00000E+00 -.56045E+00      8269859   9/0.56050E+01
 0.55470E+00 0.53520E+01 0.49500E+00 0.12282E+00 0.39303E-02 0.41832E-02 0.12106E+00 0.12114E+00 0.00000E+00 0.00000E+00 0.42838E+00      8269859   8/0.53520E+01
 0.46040E+00 0.48600E+01 0.54100E+00 0.18315E+00 0.20146E-02 0.26541E-02 0.18145E+00 0.18155E+00 0.00000E+00 0.00000E+00 0.79443E+00      8269859   7/0.48600E+01
 0.40530E+00 0.45270E+01 0.57300E+00 0.22103E+00 0.30944E-02 0.36319E-02 0.21869E+00 0.21883E+00 0.00000E+00 0.00000E+00 0.71105E+00      8269859   7/0.45270E+01
 0.34360E+00 0.41040E+01 0.61300E+00 0.26061E+00 0.41697E-02 0.44913E-02 0.25770E+00 0.25783E+00 0.00000E+00 0.00000E+00 0.66678E+00      8269859   6/0.41040E+01
 0.30040E+00 0.37720E+01 0.64400E+00 0.27654E+00 0.35950E-02 0.38517E-02 0.28098E+00 0.28116E+00 0.00000E+00 0.00000E+00 -.12840E+01      8269859   6/0.37720E+01
 0.26680E+00 0.34900E+01 0.67100E+00 0.29365E+00 0.49921E-02 0.51619E-02 0.29563E+00 0.29583E+00 0.00000E+00 0.00000E+00 -.43542E+00      8269859   5/0.34900E+01
 0.24090E+00 0.32540E+01 0.69300E+00 0.31605E+00 0.72691E-02 0.73850E-02 0.30420E+00 0.30441E+00 0.00000E+00 0.00000E+00 0.16007E+01      8269859   4/0.32540E+01
 0.21150E+00 0.29690E+01 0.72000E+00 0.31669E+00 0.50671E-02 0.52326E-02 0.31003E+00 0.31028E+00 0.00000E+00 0.00000E+00 0.12661E+01      8269859   4/0.29690E+01
 0.18960E+00 0.27400E+01 0.74100E+00 0.31242E+00 0.62483E-02 0.64026E-02 0.31079E+00 0.31106E+00 0.00000E+00 0.00000E+00 0.21705E+00      8269859   3/0.27400E+01
 0.17180E+00 0.25460E+01 0.76000E+00 0.29779E+00 0.62536E-02 0.64284E-02 0.30827E+00 0.30855E+00 0.00000E+00 0.00000E+00 -.17208E+01      8269859   3/0.25460E+01
 0.58600E+00 0.72630E+01 0.52800E+00 0.96469E-01 0.26047E-02 0.30107E-02 0.94842E-01 0.94903E-01 0.00000E+00 0.00000E+00 0.60139E+00      8269859   8/0.72630E+01
 0.42760E+00 0.60750E+01 0.60500E+00 0.19462E+00 0.54494E-02 0.58061E-02 0.19607E+00 0.19617E+00 0.00000E+00 0.00000E+00 -.28509E+00      8269859   7/0.60750E+01
 0.32120E+00 0.50610E+01 0.67100E+00 0.26702E+00 0.80106E-02 0.81910E-02 0.26535E+00 0.26549E+00 0.00000E+00 0.00000E+00 0.19105E+00      8269859   6/0.50610E+01
 0.23560E+00 0.40700E+01 0.73500E+00 0.30987E+00 0.83665E-02 0.84635E-02 0.30500E+00 0.30522E+00 0.00000E+00 0.00000E+00 0.55596E+00      8269859   4/0.40700E+01
 0.20120E+00 0.36150E+01 0.76500E+00 0.30819E+00 0.83213E-02 0.84121E-02 0.31268E+00 0.31292E+00 0.00000E+00 0.00000E+00 -.56761E+00      8269859   4/0.36150E+01
 0.17900E+00 0.33020E+01 0.78500E+00 0.31766E+00 0.88945E-02 0.90072E-02 0.31353E+00 0.31380E+00 0.00000E+00 0.00000E+00 0.43441E+00      8269859   3/0.33020E+01
 0.15750E+00 0.29820E+01 0.80600E+00 0.32039E+00 0.99320E-02 0.10060E-01 0.30985E+00 0.31013E+00 0.00000E+00 0.00000E+00 0.10328E+01      8269859   2/0.29820E+01
 0.14330E+00 0.27620E+01 0.82000E+00 0.31822E+00 0.10183E-01 0.10341E-01 0.30428E+00 0.30457E+00 0.00000E+00 0.00000E+00 0.13403E+01      8269859   2/0.27620E+01
 0.12970E+00 0.25420E+01 0.83500E+00 0.30518E+00 0.11292E-01 0.11459E-01 0.29556E+00 0.29586E+00 0.00000E+00 0.00000E+00 0.82503E+00      8269859   2/0.25420E+01
 0.77130E+00 0.91470E+01 0.47400E+00 0.21829E-01 0.14844E-02 0.15853E-02 0.22746E-01 0.22798E-01 0.00000E+00 0.00000E+00 -.65284E+00      8269859  10/0.91470E+01
 0.66370E+00 0.84940E+01 0.51200E+00 0.59789E-01 0.25111E-02 0.27529E-02 0.56067E-01 0.56130E-01 0.00000E+00 0.00000E+00 0.14570E+01      8269859   9/0.84940E+01
 0.54330E+00 0.76290E+01 0.56200E+00 0.11576E+00 0.24309E-02 0.29422E-02 0.11665E+00 0.11671E+00 0.00000E+00 0.00000E+00 -.38966E+00      8269859   8/0.76290E+01
 0.47210E+00 0.70330E+01 0.59600E+00 0.16235E+00 0.27599E-02 0.33860E-02 0.16284E+00 0.16291E+00 0.00000E+00 0.00000E+00 -.20262E+00      8269859   7/0.70330E+01
 0.40450E+00 0.63950E+01 0.63300E+00 0.21272E+00 0.38289E-02 0.44110E-02 0.20967E+00 0.20977E+00 0.00000E+00 0.00000E+00 0.76949E+00      8269859   7/0.63950E+01
 0.33630E+00 0.56690E+01 0.67400E+00 0.26179E+00 0.41886E-02 0.45944E-02 0.25465E+00 0.25477E+00 0.00000E+00 0.00000E+00 0.16766E+01      8269859   6/0.56690E+01
 0.29120E+00 0.51330E+01 0.70500E+00 0.28443E+00 0.42665E-02 0.45598E-02 0.28039E+00 0.28055E+00 0.00000E+00 0.00000E+00 0.90966E+00      8269859   5/0.51330E+01
 0.25820E+00 0.47080E+01 0.73000E+00 0.28933E+00 0.60759E-02 0.62458E-02 0.29603E+00 0.29621E+00 0.00000E+00 0.00000E+00 -.11326E+01      8269859   5/0.47080E+01
 0.23340E+00 0.43700E+01 0.74900E+00 0.32081E+00 0.76994E-02 0.78122E-02 0.30538E+00 0.30560E+00 0.00000E+00 0.00000E+00 0.19757E+01      8269859   4/0.43700E+01
 0.20310E+00 0.39310E+01 0.77400E+00 0.31147E+00 0.56065E-02 0.57432E-02 0.31287E+00 0.31311E+00 0.00000E+00 0.00000E+00 -.29247E+00      8269859   4/0.39310E+01
 0.17610E+00 0.35140E+01 0.79800E+00 0.30584E+00 0.67285E-02 0.68661E-02 0.31446E+00 0.31473E+00 0.00000E+00 0.00000E+00 -.13212E+01      8269859   3/0.35140E+01
 0.16090E+00 0.32670E+01 0.81200E+00 0.29191E+00 0.10801E-01 0.10899E-01 0.31247E+00 0.31275E+00 0.00000E+00 0.00000E+00 -.19295E+01      8269859   3/0.32670E+01
 0.14630E+00 0.30210E+01 0.82600E+00 0.30450E+00 0.11266E-01 0.11369E-01 0.30793E+00 0.30821E+00 0.00000E+00 0.00000E+00 -.32901E+00      8269859   2/0.30210E+01
 0.12100E+00 0.25770E+01 0.85200E+00 0.29717E+00 0.74293E-02 0.76691E-02 0.29165E+00 0.29195E+00 0.00000E+00 0.00000E+00 0.70320E+00      8269859   2/0.25770E+01
 0.78890E+00 0.13363E+02 0.53000E+00 0.15022E-01 0.40558E-03 0.60442E-03 0.14687E-01 0.14723E-01 0.00000E+00 0.00000E+00 0.73483E+00      8269859  10/0.13363E+02
 0.70080E+00 0.12528E+02 0.56000E+00 0.34974E-01 0.87434E-03 0.12166E-02 0.35756E-01 0.35800E-01 0.00000E+00 0.00000E+00 -.94540E+00      8269859  10/0.12528E+02
 0.62140E+00 0.11693E+02 0.58900E+00 0.64724E-01 0.17475E-02 0.21987E-02 0.66084E-01 0.66122E-01 0.00000E+00 0.00000E+00 -.80049E+00      8269859   9/0.11693E+02
 0.54960E+00 0.10858E+02 0.61800E+00 0.10084E+00 0.22185E-02 0.28091E-02 0.10370E+00 0.10373E+00 0.00000E+00 0.00000E+00 -.13043E+01      8269859   8/0.10858E+02
 0.47020E+00 0.98300E+01 0.65400E+00 0.15568E+00 0.31136E-02 0.37942E-02 0.15503E+00 0.15508E+00 0.00000E+00 0.00000E+00 0.19313E+00      8269859   7/0.98300E+01
 0.41700E+00 0.90740E+01 0.68100E+00 0.18921E+00 0.35950E-02 0.42604E-02 0.19222E+00 0.19229E+00 0.00000E+00 0.00000E+00 -.85825E+00      8269859   7/0.90740E+01
 0.36270E+00 0.82330E+01 0.71100E+00 0.22111E+00 0.42011E-02 0.47320E-02 0.23012E+00 0.23019E+00 0.00000E+00 0.00000E+00 -.21606E+01      8269859   6/0.82330E+01
 0.30860E+00 0.73210E+01 0.74300E+00 0.26699E+00 0.53399E-02 0.56764E-02 0.26516E+00 0.26528E+00 0.00000E+00 0.00000E+00 0.32103E+00      8269859   6/0.73210E+01
 0.27330E+00 0.66820E+01 0.76500E+00 0.28841E+00 0.89408E-02 0.91296E-02 0.28529E+00 0.28544E+00 0.00000E+00 0.00000E+00 0.33312E+00      8269859   5/0.66820E+01
 0.25140E+00 0.62640E+01 0.78000E+00 0.30792E+00 0.92376E-02 0.93650E-02 0.29616E+00 0.29634E+00 0.00000E+00 0.00000E+00 0.12538E+01      8269859   5/0.62640E+01
 0.22370E+00 0.57130E+01 0.79900E+00 0.30190E+00 0.63400E-02 0.64821E-02 0.30758E+00 0.30779E+00 0.00000E+00 0.00000E+00 -.92787E+00      8269859   4/0.57130E+01
 0.19690E+00 0.51520E+01 0.81900E+00 0.32213E+00 0.70869E-02 0.72031E-02 0.31523E+00 0.31547E+00 0.00000E+00 0.00000E+00 0.93949E+00      8269859   3/0.51520E+01
 0.17150E+00 0.45940E+01 0.83800E+00 0.29197E+00 0.10803E-01 0.10870E-01 0.31833E+00 0.31859E+00 0.00000E+00 0.00000E+00 -.24642E+01      8269859   3/0.45940E+01
 0.15320E+00 0.41760E+01 0.85300E+00 0.30639E+00 0.11030E-01 0.11136E-01 0.31700E+00 0.31729E+00 0.00000E+00 0.00000E+00 -.98778E+00      8269859   2/0.41760E+01
 0.13390E+00 0.37180E+01 0.86900E+00 0.31105E+00 0.13997E-01 0.14107E-01 0.31122E+00 0.31152E+00 0.00000E+00 0.00000E+00 -.33736E-01      8269859   2/0.37180E+01
 0.11850E+00 0.33410E+01 0.88300E+00 0.26592E+00 0.15955E-01 0.16046E-01 0.30210E+00 0.30241E+00 0.00000E+00 0.00000E+00 -.22872E+01      8269859   1/0.33410E+01
 0.10520E+00 0.30070E+01 0.89400E+00 0.29273E+00 0.12002E-01 0.12186E-01 0.29021E+00 0.29051E+00 0.00000E+00 0.00000E+00 0.18480E+00      8269859   1/0.30070E+01
 0.86000E-01 0.25060E+01 0.91200E+00 0.29114E+00 0.25038E-01 0.25148E-01 0.26309E+00 0.26338E+00 0.00000E+00 0.00000E+00 0.11089E+01      8269859   1/0.25060E+01
 0.58590E+00 0.40800E+01 0.55300E+00 0.11419E+00 0.31974E-02 0.32700E-02 0.11463E+00 0.11476E+00 0.00000E+00 0.00000E+00 -.17728E+00      8269859   8/0.40800E+01
 0.50310E+00 0.37400E+01 0.59000E+00 0.16573E+00 0.48061E-02 0.48799E-02 0.16388E+00 0.16405E+00 0.00000E+00 0.00000E+00 0.35027E+00      8269859   8/0.37400E+01
 0.41450E+00 0.33210E+01 0.63600E+00 0.21840E+00 0.45863E-02 0.47145E-02 0.21957E+00 0.21977E+00 0.00000E+00 0.00000E+00 -.29949E+00      8269859   7/0.33210E+01
 0.36550E+00 0.30600E+01 0.66500E+00 0.23253E+00 0.69758E-02 0.70987E-02 0.24748E+00 0.24771E+00 0.00000E+00 0.00000E+00 -.21772E+01      8269859   6/0.30600E+01
 0.31990E+00 0.27950E+01 0.69400E+00 0.27165E+00 0.57046E-02 0.59639E-02 0.26913E+00 0.26940E+00 0.00000E+00 0.00000E+00 0.39340E+00      8269859   6/0.27950E+01
 0.28410E+00 0.25700E+01 0.71800E+00 0.28891E+00 0.75118E-02 0.77362E-02 0.28220E+00 0.28248E+00 0.00000E+00 0.00000E+00 0.85649E+00      8269859   5/0.25700E+01
 0.71130E+00 0.66230E+01 0.56900E+00 0.43067E-01 0.17227E-02 0.17804E-02 0.45359E-01 0.45439E-01 0.00000E+00 0.00000E+00 -.13767E+01      8269859  10/0.66230E+01
 0.63230E+00 0.61830E+01 0.59800E+00 0.79295E-01 0.22203E-02 0.22941E-02 0.77744E-01 0.77840E-01 0.00000E+00 0.00000E+00 0.65561E+00      8269859   9/0.61830E+01
 0.56030E+00 0.57420E+01 0.62700E+00 0.11430E+00 0.30861E-02 0.31634E-02 0.11620E+00 0.11633E+00 0.00000E+00 0.00000E+00 -.65758E+00      8269859   8/0.57420E+01
 0.49430E+00 0.52990E+01 0.65600E+00 0.15574E+00 0.40493E-02 0.41235E-02 0.15746E+00 0.15761E+00 0.00000E+00 0.00000E+00 -.46203E+00      8269859   7/0.52990E+01
 0.43410E+00 0.48570E+01 0.68400E+00 0.19379E+00 0.50385E-02 0.51345E-02 0.19709E+00 0.19729E+00 0.00000E+00 0.00000E+00 -.69531E+00      8269859   7/0.48570E+01
 0.36850E+00 0.43290E+01 0.71900E+00 0.24829E+00 0.47174E-02 0.48780E-02 0.23820E+00 0.23842E+00 0.00000E+00 0.00000E+00 0.20912E+01      8269859   6/0.43290E+01
 0.33190E+00 0.40110E+01 0.73900E+00 0.25724E+00 0.66883E-02 0.68448E-02 0.25850E+00 0.25875E+00 0.00000E+00 0.00000E+00 -.22533E+00      8269859   6/0.40110E+01
 0.30610E+00 0.37770E+01 0.75500E+00 0.28274E+00 0.70685E-02 0.72472E-02 0.27104E+00 0.27130E+00 0.00000E+00 0.00000E+00 0.16192E+01      8269859   6/0.37770E+01
 0.28070E+00 0.35350E+01 0.77000E+00 0.26942E+00 0.86215E-02 0.87924E-02 0.28182E+00 0.28210E+00 0.00000E+00 0.00000E+00 -.14705E+01      8269859   5/0.35350E+01
 0.25890E+00 0.33190E+01 0.78400E+00 0.28466E+00 0.11102E-01 0.11250E-01 0.28939E+00 0.28968E+00 0.00000E+00 0.00000E+00 -.45224E+00      8269859   5/0.33190E+01
 0.23700E+00 0.30950E+01 0.79900E+00 0.29440E+00 0.12071E-01 0.12256E-01 0.29498E+00 0.29529E+00 0.00000E+00 0.00000E+00 -.73248E-01      8269859   4/0.30950E+01
 0.19580E+00 0.26500E+01 0.82800E+00 0.30005E+00 0.12302E-01 0.12538E-01 0.29793E+00 0.29826E+00 0.00000E+00 0.00000E+00 0.14522E+00      8269859   3/0.26500E+01
 0.78120E+00 0.10849E+02 0.62200E+00 0.19423E-01 0.11265E-02 0.11715E-02 0.18186E-01 0.18231E-01 0.00000E+00 0.00000E+00 0.10578E+01      8269859  10/0.10849E+02
 0.71360E+00 0.10246E+02 0.64300E+00 0.36353E-01 0.15268E-02 0.15846E-02 0.35225E-01 0.35282E-01 0.00000E+00 0.00000E+00 0.70207E+00      8269859  10/0.10246E+02
 0.65070E+00 0.96460E+01 0.66400E+00 0.58915E-01 0.21209E-02 0.21926E-02 0.58242E-01 0.58316E-01 0.00000E+00 0.00000E+00 0.28253E+00      8269859   9/0.96460E+01
 0.59130E+00 0.90430E+01 0.68500E+00 0.88189E-01 0.31748E-02 0.32451E-02 0.86472E-01 0.86574E-01 0.00000E+00 0.00000E+00 0.50871E+00      8269859   8/0.90430E+01
 0.53540E+00 0.84400E+01 0.70600E+00 0.12276E+00 0.31917E-02 0.32848E-02 0.11871E+00 0.11883E+00 0.00000E+00 0.00000E+00 0.12288E+01      8269859   8/0.84400E+01
 0.48280E+00 0.78370E+01 0.72700E+00 0.15540E+00 0.41957E-02 0.42699E-02 0.15274E+00 0.15288E+00 0.00000E+00 0.00000E+00 0.60099E+00      8269859   7/0.78370E+01
 0.43320E+00 0.72340E+01 0.74800E+00 0.18273E+00 0.49336E-02 0.50175E-02 0.18635E+00 0.18652E+00 0.00000E+00 0.00000E+00 -.76965E+00      8269859   7/0.72340E+01
 0.38620E+00 0.66310E+01 0.76900E+00 0.22253E+00 0.64533E-02 0.65182E-02 0.21788E+00 0.21806E+00 0.00000E+00 0.00000E+00 0.69294E+00      8269859   6/0.66310E+01
 0.34180E+00 0.60290E+01 0.79000E+00 0.24378E+00 0.70695E-02 0.71738E-02 0.24587E+00 0.24609E+00 0.00000E+00 0.00000E+00 -.32758E+00      8269859   6/0.60290E+01
 0.28870E+00 0.52640E+01 0.81700E+00 0.26745E+00 0.66862E-02 0.68552E-02 0.27510E+00 0.27536E+00 0.00000E+00 0.00000E+00 -.11834E+01      8269859   5/0.52640E+01
 0.25960E+00 0.48230E+01 0.83200E+00 0.28068E+00 0.84203E-02 0.86100E-02 0.28834E+00 0.28863E+00 0.00000E+00 0.00000E+00 -.94431E+00      8269859   5/0.48230E+01
 0.20980E+00 0.40270E+01 0.86000E+00 0.32377E+00 0.27197E-01 0.27297E-01 0.30329E+00 0.30361E+00 0.00000E+00 0.00000E+00 0.74139E+00      8269859   4/0.40270E+01
 0.87150E+00 0.15981E+02 0.65100E+00 0.38763E-02 0.58533E-03 0.59657E-03 0.39954E-02 0.40147E-02 0.00000E+00 0.00000E+00 -.23641E+00      8269859  11/0.15981E+02
 0.80930E+00 0.15220E+02 0.66700E+00 0.82806E-02 0.11841E-02 0.11948E-02 0.10432E-01 0.10461E-01 0.00000E+00 0.00000E+00 -.18417E+01      8269859  11/0.15220E+02
 0.75010E+00 0.14459E+02 0.68400E+00 0.22367E-01 0.13420E-02 0.13848E-02 0.21033E-01 0.21077E-01 0.00000E+00 0.00000E+00 0.96180E+00      8269859  10/0.14459E+02
 0.69380E+00 0.13698E+02 0.70000E+00 0.38320E-01 0.16477E-02 0.17129E-02 0.36257E-01 0.36313E-01 0.00000E+00 0.00000E+00 0.12178E+01      8269859   9/0.13698E+02
 0.64000E+00 0.12937E+02 0.71700E+00 0.58379E-01 0.21600E-02 0.22375E-02 0.56243E-01 0.56312E-01 0.00000E+00 0.00000E+00 0.95699E+00      8269859   9/0.12937E+02
 0.58870E+00 0.12176E+02 0.73400E+00 0.78568E-01 0.27499E-02 0.28317E-02 0.80547E-01 0.80635E-01 0.00000E+00 0.00000E+00 -.75146E+00      8269859   8/0.12176E+02
 0.53970E+00 0.11415E+02 0.75000E+00 0.11157E+00 0.40164E-02 0.40856E-02 0.10827E+00 0.10838E+00 0.00000E+00 0.00000E+00 0.79454E+00      8269859   8/0.11415E+02
 0.49280E+00 0.10654E+02 0.76700E+00 0.13462E+00 0.49809E-02 0.50333E-02 0.13812E+00 0.13824E+00 0.00000E+00 0.00000E+00 -.72649E+00      8269859   7/0.10654E+02
 0.44780E+00 0.98930E+01 0.78400E+00 0.16396E+00 0.59027E-02 0.59616E-02 0.16882E+00 0.16897E+00 0.00000E+00 0.00000E+00 -.84853E+00      8269859   7/0.98930E+01
 0.40480E+00 0.91320E+01 0.80000E+00 0.19723E+00 0.67058E-02 0.67779E-02 0.19852E+00 0.19871E+00 0.00000E+00 0.00000E+00 -.22034E+00      8269859   7/0.91320E+01
 0.36350E+00 0.83710E+01 0.81700E+00 0.22532E+00 0.78863E-02 0.79409E-02 0.22643E+00 0.22661E+00 0.00000E+00 0.00000E+00 -.16353E+00      8269859   6/0.83710E+01
 0.31810E+00 0.74980E+01 0.83600E+00 0.24989E+00 0.62473E-02 0.63710E-02 0.25525E+00 0.25548E+00 0.00000E+00 0.00000E+00 -.89458E+00      8269859   6/0.74980E+01
 0.28580E+00 0.68490E+01 0.85000E+00 0.26289E+00 0.11567E-01 0.11662E-01 0.27376E+00 0.27402E+00 0.00000E+00 0.00000E+00 -.96276E+00      8269859   5/0.68490E+01
 0.24910E+00 0.60880E+01 0.86700E+00 0.25001E+00 0.15001E-01 0.15086E-01 0.29177E+00 0.29207E+00 0.00000E+00 0.00000E+00 -.28036E+01      8269859   4/0.60880E+01
 0.21390E+00 0.53270E+01 0.88400E+00 0.30248E+00 0.10889E-01 0.11105E-01 0.30447E+00 0.30479E+00 0.00000E+00 0.00000E+00 -.21286E+00      8269859   4/0.53270E+01
 0.85380E+00 0.20078E+02 0.69500E+00 0.44763E-02 0.54163E-03 0.55479E-03 0.44581E-02 0.44758E-02 0.00000E+00 0.00000E+00 0.81910E-03      8269859  11/0.20078E+02
 0.79900E+00 0.19165E+02 0.70900E+00 0.11019E-01 0.11129E-02 0.11322E-02 0.10243E-01 0.10269E-01 0.00000E+00 0.00000E+00 0.67415E+00      8269859  10/0.19165E+02
 0.74630E+00 0.18251E+02 0.72300E+00 0.20422E-01 0.14091E-02 0.14420E-02 0.19391E-01 0.19427E-01 0.00000E+00 0.00000E+00 0.70581E+00      8269859  10/0.18251E+02
 0.67180E+00 0.16896E+02 0.74300E+00 0.39838E-01 0.15138E-02 0.15805E-02 0.40068E-01 0.40123E-01 0.00000E+00 0.00000E+00 -.18851E+00      8269859   9/0.16896E+02
 0.59940E+00 0.15504E+02 0.76500E+00 0.75130E-01 0.32306E-02 0.33040E-02 0.70357E-01 0.70430E-01 0.00000E+00 0.00000E+00 0.14546E+01      8269859   8/0.15504E+02
 0.55400E+00 0.14591E+02 0.77800E+00 0.95140E-01 0.39007E-02 0.39606E-02 0.94564E-01 0.94653E-01 0.00000E+00 0.00000E+00 0.12489E+00      8269859   8/0.14591E+02
 0.51040E+00 0.13681E+02 0.79200E+00 0.11854E+00 0.52158E-02 0.52760E-02 0.12111E+00 0.12123E+00 0.00000E+00 0.00000E+00 -.51535E+00      8269859   8/0.13681E+02
 0.46780E+00 0.12761E+02 0.80600E+00 0.14946E+00 0.47828E-02 0.48500E-02 0.14935E+00 0.14947E+00 0.00000E+00 0.00000E+00 -.26585E-02      8269859   7/0.12761E+02
 0.42770E+00 0.11862E+02 0.82000E+00 0.18688E+00 0.59801E-02 0.60556E-02 0.17717E+00 0.17733E+00 0.00000E+00 0.00000E+00 0.15966E+01      8269859   7/0.11862E+02
 0.38860E+00 0.10960E+02 0.83400E+00 0.21630E+00 0.84357E-02 0.85047E-02 0.20459E+00 0.20479E+00 0.00000E+00 0.00000E+00 0.13649E+01      8269859   6/0.10960E+02
 0.34940E+00 0.10021E+02 0.84800E+00 0.22992E+00 0.94265E-02 0.94741E-02 0.23159E+00 0.23177E+00 0.00000E+00 0.00000E+00 -.19710E+00      8269859   6/0.10021E+02
 0.31340E+00 0.91330E+01 0.86100E+00 0.24049E+00 0.10822E-01 0.10888E-01 0.25493E+00 0.25516E+00 0.00000E+00 0.00000E+00 -.13560E+01      8269859   6/0.91330E+01
 0.27760E+00 0.82200E+01 0.87500E+00 0.26620E+00 0.14641E-01 0.14718E-01 0.27611E+00 0.27637E+00 0.00000E+00 0.00000E+00 -.69454E+00      8269859   5/0.82200E+01
 0.24290E+00 0.73060E+01 0.88900E+00 0.25523E+00 0.19652E-01 0.19720E-01 0.29384E+00 0.29414E+00 0.00000E+00 0.00000E+00 -.19800E+01      8269859   4/0.73060E+01
 0.54670E+00 0.27720E+01 0.60000E+00 0.15003E+00 0.45008E-02 0.46508E-02 0.15168E+00 0.15187E+00 0.00000E+00 0.00000E+00 -.40903E+00      8269859   8/0.27720E+01
 0.66960E+00 0.44710E+01 0.61300E+00 0.75941E-01 0.24301E-02 0.25061E-02 0.72774E-01 0.72885E-01 0.00000E+00 0.00000E+00 0.12576E+01      8269859   9/0.44710E+01
 0.55610E+00 0.39740E+01 0.65600E+00 0.12789E+00 0.38368E-02 0.39419E-02 0.13213E+00 0.13229E+00 0.00000E+00 0.00000E+00 -.11464E+01      8269859   8/0.39740E+01
 0.45660E+00 0.34770E+01 0.69900E+00 0.19048E+00 0.55239E-02 0.57207E-02 0.19336E+00 0.19360E+00 0.00000E+00 0.00000E+00 -.56467E+00      8269859   7/0.34770E+01
 0.36870E+00 0.29800E+01 0.74200E+00 0.24575E+00 0.71269E-02 0.73972E-02 0.24231E+00 0.24258E+00 0.00000E+00 0.00000E+00 0.44566E+00      8269859   6/0.29800E+01
 0.76840E+00 0.74430E+01 0.65200E+00 0.27570E-01 0.15715E-02 0.16062E-02 0.26512E-01 0.26574E-01 0.00000E+00 0.00000E+00 0.63400E+00      8269859  10/0.74430E+01
 0.66630E+00 0.67670E+01 0.68400E+00 0.60402E-01 0.24161E-02 0.24706E-02 0.60785E-01 0.60887E-01 0.00000E+00 0.00000E+00 -.20058E+00      8269859   9/0.67670E+01
 0.57320E+00 0.60900E+01 0.71600E+00 0.10877E+00 0.34806E-02 0.35679E-02 0.10770E+00 0.10785E+00 0.00000E+00 0.00000E+00 0.26542E+00      8269859   8/0.60900E+01
 0.48800E+00 0.54130E+01 0.74700E+00 0.15974E+00 0.52714E-02 0.53910E-02 0.16072E+00 0.16092E+00 0.00000E+00 0.00000E+00 -.22373E+00      8269859   7/0.54130E+01
 0.40990E+00 0.47390E+01 0.77900E+00 0.21144E+00 0.61319E-02 0.63186E-02 0.21063E+00 0.21085E+00 0.00000E+00 0.00000E+00 0.96802E-01      8269859   7/0.47390E+01
 0.33190E+00 0.40060E+01 0.81300E+00 0.26041E+00 0.83330E-02 0.85934E-02 0.25416E+00 0.25444E+00 0.00000E+00 0.00000E+00 0.71596E+00      8269859   6/0.40060E+01
 0.78080E+00 0.10277E+02 0.70000E+00 0.19066E-01 0.24214E-02 0.24341E-02 0.18805E-01 0.18851E-01 0.00000E+00 0.00000E+00 0.88838E-01      8269859  10/0.10277E+02
 0.69110E+00 0.94210E+01 0.72500E+00 0.39502E-01 0.35157E-02 0.35338E-02 0.43813E-01 0.43890E-01 0.00000E+00 0.00000E+00 -.12481E+01      8269859   9/0.94210E+01
 0.60740E+00 0.85640E+01 0.75000E+00 0.74260E-01 0.52725E-02 0.53027E-02 0.80149E-01 0.80268E-01 0.00000E+00 0.00000E+00 -.11395E+01      8269859   9/0.85640E+01
 0.52910E+00 0.77080E+01 0.77500E+00 0.13037E+00 0.66487E-02 0.67148E-02 0.12524E+00 0.12541E+00 0.00000E+00 0.00000E+00 0.74515E+00      8269859   8/0.77080E+01
 0.45560E+00 0.68520E+01 0.80000E+00 0.17863E+00 0.80385E-02 0.81372E-02 0.17324E+00 0.17345E+00 0.00000E+00 0.00000E+00 0.64461E+00      8269859   7/0.68520E+01
 0.38660E+00 0.59950E+01 0.82500E+00 0.22467E+00 0.94361E-02 0.95742E-02 0.21817E+00 0.21840E+00 0.00000E+00 0.00000E+00 0.66480E+00      8269859   6/0.59950E+01
 0.32160E+00 0.51390E+01 0.85000E+00 0.27689E+00 0.10522E-01 0.10756E-01 0.25589E+00 0.25617E+00 0.00000E+00 0.00000E+00 0.19692E+01      8269859   6/0.51390E+01
 0.80030E+00 0.13918E+02 0.74000E+00 0.86181E-02 0.17840E-02 0.17887E-02 0.12304E-01 0.12339E-01 0.00000E+00 0.00000E+00 -.20855E+01      8269859  11/0.13918E+02
 0.71930E+00 0.12847E+02 0.76000E+00 0.30011E-01 0.30011E-02 0.30161E-02 0.29777E-01 0.29833E-01 0.00000E+00 0.00000E+00 0.59272E-01      8269859  10/0.12847E+02
 0.64250E+00 0.11777E+02 0.78000E+00 0.56751E-01 0.37456E-02 0.37734E-02 0.57081E-01 0.57171E-01 0.00000E+00 0.00000E+00 -.11209E+00      8269859   9/0.11777E+02
 0.56950E+00 0.10706E+02 0.80000E+00 0.93507E-01 0.57039E-02 0.57383E-02 0.93588E-01 0.93708E-01 0.00000E+00 0.00000E+00 -.35362E-01      8269859   8/0.10706E+02
 0.50010E+00 0.96350E+01 0.82000E+00 0.14627E+00 0.68745E-02 0.69380E-02 0.13649E+00 0.13665E+00 0.00000E+00 0.00000E+00 0.13993E+01      8269859   8/0.96350E+01
 0.43390E+00 0.85650E+01 0.84000E+00 0.16297E+00 0.74968E-02 0.75848E-02 0.18063E+00 0.18085E+00 0.00000E+00 0.00000E+00 -.23848E+01      8269859   7/0.85650E+01
 0.37090E+00 0.74940E+01 0.86000E+00 0.23957E+00 0.10780E-01 0.10918E-01 0.22250E+00 0.22274E+00 0.00000E+00 0.00000E+00 0.15609E+01      8269859   6/0.74940E+01
 0.75620E+00 0.16691E+02 0.78400E+00 0.20389E-01 0.23855E-02 0.23981E-02 0.18146E-01 0.18187E-01 0.00000E+00 0.00000E+00 0.92311E+00      8269859  10/0.16691E+02
 0.68350E+00 0.15407E+02 0.80000E+00 0.38786E-01 0.29865E-02 0.30069E-02 0.37541E-01 0.37605E-01 0.00000E+00 0.00000E+00 0.39549E+00      8269859   9/0.15407E+02
 0.61380E+00 0.14123E+02 0.81700E+00 0.64093E-01 0.38456E-02 0.38722E-02 0.65657E-01 0.65748E-01 0.00000E+00 0.00000E+00 -.43032E+00      8269859   9/0.14123E+02
 0.54680E+00 0.12839E+02 0.83300E+00 0.10519E+00 0.67323E-02 0.67692E-02 0.10152E+00 0.10165E+00 0.00000E+00 0.00000E+00 0.52542E+00      8269859   8/0.12839E+02
 0.48250E+00 0.11555E+02 0.85000E+00 0.13171E+00 0.96147E-02 0.96516E-02 0.14233E+00 0.14249E+00 0.00000E+00 0.00000E+00 -.11214E+01      8269859   7/0.11555E+02
 0.42060E+00 0.10271E+02 0.86700E+00 0.16629E+00 0.12305E-01 0.12361E-01 0.18452E+00 0.18474E+00 0.00000E+00 0.00000E+00 -.14998E+01      8269859   7/0.10271E+02
     4301155
 SLAC 87                                                                                                                 
Plot1@Experiment:SLAC-87 ep DIS@ExtraLabel:SLAC-87 @XTitle: Q^{2} @YTitle: d^{2}#sigma/dxdQ^{2} @Title:0.085<x<0.12
Plot2@Experiment:SLAC-87 ep DIS@ExtraLabel:SLAC-87 @XTitle: Q^{2} @YTitle: d^{2}#sigma/dxdQ^{2} @Title:0.12<x<0.16
Plot3@Experiment:SLAC-87 ep DIS@ExtraLabel:SLAC-87 @XTitle: Q^{2} @YTitle: d^{2}#sigma/dxdQ^{2} @Title:0.16<x<0.2
Plot4@Experiment:SLAC-87 ep DIS@ExtraLabel:SLAC-87 @XTitle: Q^{2} @YTitle: d^{2}#sigma/dxdQ^{2} @Title:0.2<x<0.25
Plot5@Experiment:SLAC-87 ep DIS@ExtraLabel:SLAC-87 @XTitle: Q^{2} @YTitle: d^{2}#sigma/dxdQ^{2} @Title:0.25<x<0.3
Plot6@Experiment:SLAC-87 ep DIS@ExtraLabel:SLAC-87 @XTitle: Q^{2} @YTitle: d^{2}#sigma/dxdQ^{2} @Title:0.3<x<0.4
Plot7@Experiment:SLAC-87 ep DIS@ExtraLabel:SLAC-87 @XTitle: Q^{2} @YTitle: d^{2}#sigma/dxdQ^{2} @Title:0.4<x<0.5
Plot8@Experiment:SLAC-87 ep DIS@ExtraLabel:SLAC-87 @XTitle: Q^{2} @YTitle: d^{2}#sigma/dxdQ^{2} @Title:0.5<x<0.6
Plot9@Experiment:SLAC-87 ep DIS@ExtraLabel:SLAC-87 @XTitle: Q^{2} @YTitle: d^{2}#sigma/dxdQ^{2} @Title:0.6<x<0.7
Plot10@Experiment:SLAC-87 ep DIS@ExtraLabel:SLAC-87 @XTitle: Q^{2} @YTitle: d^{2}#sigma/dxdQ^{2} @Title:0.7<x<0.8
Plot11@Experiment:SLAC-87 ep DIS@ExtraLabel:SLAC-87 @XTitle: Q^{2} @YTitle: d^{2}#sigma/dxdQ^{2} @Title:0.8<x<0.9
 x           Q2          y              data      +- uncor     +- tot     th orig         th mod   therr+         therr-     pull    iset       iplot
 0.74730E+00 0.11771E+02 0.46600E+00 0.25662E-01 0.97515E-03 0.10584E-02 0.24519E-01 0.24672E-01 0.00000E+00 0.00000E+00 0.10150E+01      4301155  10/0.11771E+02
 0.70370E+00 0.11440E+02 0.48100E+00 0.36255E-01 0.83386E-03 0.95853E-03 0.36491E-01 0.36678E-01 0.00000E+00 0.00000E+00 -.50723E+00      4301155  10/0.11440E+02
 0.64740E+00 0.10981E+02 0.50200E+00 0.58319E-01 0.87479E-03 0.10530E-02 0.56633E-01 0.56859E-01 0.00000E+00 0.00000E+00 0.16687E+01      4301155   9/0.10981E+02
 0.60400E+00 0.10599E+02 0.51900E+00 0.77258E-01 0.10044E-02 0.11793E-02 0.76107E-01 0.76337E-01 0.00000E+00 0.00000E+00 0.91743E+00      4301155   9/0.10599E+02
 0.55290E+00 0.10113E+02 0.54100E+00 0.10412E+00 0.19782E-02 0.21082E-02 0.10357E+00 0.10385E+00 0.00000E+00 0.00000E+00 0.13693E+00      4301155   8/0.10113E+02
 0.49810E+00 0.95450E+01 0.56700E+00 0.13622E+00 0.27244E-02 0.28444E-02 0.13797E+00 0.13828E+00 0.00000E+00 0.00000E+00 -.75569E+00      4301155   7/0.95450E+01
 0.44990E+00 0.89970E+01 0.59200E+00 0.17650E+00 0.35300E-02 0.36387E-02 0.17084E+00 0.17116E+00 0.00000E+00 0.00000E+00 0.15118E+01      4301155   7/0.89970E+01
 0.40630E+00 0.84610E+01 0.61600E+00 0.20498E+00 0.43045E-02 0.44248E-02 0.20190E+00 0.20228E+00 0.00000E+00 0.00000E+00 0.62614E+00      4301155   7/0.84610E+01
 0.36850E+00 0.79570E+01 0.63900E+00 0.23098E+00 0.48506E-02 0.49862E-02 0.22862E+00 0.22905E+00 0.00000E+00 0.00000E+00 0.39875E+00      4301155   6/0.79570E+01
 0.33450E+00 0.74720E+01 0.66100E+00 0.24933E+00 0.42385E-02 0.43543E-02 0.25165E+00 0.25203E+00 0.00000E+00 0.00000E+00 -.63828E+00      4301155   6/0.74720E+01
 0.31290E+00 0.71460E+01 0.67600E+00 0.26092E+00 0.65231E-02 0.66060E-02 0.26546E+00 0.26586E+00 0.00000E+00 0.00000E+00 -.75744E+00      4301155   6/0.71460E+01
 0.78440E+00 0.90460E+01 0.41000E+00 0.21256E-01 0.46763E-03 0.64682E-03 0.20183E-01 0.20347E-01 0.00000E+00 0.00000E+00 0.19435E+01      4301155  10/0.90460E+01
 0.73790E+00 0.88190E+01 0.42400E+00 0.30935E-01 0.58776E-03 0.76841E-03 0.31507E-01 0.31697E-01 0.00000E+00 0.00000E+00 -.12965E+01      4301155  10/0.88190E+01
 0.68390E+00 0.85330E+01 0.44300E+00 0.48633E-01 0.10213E-02 0.11763E-02 0.48695E-01 0.48915E-01 0.00000E+00 0.00000E+00 -.27598E+00      4301155   9/0.85330E+01
 0.62820E+00 0.82100E+01 0.46400E+00 0.70918E-01 0.16311E-02 0.17516E-02 0.71380E-01 0.71622E-01 0.00000E+00 0.00000E+00 -.43179E+00      4301155   9/0.82100E+01
 0.57330E+00 0.78610E+01 0.48700E+00 0.10098E+00 0.20196E-02 0.21398E-02 0.99072E-01 0.99334E-01 0.00000E+00 0.00000E+00 0.81603E+00      4301155   8/0.78610E+01
 0.52840E+00 0.75480E+01 0.50700E+00 0.12349E+00 0.20994E-02 0.22263E-02 0.12553E+00 0.12581E+00 0.00000E+00 0.00000E+00 -.11038E+01      4301155   8/0.75480E+01
 0.47620E+00 0.71510E+01 0.53300E+00 0.16073E+00 0.28931E-02 0.30027E-02 0.15980E+00 0.16010E+00 0.00000E+00 0.00000E+00 0.21848E+00      4301155   7/0.71510E+01
 0.42780E+00 0.67430E+01 0.56000E+00 0.18968E+00 0.32246E-02 0.33612E-02 0.19359E+00 0.19395E+00 0.00000E+00 0.00000E+00 -.13232E+01      4301155   7/0.67430E+01
 0.38270E+00 0.63270E+01 0.58700E+00 0.21610E+00 0.36736E-02 0.38292E-02 0.22520E+00 0.22562E+00 0.00000E+00 0.00000E+00 -.25928E+01      4301155   6/0.63270E+01
 0.35210E+00 0.60190E+01 0.60700E+00 0.24180E+00 0.62868E-02 0.63607E-02 0.24586E+00 0.24624E+00 0.00000E+00 0.00000E+00 -.70569E+00      4301155   6/0.60190E+01
 0.72840E+00 0.65520E+01 0.38400E+00 0.41772E-01 0.96076E-03 0.11470E-02 0.40565E-01 0.40795E-01 0.00000E+00 0.00000E+00 0.10172E+01      4301155  10/0.65520E+01
 0.67900E+00 0.63750E+01 0.40000E+00 0.55905E-01 0.11181E-02 0.12760E-02 0.57857E-01 0.58097E-01 0.00000E+00 0.00000E+00 -.19606E+01      4301155   9/0.63750E+01
 0.62570E+00 0.61650E+01 0.42000E+00 0.83600E-01 0.18392E-02 0.19871E-02 0.80570E-01 0.80843E-01 0.00000E+00 0.00000E+00 0.14986E+01      4301155   9/0.61650E+01
 0.56850E+00 0.59140E+01 0.44400E+00 0.11335E+00 0.24937E-02 0.26168E-02 0.11008E+00 0.11037E+00 0.00000E+00 0.00000E+00 0.11957E+01      4301155   8/0.59140E+01
 0.51370E+00 0.56470E+01 0.46900E+00 0.14246E+00 0.29916E-02 0.31114E-02 0.14311E+00 0.14343E+00 0.00000E+00 0.00000E+00 -.32432E+00      4301155   8/0.56470E+01
 0.46040E+00 0.53560E+01 0.49600E+00 0.17689E+00 0.37146E-02 0.38185E-02 0.17866E+00 0.17900E+00 0.00000E+00 0.00000E+00 -.56769E+00      4301155   7/0.53560E+01
 0.41610E+00 0.50880E+01 0.52100E+00 0.21348E+00 0.53370E-02 0.54427E-02 0.20933E+00 0.20973E+00 0.00000E+00 0.00000E+00 0.70337E+00      4301155   7/0.50880E+01
 0.38420E+00 0.48770E+01 0.54100E+00 0.22816E+00 0.22816E-01 0.22845E-01 0.23114E+00 0.23157E+00 0.00000E+00 0.00000E+00 -.14959E+00      4301155   6/0.48770E+01
 0.64440E+00 0.43540E+01 0.36000E+00 0.82959E-01 0.13273E-02 0.15229E-02 0.84222E-01 0.84508E-01 0.00000E+00 0.00000E+00 -.11670E+01      4301155   9/0.43540E+01
 0.59570E+00 0.42300E+01 0.37800E+00 0.10692E+00 0.14969E-02 0.16735E-02 0.10762E+00 0.10790E+00 0.00000E+00 0.00000E+00 -.65696E+00      4301155   8/0.42300E+01
 0.54330E+00 0.40810E+01 0.40000E+00 0.13655E+00 0.17752E-02 0.19551E-02 0.13658E+00 0.13688E+00 0.00000E+00 0.00000E+00 -.18839E+00      4301155   8/0.40810E+01
 0.50470E+00 0.39600E+01 0.41800E+00 0.15630E+00 0.40637E-02 0.41382E-02 0.16025E+00 0.16055E+00 0.00000E+00 0.00000E+00 -.10467E+01      4301155   8/0.39600E+01
 0.86860E+00 0.18648E+02 0.57200E+00 0.37641E-02 0.12798E-03 0.17575E-03 0.36600E-02 0.37042E-02 0.00000E+00 0.00000E+00 0.46809E+00      4301155  11/0.18648E+02
 0.82350E+00 0.18081E+02 0.58500E+00 0.79590E-02 0.20693E-03 0.27107E-03 0.77074E-02 0.77714E-02 0.00000E+00 0.00000E+00 0.90676E+00      4301155  11/0.18081E+02
 0.77030E+00 0.17380E+02 0.60100E+00 0.14896E-01 0.37239E-03 0.44212E-03 0.15451E-01 0.15545E-01 0.00000E+00 0.00000E+00 -.17432E+01      4301155  10/0.17380E+02
 0.71980E+00 0.16676E+02 0.61700E+00 0.26903E-01 0.61876E-03 0.69792E-03 0.26521E-01 0.26641E-01 0.00000E+00 0.00000E+00 0.42345E+00      4301155  10/0.16676E+02
 0.66850E+00 0.15922E+02 0.63500E+00 0.42928E-01 0.94441E-03 0.10374E-02 0.42166E-01 0.42325E-01 0.00000E+00 0.00000E+00 0.63783E+00      4301155   9/0.15922E+02
 0.61680E+00 0.15118E+02 0.65300E+00 0.65314E-01 0.13716E-02 0.14677E-02 0.62970E-01 0.63160E-01 0.00000E+00 0.00000E+00 0.15704E+01      4301155   9/0.15118E+02
 0.56450E+00 0.14256E+02 0.67300E+00 0.91618E-01 0.19240E-02 0.20281E-02 0.89338E-01 0.89574E-01 0.00000E+00 0.00000E+00 0.10625E+01      4301155   8/0.14256E+02
 0.51640E+00 0.13415E+02 0.69200E+00 0.11842E+00 0.24867E-02 0.25862E-02 0.11795E+00 0.11822E+00 0.00000E+00 0.00000E+00 0.77973E-01      4301155   8/0.13415E+02
 0.47140E+00 0.12583E+02 0.71100E+00 0.15031E+00 0.33068E-02 0.33911E-02 0.14771E+00 0.14799E+00 0.00000E+00 0.00000E+00 0.70250E+00      4301155   7/0.12583E+02
 0.43650E+00 0.11905E+02 0.72700E+00 0.16719E+00 0.45141E-02 0.45908E-02 0.17208E+00 0.17240E+00 0.00000E+00 0.00000E+00 -.11551E+01      4301155   7/0.11905E+02
 0.41180E+00 0.11409E+02 0.73800E+00 0.21594E+00 0.21162E-01 0.21190E-01 0.18967E+00 0.19002E+00 0.00000E+00 0.00000E+00 0.12247E+01      4301155   7/0.11409E+02
 0.85540E+00 0.15910E+02 0.55000E+00 0.54831E-02 0.16449E-03 0.22878E-03 0.52444E-02 0.53018E-02 0.00000E+00 0.00000E+00 0.11017E+01      4301155  11/0.15910E+02
 0.80920E+00 0.15425E+02 0.56400E+00 0.10396E-01 0.25990E-03 0.33943E-03 0.10428E-01 0.10510E-01 0.00000E+00 0.00000E+00 -.43969E+00      4301155  11/0.15425E+02
 0.75290E+00 0.14801E+02 0.58100E+00 0.20074E-01 0.48178E-03 0.56814E-03 0.20344E-01 0.20460E-01 0.00000E+00 0.00000E+00 -.80002E+00      4301155  10/0.14801E+02
 0.70200E+00 0.14202E+02 0.59800E+00 0.33039E-01 0.72686E-03 0.81265E-03 0.33441E-01 0.33580E-01 0.00000E+00 0.00000E+00 -.74432E+00      4301155  10/0.14202E+02
 0.65060E+00 0.13561E+02 0.61600E+00 0.50734E-01 0.11162E-02 0.12059E-02 0.51264E-01 0.51438E-01 0.00000E+00 0.00000E+00 -.63073E+00      4301155   9/0.13561E+02
 0.59890E+00 0.12876E+02 0.63600E+00 0.72522E-01 0.15230E-02 0.16297E-02 0.74281E-01 0.74505E-01 0.00000E+00 0.00000E+00 -.13023E+01      4301155   8/0.12876E+02
 0.54740E+00 0.12150E+02 0.65600E+00 0.10319E+00 0.20638E-02 0.21546E-02 0.10225E+00 0.10248E+00 0.00000E+00 0.00000E+00 0.34231E+00      4301155   8/0.12150E+02
 0.48980E+00 0.11278E+02 0.68100E+00 0.13863E+00 0.22181E-02 0.23239E-02 0.13864E+00 0.13890E+00 0.00000E+00 0.00000E+00 -.12156E+00      4301155   7/0.11278E+02
 0.45700E+00 0.10752E+02 0.69600E+00 0.15964E+00 0.19156E-02 0.20753E-02 0.16107E+00 0.16137E+00 0.00000E+00 0.00000E+00 -.90533E+00      4301155   7/0.10752E+02
 0.43230E+00 0.10342E+02 0.70800E+00 0.17969E+00 0.57499E-02 0.58197E-02 0.17842E+00 0.17875E+00 0.00000E+00 0.00000E+00 0.16227E+00      4301155   7/0.10342E+02
 0.81950E+00 0.11887E+02 0.51500E+00 0.10493E-01 0.37776E-03 0.44272E-03 0.11059E-01 0.11151E-01 0.00000E+00 0.00000E+00 -.17410E+01      4301155  11/0.11887E+02
 0.77420E+00 0.11539E+02 0.52900E+00 0.18831E-01 0.48960E-03 0.58497E-03 0.18928E-01 0.19049E-01 0.00000E+00 0.00000E+00 -.44598E+00      4301155  10/0.11539E+02
 0.72320E+00 0.11124E+02 0.54600E+00 0.31757E-01 0.79393E-03 0.89486E-03 0.31312E-01 0.31466E-01 0.00000E+00 0.00000E+00 0.36701E+00      4301155  10/0.11124E+02
 0.66960E+00 0.10658E+02 0.56500E+00 0.47889E-01 0.11014E-02 0.12010E-02 0.48889E-01 0.49073E-01 0.00000E+00 0.00000E+00 -.10754E+01      4301155   9/0.10658E+02
 0.61680E+00 0.10166E+02 0.58500E+00 0.71861E-01 0.15091E-02 0.16149E-02 0.71278E-01 0.71493E-01 0.00000E+00 0.00000E+00 0.24360E+00      4301155   9/0.10166E+02
 0.56600E+00 0.96580E+01 0.60600E+00 0.98530E-01 0.19706E-02 0.20878E-02 0.97854E-01 0.98113E-01 0.00000E+00 0.00000E+00 0.21187E+00      4301155   8/0.96580E+01
 0.51520E+00 0.91140E+01 0.62800E+00 0.13180E+00 0.27679E-02 0.28786E-02 0.12849E+00 0.12878E+00 0.00000E+00 0.00000E+00 0.10919E+01      4301155   8/0.91140E+01
 0.47870E+00 0.86970E+01 0.64500E+00 0.14409E+00 0.76369E-02 0.76708E-02 0.15258E+00 0.15287E+00 0.00000E+00 0.00000E+00 -.11490E+01      4301155   7/0.86970E+01
 0.77860E+00 0.88070E+01 0.48200E+00 0.21993E-01 0.52784E-03 0.64685E-03 0.21700E-01 0.21840E-01 0.00000E+00 0.00000E+00 0.29150E+00      4301155  10/0.88070E+01
 0.72660E+00 0.85130E+01 0.50000E+00 0.36254E-01 0.72508E-03 0.86479E-03 0.35191E-01 0.35363E-01 0.00000E+00 0.00000E+00 0.12284E+01      4301155  10/0.85130E+01
 0.67350E+00 0.81910E+01 0.51900E+00 0.54850E-01 0.10421E-02 0.11777E-02 0.53278E-01 0.53479E-01 0.00000E+00 0.00000E+00 0.13152E+01      4301155   9/0.81910E+01
 0.62090E+00 0.78460E+01 0.53900E+00 0.78386E-01 0.14109E-02 0.15440E-02 0.75888E-01 0.76117E-01 0.00000E+00 0.00000E+00 0.16079E+01      4301155   9/0.78460E+01
 0.57250E+00 0.75050E+01 0.55900E+00 0.10167E+00 0.24402E-02 0.25419E-02 0.10099E+00 0.10126E+00 0.00000E+00 0.00000E+00 0.17057E+00      4301155   8/0.75050E+01
 0.53430E+00 0.72160E+01 0.57600E+00 0.13156E+00 0.81564E-02 0.81945E-02 0.12353E+00 0.12381E+00 0.00000E+00 0.00000E+00 0.94912E+00      4301155   8/0.72160E+01
 0.87620E+00 0.20416E+02 0.68900E+00 0.30438E-02 0.12479E-03 0.15286E-03 0.29542E-02 0.29866E-02 0.00000E+00 0.00000E+00 0.45821E+00      4301155  11/0.20416E+02
 0.83280E+00 0.19709E+02 0.70000E+00 0.62948E-02 0.19514E-03 0.23223E-03 0.62962E-02 0.63437E-02 0.00000E+00 0.00000E+00 -.25056E+00      4301155  11/0.19709E+02
 0.77970E+00 0.18813E+02 0.71400E+00 0.13413E-01 0.37556E-03 0.42605E-03 0.13143E-01 0.13217E-01 0.00000E+00 0.00000E+00 0.52115E+00      4301155  10/0.18813E+02
 0.73210E+00 0.17978E+02 0.72600E+00 0.22506E-01 0.65269E-03 0.70636E-03 0.22592E-01 0.22695E-01 0.00000E+00 0.00000E+00 -.28818E+00      4301155  10/0.17978E+02
 0.67490E+00 0.16935E+02 0.74200E+00 0.37778E-01 0.10200E-02 0.10752E-02 0.39019E-01 0.39152E-01 0.00000E+00 0.00000E+00 -.13469E+01      4301155   9/0.16935E+02
 0.61930E+00 0.15878E+02 0.75800E+00 0.61958E-01 0.14870E-02 0.15674E-02 0.61009E-01 0.61193E-01 0.00000E+00 0.00000E+00 0.51486E+00      4301155   9/0.15878E+02
 0.56660E+00 0.14832E+02 0.77400E+00 0.88195E-01 0.23813E-02 0.24394E-02 0.87489E-01 0.87687E-01 0.00000E+00 0.00000E+00 0.21350E+00      4301155   8/0.14832E+02
 0.52300E+00 0.13932E+02 0.78800E+00 0.10968E+00 0.29615E-02 0.30337E-02 0.11317E+00 0.11343E+00 0.00000E+00 0.00000E+00 -.12652E+01      4301155   8/0.13932E+02
 0.48130E+00 0.13042E+02 0.80100E+00 0.14337E+00 0.40142E-02 0.40803E-02 0.14023E+00 0.14047E+00 0.00000E+00 0.00000E+00 0.72206E+00      4301155   7/0.13042E+02
 0.46020E+00 0.12579E+02 0.80800E+00 0.14926E+00 0.85080E-02 0.85420E-02 0.15458E+00 0.15484E+00 0.00000E+00 0.00000E+00 -.65574E+00      4301155   7/0.12579E+02
 0.85160E+00 0.15709E+02 0.65500E+00 0.57475E-02 0.18392E-03 0.22990E-03 0.56237E-02 0.56747E-02 0.00000E+00 0.00000E+00 0.39570E+00      4301155  11/0.15709E+02
 0.80260E+00 0.15105E+02 0.66800E+00 0.11658E-01 0.27979E-03 0.34288E-03 0.11405E-01 0.11478E-01 0.00000E+00 0.00000E+00 0.64201E+00      4301155  11/0.15105E+02
 0.75230E+00 0.14458E+02 0.68300E+00 0.19898E-01 0.45766E-03 0.52571E-03 0.20569E-01 0.20670E-01 0.00000E+00 0.00000E+00 -.16871E+01      4301155  10/0.14458E+02
 0.69600E+00 0.13703E+02 0.69900E+00 0.36064E-01 0.90160E-03 0.97106E-03 0.35585E-01 0.35719E-01 0.00000E+00 0.00000E+00 0.38243E+00      4301155   9/0.13703E+02
 0.64150E+00 0.12935E+02 0.71600E+00 0.55031E-01 0.12657E-02 0.13401E-02 0.55645E-01 0.55813E-01 0.00000E+00 0.00000E+00 -.61757E+00      4301155   9/0.12935E+02
 0.58740E+00 0.12133E+02 0.73400E+00 0.80612E-01 0.17735E-02 0.18611E-02 0.81271E-01 0.81486E-01 0.00000E+00 0.00000E+00 -.49272E+00      4301155   8/0.12133E+02
 0.53860E+00 0.11377E+02 0.75000E+00 0.10921E+00 0.26211E-02 0.27039E-02 0.10898E+00 0.10920E+00 0.00000E+00 0.00000E+00 0.29159E-02      4301155   8/0.11377E+02
 0.49560E+00 0.10682E+02 0.76500E+00 0.13957E+00 0.44662E-02 0.45225E-02 0.13631E+00 0.13654E+00 0.00000E+00 0.00000E+00 0.67805E+00      4301155   7/0.10682E+02
 0.81080E+00 0.11074E+02 0.61200E+00 0.12586E-01 0.41533E-03 0.47310E-03 0.12906E-01 0.12994E-01 0.00000E+00 0.00000E+00 -.98297E+00      4301155  11/0.11074E+02
 0.76970E+00 0.10723E+02 0.62500E+00 0.20863E-01 0.68848E-03 0.74787E-03 0.20613E-01 0.20722E-01 0.00000E+00 0.00000E+00 0.20498E+00      4301155  10/0.10723E+02
 0.71200E+00 0.10206E+02 0.64300E+00 0.36832E-01 0.99447E-03 0.10605E-02 0.35766E-01 0.35901E-01 0.00000E+00 0.00000E+00 0.93611E+00      4301155  10/0.10206E+02
 0.64900E+00 0.96070E+01 0.66400E+00 0.57758E-01 0.13862E-02 0.14612E-02 0.59016E-01 0.59195E-01 0.00000E+00 0.00000E+00 -.10362E+01      4301155   9/0.96070E+01
 0.59000E+00 0.90090E+01 0.68500E+00 0.85445E-01 0.21361E-02 0.22199E-02 0.87202E-01 0.87413E-01 0.00000E+00 0.00000E+00 -.92100E+00      4301155   8/0.90090E+01
 0.53440E+00 0.84100E+01 0.70600E+00 0.11762E+00 0.30582E-02 0.31407E-02 0.11939E+00 0.11964E+00 0.00000E+00 0.00000E+00 -.65880E+00      4301155   8/0.84100E+01
 0.73520E+00 0.67290E+01 0.56100E+00 0.38200E-01 0.76401E-03 0.87194E-03 0.37598E-01 0.37754E-01 0.00000E+00 0.00000E+00 0.58403E+00      4301155  10/0.67290E+01
 0.68630E+00 0.64700E+01 0.57700E+00 0.55031E-01 0.12657E-02 0.13603E-02 0.54580E-01 0.54753E-01 0.00000E+00 0.00000E+00 0.21958E+00      4301155   9/0.64700E+01
 0.63670E+00 0.61920E+01 0.59600E+00 0.74570E-01 0.19388E-02 0.20092E-02 0.75749E-01 0.75932E-01 0.00000E+00 0.00000E+00 -.70249E+00      4301155   9/0.61920E+01
 0.59940E+00 0.59700E+01 0.61000E+00 0.84541E-01 0.10399E-01 0.10416E-01 0.94387E-01 0.94615E-01 0.00000E+00 0.00000E+00 -.96873E+00      4301155   8/0.59700E+01
 0.83140E+00 0.17948E+02 0.76700E+00 0.69005E-02 0.39333E-03 0.41253E-03 0.68352E-02 0.68801E-02 0.00000E+00 0.00000E+00 0.51929E-01      4301155  11/0.17948E+02
 0.75560E+00 0.16666E+02 0.78300E+00 0.18134E-01 0.65283E-03 0.68839E-03 0.18279E-01 0.18358E-01 0.00000E+00 0.00000E+00 -.34287E+00      4301155  10/0.16666E+02
 0.68290E+00 0.15384E+02 0.80000E+00 0.37434E-01 0.11979E-02 0.12449E-02 0.37753E-01 0.37873E-01 0.00000E+00 0.00000E+00 -.36685E+00      4301155   9/0.15384E+02
 0.61320E+00 0.14102E+02 0.81700E+00 0.65971E-01 0.19791E-02 0.20334E-02 0.65955E-01 0.66114E-01 0.00000E+00 0.00000E+00 -.72223E-01      4301155   9/0.14102E+02
 0.54640E+00 0.12820E+02 0.83300E+00 0.10392E+00 0.31177E-02 0.31812E-02 0.10178E+00 0.10199E+00 0.00000E+00 0.00000E+00 0.62051E+00      4301155   8/0.12820E+02
 0.79990E+00 0.13883E+02 0.74000E+00 0.12985E-01 0.46746E-03 0.50658E-03 0.12384E-01 0.12451E-01 0.00000E+00 0.00000E+00 0.11419E+01      4301155  10/0.13883E+02
 0.71890E+00 0.12815E+02 0.76000E+00 0.30146E-01 0.87424E-03 0.92525E-03 0.29920E-01 0.30026E-01 0.00000E+00 0.00000E+00 0.13778E+00      4301155  10/0.12815E+02
 0.64210E+00 0.11747E+02 0.78000E+00 0.58904E-01 0.17082E-02 0.17730E-02 0.57296E-01 0.57456E-01 0.00000E+00 0.00000E+00 0.84769E+00      4301155   9/0.11747E+02
 0.56920E+00 0.10679E+02 0.80000E+00 0.92150E-01 0.27645E-02 0.28208E-02 0.93810E-01 0.94002E-01 0.00000E+00 0.00000E+00 -.66993E+00      4301155   8/0.10679E+02
 0.78060E+00 0.10252E+02 0.70000E+00 0.19151E-01 0.65113E-03 0.69736E-03 0.18874E-01 0.18963E-01 0.00000E+00 0.00000E+00 0.28906E+00      4301155  10/0.10252E+02
 0.69090E+00 0.93980E+01 0.72500E+00 0.42195E-01 0.12658E-02 0.13223E-02 0.43927E-01 0.44067E-01 0.00000E+00 0.00000E+00 -.14790E+01      4301155   9/0.93980E+01
 0.60710E+00 0.85430E+01 0.75000E+00 0.86069E-01 0.24960E-02 0.25691E-02 0.80359E-01 0.80553E-01 0.00000E+00 0.00000E+00 0.22097E+01      4301155   9/0.85430E+01
 0.52880E+00 0.76890E+01 0.77500E+00 0.11904E+00 0.46426E-02 0.46987E-02 0.12549E+00 0.12575E+00 0.00000E+00 0.00000E+00 -.14454E+01      4301155   8/0.76890E+01
     9387943
 SLAC 89b                                                                                                                
Plot1@Experiment:SLAC-89b ep DIS@ExtraLabel:SLAC-89b @XTitle: Q^{2} @YTitle: d^{2}#sigma/dxdQ^{2} @Title:0.085<x<0.12
Plot2@Experiment:SLAC-89b ep DIS@ExtraLabel:SLAC-89b @XTitle: Q^{2} @YTitle: d^{2}#sigma/dxdQ^{2} @Title:0.12<x<0.16
Plot3@Experiment:SLAC-89b ep DIS@ExtraLabel:SLAC-89b @XTitle: Q^{2} @YTitle: d^{2}#sigma/dxdQ^{2} @Title:0.16<x<0.2
Plot4@Experiment:SLAC-89b ep DIS@ExtraLabel:SLAC-89b @XTitle: Q^{2} @YTitle: d^{2}#sigma/dxdQ^{2} @Title:0.2<x<0.25
Plot5@Experiment:SLAC-89b ep DIS@ExtraLabel:SLAC-89b @XTitle: Q^{2} @YTitle: d^{2}#sigma/dxdQ^{2} @Title:0.25<x<0.3
Plot6@Experiment:SLAC-89b ep DIS@ExtraLabel:SLAC-89b @XTitle: Q^{2} @YTitle: d^{2}#sigma/dxdQ^{2} @Title:0.3<x<0.4
Plot7@Experiment:SLAC-89b ep DIS@ExtraLabel:SLAC-89b @XTitle: Q^{2} @YTitle: d^{2}#sigma/dxdQ^{2} @Title:0.4<x<0.5
Plot8@Experiment:SLAC-89b ep DIS@ExtraLabel:SLAC-89b @XTitle: Q^{2} @YTitle: d^{2}#sigma/dxdQ^{2} @Title:0.5<x<0.6
Plot9@Experiment:SLAC-89b ep DIS@ExtraLabel:SLAC-89b @XTitle: Q^{2} @YTitle: d^{2}#sigma/dxdQ^{2} @Title:0.6<x<0.7
Plot10@Experiment:SLAC-89b ep DIS@ExtraLabel:SLAC-89b @XTitle: Q^{2} @YTitle: d^{2}#sigma/dxdQ^{2} @Title:0.7<x<0.8
Plot11@Experiment:SLAC-89b ep DIS@ExtraLabel:SLAC-89b @XTitle: Q^{2} @YTitle: d^{2}#sigma/dxdQ^{2} @Title:0.8<x<0.9
 x           Q2          y              data      +- uncor     +- tot     th orig         th mod   therr+         therr-     pull    iset       iplot
 0.59790E+00 0.35000E+01 0.16000E+00 0.11502E+00 0.25305E-02 0.32124E-02 0.11363E+00 0.11288E+00 0.00000E+00 0.00000E+00 0.84655E+00      9387943   8/0.35000E+01
 0.54850E+00 0.34500E+01 0.17200E+00 0.13868E+00 0.26350E-02 0.33457E-02 0.13935E+00 0.13866E+00 0.00000E+00 0.00000E+00 0.10706E-01      9387943   8/0.34500E+01
 0.49360E+00 0.33850E+01 0.18700E+00 0.17752E+00 0.33728E-02 0.40674E-02 0.17208E+00 0.17150E+00 0.00000E+00 0.00000E+00 0.17841E+01      9387943   7/0.33850E+01
 0.44050E+00 0.33100E+01 0.20500E+00 0.20913E+00 0.35552E-02 0.42807E-02 0.20730E+00 0.20669E+00 0.00000E+00 0.00000E+00 0.68456E+00      9387943   7/0.33100E+01
 0.37150E+00 0.31890E+01 0.23500E+00 0.25368E+00 0.40589E-02 0.48994E-02 0.25438E+00 0.25378E+00 0.00000E+00 0.00000E+00 -.23601E-01      9387943   6/0.31890E+01
 0.31310E+00 0.30550E+01 0.26700E+00 0.28413E+00 0.45461E-02 0.54580E-02 0.29083E+00 0.28996E+00 0.00000E+00 0.00000E+00 -.12812E+01      9387943   6/0.30550E+01
 0.25540E+00 0.28820E+01 0.30800E+00 0.31702E+00 0.50723E-02 0.59647E-02 0.31931E+00 0.31831E+00 0.00000E+00 0.00000E+00 -.25438E+00      9387943   5/0.28820E+01
 0.18450E+00 0.25760E+01 0.38200E+00 0.33233E+00 0.63144E-02 0.68270E-02 0.33968E+00 0.33874E+00 0.00000E+00 0.00000E+00 -.10144E+01      9387943   3/0.25760E+01
 0.77010E+00 0.81940E+01 0.29100E+00 0.24348E-01 0.77913E-03 0.10336E-02 0.24907E-01 0.24558E-01 0.00000E+00 0.00000E+00 -.26949E+00      9387943  10/0.81940E+01
 0.71850E+00 0.80270E+01 0.30500E+00 0.37025E-01 0.85158E-03 0.11346E-02 0.39006E-01 0.38629E-01 0.00000E+00 0.00000E+00 -.18836E+01      9387943  10/0.80270E+01
 0.66980E+00 0.78520E+01 0.32000E+00 0.55193E-01 0.11039E-02 0.14329E-02 0.55781E-01 0.55364E-01 0.00000E+00 0.00000E+00 -.15436E+00      9387943   9/0.78520E+01
 0.61010E+00 0.76140E+01 0.34100E+00 0.80879E-01 0.13749E-02 0.17081E-02 0.81463E-01 0.81023E-01 0.00000E+00 0.00000E+00 -.10502E+00      9387943   9/0.76140E+01
 0.53090E+00 0.72450E+01 0.37300E+00 0.12537E+00 0.17552E-02 0.21166E-02 0.12498E+00 0.12449E+00 0.00000E+00 0.00000E+00 0.50142E+00      9387943   8/0.72450E+01
 0.42160E+00 0.66060E+01 0.42800E+00 0.19287E+00 0.28930E-02 0.32099E-02 0.19939E+00 0.19881E+00 0.00000E+00 0.00000E+00 -.20564E+01      9387943   7/0.66060E+01
 0.34960E+00 0.60710E+01 0.47500E+00 0.24669E+00 0.37004E-02 0.40536E-02 0.25043E+00 0.24969E+00 0.00000E+00 0.00000E+00 -.80849E+00      9387943   6/0.60710E+01
 0.26050E+00 0.52230E+01 0.54800E+00 0.29333E+00 0.43999E-02 0.85570E-02 0.30414E+00 0.30003E+00 0.00000E+00 0.00000E+00 -.15229E+01      9387943   5/0.52230E+01
 0.17260E+00 0.40840E+01 0.64700E+00 0.32756E+00 0.49135E-02 0.95557E-02 0.33262E+00 0.32806E+00 0.00000E+00 0.00000E+00 -.99936E-01      9387943   3/0.40840E+01
 0.75070E+00 0.73350E+01 0.39200E+00 0.31317E-01 0.59503E-03 0.86393E-03 0.31692E-01 0.31347E-01 0.00000E+00 0.00000E+00 -.49981E-01      9387943  10/0.73350E+01
 0.70400E+00 0.71490E+01 0.40700E+00 0.45680E-01 0.73087E-03 0.10336E-02 0.46118E-01 0.45716E-01 0.00000E+00 0.00000E+00 -.49336E-01      9387943  10/0.71490E+01
 0.66000E+00 0.69610E+01 0.42300E+00 0.63784E-01 0.10205E-02 0.13561E-02 0.62620E-01 0.62142E-01 0.00000E+00 0.00000E+00 0.16087E+01      9387943   9/0.69610E+01
 0.61600E+00 0.67570E+01 0.43900E+00 0.82425E-01 0.13188E-02 0.16992E-02 0.82233E-01 0.81651E-01 0.00000E+00 0.00000E+00 0.58707E+00      9387943   9/0.67570E+01
 0.53600E+00 0.63410E+01 0.47400E+00 0.12493E+00 0.18739E-02 0.24030E-02 0.12617E+00 0.12533E+00 0.00000E+00 0.00000E+00 -.21537E+00      9387943   8/0.63410E+01
 0.42570E+00 0.56480E+01 0.53200E+00 0.19954E+00 0.27935E-02 0.35750E-02 0.20000E+00 0.19876E+00 0.00000E+00 0.00000E+00 0.27748E+00      9387943   7/0.56480E+01
 0.35300E+00 0.50900E+01 0.57800E+00 0.24918E+00 0.34885E-02 0.44644E-02 0.24937E+00 0.24782E+00 0.00000E+00 0.00000E+00 0.38931E+00      9387943   6/0.50900E+01
 0.26320E+00 0.42520E+01 0.64700E+00 0.29375E+00 0.47000E-02 0.50624E-02 0.29892E+00 0.29799E+00 0.00000E+00 0.00000E+00 -.90138E+00      9387943   5/0.42520E+01
 0.17440E+00 0.31980E+01 0.73500E+00 0.34278E+00 0.75411E-02 0.79210E-02 0.31879E+00 0.31777E+00 0.00000E+00 0.00000E+00 0.33167E+01      9387943   3/0.31980E+01
 0.80220E+00 0.10118E+02 0.42000E+00 0.15495E-01 0.41837E-03 0.56061E-03 0.15405E-01 0.15207E-01 0.00000E+00 0.00000E+00 0.68881E+00      9387943  11/0.10118E+02
 0.75970E+00 0.98850E+01 0.43300E+00 0.24548E-01 0.54005E-03 0.69951E-03 0.24249E-01 0.24016E-01 0.00000E+00 0.00000E+00 0.98492E+00      9387943  10/0.98850E+01
 0.68970E+00 0.94690E+01 0.45700E+00 0.44091E-01 0.83772E-03 0.10961E-02 0.44582E-01 0.44198E-01 0.00000E+00 0.00000E+00 -.12755E+00      9387943   9/0.94690E+01
 0.60670E+00 0.89120E+01 0.48900E+00 0.79132E-01 0.12661E-02 0.16333E-02 0.79032E-01 0.78481E-01 0.00000E+00 0.00000E+00 0.51454E+00      9387943   9/0.89120E+01
 0.52900E+00 0.83140E+01 0.52300E+00 0.12346E+00 0.19754E-02 0.24692E-02 0.12246E+00 0.12166E+00 0.00000E+00 0.00000E+00 0.90991E+00      9387943   8/0.83140E+01
 0.42120E+00 0.73320E+01 0.58000E+00 0.19548E+00 0.31276E-02 0.38005E-02 0.19569E+00 0.19450E+00 0.00000E+00 0.00000E+00 0.31220E+00      9387943   7/0.73320E+01
 0.34990E+00 0.65580E+01 0.62400E+00 0.24930E+00 0.44874E-02 0.52826E-02 0.24516E+00 0.24364E+00 0.00000E+00 0.00000E+00 0.12603E+01      9387943   6/0.65580E+01
 0.26160E+00 0.54160E+01 0.69000E+00 0.29609E+00 0.50336E-02 0.53215E-02 0.29652E+00 0.29562E+00 0.00000E+00 0.00000E+00 0.93999E-01      9387943   5/0.54160E+01
 0.17390E+00 0.40180E+01 0.77000E+00 0.31683E+00 0.60198E-02 0.68467E-02 0.32125E+00 0.31952E+00 0.00000E+00 0.00000E+00 -.44657E+00      9387943   3/0.40180E+01
 0.82040E+00 0.13908E+02 0.46300E+00 0.97270E-02 0.30154E-03 0.39463E-03 0.97418E-02 0.96068E-02 0.00000E+00 0.00000E+00 0.39888E+00      9387943  11/0.13908E+02
 0.78700E+00 0.13640E+02 0.47400E+00 0.14997E-01 0.37492E-03 0.49170E-03 0.14861E-01 0.14696E-01 0.00000E+00 0.00000E+00 0.80238E+00      9387943  10/0.13640E+02
 0.74880E+00 0.13318E+02 0.48600E+00 0.22546E-01 0.45092E-03 0.59566E-03 0.22559E-01 0.22356E-01 0.00000E+00 0.00000E+00 0.42106E+00      9387943  10/0.13318E+02
 0.67470E+00 0.12643E+02 0.51200E+00 0.44644E-01 0.80360E-03 0.96992E-03 0.43951E-01 0.43672E-01 0.00000E+00 0.00000E+00 0.12096E+01      9387943   9/0.12643E+02
 0.59620E+00 0.11844E+02 0.54300E+00 0.77915E-01 0.14025E-02 0.17318E-02 0.77300E-01 0.76761E-01 0.00000E+00 0.00000E+00 0.82338E+00      9387943   8/0.11844E+02
 0.52050E+00 0.10978E+02 0.57600E+00 0.12054E+00 0.20492E-02 0.24437E-02 0.12028E+00 0.11958E+00 0.00000E+00 0.00000E+00 0.46999E+00      9387943   8/0.10978E+02
 0.41510E+00 0.95760E+01 0.63000E+00 0.19439E+00 0.31102E-02 0.37794E-02 0.19297E+00 0.19179E+00 0.00000E+00 0.00000E+00 0.83562E+00      9387943   7/0.95760E+01
 0.22190E+00 0.61820E+01 0.76100E+00 0.30727E+00 0.52236E-02 0.55819E-02 0.31122E+00 0.31025E+00 0.00000E+00 0.00000E+00 -.56946E+00      9387943   4/0.61820E+01
 0.17170E+00 0.50560E+01 0.80500E+00 0.32501E+00 0.65002E-02 0.73109E-02 0.32341E+00 0.32166E+00 0.00000E+00 0.00000E+00 0.51451E+00      9387943   3/0.50560E+01
 0.71800E+00 0.60310E+01 0.43000E+00 0.44182E-01 0.11046E-02 0.13144E-02 0.45875E-01 0.45467E-01 0.00000E+00 0.00000E+00 -.11627E+01      9387943  10/0.60310E+01
 0.65360E+00 0.57850E+01 0.45400E+00 0.69099E-01 0.24185E-02 0.25836E-02 0.70616E-01 0.70102E-01 0.00000E+00 0.00000E+00 -.41470E+00      9387943   9/0.57850E+01
 0.61480E+00 0.56250E+01 0.46900E+00 0.89445E-01 0.27728E-02 0.29854E-02 0.88553E-01 0.87948E-01 0.00000E+00 0.00000E+00 0.53999E+00      9387943   9/0.56250E+01
 0.54440E+00 0.53030E+01 0.49900E+00 0.12659E+00 0.27850E-02 0.31368E-02 0.12717E+00 0.12637E+00 0.00000E+00 0.00000E+00 0.79492E-01      9387943   8/0.53030E+01
 0.43190E+00 0.46930E+01 0.55700E+00 0.20022E+00 0.46051E-02 0.48261E-02 0.20079E+00 0.20005E+00 0.00000E+00 0.00000E+00 0.37409E-01      9387943   7/0.46930E+01
 0.35780E+00 0.42070E+01 0.60300E+00 0.25629E+00 0.48695E-02 0.51386E-02 0.24921E+00 0.24843E+00 0.00000E+00 0.00000E+00 0.16138E+01      9387943   6/0.42070E+01
 0.26650E+00 0.34880E+01 0.67100E+00 0.29543E+00 0.53177E-02 0.57133E-02 0.29576E+00 0.29481E+00 0.00000E+00 0.00000E+00 0.11633E+00      9387943   5/0.34880E+01
 0.17640E+00 0.25980E+01 0.75500E+00 0.31608E+00 0.72698E-02 0.80336E-02 0.30925E+00 0.30755E+00 0.00000E+00 0.00000E+00 0.11734E+01      9387943   3/0.25980E+01
 0.78660E+00 0.92010E+01 0.46900E+00 0.18937E-01 0.45450E-03 0.60422E-03 0.19473E-01 0.19249E-01 0.00000E+00 0.00000E+00 -.68506E+00      9387943  10/0.92010E+01
 0.74730E+00 0.89790E+01 0.48100E+00 0.28224E-01 0.70560E-03 0.86992E-03 0.28665E-01 0.28382E-01 0.00000E+00 0.00000E+00 -.22334E+00      9387943  10/0.89790E+01
 0.68980E+00 0.86330E+01 0.50100E+00 0.45528E-01 0.81951E-03 0.10677E-02 0.46358E-01 0.45975E-01 0.00000E+00 0.00000E+00 -.54457E+00      9387943   9/0.86330E+01
 0.60950E+00 0.80980E+01 0.53200E+00 0.80317E-01 0.15260E-02 0.18120E-02 0.80281E-01 0.79740E-01 0.00000E+00 0.00000E+00 0.37801E+00      9387943   9/0.80980E+01
 0.53280E+00 0.75210E+01 0.56600E+00 0.12247E+00 0.19595E-02 0.23905E-02 0.12317E+00 0.12240E+00 0.00000E+00 0.00000E+00 0.32902E-01      9387943   8/0.75210E+01
 0.42430E+00 0.65710E+01 0.62100E+00 0.19513E+00 0.33173E-02 0.39943E-02 0.19602E+00 0.19479E+00 0.00000E+00 0.00000E+00 0.10344E+00      9387943   7/0.65710E+01
 0.35270E+00 0.58360E+01 0.66300E+00 0.24444E+00 0.43998E-02 0.46699E-02 0.24441E+00 0.24365E+00 0.00000E+00 0.00000E+00 0.17959E+00      9387943   6/0.58360E+01
 0.26400E+00 0.47730E+01 0.72400E+00 0.29353E+00 0.58707E-02 0.62268E-02 0.29362E+00 0.29268E+00 0.00000E+00 0.00000E+00 0.14586E+00      9387943   5/0.47730E+01
 0.17570E+00 0.34990E+01 0.79800E+00 0.31902E+00 0.76565E-02 0.83982E-02 0.31440E+00 0.31268E+00 0.00000E+00 0.00000E+00 0.82855E+00      9387943   3/0.34990E+01
 0.81850E+00 0.12407E+02 0.50500E+00 0.10528E-01 0.30531E-03 0.40310E-03 0.10847E-01 0.10700E-01 0.00000E+00 0.00000E+00 -.56252E+00      9387943  11/0.12407E+02
 0.76290E+00 0.11967E+02 0.52200E+00 0.20862E-01 0.41723E-03 0.57550E-03 0.20789E-01 0.20574E-01 0.00000E+00 0.00000E+00 0.68959E+00      9387943  10/0.11967E+02
 0.67840E+00 0.11236E+02 0.55200E+00 0.44105E-01 0.83800E-03 0.10419E-02 0.44802E-01 0.44456E-01 0.00000E+00 0.00000E+00 -.41907E+00      9387943   9/0.11236E+02
 0.59940E+00 0.10475E+02 0.58200E+00 0.78456E-01 0.13338E-02 0.16344E-02 0.78631E-01 0.78109E-01 0.00000E+00 0.00000E+00 0.26014E+00      9387943   8/0.10475E+02
 0.52320E+00 0.96560E+01 0.61500E+00 0.12077E+00 0.21740E-02 0.25592E-02 0.12223E+00 0.12147E+00 0.00000E+00 0.00000E+00 -.32167E+00      9387943   8/0.96560E+01
 0.41700E+00 0.83490E+01 0.66700E+00 0.19058E+00 0.32399E-02 0.39011E-02 0.19434E+00 0.19312E+00 0.00000E+00 0.00000E+00 -.78261E+00      9387943   7/0.83490E+01
 0.34670E+00 0.73550E+01 0.70700E+00 0.24518E+00 0.44133E-02 0.46842E-02 0.24270E+00 0.24194E+00 0.00000E+00 0.00000E+00 0.73450E+00      9387943   6/0.73550E+01
 0.25930E+00 0.59410E+01 0.76300E+00 0.29512E+00 0.59023E-02 0.62604E-02 0.29326E+00 0.29231E+00 0.00000E+00 0.00000E+00 0.47473E+00      9387943   5/0.59410E+01
 0.17240E+00 0.42900E+01 0.82900E+00 0.30670E+00 0.73608E-02 0.80738E-02 0.31735E+00 0.31561E+00 0.00000E+00 0.00000E+00 -.12099E+01      9387943   3/0.42900E+01
 0.85990E+00 0.17051E+02 0.54200E+00 0.44785E-02 0.24632E-03 0.28739E-03 0.45946E-02 0.45129E-02 0.00000E+00 0.00000E+00 -.13954E+00      9387943  11/0.17051E+02
 0.80710E+00 0.16467E+02 0.55800E+00 0.10296E-01 0.32947E-03 0.40588E-03 0.10263E-01 0.10135E-01 0.00000E+00 0.00000E+00 0.48736E+00      9387943  11/0.16467E+02
 0.74250E+00 0.15706E+02 0.57800E+00 0.22149E-01 0.59801E-03 0.70703E-03 0.21928E-01 0.21728E-01 0.00000E+00 0.00000E+00 0.70420E+00      9387943  10/0.15706E+02
 0.66980E+00 0.14778E+02 0.60300E+00 0.43224E-01 0.95093E-03 0.11272E-02 0.42921E-01 0.42594E-01 0.00000E+00 0.00000E+00 0.66292E+00      9387943   9/0.14778E+02
 0.59200E+00 0.13694E+02 0.63200E+00 0.75693E-01 0.15139E-02 0.17671E-02 0.76269E-01 0.75763E-01 0.00000E+00 0.00000E+00 -.46347E-01      9387943   8/0.13694E+02
 0.51720E+00 0.12547E+02 0.66300E+00 0.12001E+00 0.24002E-02 0.27420E-02 0.11905E+00 0.11833E+00 0.00000E+00 0.00000E+00 0.70202E+00      9387943   8/0.12547E+02
 0.41270E+00 0.10743E+02 0.71100E+00 0.19658E+00 0.43248E-02 0.48512E-02 0.19075E+00 0.18957E+00 0.00000E+00 0.00000E+00 0.16207E+01      9387943   7/0.10743E+02
 0.34320E+00 0.93910E+01 0.74800E+00 0.23415E+00 0.46831E-02 0.48780E-02 0.23969E+00 0.23897E+00 0.00000E+00 0.00000E+00 -.10283E+01      9387943   6/0.93910E+01
 0.25670E+00 0.75020E+01 0.79800E+00 0.28746E+00 0.66115E-02 0.68629E-02 0.29198E+00 0.29107E+00 0.00000E+00 0.00000E+00 -.54610E+00      9387943   5/0.75020E+01
 0.17080E+00 0.53500E+01 0.85600E+00 0.31631E+00 0.75913E-02 0.83267E-02 0.32020E+00 0.31844E+00 0.00000E+00 0.00000E+00 -.28170E+00      9387943   3/0.53500E+01
 0.86580E+00 0.19184E+02 0.60500E+00 0.34390E-02 0.15820E-03 0.19271E-03 0.37605E-02 0.36950E-02 0.00000E+00 0.00000E+00 -.16178E+01      9387943  11/0.19184E+02
 0.80970E+00 0.18411E+02 0.62100E+00 0.86822E-02 0.23442E-03 0.30238E-03 0.91895E-02 0.90794E-02 0.00000E+00 0.00000E+00 -.16946E+01      9387943  11/0.18411E+02
 0.74040E+00 0.17398E+02 0.64200E+00 0.20597E-01 0.51492E-03 0.61169E-03 0.21220E-01 0.21033E-01 0.00000E+00 0.00000E+00 -.84740E+00      9387943  10/0.17398E+02
 0.66780E+00 0.16264E+02 0.66600E+00 0.41083E-01 0.94491E-03 0.11070E-02 0.42052E-01 0.41727E-01 0.00000E+00 0.00000E+00 -.68120E+00      9387943   9/0.16264E+02
 0.59070E+00 0.14965E+02 0.69200E+00 0.73292E-01 0.15391E-02 0.17787E-02 0.75124E-01 0.74618E-01 0.00000E+00 0.00000E+00 -.86168E+00      9387943   8/0.14965E+02
 0.51630E+00 0.13606E+02 0.72000E+00 0.12033E+00 0.24065E-02 0.27701E-02 0.11769E+00 0.11695E+00 0.00000E+00 0.00000E+00 0.14042E+01      9387943   8/0.13606E+02
 0.41240E+00 0.11516E+02 0.76300E+00 0.18535E+00 0.33364E-02 0.35941E-02 0.18874E+00 0.18805E+00 0.00000E+00 0.00000E+00 -.80713E+00      9387943   7/0.11516E+02
 0.34310E+00 0.99800E+01 0.79500E+00 0.23359E+00 0.42047E-02 0.44628E-02 0.23731E+00 0.23657E+00 0.00000E+00 0.00000E+00 -.70797E+00      9387943   6/0.99800E+01
 0.25700E+00 0.78800E+01 0.83800E+00 0.28185E+00 0.53552E-02 0.57141E-02 0.28952E+00 0.28858E+00 0.00000E+00 0.00000E+00 -.12568E+01      9387943   5/0.78800E+01
 0.17120E+00 0.55480E+01 0.88600E+00 0.28807E+00 0.86420E-02 0.92451E-02 0.31816E+00 0.31638E+00 0.00000E+00 0.00000E+00 -.32763E+01      9387943   3/0.55480E+01
     3243676
 NuTeV charm neutrino                                                                                                    
Plot1@Experiment:NuTeV nuFe DIS@ExtraLabel:NuTeV @XTitle: Q^2 @YTitle: d^2#sigma/dxdQ^2 @Title:y=0.324
Plot2@Experiment:NuTeV nuFe DIS@ExtraLabel:NuTeV @XTitle: Q^2 @YTitle: d^2#sigma/dxdQ^2 @Title:y=0.558
Plot3@Experiment:NuTeV nuFe DIS@ExtraLabel:NuTeV @XTitle: Q^2 @YTitle: d^2#sigma/dxdQ^2 @Title:y=0.771
 x           Q2          y              data      +- uncor     +- tot     th orig         th mod   therr+         therr-     pull    iset       iplot
 0.21000E-01 0.11300E+01 0.32400E+00 0.12186E-01 0.21460E-02 0.25385E-02 0.11662E-01 0.11041E-01 0.00000E+00 0.00000E+00 0.53344E+00      3243676   1/0.11300E+01
 0.57000E-01 0.30600E+01 0.32400E+00 0.14157E-01 0.24562E-02 0.26592E-02 0.12468E-01 0.12581E-01 0.00000E+00 0.00000E+00 0.64164E+00      3243676   1/0.30600E+01
 0.10100E+00 0.54300E+01 0.32400E+00 0.10825E-01 0.17537E-02 0.19791E-02 0.10888E-01 0.10836E-01 0.00000E+00 0.00000E+00 -.64836E-02      3243676   1/0.54300E+01
 0.16700E+00 0.89700E+01 0.32400E+00 0.85451E-02 0.13288E-02 0.14249E-02 0.80611E-02 0.79918E-02 0.00000E+00 0.00000E+00 0.41643E+00      3243676   1/0.89700E+01
 0.32600E+00 0.17510E+02 0.32400E+00 0.36688E-02 0.51987E-03 0.57871E-03 0.34799E-02 0.34190E-02 0.00000E+00 0.00000E+00 0.48060E+00      3243676   1/0.17510E+02
 0.21000E-01 0.19400E+01 0.55800E+00 0.13324E-01 0.18787E-02 0.21940E-02 0.12441E-01 0.11994E-01 0.00000E+00 0.00000E+00 0.70821E+00      3243676   2/0.19400E+01
 0.57000E-01 0.52700E+01 0.55800E+00 0.13530E-01 0.17805E-02 0.20519E-02 0.13565E-01 0.12998E-01 0.00000E+00 0.00000E+00 0.29865E+00      3243676   2/0.52700E+01
 0.10100E+00 0.93400E+01 0.55800E+00 0.13313E-01 0.17453E-02 0.19216E-02 0.11575E-01 0.11196E-01 0.00000E+00 0.00000E+00 0.12130E+01      3243676   2/0.93400E+01
 0.16700E+00 0.15450E+02 0.55800E+00 0.84725E-02 0.10769E-02 0.11815E-02 0.83281E-02 0.80040E-02 0.00000E+00 0.00000E+00 0.43505E+00      3243676   2/0.15450E+02
 0.32600E+00 0.30160E+02 0.55800E+00 0.37611E-02 0.49270E-03 0.53266E-03 0.34864E-02 0.33457E-02 0.00000E+00 0.00000E+00 0.84314E+00      3243676   2/0.30160E+02
 0.21000E-01 0.26800E+01 0.77100E+00 0.11103E-01 0.16333E-02 0.19018E-02 0.12154E-01 0.10906E-01 0.00000E+00 0.00000E+00 0.12068E+00      3243676   3/0.26800E+01
 0.57000E-01 0.72900E+01 0.77100E+00 0.13094E-01 0.18463E-02 0.19092E-02 0.13762E-01 0.13184E-01 0.00000E+00 0.00000E+00 -.48787E-01      3243676   3/0.72900E+01
 0.10100E+00 0.12910E+02 0.77100E+00 0.12427E-01 0.17833E-02 0.18709E-02 0.11675E-01 0.11364E-01 0.00000E+00 0.00000E+00 0.59632E+00      3243676   3/0.12910E+02
 0.16700E+00 0.21350E+02 0.77100E+00 0.99871E-02 0.15061E-02 0.15727E-02 0.83293E-02 0.79287E-02 0.00000E+00 0.00000E+00 0.13667E+01      3243676   3/0.21350E+02
 0.32600E+00 0.41670E+02 0.77100E+00 0.30755E-02 0.51976E-03 0.53586E-03 0.34438E-02 0.32763E-02 0.00000E+00 0.00000E+00 -.38637E+00      3243676   3/0.41670E+02
 0.21000E-01 0.22300E+01 0.32400E+00 0.18163E-01 0.26899E-02 0.29459E-02 0.17173E-01 0.15628E-01 0.00000E+00 0.00000E+00 0.94257E+00      3243676   1/0.22300E+01
 0.57000E-01 0.60400E+01 0.32400E+00 0.13479E-01 0.19154E-02 0.22017E-02 0.16314E-01 0.15549E-01 0.00000E+00 0.00000E+00 -.10810E+01      3243676   1/0.60400E+01
 0.10100E+00 0.10710E+02 0.32400E+00 0.13394E-01 0.19850E-02 0.20488E-02 0.13085E-01 0.12716E-01 0.00000E+00 0.00000E+00 0.34153E+00      3243676   1/0.10710E+02
 0.16700E+00 0.17710E+02 0.32400E+00 0.87284E-02 0.12316E-02 0.13366E-02 0.90275E-02 0.89354E-02 0.00000E+00 0.00000E+00 -.16805E+00      3243676   1/0.17710E+02
 0.32600E+00 0.34570E+02 0.32400E+00 0.38926E-02 0.51382E-03 0.56549E-03 0.36373E-02 0.35874E-02 0.00000E+00 0.00000E+00 0.59406E+00      3243676   1/0.34570E+02
 0.21000E-01 0.38400E+01 0.55800E+00 0.18455E-01 0.27922E-02 0.30428E-02 0.18679E-01 0.17564E-01 0.00000E+00 0.00000E+00 0.31921E+00      3243676   2/0.38400E+01
 0.57000E-01 0.10410E+02 0.55800E+00 0.17380E-01 0.26400E-02 0.28159E-02 0.17207E-01 0.15807E-01 0.00000E+00 0.00000E+00 0.59590E+00      3243676   2/0.10410E+02
 0.10100E+00 0.18450E+02 0.55800E+00 0.15347E-01 0.24356E-02 0.25098E-02 0.13397E-01 0.12993E-01 0.00000E+00 0.00000E+00 0.96661E+00      3243676   2/0.18450E+02
 0.16700E+00 0.30500E+02 0.55800E+00 0.97618E-02 0.15228E-02 0.15990E-02 0.90401E-02 0.88605E-02 0.00000E+00 0.00000E+00 0.59184E+00      3243676   2/0.30500E+02
 0.32600E+00 0.59540E+02 0.55800E+00 0.35832E-02 0.54357E-03 0.60002E-03 0.35319E-02 0.33786E-02 0.00000E+00 0.00000E+00 0.37641E+00      3243676   2/0.59540E+02
 0.21000E-01 0.53000E+01 0.77100E+00 0.18146E-01 0.24388E-02 0.25878E-02 0.18636E-01 0.18083E-01 0.00000E+00 0.00000E+00 0.25833E-01      3243676   3/0.53000E+01
 0.57000E-01 0.14380E+02 0.77100E+00 0.14897E-01 0.19604E-02 0.21237E-02 0.17171E-01 0.16272E-01 0.00000E+00 0.00000E+00 -.70158E+00      3243676   3/0.14380E+02
 0.10100E+00 0.25490E+02 0.77100E+00 0.12860E-01 0.17863E-02 0.19348E-02 0.13291E-01 0.13263E-01 0.00000E+00 0.00000E+00 -.22537E+00      3243676   3/0.25490E+02
 0.16700E+00 0.42140E+02 0.77100E+00 0.99562E-02 0.15392E-02 0.16137E-02 0.89266E-02 0.85884E-02 0.00000E+00 0.00000E+00 0.88861E+00      3243676   3/0.42140E+02
 0.32600E+00 0.82260E+02 0.77100E+00 0.36578E-02 0.62914E-03 0.65309E-03 0.34501E-02 0.33234E-02 0.00000E+00 0.00000E+00 0.53144E+00      3243676   3/0.82260E+02
 0.21000E-01 0.31600E+01 0.32400E+00 0.18952E-01 0.27234E-02 0.29681E-02 0.20569E-01 0.18826E-01 0.00000E+00 0.00000E+00 0.46219E-01      3243676   1/0.31600E+01
 0.57000E-01 0.85700E+01 0.32400E+00 0.19416E-01 0.29105E-02 0.29742E-02 0.18165E-01 0.17401E-01 0.00000E+00 0.00000E+00 0.69234E+00      3243676   1/0.85700E+01
 0.10100E+00 0.15180E+02 0.32400E+00 0.14011E-01 0.20316E-02 0.21134E-02 0.13954E-01 0.13107E-01 0.00000E+00 0.00000E+00 0.44517E+00      3243676   1/0.15180E+02
 0.16700E+00 0.25100E+02 0.32400E+00 0.10220E-01 0.14380E-02 0.15680E-02 0.93340E-02 0.91047E-02 0.00000E+00 0.00000E+00 0.77559E+00      3243676   1/0.25100E+02
 0.32600E+00 0.48990E+02 0.32400E+00 0.37698E-02 0.45916E-03 0.56440E-03 0.36444E-02 0.34579E-02 0.00000E+00 0.00000E+00 0.67927E+00      3243676   1/0.48990E+02
 0.21000E-01 0.54400E+01 0.55800E+00 0.19781E-01 0.31590E-02 0.32957E-02 0.22187E-01 0.21218E-01 0.00000E+00 0.00000E+00 -.45482E+00      3243676   2/0.54400E+01
 0.57000E-01 0.14750E+02 0.55800E+00 0.18521E-01 0.30300E-02 0.32382E-02 0.18784E-01 0.17982E-01 0.00000E+00 0.00000E+00 0.17781E+00      3243676   2/0.14750E+02
 0.10100E+00 0.26140E+02 0.55800E+00 0.13292E-01 0.21573E-02 0.22410E-02 0.14063E-01 0.13391E-01 0.00000E+00 0.00000E+00 -.46031E-01      3243676   2/0.26140E+02
 0.16700E+00 0.43220E+02 0.55800E+00 0.86001E-02 0.13597E-02 0.14643E-02 0.92435E-02 0.90109E-02 0.00000E+00 0.00000E+00 -.30214E+00      3243676   2/0.43220E+02
 0.32600E+00 0.84370E+02 0.55800E+00 0.37010E-02 0.55256E-03 0.63882E-03 0.35158E-02 0.33765E-02 0.00000E+00 0.00000E+00 0.58722E+00      3243676   2/0.84370E+02
 0.21000E-01 0.75100E+01 0.77100E+00 0.18965E-01 0.25186E-02 0.31453E-02 0.22086E-01 0.21685E-01 0.00000E+00 0.00000E+00 -.10800E+01      3243676   3/0.75100E+01
 0.57000E-01 0.20380E+02 0.77100E+00 0.15748E-01 0.21150E-02 0.23301E-02 0.18575E-01 0.17455E-01 0.00000E+00 0.00000E+00 -.80716E+00      3243676   3/0.20380E+02
 0.10100E+00 0.36120E+02 0.77100E+00 0.12490E-01 0.17286E-02 0.18090E-02 0.13865E-01 0.13272E-01 0.00000E+00 0.00000E+00 -.45260E+00      3243676   3/0.36120E+02
 0.16700E+00 0.59720E+02 0.77100E+00 0.10078E-01 0.15298E-02 0.17527E-02 0.89605E-02 0.89562E-02 0.00000E+00 0.00000E+00 0.73331E+00      3243676   3/0.59720E+02
 0.32600E+00 0.11658E+03 0.77100E+00 0.34261E-02 0.56976E-03 0.68770E-03 0.34252E-02 0.33935E-02 0.00000E+00 0.00000E+00 0.57301E-01      3243676   3/0.11658E+03
     2803983
 NuTeV charm antineutrino                                                                                                
Plot1@Experiment:NuTeV nuFe DIS@ExtraLabel:NuTeV @XTitle: Q^2 @YTitle: d^2#sigma/dxdQ^2 @Title:y=0.324
Plot2@Experiment:NuTeV nuFe DIS@ExtraLabel:NuTeV @XTitle: Q^2 @YTitle: d^2#sigma/dxdQ^2 @Title:y=0.558
Plot3@Experiment:NuTeV nuFe DIS@ExtraLabel:NuTeV @XTitle: Q^2 @YTitle: d^2#sigma/dxdQ^2 @Title:y=0.771
 x           Q2          y              data      +- uncor     +- tot     th orig         th mod   therr+         therr-     pull    iset       iplot
 0.42000E-01 0.21400E+01 0.34900E+00 0.10445E-01 0.29225E-02 0.30796E-02 0.94656E-02 0.83336E-02 0.00000E+00 0.00000E+00 0.72246E+00      2803983   1/0.21400E+01
 0.72000E-01 0.36700E+01 0.34900E+00 0.92908E-02 0.25355E-02 0.26543E-02 0.84253E-02 0.75342E-02 0.00000E+00 0.00000E+00 0.69283E+00      2803983   1/0.36700E+01
 0.11400E+00 0.58200E+01 0.34900E+00 0.73565E-02 0.19480E-02 0.19894E-02 0.62764E-02 0.56469E-02 0.00000E+00 0.00000E+00 0.87761E+00      2803983   1/0.58200E+01
 0.20700E+00 0.10570E+02 0.34900E+00 0.21746E-02 0.50472E-03 0.60358E-03 0.27380E-02 0.21086E-02 0.00000E+00 0.00000E+00 0.13075E+00      2803983   1/0.10570E+02
 0.15000E-01 0.12700E+01 0.57900E+00 0.78632E-02 0.17095E-02 0.17570E-02 0.93673E-02 0.83181E-02 0.00000E+00 0.00000E+00 -.26613E+00      2803983   2/0.12700E+01
 0.42000E-01 0.35600E+01 0.57900E+00 0.89200E-02 0.19160E-02 0.20742E-02 0.10695E-01 0.93265E-02 0.00000E+00 0.00000E+00 -.21214E+00      2803983   2/0.35600E+01
 0.72000E-01 0.61000E+01 0.57900E+00 0.97766E-02 0.21117E-02 0.22371E-02 0.95070E-02 0.87067E-02 0.00000E+00 0.00000E+00 0.50663E+00      2803983   2/0.61000E+01
 0.11400E+00 0.96500E+01 0.57900E+00 0.52342E-02 0.10306E-02 0.10765E-02 0.69897E-02 0.64997E-02 0.00000E+00 0.00000E+00 -.12279E+01      2803983   2/0.96500E+01
 0.20700E+00 0.17530E+02 0.57900E+00 0.26521E-02 0.54580E-03 0.59553E-03 0.29993E-02 0.27487E-02 0.00000E+00 0.00000E+00 -.17696E+00      2803983   2/0.17530E+02
 0.15000E-01 0.17000E+01 0.77600E+00 0.81242E-02 0.21456E-02 0.28954E-02 0.88119E-02 0.69078E-02 0.00000E+00 0.00000E+00 0.56691E+00      2803983   3/0.17000E+01
 0.42000E-01 0.47700E+01 0.77600E+00 0.74233E-02 0.17422E-02 0.21195E-02 0.10923E-01 0.88169E-02 0.00000E+00 0.00000E+00 -.79989E+00      2803983   3/0.47700E+01
 0.72000E-01 0.81700E+01 0.77600E+00 0.68143E-02 0.15509E-02 0.16586E-02 0.97582E-02 0.81974E-02 0.00000E+00 0.00000E+00 -.89178E+00      2803983   3/0.81700E+01
 0.11400E+00 0.12940E+02 0.77600E+00 0.60743E-02 0.14536E-02 0.15528E-02 0.71695E-02 0.62729E-02 0.00000E+00 0.00000E+00 -.13666E+00      2803983   3/0.12940E+02
 0.20700E+00 0.23490E+02 0.77600E+00 0.21462E-02 0.53698E-03 0.58079E-03 0.30637E-02 0.24697E-02 0.00000E+00 0.00000E+00 -.60251E+00      2803983   3/0.23490E+02
 0.15000E-01 0.14100E+01 0.34900E+00 0.12919E-01 0.30773E-02 0.33302E-02 0.13595E-01 0.11805E-01 0.00000E+00 0.00000E+00 0.36196E+00      2803983   1/0.14100E+01
 0.42000E-01 0.39600E+01 0.34900E+00 0.12240E-01 0.29853E-02 0.34100E-02 0.13559E-01 0.10942E-01 0.00000E+00 0.00000E+00 0.43476E+00      2803983   1/0.39600E+01
 0.72000E-01 0.67800E+01 0.34900E+00 0.12092E-01 0.29807E-02 0.30926E-02 0.11283E-01 0.10551E-01 0.00000E+00 0.00000E+00 0.51703E+00      2803983   1/0.67800E+01
 0.11400E+00 0.10740E+02 0.34900E+00 0.70923E-02 0.16702E-02 0.17270E-02 0.79388E-02 0.71267E-02 0.00000E+00 0.00000E+00 -.20571E-01      2803983   1/0.10740E+02
 0.20700E+00 0.19500E+02 0.34900E+00 0.25937E-02 0.57113E-03 0.67657E-03 0.32473E-02 0.26856E-02 0.00000E+00 0.00000E+00 -.16097E+00      2803983   1/0.19500E+02
 0.15000E-01 0.23400E+01 0.57900E+00 0.15814E-01 0.41180E-02 0.41721E-02 0.14693E-01 0.13925E-01 0.00000E+00 0.00000E+00 0.45882E+00      2803983   2/0.23400E+01
 0.42000E-01 0.65600E+01 0.57900E+00 0.12349E-01 0.30428E-02 0.31427E-02 0.14756E-01 0.13186E-01 0.00000E+00 0.00000E+00 -.27523E+00      2803983   2/0.65600E+01
 0.72000E-01 0.11250E+02 0.57900E+00 0.98327E-02 0.23972E-02 0.29155E-02 0.12035E-01 0.10022E-01 0.00000E+00 0.00000E+00 -.78997E-01      2803983   2/0.11250E+02
 0.11400E+00 0.17820E+02 0.57900E+00 0.84049E-02 0.21348E-02 0.23457E-02 0.83177E-02 0.71974E-02 0.00000E+00 0.00000E+00 0.56564E+00      2803983   2/0.17820E+02
 0.20700E+00 0.32350E+02 0.57900E+00 0.29730E-02 0.74979E-03 0.79715E-03 0.33482E-02 0.29345E-02 0.00000E+00 0.00000E+00 0.51387E-01      2803983   2/0.32350E+02
 0.15000E-01 0.31400E+01 0.77600E+00 0.96955E-02 0.20913E-02 0.21984E-02 0.14435E-01 0.12410E-01 0.00000E+00 0.00000E+00 -.12978E+01      2803983   3/0.31400E+01
 0.42000E-01 0.88000E+01 0.77600E+00 0.13288E-01 0.29486E-02 0.32184E-02 0.14892E-01 0.12806E-01 0.00000E+00 0.00000E+00 0.16359E+00      2803983   3/0.88000E+01
 0.72000E-01 0.15080E+02 0.77600E+00 0.88305E-02 0.19736E-02 0.21979E-02 0.12087E-01 0.10737E-01 0.00000E+00 0.00000E+00 -.96582E+00      2803983   3/0.15080E+02
 0.11400E+00 0.23880E+02 0.77600E+00 0.65166E-02 0.14930E-02 0.15272E-02 0.83264E-02 0.76026E-02 0.00000E+00 0.00000E+00 -.72743E+00      2803983   3/0.23880E+02
 0.20700E+00 0.43360E+02 0.77600E+00 0.28271E-02 0.74692E-03 0.78547E-03 0.33419E-02 0.27207E-02 0.00000E+00 0.00000E+00 0.14252E+00      2803983   3/0.43360E+02
 0.15000E-01 0.22300E+01 0.34900E+00 0.14029E-01 0.31986E-02 0.37687E-02 0.18161E-01 0.13686E-01 0.00000E+00 0.00000E+00 0.10724E+00      2803983   1/0.22300E+01
 0.42000E-01 0.62400E+01 0.34900E+00 0.14153E-01 0.32439E-02 0.37737E-02 0.16666E-01 0.15728E-01 0.00000E+00 0.00000E+00 -.48553E+00      2803983   1/0.62400E+01
 0.72000E-01 0.10700E+02 0.34900E+00 0.97589E-02 0.21489E-02 0.26503E-02 0.13126E-01 0.98968E-02 0.00000E+00 0.00000E+00 -.64161E-01      2803983   1/0.10700E+02
 0.11400E+00 0.16940E+02 0.34900E+00 0.61815E-02 0.13655E-02 0.14798E-02 0.88602E-02 0.69412E-02 0.00000E+00 0.00000E+00 -.55637E+00      2803983   1/0.16940E+02
 0.20700E+00 0.30770E+02 0.34900E+00 0.37365E-02 0.83287E-03 0.92590E-03 0.34727E-02 0.31581E-02 0.00000E+00 0.00000E+00 0.69446E+00      2803983   1/0.30770E+02
 0.15000E-01 0.37000E+01 0.57900E+00 0.14672E-01 0.38470E-02 0.61642E-02 0.19581E-01 0.12184E-01 0.00000E+00 0.00000E+00 0.64680E+00      2803983   2/0.37000E+01
 0.42000E-01 0.10360E+02 0.57900E+00 0.12441E-01 0.31973E-02 0.33883E-02 0.17612E-01 0.14679E-01 0.00000E+00 0.00000E+00 -.69989E+00      2803983   2/0.10360E+02
 0.72000E-01 0.17750E+02 0.57900E+00 0.99329E-02 0.25865E-02 0.28278E-02 0.13539E-01 0.11913E-01 0.00000E+00 0.00000E+00 -.76535E+00      2803983   2/0.17750E+02
 0.11400E+00 0.28110E+02 0.57900E+00 0.67818E-02 0.17219E-02 0.23884E-02 0.90033E-02 0.65083E-02 0.00000E+00 0.00000E+00 0.15882E+00      2803983   2/0.28110E+02
 0.20700E+00 0.51040E+02 0.57900E+00 0.32842E-02 0.88476E-03 0.10047E-02 0.34366E-02 0.30331E-02 0.00000E+00 0.00000E+00 0.28385E+00      2803983   2/0.51040E+02
 0.15000E-01 0.49600E+01 0.77600E+00 0.10332E-01 0.21222E-02 0.22774E-02 0.19420E-01 0.15795E-01 0.00000E+00 0.00000E+00 -.25743E+01      2803983   3/0.49600E+01
 0.42000E-01 0.13880E+02 0.77600E+00 0.13818E-01 0.29930E-02 0.32100E-02 0.17531E-01 0.14650E-01 0.00000E+00 0.00000E+00 -.27792E+00      2803983   3/0.13880E+02
 0.72000E-01 0.23790E+02 0.77600E+00 0.11503E-01 0.26089E-02 0.26578E-02 0.13415E-01 0.12772E-01 0.00000E+00 0.00000E+00 -.48653E+00      2803983   3/0.23790E+02
 0.11400E+00 0.37670E+02 0.77600E+00 0.54639E-02 0.12163E-02 0.13319E-02 0.89068E-02 0.72031E-02 0.00000E+00 0.00000E+00 -.14300E+01      2803983   3/0.37670E+02
 0.20700E+00 0.68410E+02 0.77600E+00 0.20962E-02 0.52091E-03 0.58552E-03 0.33584E-02 0.24273E-02 0.00000E+00 0.00000E+00 -.63570E+00      2803983   3/0.68410E+02
     8198040
 CCFR charm neutrino                                                                                                     
Plot1@Experiment:CCFR nuFe DIS@ExtraLabel:CCFR @XTitle: Q^2 @YTitle: d^2#sigma/dxdQ^2 @Title:y=0.324
Plot2@Experiment:CCFR nuFe DIS@ExtraLabel:CCFR @XTitle: Q^2 @YTitle: d^2#sigma/dxdQ^2 @Title:y=0.558
Plot3@Experiment:CCFR nuFe DIS@ExtraLabel:CCFR @XTitle: Q^2 @YTitle: d^2#sigma/dxdQ^2 @Title:y=0.771
 x           Q2          y              data      +- uncor     +- tot     th orig         th mod   therr+         therr-     pull    iset       iplot
 0.23000E-01 0.15100E+01 0.32000E+00 0.12691E-01 0.27793E-02 0.28063E-02 0.13306E-01 0.13373E-01 0.00000E+00 0.00000E+00 -.24524E+00      8198040   1/0.15100E+01
 0.57000E-01 0.37500E+01 0.32000E+00 0.13281E-01 0.23600E-02 0.23616E-02 0.13660E-01 0.13675E-01 0.00000E+00 0.00000E+00 -.16681E+00      8198040   1/0.37500E+01
 0.10000E+00 0.65800E+01 0.32000E+00 0.99977E-02 0.17446E-02 0.17467E-02 0.11683E-01 0.11699E-01 0.00000E+00 0.00000E+00 -.97506E+00      8198040   1/0.65800E+01
 0.16700E+00 0.10980E+02 0.32000E+00 0.10441E-01 0.17081E-02 0.17093E-02 0.84165E-02 0.84249E-02 0.00000E+00 0.00000E+00 0.11803E+01      8198040   1/0.10980E+02
 0.33600E+00 0.22100E+02 0.32000E+00 0.32361E-02 0.48833E-03 0.48875E-03 0.33488E-02 0.33523E-02 0.00000E+00 0.00000E+00 -.23789E+00      8198040   1/0.22100E+02
 0.23000E-01 0.26900E+01 0.57000E+00 0.20554E-01 0.33565E-02 0.33674E-02 0.14495E-01 0.14526E-01 0.00000E+00 0.00000E+00 0.17959E+01      8198040   2/0.26900E+01
 0.57000E-01 0.66800E+01 0.57000E+00 0.15214E-01 0.23977E-02 0.24007E-02 0.14801E-01 0.14820E-01 0.00000E+00 0.00000E+00 0.16415E+00      8198040   2/0.66800E+01
 0.10000E+00 0.11720E+02 0.57000E+00 0.10537E-01 0.15373E-02 0.15753E-02 0.12303E-01 0.12368E-01 0.00000E+00 0.00000E+00 -.11911E+01      8198040   2/0.11720E+02
 0.16700E+00 0.19570E+02 0.57000E+00 0.70096E-02 0.99256E-03 0.10035E-02 0.86064E-02 0.86361E-02 0.00000E+00 0.00000E+00 -.16387E+01      8198040   2/0.19570E+02
 0.33600E+00 0.39370E+02 0.57000E+00 0.32907E-02 0.49492E-03 0.49685E-03 0.33141E-02 0.33213E-02 0.00000E+00 0.00000E+00 -.61777E-01      8198040   2/0.39370E+02
 0.23000E-01 0.37600E+01 0.79500E+00 0.18709E-01 0.29654E-02 0.30226E-02 0.14358E-01 0.14432E-01 0.00000E+00 0.00000E+00 0.14423E+01      8198040   3/0.37600E+01
 0.57000E-01 0.93100E+01 0.79500E+00 0.17996E-01 0.26814E-02 0.26898E-02 0.14913E-01 0.14942E-01 0.00000E+00 0.00000E+00 0.11390E+01      8198040   3/0.93100E+01
 0.10000E+00 0.16340E+02 0.79500E+00 0.15104E-01 0.22747E-02 0.22822E-02 0.12321E-01 0.12346E-01 0.00000E+00 0.00000E+00 0.12124E+01      8198040   3/0.16340E+02
 0.16700E+00 0.27290E+02 0.79500E+00 0.10703E-01 0.17928E-02 0.18084E-02 0.85586E-02 0.85897E-02 0.00000E+00 0.00000E+00 0.11788E+01      8198040   3/0.27290E+02
 0.33600E+00 0.54910E+02 0.79500E+00 0.27486E-02 0.52113E-03 0.52259E-03 0.32318E-02 0.32393E-02 0.00000E+00 0.00000E+00 -.94162E+00      8198040   3/0.54910E+02
 0.23000E-01 0.29000E+01 0.32000E+00 0.19462E-01 0.34175E-02 0.34183E-02 0.18947E-01 0.18959E-01 0.00000E+00 0.00000E+00 0.14728E+00      8198040   1/0.29000E+01
 0.57000E-01 0.71900E+01 0.32000E+00 0.16984E-01 0.28109E-02 0.28597E-02 0.17291E-01 0.17379E-01 0.00000E+00 0.00000E+00 -.14056E+00      8198040   1/0.71900E+01
 0.10000E+00 0.12610E+02 0.32000E+00 0.13574E-01 0.21433E-02 0.21446E-02 0.13638E-01 0.13650E-01 0.00000E+00 0.00000E+00 -.35339E-01      8198040   1/0.12610E+02
 0.16700E+00 0.21060E+02 0.32000E+00 0.82124E-02 0.13033E-02 0.13040E-02 0.92023E-02 0.92103E-02 0.00000E+00 0.00000E+00 -.76564E+00      8198040   1/0.21060E+02
 0.33600E+00 0.42380E+02 0.32000E+00 0.36052E-02 0.53934E-03 0.54230E-03 0.34287E-02 0.34375E-02 0.00000E+00 0.00000E+00 0.31089E+00      8198040   1/0.42380E+02
 0.23000E-01 0.51700E+01 0.57000E+00 0.19392E-01 0.30484E-02 0.30497E-02 0.20605E-01 0.20621E-01 0.00000E+00 0.00000E+00 -.40301E+00      8198040   2/0.51700E+01
 0.57000E-01 0.12810E+02 0.57000E+00 0.20580E-01 0.33710E-02 0.33748E-02 0.18084E-01 0.18107E-01 0.00000E+00 0.00000E+00 0.73355E+00      8198040   2/0.12810E+02
 0.10000E+00 0.22470E+02 0.57000E+00 0.16947E-01 0.27725E-02 0.27739E-02 0.13855E-01 0.13867E-01 0.00000E+00 0.00000E+00 0.11110E+01      8198040   2/0.22470E+02
 0.16700E+00 0.37520E+02 0.57000E+00 0.11151E-01 0.18343E-02 0.18377E-02 0.91527E-02 0.91676E-02 0.00000E+00 0.00000E+00 0.10813E+01      8198040   2/0.37520E+02
 0.33600E+00 0.75490E+02 0.57000E+00 0.31584E-02 0.52050E-03 0.52107E-03 0.33069E-02 0.33111E-02 0.00000E+00 0.00000E+00 -.29338E+00      8198040   2/0.75490E+02
 0.23000E-01 0.72100E+01 0.79500E+00 0.18914E-01 0.28087E-02 0.28273E-02 0.20519E-01 0.20576E-01 0.00000E+00 0.00000E+00 -.59179E+00      8198040   3/0.72100E+01
 0.57000E-01 0.17860E+02 0.79500E+00 0.18276E-01 0.27834E-02 0.27858E-02 0.17921E-01 0.17940E-01 0.00000E+00 0.00000E+00 0.12076E+00      8198040   3/0.17860E+02
 0.10000E+00 0.31330E+02 0.79500E+00 0.12597E-01 0.20886E-02 0.20891E-02 0.13680E-01 0.13688E-01 0.00000E+00 0.00000E+00 -.52236E+00      8198040   3/0.31330E+02
 0.16700E+00 0.52330E+02 0.79500E+00 0.93690E-02 0.15421E-02 0.15425E-02 0.88650E-02 0.88704E-02 0.00000E+00 0.00000E+00 0.32331E+00      8198040   3/0.52330E+02
 0.33600E+00 0.10528E+03 0.79500E+00 0.26309E-02 0.46909E-03 0.47033E-03 0.32211E-02 0.32279E-02 0.00000E+00 0.00000E+00 -.12727E+01      8198040   3/0.10528E+03
 0.23000E-01 0.46000E+01 0.32000E+00 0.19693E-01 0.29815E-02 0.29822E-02 0.23482E-01 0.23494E-01 0.00000E+00 0.00000E+00 -.12749E+01      8198040   1/0.46000E+01
 0.57000E-01 0.11400E+02 0.32000E+00 0.20508E-01 0.32546E-02 0.32576E-02 0.19586E-01 0.19608E-01 0.00000E+00 0.00000E+00 0.27647E+00      8198040   1/0.11400E+02
 0.10000E+00 0.19990E+02 0.32000E+00 0.12755E-01 0.19885E-02 0.20002E-02 0.14653E-01 0.14694E-01 0.00000E+00 0.00000E+00 -.97492E+00      8198040   1/0.19990E+02
 0.16700E+00 0.33390E+02 0.32000E+00 0.77936E-02 0.11963E-02 0.11974E-02 0.95173E-02 0.95275E-02 0.00000E+00 0.00000E+00 -.14493E+01      8198040   1/0.33390E+02
 0.33600E+00 0.67170E+02 0.32000E+00 0.36311E-02 0.50981E-03 0.51118E-03 0.34017E-02 0.34074E-02 0.00000E+00 0.00000E+00 0.43878E+00      8198040   1/0.67170E+02
 0.23000E-01 0.81900E+01 0.57000E+00 0.20662E-01 0.34216E-02 0.34259E-02 0.24976E-01 0.25010E-01 0.00000E+00 0.00000E+00 -.12706E+01      8198040   2/0.81900E+01
 0.57000E-01 0.20300E+02 0.57000E+00 0.19249E-01 0.34032E-02 0.34039E-02 0.19929E-01 0.19941E-01 0.00000E+00 0.00000E+00 -.20331E+00      8198040   2/0.20300E+02
 0.10000E+00 0.35610E+02 0.57000E+00 0.17445E-01 0.30895E-02 0.32234E-02 0.14601E-01 0.14727E-01 0.00000E+00 0.00000E+00 0.87966E+00      8198040   2/0.35610E+02
 0.16700E+00 0.59470E+02 0.57000E+00 0.80688E-02 0.14282E-02 0.14289E-02 0.92991E-02 0.93076E-02 0.00000E+00 0.00000E+00 -.86742E+00      8198040   2/0.59470E+02
 0.33600E+00 0.11965E+03 0.57000E+00 0.32081E-02 0.54024E-03 0.56943E-03 0.32629E-02 0.32928E-02 0.00000E+00 0.00000E+00 -.15682E+00      8198040   2/0.11965E+03
 0.23000E-01 0.11420E+02 0.79500E+00 0.26459E-01 0.37387E-02 0.37478E-02 0.24712E-01 0.24752E-01 0.00000E+00 0.00000E+00 0.45668E+00      8198040   3/0.11420E+02
 0.57000E-01 0.28310E+02 0.79500E+00 0.22344E-01 0.34946E-02 0.34949E-02 0.19534E-01 0.19540E-01 0.00000E+00 0.00000E+00 0.80236E+00      8198040   3/0.28310E+02
 0.10000E+00 0.49670E+02 0.79500E+00 0.18419E-01 0.31091E-02 0.31096E-02 0.14314E-01 0.14321E-01 0.00000E+00 0.00000E+00 0.13182E+01      8198040   3/0.49670E+02
 0.16700E+00 0.82950E+02 0.79500E+00 0.10326E-01 0.17317E-02 0.17318E-02 0.90289E-02 0.90320E-02 0.00000E+00 0.00000E+00 0.74727E+00      8198040   3/0.82950E+02
 0.33600E+00 0.16688E+03 0.79500E+00 0.35612E-02 0.65134E-03 0.65171E-03 0.31703E-02 0.31735E-02 0.00000E+00 0.00000E+00 0.59527E+00      8198040   3/0.16688E+03
     2929597
 CCFR charm antineutrino                                                                                                 
Plot1@Experiment:CCFR nuFe DIS@ExtraLabel:CCFR @XTitle: Q^2 @YTitle: d^2#sigma/dxdQ^2 @Title:y=0.324
Plot2@Experiment:CCFR nuFe DIS@ExtraLabel:CCFR @XTitle: Q^2 @YTitle: d^2#sigma/dxdQ^2 @Title:y=0.558
Plot3@Experiment:CCFR nuFe DIS@ExtraLabel:CCFR @XTitle: Q^2 @YTitle: d^2#sigma/dxdQ^2 @Title:y=0.771
 x           Q2          y              data      +- uncor     +- tot     th orig         th mod   therr+         therr-     pull    iset       iplot
 0.40000E-01 0.23400E+01 0.35600E+00 0.11577E-01 0.43622E-02 0.44100E-02 0.10320E-01 0.10414E-01 0.00000E+00 0.00000E+00 0.26655E+00      2929597   1/0.23400E+01
 0.68000E-01 0.39800E+01 0.35600E+00 0.11574E-01 0.40891E-02 0.40948E-02 0.92660E-02 0.92942E-02 0.00000E+00 0.00000E+00 0.55754E+00      2929597   1/0.39800E+01
 0.10900E+00 0.63700E+01 0.35600E+00 0.81187E-02 0.28724E-02 0.45750E-02 0.69348E-02 0.74325E-02 0.00000E+00 0.00000E+00 0.23889E+00      2929597   1/0.63700E+01
 0.20600E+00 0.12050E+02 0.35600E+00 0.32950E-02 0.11061E-02 0.11064E-02 0.28957E-02 0.28991E-02 0.00000E+00 0.00000E+00 0.35794E+00      2929597   1/0.12050E+02
 0.17000E-01 0.16600E+01 0.59600E+00 0.19136E-01 0.63723E-02 0.64522E-02 0.10496E-01 0.10587E-01 0.00000E+00 0.00000E+00 0.13416E+01      2929597   2/0.16600E+01
 0.40000E-01 0.39200E+01 0.59600E+00 0.18781E-01 0.60156E-02 0.60382E-02 0.11537E-01 0.11590E-01 0.00000E+00 0.00000E+00 0.11955E+01      2929597   2/0.39200E+01
 0.68000E-01 0.66600E+01 0.59600E+00 0.10747E-01 0.33541E-02 0.33715E-02 0.10310E-01 0.10364E-01 0.00000E+00 0.00000E+00 0.11418E+00      2929597   2/0.66600E+01
 0.10900E+00 0.10670E+02 0.59600E+00 0.11101E-01 0.35545E-02 0.37077E-02 0.76144E-02 0.77328E-02 0.00000E+00 0.00000E+00 0.94757E+00      2929597   2/0.10670E+02
 0.20600E+00 0.20170E+02 0.59600E+00 0.27832E-02 0.90092E-03 0.90321E-03 0.31211E-02 0.31329E-02 0.00000E+00 0.00000E+00 -.38813E+00      2929597   2/0.20170E+02
 0.17000E-01 0.22400E+01 0.80300E+00 0.16594E-01 0.59257E-02 0.61555E-02 0.10060E-01 0.10225E-01 0.00000E+00 0.00000E+00 0.10748E+01      2929597   3/0.22400E+01
 0.40000E-01 0.52800E+01 0.80300E+00 0.13198E-01 0.44517E-02 0.45713E-02 0.11713E-01 0.11864E-01 0.00000E+00 0.00000E+00 0.29968E+00      2929597   3/0.52800E+01
 0.68000E-01 0.89700E+01 0.80300E+00 0.13828E-01 0.48840E-02 0.49461E-02 0.10519E-01 0.10616E-01 0.00000E+00 0.00000E+00 0.65763E+00      2929597   3/0.89700E+01
 0.10900E+00 0.14380E+02 0.80300E+00 0.12902E-01 0.43996E-02 0.44243E-02 0.77533E-02 0.77992E-02 0.00000E+00 0.00000E+00 0.11598E+01      2929597   3/0.14380E+02
 0.20600E+00 0.27170E+02 0.80300E+00 0.42950E-02 0.16617E-02 0.16632E-02 0.31654E-02 0.31739E-02 0.00000E+00 0.00000E+00 0.67465E+00      2929597   3/0.27170E+02
 0.17000E-01 0.18300E+01 0.35600E+00 0.15856E-01 0.62171E-02 0.62362E-02 0.14902E-01 0.14977E-01 0.00000E+00 0.00000E+00 0.14144E+00      2929597   1/0.18300E+01
 0.40000E-01 0.43000E+01 0.35600E+00 0.18710E-01 0.65242E-02 0.66328E-02 0.14527E-01 0.14679E-01 0.00000E+00 0.00000E+00 0.61785E+00      2929597   1/0.43000E+01
 0.68000E-01 0.73100E+01 0.35600E+00 0.13568E-01 0.47569E-02 0.47800E-02 0.12176E-01 0.12245E-01 0.00000E+00 0.00000E+00 0.27817E+00      2929597   1/0.73100E+01
 0.10900E+00 0.11710E+02 0.35600E+00 0.94935E-02 0.32117E-02 0.32123E-02 0.85951E-02 0.86043E-02 0.00000E+00 0.00000E+00 0.27685E+00      2929597   1/0.11710E+02
 0.20600E+00 0.22130E+02 0.35600E+00 0.35326E-02 0.11467E-02 0.11642E-02 0.33532E-02 0.33844E-02 0.00000E+00 0.00000E+00 0.12920E+00      2929597   1/0.22130E+02
 0.17000E-01 0.30600E+01 0.59600E+00 0.20697E-01 0.73578E-02 0.74544E-02 0.16109E-01 0.16261E-01 0.00000E+00 0.00000E+00 0.60284E+00      2929597   2/0.30600E+01
 0.40000E-01 0.71900E+01 0.59600E+00 0.19754E-01 0.68704E-02 0.69586E-02 0.15677E-01 0.15820E-01 0.00000E+00 0.00000E+00 0.57260E+00      2929597   2/0.71900E+01
 0.68000E-01 0.12230E+02 0.59600E+00 0.14816E-01 0.52582E-02 0.53028E-02 0.12869E-01 0.12967E-01 0.00000E+00 0.00000E+00 0.35165E+00      2929597   2/0.12230E+02
 0.10900E+00 0.19600E+02 0.59600E+00 0.82731E-02 0.29345E-02 0.29359E-02 0.89223E-02 0.89382E-02 0.00000E+00 0.00000E+00 -.22664E+00      2929597   2/0.19600E+02
 0.20600E+00 0.37050E+02 0.59600E+00 0.28191E-02 0.96554E-03 0.96563E-03 0.34251E-02 0.34277E-02 0.00000E+00 0.00000E+00 -.63030E+00      2929597   2/0.37050E+02
 0.17000E-01 0.41200E+01 0.80300E+00 0.22068E-01 0.69691E-02 0.73222E-02 0.15890E-01 0.16155E-01 0.00000E+00 0.00000E+00 0.84852E+00      2929597   3/0.41200E+01
 0.40000E-01 0.96900E+01 0.80300E+00 0.20927E-01 0.71696E-02 0.73416E-02 0.15725E-01 0.15919E-01 0.00000E+00 0.00000E+00 0.69850E+00      2929597   3/0.96900E+01
 0.68000E-01 0.16480E+02 0.80300E+00 0.21953E-01 0.72906E-02 0.73314E-02 0.12857E-01 0.12932E-01 0.00000E+00 0.00000E+00 0.12374E+01      2929597   3/0.16480E+02
 0.10900E+00 0.26410E+02 0.80300E+00 0.94886E-02 0.33068E-02 0.33204E-02 0.88894E-02 0.89355E-02 0.00000E+00 0.00000E+00 0.16726E+00      2929597   3/0.26410E+02
 0.20600E+00 0.49920E+02 0.80300E+00 0.26998E-02 0.98381E-03 0.98498E-03 0.34041E-02 0.34140E-02 0.00000E+00 0.00000E+00 -.72599E+00      2929597   3/0.49920E+02
 0.17000E-01 0.30200E+01 0.35600E+00 0.30066E-01 0.96151E-02 0.96156E-02 0.20051E-01 0.20061E-01 0.00000E+00 0.00000E+00 0.10406E+01      2929597   1/0.30200E+01
 0.40000E-01 0.71100E+01 0.35600E+00 0.17382E-01 0.59342E-02 0.59371E-02 0.18043E-01 0.18074E-01 0.00000E+00 0.00000E+00 -.11663E+00      2929597   1/0.71100E+01
 0.68000E-01 0.12080E+02 0.35600E+00 0.17995E-01 0.57980E-02 0.57989E-02 0.14236E-01 0.14250E-01 0.00000E+00 0.00000E+00 0.64597E+00      2929597   1/0.12080E+02
 0.10900E+00 0.19370E+02 0.35600E+00 0.80892E-02 0.26266E-02 0.26274E-02 0.95961E-02 0.96088E-02 0.00000E+00 0.00000E+00 -.57855E+00      2929597   1/0.19370E+02
 0.20600E+00 0.36610E+02 0.35600E+00 0.20900E-02 0.66211E-03 0.68017E-03 0.35659E-02 0.36093E-02 0.00000E+00 0.00000E+00 -.22947E+01      2929597   1/0.36610E+02
 0.17000E-01 0.50600E+01 0.59600E+00 0.33289E-01 0.11914E-01 0.11974E-01 0.21459E-01 0.21585E-01 0.00000E+00 0.00000E+00 0.98238E+00      2929597   2/0.50600E+01
 0.40000E-01 0.11900E+02 0.59600E+00 0.21619E-01 0.79234E-02 0.79272E-02 0.18844E-01 0.18879E-01 0.00000E+00 0.00000E+00 0.34583E+00      2929597   2/0.11900E+02
 0.68000E-01 0.20230E+02 0.59600E+00 0.14596E-01 0.55976E-02 0.55990E-02 0.14533E-01 0.14554E-01 0.00000E+00 0.00000E+00 0.74703E-02      2929597   2/0.20230E+02
 0.10900E+00 0.32430E+02 0.59600E+00 0.11806E-01 0.45618E-02 0.45620E-02 0.96597E-02 0.96645E-02 0.00000E+00 0.00000E+00 0.46944E+00      2929597   2/0.32430E+02
 0.20600E+00 0.61290E+02 0.59600E+00 0.30451E-02 0.11273E-02 0.11274E-02 0.35000E-02 0.35022E-02 0.00000E+00 0.00000E+00 -.40549E+00      2929597   2/0.61290E+02
 0.17000E-01 0.68100E+01 0.80300E+00 0.28392E-01 0.83756E-02 0.87291E-02 0.21232E-01 0.21533E-01 0.00000E+00 0.00000E+00 0.81889E+00      2929597   3/0.68100E+01
 0.40000E-01 0.16030E+02 0.80300E+00 0.16954E-01 0.58000E-02 0.58387E-02 0.18626E-01 0.18746E-01 0.00000E+00 0.00000E+00 -.30902E+00      2929597   3/0.16030E+02
 0.68000E-01 0.27260E+02 0.80300E+00 0.88469E-02 0.33176E-02 0.33460E-02 0.14319E-01 0.14434E-01 0.00000E+00 0.00000E+00 -.16841E+01      2929597   3/0.27260E+02
 0.10900E+00 0.43690E+02 0.80300E+00 0.63465E-02 0.22866E-02 0.22964E-02 0.95126E-02 0.95646E-02 0.00000E+00 0.00000E+00 -.14074E+01      2929597   3/0.43690E+02
 0.20600E+00 0.82570E+02 0.80300E+00 0.30608E-02 0.11576E-02 0.11576E-02 0.34064E-02 0.34084E-02 0.00000E+00 0.00000E+00 -.30029E+00      2929597   3/0.82570E+02
     4632542
 NOMAD charm nu dsigma/dE                                                                                                
Plot1@Experiment:NOMAD@Title E:@XTitle:E [GeV] @YTitle:d#sigma/dnomad_var
 E           dummy       dummy          data      +- uncor     +- tot     th orig         th mod   therr+         therr-     pull    iset       iplot
 0.15910E+02 0.00000E+00 0.00000E+00 0.28070E+01 0.28700E+00 0.29947E+00 0.27441E+01 0.28399E+01 0.00000E+00 0.00000E+00 -.11452E+00      4632542   1/0.15910E+02
 0.24380E+02 0.00000E+00 0.00000E+00 0.41180E+01 0.27300E+00 0.29024E+00 0.38281E+01 0.39357E+01 0.00000E+00 0.00000E+00 0.66778E+00      4632542   1/0.24380E+02
 0.28850E+02 0.00000E+00 0.00000E+00 0.44890E+01 0.25700E+00 0.27525E+00 0.42574E+01 0.43789E+01 0.00000E+00 0.00000E+00 0.42831E+00      4632542   1/0.28850E+02
 0.32880E+02 0.00000E+00 0.00000E+00 0.48150E+01 0.23300E+00 0.25306E+00 0.45895E+01 0.47093E+01 0.00000E+00 0.00000E+00 0.45352E+00      4632542   1/0.32880E+02
 0.37310E+02 0.00000E+00 0.00000E+00 0.51130E+01 0.22700E+00 0.25080E+00 0.49058E+01 0.50362E+01 0.00000E+00 0.00000E+00 0.33835E+00      4632542   1/0.37310E+02
 0.41780E+02 0.00000E+00 0.00000E+00 0.54530E+01 0.24800E+00 0.26837E+00 0.51816E+01 0.53003E+01 0.00000E+00 0.00000E+00 0.61576E+00      4632542   1/0.41780E+02
 0.46230E+02 0.00000E+00 0.00000E+00 0.58070E+01 0.25900E+00 0.28364E+00 0.54277E+01 0.55207E+01 0.00000E+00 0.00000E+00 0.11056E+01      4632542   1/0.46230E+02
 0.51170E+02 0.00000E+00 0.00000E+00 0.60560E+01 0.26500E+00 0.28724E+00 0.56632E+01 0.57456E+01 0.00000E+00 0.00000E+00 0.11713E+01      4632542   1/0.51170E+02
 0.56730E+02 0.00000E+00 0.00000E+00 0.62270E+01 0.26900E+00 0.29235E+00 0.59070E+01 0.60043E+01 0.00000E+00 0.00000E+00 0.82775E+00      4632542   1/0.56730E+02
 0.62870E+02 0.00000E+00 0.00000E+00 0.63480E+01 0.26900E+00 0.29192E+00 0.61453E+01 0.62412E+01 0.00000E+00 0.00000E+00 0.39694E+00      4632542   1/0.62870E+02
 0.69700E+02 0.00000E+00 0.00000E+00 0.64250E+01 0.26600E+00 0.28754E+00 0.63811E+01 0.64669E+01 0.00000E+00 0.00000E+00 -.15758E+00      4632542   1/0.69700E+02
 0.77290E+02 0.00000E+00 0.00000E+00 0.68160E+01 0.26800E+00 0.29165E+00 0.66148E+01 0.67128E+01 0.00000E+00 0.00000E+00 0.38517E+00      4632542   1/0.77290E+02
 0.85780E+02 0.00000E+00 0.00000E+00 0.71210E+01 0.26000E+00 0.28492E+00 0.68562E+01 0.69399E+01 0.00000E+00 0.00000E+00 0.69665E+00      4632542   1/0.85780E+02
 0.95010E+02 0.00000E+00 0.00000E+00 0.73370E+01 0.25900E+00 0.28279E+00 0.70685E+01 0.71325E+01 0.00000E+00 0.00000E+00 0.78970E+00      4632542   1/0.95010E+02
 0.10540E+03 0.00000E+00 0.00000E+00 0.76600E+01 0.25500E+00 0.28309E+00 0.72881E+01 0.73577E+01 0.00000E+00 0.00000E+00 0.11856E+01      4632542   1/0.10540E+03
 0.11760E+03 0.00000E+00 0.00000E+00 0.78000E+01 0.26000E+00 0.28610E+00 0.75146E+01 0.75632E+01 0.00000E+00 0.00000E+00 0.91075E+00      4632542   1/0.11760E+03
 0.13300E+03 0.00000E+00 0.00000E+00 0.79890E+01 0.26700E+00 0.29920E+00 0.77580E+01 0.77553E+01 0.00000E+00 0.00000E+00 0.87543E+00      4632542   1/0.13300E+03
 0.15540E+03 0.00000E+00 0.00000E+00 0.83680E+01 0.27800E+00 0.31740E+00 0.80736E+01 0.80328E+01 0.00000E+00 0.00000E+00 0.12058E+01      4632542   1/0.15540E+03
 0.20550E+03 0.00000E+00 0.00000E+00 0.88590E+01 0.29200E+00 0.34951E+00 0.86212E+01 0.86738E+01 0.00000E+00 0.00000E+00 0.63420E+00      4632542   1/0.20550E+03
      653515
 NOMAD charm nu dsigma/dx                                                                                                
Plot1@Experiment:NOMAD@Title xbj:@XTitle:xbj @YTitle:d#sigma/dnomad_var
 x           dummy       dummy          data      +- uncor     +- tot     th orig         th mod   therr+         therr-     pull    iset       iplot
 0.26700E-01 0.00000E+00 0.00000E+00 0.13383E+02 0.44100E+00 0.52739E+00 0.13587E+02 0.13722E+02 0.00000E+00 0.00000E+00 -.76758E+00       653515   1/0.26700E-01
 0.44000E-01 0.00000E+00 0.00000E+00 0.11245E+02 0.38000E+00 0.43436E+00 0.11143E+02 0.11373E+02 0.00000E+00 0.00000E+00 -.33702E+00       653515   1/0.44000E-01
 0.59800E-01 0.00000E+00 0.00000E+00 0.99910E+01 0.34700E+00 0.40177E+00 0.98396E+01 0.99935E+01 0.00000E+00 0.00000E+00 -.71193E-02       653515   1/0.59800E-01
 0.75600E-01 0.00000E+00 0.00000E+00 0.91410E+01 0.32400E+00 0.37577E+00 0.88871E+01 0.90233E+01 0.00000E+00 0.00000E+00 0.36342E+00       653515   1/0.75600E-01
 0.91700E-01 0.00000E+00 0.00000E+00 0.81980E+01 0.29700E+00 0.34266E+00 0.81164E+01 0.82860E+01 0.00000E+00 0.00000E+00 -.29613E+00       653515   1/0.91700E-01
 0.11220E+00 0.00000E+00 0.00000E+00 0.71760E+01 0.22500E+00 0.26771E+00 0.73240E+01 0.74874E+01 0.00000E+00 0.00000E+00 -.13838E+01       653515   1/0.11220E+00
 0.13890E+00 0.00000E+00 0.00000E+00 0.62290E+01 0.19500E+00 0.22827E+00 0.65086E+01 0.66492E+01 0.00000E+00 0.00000E+00 -.21551E+01       653515   1/0.13890E+00
 0.16990E+00 0.00000E+00 0.00000E+00 0.54270E+01 0.17100E+00 0.20139E+00 0.57666E+01 0.58405E+01 0.00000E+00 0.00000E+00 -.24181E+01       653515   1/0.16990E+00
 0.20660E+00 0.00000E+00 0.00000E+00 0.48370E+01 0.15100E+00 0.17734E+00 0.50759E+01 0.51401E+01 0.00000E+00 0.00000E+00 -.20073E+01       653515   1/0.20660E+00
 0.25240E+00 0.00000E+00 0.00000E+00 0.42350E+01 0.13300E+00 0.15700E+00 0.43914E+01 0.44490E+01 0.00000E+00 0.00000E+00 -.16090E+01       653515   1/0.25240E+00
 0.31650E+00 0.00000E+00 0.00000E+00 0.35950E+01 0.11300E+00 0.13431E+00 0.36474E+01 0.37104E+01 0.00000E+00 0.00000E+00 -.10210E+01       653515   1/0.31650E+00
 0.40360E+00 0.00000E+00 0.00000E+00 0.29550E+01 0.11100E+00 0.12744E+00 0.28582E+01 0.29416E+01 0.00000E+00 0.00000E+00 0.12089E+00       653515   1/0.40360E+00
 0.51160E+00 0.00000E+00 0.00000E+00 0.23550E+01 0.12000E+00 0.13226E+00 0.20869E+01 0.21614E+01 0.00000E+00 0.00000E+00 0.16136E+01       653515   1/0.51160E+00
 0.64650E+00 0.00000E+00 0.00000E+00 0.16070E+01 0.15000E+00 0.15735E+00 0.13578E+01 0.14215E+01 0.00000E+00 0.00000E+00 0.12369E+01       653515   1/0.64650E+00
     4091654
 NOMAD charm nu dsigma/dsqrtshat                                                                                         
Plot1@Experiment:NOMAD@Title sqrts:@XTitle:sqrts @YTitle:d#sigma/dnomad_var
 sqrtshat    dummy       dummy          data      +- uncor     +- tot     th orig         th mod   therr+         therr-     pull    iset       iplot
 0.34400E+01 0.00000E+00 0.00000E+00 0.36200E+01 0.36000E+00 0.37266E+00 0.33937E+01 0.34973E+01 0.00000E+00 0.00000E+00 0.34089E+00      4091654   1/0.34400E+01
 0.42130E+01 0.00000E+00 0.00000E+00 0.51480E+01 0.30400E+00 0.33223E+00 0.43321E+01 0.44919E+01 0.00000E+00 0.00000E+00 0.21582E+01      4091654   1/0.42130E+01
 0.48970E+01 0.00000E+00 0.00000E+00 0.56000E+01 0.23800E+00 0.27768E+00 0.50541E+01 0.52233E+01 0.00000E+00 0.00000E+00 0.15826E+01      4091654   1/0.48970E+01
 0.55090E+01 0.00000E+00 0.00000E+00 0.60410E+01 0.23900E+00 0.27936E+00 0.56462E+01 0.58039E+01 0.00000E+00 0.00000E+00 0.99191E+00      4091654   1/0.55090E+01
 0.60350E+01 0.00000E+00 0.00000E+00 0.65230E+01 0.24400E+00 0.28442E+00 0.61246E+01 0.62698E+01 0.00000E+00 0.00000E+00 0.10378E+01      4091654   1/0.60350E+01
 0.65430E+01 0.00000E+00 0.00000E+00 0.68150E+01 0.23900E+00 0.27890E+00 0.65582E+01 0.66880E+01 0.00000E+00 0.00000E+00 0.53141E+00      4091654   1/0.65430E+01
 0.70490E+01 0.00000E+00 0.00000E+00 0.71900E+01 0.25100E+00 0.28835E+00 0.69567E+01 0.70756E+01 0.00000E+00 0.00000E+00 0.45560E+00      4091654   1/0.70490E+01
 0.75670E+01 0.00000E+00 0.00000E+00 0.75070E+01 0.26000E+00 0.29619E+00 0.73232E+01 0.74290E+01 0.00000E+00 0.00000E+00 0.30003E+00      4091654   1/0.75670E+01
 0.81100E+01 0.00000E+00 0.00000E+00 0.77380E+01 0.26400E+00 0.29650E+00 0.76605E+01 0.77359E+01 0.00000E+00 0.00000E+00 0.79141E-02      4091654   1/0.81100E+01
 0.86830E+01 0.00000E+00 0.00000E+00 0.81870E+01 0.27800E+00 0.31324E+00 0.79704E+01 0.80438E+01 0.00000E+00 0.00000E+00 0.51526E+00      4091654   1/0.86830E+01
 0.93750E+01 0.00000E+00 0.00000E+00 0.84750E+01 0.25900E+00 0.29467E+00 0.83333E+01 0.83748E+01 0.00000E+00 0.00000E+00 0.38674E+00      4091654   1/0.93750E+01
 0.10240E+02 0.00000E+00 0.00000E+00 0.85830E+01 0.26100E+00 0.29391E+00 0.87527E+01 0.87575E+01 0.00000E+00 0.00000E+00 -.66849E+00      4091654   1/0.10240E+02
 0.11300E+02 0.00000E+00 0.00000E+00 0.91420E+01 0.27400E+00 0.31143E+00 0.93120E+01 0.92519E+01 0.00000E+00 0.00000E+00 -.40100E+00      4091654   1/0.11300E+02
 0.12820E+02 0.00000E+00 0.00000E+00 0.97130E+01 0.28900E+00 0.33967E+00 0.10210E+02 0.10045E+02 0.00000E+00 0.00000E+00 -.11496E+01      4091654   1/0.12820E+02
 0.15390E+02 0.00000E+00 0.00000E+00 0.10373E+02 0.43500E+00 0.51760E+00 0.11653E+02 0.11259E+02 0.00000E+00 0.00000E+00 -.20362E+01      4091654   1/0.15390E+02
     4594218
 CHORUS charm                                                                                                            
Plot1@Experiment:CHORUS nu DIS@ExtraLabel: @XTitle: beam energy [GeV] @YTitle: #sigma_{charm}/#sigma_{CC}
 E           dummy       dummy          data      +- uncor     +- tot     th orig         th mod   therr+         therr-     pull    iset       iplot
 0.12000E+02 0.00000E+00 0.00000E+00 0.27600E-01 0.39000E-02 0.39000E-02 0.29372E-01 0.29372E-01 0.00000E+00 0.00000E+00 -.45425E+00      4594218   1/0.12000E+02
 0.23000E+02 0.00000E+00 0.00000E+00 0.45800E-01 0.27000E-02 0.27000E-02 0.47073E-01 0.47073E-01 0.00000E+00 0.00000E+00 -.47156E+00      4594218   1/0.23000E+02
 0.42000E+02 0.00000E+00 0.00000E+00 0.69200E-01 0.37000E-02 0.37000E-02 0.62227E-01 0.62227E-01 0.00000E+00 0.00000E+00 0.18846E+01      4594218   1/0.42000E+02
 0.74000E+02 0.00000E+00 0.00000E+00 0.81700E-01 0.63000E-02 0.63000E-02 0.75322E-01 0.75322E-01 0.00000E+00 0.00000E+00 0.10123E+01      4594218   1/0.74000E+02
 0.10400E+03 0.00000E+00 0.00000E+00 0.98700E-01 0.10600E-01 0.10600E-01 0.82721E-01 0.82721E-01 0.00000E+00 0.00000E+00 0.15074E+01      4594218   1/0.10400E+03
 0.15100E+03 0.00000E+00 0.00000E+00 0.98300E-01 0.12200E-01 0.12200E-01 0.90346E-01 0.90346E-01 0.00000E+00 0.00000E+00 0.65194E+00      4594218   1/0.15100E+03
     4632868
 CMS W+ cross section 8 TeV                                                                                              
Plot1@Experiment:CMS@Title:W^{+} (muons)  #sqrt{s} = 8 TeV@XTitle:Muon |#eta| @YTitle:d#sigma^{+}/d#eta [pb]
 eta1        eta2        dummy          data      +- uncor     +- tot     th orig         th mod   therr+         therr-     pull    iset       iplot
 0.00000E+00 0.20000E+00 0.00000E+00 0.74374E+03 0.70000E+00 0.20374E+02 0.74749E+03 0.74403E+03 0.00000E+00 0.00000E+00 -.42051E+00      4632868   1/0.20000E+00
 0.20000E+00 0.40000E+00 0.00000E+00 0.74955E+03 0.70000E+00 0.21003E+02 0.74922E+03 0.74939E+03 0.00000E+00 0.00000E+00 0.23405E+00      4632868   1/0.40000E+00
 0.40000E+00 0.60000E+00 0.00000E+00 0.75189E+03 0.70000E+00 0.20801E+02 0.75203E+03 0.75180E+03 0.00000E+00 0.00000E+00 0.12458E+00      4632868   1/0.60000E+00
 0.60000E+00 0.80000E+00 0.00000E+00 0.75505E+03 0.70000E+00 0.20854E+02 0.75621E+03 0.75506E+03 0.00000E+00 0.00000E+00 -.14093E-01      4632868   1/0.80000E+00
 0.80000E+00 0.10000E+01 0.00000E+00 0.76189E+03 0.70000E+00 0.21159E+02 0.76149E+03 0.76183E+03 0.00000E+00 0.00000E+00 0.89162E-01      4632868   1/0.10000E+01
 0.10000E+01 0.12000E+01 0.00000E+00 0.76597E+03 0.70000E+00 0.20722E+02 0.76658E+03 0.76612E+03 0.00000E+00 0.00000E+00 -.21412E+00      4632868   1/0.12000E+01
 0.12000E+01 0.14000E+01 0.00000E+00 0.77437E+03 0.70000E+00 0.20938E+02 0.77238E+03 0.77416E+03 0.00000E+00 0.00000E+00 0.30394E+00      4632868   1/0.14000E+01
 0.14000E+01 0.16000E+01 0.00000E+00 0.77455E+03 0.70000E+00 0.21003E+02 0.77594E+03 0.77472E+03 0.00000E+00 0.00000E+00 -.23757E+00      4632868   1/0.16000E+01
 0.16000E+01 0.18500E+01 0.00000E+00 0.77636E+03 0.70000E+00 0.21324E+02 0.77669E+03 0.77645E+03 0.00000E+00 0.00000E+00 -.12485E+00      4632868   1/0.18500E+01
 0.18500E+01 0.21000E+01 0.00000E+00 0.77110E+03 0.60000E+00 0.21492E+02 0.76751E+03 0.77101E+03 0.00000E+00 0.00000E+00 0.15102E+00      4632868   1/0.21000E+01
 0.21000E+01 0.24000E+01 0.00000E+00 0.74830E+03 0.70000E+00 0.26588E+02 0.73957E+03 0.74802E+03 0.00000E+00 0.00000E+00 0.40227E+00      4632868   1/0.24000E+01
     2148460
 CMS W- cross section 8 TeV                                                                                              
Plot1@Experiment:CMS@Title:W^{-} (muons)  #sqrt{s} = 8 TeV@XTitle:Muon |#eta| @YTitle:d#sigma^{-}/d#eta [pb]
 eta1        eta2        dummy          data      +- uncor     +- tot     th orig         th mod   therr+         therr-     pull    iset       iplot
 0.00000E+00 0.20000E+00 0.00000E+00 0.56902E+03 0.60000E+00 0.15733E+02 0.57227E+03 0.56922E+03 0.00000E+00 0.00000E+00 -.32993E+00      2148460   1/0.20000E+00
 0.20000E+00 0.40000E+00 0.00000E+00 0.56889E+03 0.60000E+00 0.16102E+02 0.57009E+03 0.56887E+03 0.00000E+00 0.00000E+00 0.41042E-01      2148460   1/0.40000E+00
 0.40000E+00 0.60000E+00 0.00000E+00 0.56410E+03 0.60000E+00 0.15805E+02 0.56509E+03 0.56405E+03 0.00000E+00 0.00000E+00 0.91595E-01      2148460   1/0.60000E+00
 0.60000E+00 0.80000E+00 0.00000E+00 0.55606E+03 0.60000E+00 0.15536E+02 0.55807E+03 0.55612E+03 0.00000E+00 0.00000E+00 -.10594E+00      2148460   1/0.80000E+00
 0.80000E+00 0.10000E+01 0.00000E+00 0.54959E+03 0.60000E+00 0.15313E+02 0.54867E+03 0.54928E+03 0.00000E+00 0.00000E+00 0.51919E+00      2148460   1/0.10000E+01
 0.10000E+01 0.12000E+01 0.00000E+00 0.53570E+03 0.60000E+00 0.14653E+02 0.53686E+03 0.53568E+03 0.00000E+00 0.00000E+00 0.26969E-01      2148460   1/0.12000E+01
 0.12000E+01 0.14000E+01 0.00000E+00 0.52143E+03 0.60000E+00 0.14380E+02 0.52379E+03 0.52166E+03 0.00000E+00 0.00000E+00 -.38931E+00      2148460   1/0.14000E+01
 0.14000E+01 0.16000E+01 0.00000E+00 0.50834E+03 0.60000E+00 0.14069E+02 0.50852E+03 0.50817E+03 0.00000E+00 0.00000E+00 0.28965E+00      2148460   1/0.16000E+01
 0.16000E+01 0.18500E+01 0.00000E+00 0.48774E+03 0.60000E+00 0.13753E+02 0.48986E+03 0.48789E+03 0.00000E+00 0.00000E+00 -.25719E+00      2148460   1/0.18500E+01
 0.18500E+01 0.21000E+01 0.00000E+00 0.46658E+03 0.60000E+00 0.13222E+02 0.46590E+03 0.46649E+03 0.00000E+00 0.00000E+00 0.15396E+00      2148460   1/0.21000E+01
 0.21000E+01 0.24000E+01 0.00000E+00 0.43982E+03 0.60000E+00 0.15544E+02 0.43812E+03 0.44011E+03 0.00000E+00 0.00000E+00 -.48645E+00      2148460   1/0.24000E+01
     6233874
 CMS W muon asymmetry                                                                                                    
Plot1@Experiment:CMS@Title:W Muon Charge Asymmetry@XTitle:Muon |#eta| @YTitle:Charge asymmetry
 eta1        eta2        dummy          data      +- uncor     +- tot     th orig         th mod   therr+         therr-     pull    iset       iplot
 0.00000E+00 0.20000E+00 0.00000E+00 0.15210E+00 0.96000E-03 0.22445E-02 0.14973E+00 0.15179E+00 0.00000E+00 0.00000E+00 0.32325E+00      6233874   1/0.20000E+00
 0.20000E+00 0.40000E+00 0.00000E+00 0.15380E+00 0.98000E-03 0.23350E-02 0.15289E+00 0.15384E+00 0.00000E+00 0.00000E+00 -.39345E-01      6233874   1/0.40000E+00
 0.40000E+00 0.60000E+00 0.00000E+00 0.16030E+00 0.94000E-03 0.23606E-02 0.15935E+00 0.16040E+00 0.00000E+00 0.00000E+00 -.10280E+00      6233874   1/0.60000E+00
 0.60000E+00 0.80000E+00 0.00000E+00 0.17060E+00 0.93000E-03 0.23453E-02 0.16854E+00 0.17045E+00 0.00000E+00 0.00000E+00 0.16511E+00      6233874   1/0.80000E+00
 0.80000E+00 0.10000E+01 0.00000E+00 0.17880E+00 0.98000E-03 0.25753E-02 0.18055E+00 0.17937E+00 0.00000E+00 0.00000E+00 -.57708E+00      6233874   1/0.10000E+01
 0.10000E+01 0.12000E+01 0.00000E+00 0.20070E+00 0.99000E-03 0.27325E-02 0.19455E+00 0.19987E+00 0.00000E+00 0.00000E+00 0.84239E+00      6233874   1/0.12000E+01
 0.12000E+01 0.14000E+01 0.00000E+00 0.21130E+00 0.99000E-03 0.26954E-02 0.20993E+00 0.21134E+00 0.00000E+00 0.00000E+00 -.40915E-01      6233874   1/0.14000E+01
 0.14000E+01 0.16000E+01 0.00000E+00 0.22170E+00 0.99000E-03 0.26909E-02 0.22564E+00 0.22273E+00 0.00000E+00 0.00000E+00 -.10441E+01      6233874   1/0.16000E+01
 0.16000E+01 0.18500E+01 0.00000E+00 0.24610E+00 0.93000E-03 0.28225E-02 0.24219E+00 0.24576E+00 0.00000E+00 0.00000E+00 0.36494E+00      6233874   1/0.18500E+01
 0.18500E+01 0.21000E+01 0.00000E+00 0.26160E+00 0.94000E-03 0.27311E-02 0.25668E+00 0.26105E+00 0.00000E+00 0.00000E+00 0.58716E+00      6233874   1/0.21000E+01
 0.21000E+01 0.24000E+01 0.00000E+00 0.26490E+00 0.10600E-02 0.37895E-02 0.26143E+00 0.26474E+00 0.00000E+00 0.00000E+00 0.15562E+00      6233874   1/0.24000E+01
     9126956
 ATLAS W+ lepton pseudorapidity, 2010 data                                                                               
Plot1@Experiment:ATLAS@ExtraLabel:pp #rightarrow W^{+}; #sqrt{s} = 7 TeV @Title:2010 @XTitle: #eta_{l} @YTitle: d#sigma/d#eta [pb]
 eta1        eta2        dummy          data      +- uncor     +- tot     th orig         th mod   therr+         therr-     pull    iset       iplot
 0.00000E+00 0.21000E+00 0.00000E+00 0.60200E+03 0.92264E+01 0.23840E+02 0.61442E+03 0.61016E+03 0.00000E+00 0.00000E+00 -.88391E+00      9126956   1/0.00000E+00
 0.21000E+00 0.42000E+00 0.00000E+00 0.60267E+03 0.81760E+01 0.23161E+02 0.61648E+03 0.61240E+03 0.00000E+00 0.00000E+00 -.11903E+01      9126956   1/0.00000E+00
 0.42000E+00 0.63000E+00 0.00000E+00 0.62015E+03 0.81508E+01 0.23744E+02 0.61979E+03 0.61707E+03 0.00000E+00 0.00000E+00 0.37768E+00      9126956   1/0.00000E+00
 0.63000E+00 0.84000E+00 0.00000E+00 0.61469E+03 0.90149E+01 0.23923E+02 0.62469E+03 0.62123E+03 0.00000E+00 0.00000E+00 -.72583E+00      9126956   1/0.00000E+00
 0.84000E+00 0.10500E+01 0.00000E+00 0.64065E+03 0.91165E+01 0.24952E+02 0.63044E+03 0.62872E+03 0.00000E+00 0.00000E+00 0.13090E+01      9126956   1/0.00000E+00
 0.10500E+01 0.13700E+01 0.00000E+00 0.64721E+03 0.71180E+01 0.24370E+02 0.63801E+03 0.63439E+03 0.00000E+00 0.00000E+00 0.18009E+01      9126956   1/0.00000E+00
 0.13700E+01 0.15200E+01 0.00000E+00 0.63074E+03 0.11904E+02 0.26843E+02 0.64277E+03 0.63621E+03 0.00000E+00 0.00000E+00 -.45921E+00      9126956   1/0.00000E+00
 0.15200E+01 0.17400E+01 0.00000E+00 0.62917E+03 0.72305E+01 0.23712E+02 0.64398E+03 0.64065E+03 0.00000E+00 0.00000E+00 -.15876E+01      9126956   1/0.00000E+00
 0.17400E+01 0.19500E+01 0.00000E+00 0.64885E+03 0.80609E+01 0.24935E+02 0.63974E+03 0.63588E+03 0.00000E+00 0.00000E+00 0.16087E+01      9126956   1/0.00000E+00
 0.19500E+01 0.21800E+01 0.00000E+00 0.62813E+03 0.76266E+01 0.23908E+02 0.62622E+03 0.62192E+03 0.00000E+00 0.00000E+00 0.81466E+00      9126956   1/0.00000E+00
 0.21800E+01 0.25000E+01 0.00000E+00 0.57839E+03 0.76719E+01 0.22579E+02 0.58732E+03 0.58311E+03 0.00000E+00 0.00000E+00 -.61588E+00      9126956   1/0.00000E+00
     7446057
 ATLAS W- lepton pseudorapidity, 2010 data                                                                               
Plot1@Experiment:ATLAS@ExtraLabel:pp #rightarrow W^{-}; #sqrt{s} = 7 TeV @Title:2010 @XTitle: #eta_{l} @YTitle: d#sigma/d#eta [pb]
 eta1        eta2        dummy          data      +- uncor     +- tot     th orig         th mod   therr+         therr-     pull    iset       iplot
 0.00000E+00 0.21000E+00 0.00000E+00 0.44632E+03 0.77314E+01 0.17991E+02 0.45378E+03 0.45023E+03 0.00000E+00 0.00000E+00 -.50628E+00      7446057   1/0.00000E+00
 0.21000E+00 0.42000E+00 0.00000E+00 0.44026E+03 0.68784E+01 0.17424E+02 0.45190E+03 0.44832E+03 0.00000E+00 0.00000E+00 -.11712E+01      7446057   1/0.00000E+00
 0.42000E+00 0.63000E+00 0.00000E+00 0.45506E+03 0.68732E+01 0.17945E+02 0.44741E+03 0.44393E+03 0.00000E+00 0.00000E+00 0.16192E+01      7446057   1/0.00000E+00
 0.63000E+00 0.84000E+00 0.00000E+00 0.43981E+03 0.75495E+01 0.17770E+02 0.44101E+03 0.43812E+03 0.00000E+00 0.00000E+00 0.22372E+00      7446057   1/0.00000E+00
 0.84000E+00 0.10500E+01 0.00000E+00 0.42807E+03 0.73425E+01 0.17312E+02 0.43248E+03 0.42882E+03 0.00000E+00 0.00000E+00 -.10219E+00      7446057   1/0.00000E+00
 0.10500E+01 0.13700E+01 0.00000E+00 0.41889E+03 0.54680E+01 0.16306E+02 0.41919E+03 0.41581E+03 0.00000E+00 0.00000E+00 0.56335E+00      7446057   1/0.00000E+00
 0.13700E+01 0.15200E+01 0.00000E+00 0.38727E+03 0.86889E+01 0.17045E+02 0.40506E+03 0.40088E+03 0.00000E+00 0.00000E+00 -.15665E+01      7446057   1/0.00000E+00
 0.15200E+01 0.17400E+01 0.00000E+00 0.38403E+03 0.55667E+01 0.15275E+02 0.39281E+03 0.38868E+03 0.00000E+00 0.00000E+00 -.83492E+00      7446057   1/0.00000E+00
 0.17400E+01 0.19500E+01 0.00000E+00 0.37529E+03 0.58418E+01 0.15093E+02 0.37702E+03 0.37376E+03 0.00000E+00 0.00000E+00 0.26223E+00      7446057   1/0.00000E+00
 0.19500E+01 0.21800E+01 0.00000E+00 0.35739E+03 0.53544E+01 0.14320E+02 0.35988E+03 0.35650E+03 0.00000E+00 0.00000E+00 0.16699E+00      7446057   1/0.00000E+00
 0.21800E+01 0.25000E+01 0.00000E+00 0.33099E+03 0.53354E+01 0.13585E+02 0.33636E+03 0.33247E+03 0.00000E+00 0.00000E+00 -.27749E+00      7446057   1/0.00000E+00
     6408207
 ATLAS Z rapidity, 2010 data                                                                                             
Plot1@Experiment:ATLAS@ExtraLabel:pp #rightarrow Z; #sqrt{s} = 7 TeV@Title:2010 @XTitle: y_{Z} @YTitle: d#sigma/dy [pb] @Ylog
 eta1        eta2        dummy          data      +- uncor     +- tot     th orig         th mod   therr+         therr-     pull    iset       iplot
 0.00000E+00 0.40000E+00 0.00000E+00 0.12927E+03 0.20288E+01 0.50334E+01 0.12841E+03 0.12767E+03 0.00000E+00 0.00000E+00 0.78652E+00      6408207   1/0.40000E+00
 0.40000E+00 0.80000E+00 0.00000E+00 0.12944E+03 0.20072E+01 0.50345E+01 0.12744E+03 0.12660E+03 0.00000E+00 0.00000E+00 0.14140E+01      6408207   1/0.80000E+00
 0.80000E+00 0.12000E+01 0.00000E+00 0.12581E+03 0.19803E+01 0.48578E+01 0.12549E+03 0.12480E+03 0.00000E+00 0.00000E+00 0.51236E+00      6408207   1/0.12000E+01
 0.12000E+01 0.16000E+01 0.00000E+00 0.11823E+03 0.19731E+01 0.46240E+01 0.12238E+03 0.12127E+03 0.00000E+00 0.00000E+00 -.15422E+01      6408207   1/0.16000E+01
 0.16000E+01 0.20000E+01 0.00000E+00 0.11337E+03 0.22087E+01 0.46661E+01 0.11741E+03 0.11560E+03 0.00000E+00 0.00000E+00 -.10076E+01      6408207   1/0.20000E+01
 0.20000E+01 0.24000E+01 0.00000E+00 0.10526E+03 0.30698E+01 0.52482E+01 0.10928E+03 0.10635E+03 0.00000E+00 0.00000E+00 -.35429E+00      6408207   1/0.24000E+01
 0.24000E+01 0.28000E+01 0.00000E+00 0.92180E+02 0.46124E+01 0.65703E+01 0.95200E+02 0.92437E+02 0.00000E+00 0.00000E+00 -.55725E-01      6408207   1/0.28000E+01
 0.28000E+01 0.36000E+01 0.00000E+00 0.53380E+02 0.32410E+01 0.56831E+01 0.55877E+02 0.54006E+02 0.00000E+00 0.00000E+00 -.19318E+00      6408207   1/0.36000E+01
     5400464
 ATLAS Z, 2015 data, electron channel                                                                                    
Plot1@Experiment:ATLAS@ExtraLabel:pp #rightarrow Z(el); #sqrt{s} = 13 TeV @Title:2015 @XTitle: @YTitle: #sigma [nb]
 final_state dummy       dummy          data      +- uncor     +- tot     th orig         th mod   therr+         therr-     pull    iset       iplot
 0.10000E+01 0.00000E+00 0.00000E+00 0.78100E+00 0.40000E-02 0.18552E-01 0.76369E+00 0.78028E+00 0.00000E+00 0.00000E+00 0.18028E+00      5400464   1/0.00000E+00
     4582259
 ATLAS W+, 2015 data, electron channel                                                                                   
Plot1@Experiment:ATLAS@ExtraLabel:pp #rightarrow W^{+}(el); #sqrt{s} = 13 TeV @Title:2015 @XTitle: @YTitle: #sigma [nb]
 final_state dummy       dummy          data      +- uncor     +- tot     th orig         th mod   therr+         therr-     pull    iset       iplot
 0.10000E+01 0.00000E+00 0.00000E+00 0.46800E+01 0.21224E-01 0.13275E+00 0.45347E+01 0.46763E+01 0.00000E+00 0.00000E+00 0.17339E+00      4582259   1/0.00000E+00
     6066550
 ATLAS W-, 2015 data, electron channel                                                                                   
Plot1@Experiment:ATLAS@ExtraLabel:pp #rightarrow W^{-}(el); #sqrt{s} = 13 TeV @Title:2015 @XTitle: @YTitle: #sigma [nb]
 final_state dummy       dummy          data      +- uncor     +- tot     th orig         th mod   therr+         therr-     pull    iset       iplot
 0.10000E+01 0.00000E+00 0.00000E+00 0.35800E+01 0.14675E-01 0.10200E+00 0.34660E+01 0.35798E+01 0.00000E+00 0.00000E+00 0.13723E-01      6066550   1/0.00000E+00
     3140863
 ATLAS Z, 2015 data, muon channel                                                                                        
Plot1@Experiment:ATLAS@ExtraLabel:pp #rightarrow Z(mu); #sqrt{s} = 13 TeV @Title:2015 @XTitle: @YTitle: #sigma [nb]
 final_state dummy       dummy          data      +- uncor     +- tot     th orig         th mod   therr+         therr-     pull    iset       iplot
 0.10000E+01 0.00000E+00 0.00000E+00 0.77700E+00 0.40000E-02 0.18688E-01 0.76369E+00 0.77589E+00 0.00000E+00 0.00000E+00 0.27869E+00      3140863   1/0.00000E+00
     2322658
 ATLAS W+, 2015 data, muon channel                                                                                       
Plot1@Experiment:ATLAS@ExtraLabel:pp #rightarrow W^{+}(mu); #sqrt{s} = 13 TeV @Title:2015 @XTitle: @YTitle: #sigma [nb]
 final_state dummy       dummy          data      +- uncor     +- tot     th orig         th mod   therr+         therr-     pull    iset       iplot
 0.10000E+01 0.00000E+00 0.00000E+00 0.45000E+01 0.13454E-01 0.12486E+00 0.45347E+01 0.45240E+01 0.00000E+00 0.00000E+00 -.17805E+01      2322658   1/0.00000E+00
     3806949
 ATLAS W-, 2015 data, muon channel                                                                                       
Plot1@Experiment:ATLAS@ExtraLabel:pp #rightarrow W^{-}(mu); #sqrt{s} = 13 TeV @Title:2015 @XTitle: @YTitle: #sigma [nb]
 final_state dummy       dummy          data      +- uncor     +- tot     th orig         th mod   therr+         therr-     pull    iset       iplot
 0.10000E+01 0.00000E+00 0.00000E+00 0.34800E+01 0.12184E-01 0.98813E-01 0.34660E+01 0.34582E+01 0.00000E+00 0.00000E+00 0.17869E+01      3806949   1/0.00000E+00
     6883488
 LHCb W+ mu cross section 7 TeV                                                                                          
Plot1@Experiment:LHCb@Title:W+ (mu)  #sqrt{s} = 7 TeV@XTitle:Muon |#eta| @YTitle:d#sigma/d#eta [pb]
 eta1        eta2        dummy          data      +- uncor     +- tot     th orig         th mod   therr+         therr-     pull    iset       iplot
 0.20000E+01 0.22500E+01 0.00000E+00 0.76880E+03 0.47666E+01 0.21384E+02 0.77063E+03 0.77148E+03 0.00000E+00 0.00000E+00 -.56152E+00      6883488   1/0.22500E+01
 0.22500E+01 0.25000E+01 0.00000E+00 0.71520E+03 0.35760E+01 0.19402E+02 0.70801E+03 0.71604E+03 0.00000E+00 0.00000E+00 -.23447E+00      6883488   1/0.25000E+01
 0.25000E+01 0.27500E+01 0.00000E+00 0.61720E+03 0.32094E+01 0.15191E+02 0.61371E+03 0.61763E+03 0.00000E+00 0.00000E+00 -.13270E+00      6883488   1/0.27500E+01
 0.27500E+01 0.30000E+01 0.00000E+00 0.49120E+03 0.27998E+01 0.12094E+02 0.49610E+03 0.49393E+03 0.00000E+00 0.00000E+00 -.97600E+00      6883488   1/0.30000E+01
 0.30000E+01 0.32500E+01 0.00000E+00 0.37720E+03 0.24141E+01 0.94884E+01 0.36915E+03 0.37758E+03 0.00000E+00 0.00000E+00 -.15692E+00      6883488   1/0.32500E+01
 0.35000E+01 0.40000E+01 0.00000E+00 0.12000E+03 0.99600E+00 0.29016E+01 0.11710E+03 0.12031E+03 0.00000E+00 0.00000E+00 -.31333E+00      6883488   1/0.40000E+01
 0.40000E+01 0.45000E+01 0.00000E+00 0.28600E+02 0.80080E+00 0.12662E+01 0.26774E+02 0.28068E+02 0.00000E+00 0.00000E+00 0.66398E+00      6883488   1/0.45000E+01
     8564387
 LHCb W- mu cross section 7 TeV                                                                                          
Plot1@Experiment:LHCb@Title:W- (mu)  #sqrt{s} = 7 TeV@XTitle:Muon |#eta| @YTitle:d#sigma/d#eta [pb]
 eta1        eta2        dummy          data      +- uncor     +- tot     th orig         th mod   therr+         therr-     pull    iset       iplot
 0.20000E+01 0.22500E+01 0.00000E+00 0.44440E+03 0.35996E+01 0.12540E+02 0.44026E+03 0.44388E+03 0.00000E+00 0.00000E+00 0.14387E+00      8564387   1/0.22500E+01
 0.22500E+01 0.25000E+01 0.00000E+00 0.41960E+03 0.28113E+01 0.11557E+02 0.41570E+03 0.42009E+03 0.00000E+00 0.00000E+00 -.17253E+00      8564387   1/0.25000E+01
 0.25000E+01 0.27500E+01 0.00000E+00 0.38440E+03 0.28061E+01 0.94116E+01 0.38640E+03 0.38693E+03 0.00000E+00 0.00000E+00 -.90216E+00      8564387   1/0.27500E+01
 0.27500E+01 0.30000E+01 0.00000E+00 0.35360E+03 0.27934E+01 0.94974E+01 0.35285E+03 0.35392E+03 0.00000E+00 0.00000E+00 -.11619E+00      8564387   1/0.30000E+01
 0.30000E+01 0.32500E+01 0.00000E+00 0.32240E+03 0.23858E+01 0.87463E+01 0.31284E+03 0.32137E+03 0.00000E+00 0.00000E+00 0.43244E+00      8564387   1/0.32500E+01
 0.35000E+01 0.40000E+01 0.00000E+00 0.19180E+03 0.14001E+01 0.46064E+01 0.18235E+03 0.18991E+03 0.00000E+00 0.00000E+00 0.13499E+01      8564387   1/0.40000E+01
 0.40000E+01 0.45000E+01 0.00000E+00 0.87600E+02 0.16031E+01 0.33062E+01 0.80172E+02 0.85846E+02 0.00000E+00 0.00000E+00 0.10941E+01      8564387   1/0.45000E+01
     1923405
 LHCb Z mu cross section 7 TeV                                                                                           
Plot1@Experiment:LHCb@Title:Z (mu)  #sqrt{s} = 7 TeV@XTitle:Muon |#eta| @YTitle:d#sigma/d#eta [pb]
 eta1        eta2        dummy          data      +- uncor     +- tot     th orig         th mod   therr+         therr-     pull    iset       iplot
 0.20000E+01 0.21250E+01 0.00000E+00 0.77520E+01 0.31163E+00 0.43612E+00 0.72896E+01 0.75864E+01 0.00000E+00 0.00000E+00 0.53151E+00      1923405   1/0.21250E+01
 0.21250E+01 0.22500E+01 0.00000E+00 0.22720E+02 0.50438E+00 0.80750E+00 0.21179E+02 0.22138E+02 0.00000E+00 0.00000E+00 0.11535E+01      1923405   1/0.22500E+01
 0.22500E+01 0.23750E+01 0.00000E+00 0.35424E+02 0.61638E+00 0.11545E+01 0.33710E+02 0.35051E+02 0.00000E+00 0.00000E+00 0.60532E+00      1923405   1/0.23750E+01
 0.23750E+01 0.25000E+01 0.00000E+00 0.46584E+02 0.70342E+00 0.13062E+01 0.44674E+02 0.46117E+02 0.00000E+00 0.00000E+00 0.66431E+00      1923405   1/0.25000E+01
 0.25000E+01 0.26250E+01 0.00000E+00 0.55016E+02 0.75922E+00 0.14971E+01 0.53517E+02 0.55014E+02 0.00000E+00 0.00000E+00 0.28150E-02      1923405   1/0.26250E+01
 0.26250E+01 0.27500E+01 0.00000E+00 0.61352E+02 0.79758E+00 0.16256E+01 0.59861E+02 0.61509E+02 0.00000E+00 0.00000E+00 -.19640E+00      1923405   1/0.27500E+01
 0.27500E+01 0.28750E+01 0.00000E+00 0.66448E+02 0.83060E+00 0.17313E+01 0.63372E+02 0.65496E+02 0.00000E+00 0.00000E+00 0.11456E+01      1923405   1/0.28750E+01
 0.28750E+01 0.30000E+01 0.00000E+00 0.65928E+02 0.82410E+00 0.17095E+01 0.63852E+02 0.65703E+02 0.00000E+00 0.00000E+00 0.27298E+00      1923405   1/0.30000E+01
 0.30000E+01 0.31250E+01 0.00000E+00 0.62264E+02 0.79075E+00 0.16130E+01 0.61185E+02 0.62413E+02 0.00000E+00 0.00000E+00 -.18842E+00      1923405   1/0.31250E+01
 0.31250E+01 0.32500E+01 0.00000E+00 0.56752E+02 0.76615E+00 0.15032E+01 0.55128E+02 0.56549E+02 0.00000E+00 0.00000E+00 0.26492E+00      1923405   1/0.32500E+01
 0.32500E+01 0.33750E+01 0.00000E+00 0.47152E+02 0.69785E+00 0.12819E+01 0.45274E+02 0.46609E+02 0.00000E+00 0.00000E+00 0.77744E+00      1923405   1/0.33750E+01
 0.33750E+01 0.35000E+01 0.00000E+00 0.33280E+02 0.58240E+00 0.97585E+00 0.33361E+02 0.34034E+02 0.00000E+00 0.00000E+00 -.12950E+01      1923405   1/0.35000E+01
 0.35000E+01 0.36250E+01 0.00000E+00 0.23168E+02 0.48884E+00 0.73498E+00 0.22179E+02 0.22845E+02 0.00000E+00 0.00000E+00 0.66176E+00      1923405   1/0.36250E+01
 0.36250E+01 0.37500E+01 0.00000E+00 0.13928E+02 0.37606E+00 0.51323E+00 0.13014E+02 0.13465E+02 0.00000E+00 0.00000E+00 0.12324E+01      1923405   1/0.37500E+01
 0.37500E+01 0.38750E+01 0.00000E+00 0.66000E+01 0.25608E+00 0.31166E+00 0.64612E+01 0.66298E+01 0.00000E+00 0.00000E+00 -.11629E+00      1923405   1/0.38750E+01
 0.38750E+01 0.40000E+01 0.00000E+00 0.25680E+01 0.15999E+00 0.18172E+00 0.25559E+01 0.26174E+01 0.00000E+00 0.00000E+00 -.30874E+00      1923405   1/0.40000E+01
 0.40000E+01 0.42500E+01 0.00000E+00 0.46000E+00 0.51980E-01 0.57953E-01 0.43343E+00 0.43001E+00 0.00000E+00 0.00000E+00 0.57695E+00      1923405   1/0.42500E+01
      373578
 LHCb Z el cross section 8 TeV                                                                                           
Plot1@Experiment:LHCb@Title:Z (el)  #sqrt{s} = 8 TeV@XTitle:Muon |#eta| @YTitle:d#sigma/d#eta [pb]
 eta1        eta2        dummy          data      +- uncor     +- tot     th orig         th mod   therr+         therr-     pull    iset       iplot
 0.20000E+01 0.21250E+01 0.00000E+00 0.82700E+01 0.42518E+00 0.45861E+00 0.83227E+01 0.83784E+01 0.00000E+00 0.00000E+00 -.25488E+00       373578   1/0.21250E+01
 0.21250E+01 0.22500E+01 0.00000E+00 0.26170E+02 0.68829E+00 0.87171E+00 0.24255E+02 0.24414E+02 0.00000E+00 0.00000E+00 0.25510E+01       373578   1/0.22500E+01
 0.22500E+01 0.23750E+01 0.00000E+00 0.40290E+02 0.80542E+00 0.11293E+01 0.38773E+02 0.39018E+02 0.00000E+00 0.00000E+00 0.15788E+01       373578   1/0.23750E+01
 0.23750E+01 0.25000E+01 0.00000E+00 0.52160E+02 0.88877E+00 0.13620E+01 0.51701E+02 0.52030E+02 0.00000E+00 0.00000E+00 0.14648E+00       373578   1/0.25000E+01
 0.25000E+01 0.26250E+01 0.00000E+00 0.61920E+02 0.95014E+00 0.15846E+01 0.62450E+02 0.62861E+02 0.00000E+00 0.00000E+00 -.99062E+00       373578   1/0.26250E+01
 0.26250E+01 0.27500E+01 0.00000E+00 0.72320E+02 0.10351E+01 0.17488E+01 0.70627E+02 0.71070E+02 0.00000E+00 0.00000E+00 0.12081E+01       373578   1/0.27500E+01
 0.27500E+01 0.28750E+01 0.00000E+00 0.76290E+02 0.10850E+01 0.18407E+01 0.75873E+02 0.76349E+02 0.00000E+00 0.00000E+00 -.54241E-01       373578   1/0.28750E+01
 0.28750E+01 0.30000E+01 0.00000E+00 0.77670E+02 0.10977E+01 0.18699E+01 0.77910E+02 0.78398E+02 0.00000E+00 0.00000E+00 -.66335E+00       373578   1/0.30000E+01
 0.30000E+01 0.31250E+01 0.00000E+00 0.77720E+02 0.11540E+01 0.19043E+01 0.76550E+02 0.77030E+02 0.00000E+00 0.00000E+00 0.59784E+00       373578   1/0.31250E+01
 0.31250E+01 0.32500E+01 0.00000E+00 0.69580E+02 0.11389E+01 0.17710E+01 0.71232E+02 0.71679E+02 0.00000E+00 0.00000E+00 -.18429E+01       373578   1/0.32500E+01
 0.32500E+01 0.33750E+01 0.00000E+00 0.62030E+02 0.11318E+01 0.16696E+01 0.61090E+02 0.61479E+02 0.00000E+00 0.00000E+00 0.48676E+00       373578   1/0.33750E+01
 0.33750E+01 0.35000E+01 0.00000E+00 0.46260E+02 0.10282E+01 0.13680E+01 0.47707E+02 0.48007E+02 0.00000E+00 0.00000E+00 -.16987E+01       373578   1/0.35000E+01
 0.35000E+01 0.36250E+01 0.00000E+00 0.33490E+02 0.93464E+00 0.11491E+01 0.34236E+02 0.34456E+02 0.00000E+00 0.00000E+00 -.10336E+01       373578   1/0.36250E+01
 0.36250E+01 0.37500E+01 0.00000E+00 0.22810E+02 0.82628E+00 0.94411E+00 0.22267E+02 0.22410E+02 0.00000E+00 0.00000E+00 0.48400E+00       373578   1/0.37500E+01
 0.37500E+01 0.38750E+01 0.00000E+00 0.13560E+02 0.71987E+00 0.79055E+00 0.12730E+02 0.12829E+02 0.00000E+00 0.00000E+00 0.10160E+01       373578   1/0.38750E+01
 0.38750E+01 0.40000E+01 0.00000E+00 0.62800E+01 0.63530E+00 0.65335E+00 0.61394E+01 0.61871E+01 0.00000E+00 0.00000E+00 0.14617E+00       373578   1/0.40000E+01
 0.40000E+01 0.42500E+01 0.00000E+00 0.18500E+01 0.36679E+00 0.36950E+00 0.14720E+01 0.14833E+01 0.00000E+00 0.00000E+00 0.99983E+00       373578   1/0.42500E+01
     1374492
 LHCb W+ mu cross section 8 TeV                                                                                          
Plot1@Experiment:LHCb@Title:W+ (mu)  #sqrt{s} = 8 TeV@XTitle:Muon |#eta| @YTitle:d#sigma/d#eta [pb]
 eta1        eta2        dummy          data      +- uncor     +- tot     th orig         th mod   therr+         therr-     pull    iset       iplot
 0.22500E+01 0.25000E+01 0.00000E+00 0.83360E+03 0.35845E+01 0.15928E+02 0.82047E+03 0.83326E+03 0.00000E+00 0.00000E+00 0.94384E-01      1374492   1/0.25000E+01
 0.25000E+01 0.27500E+01 0.00000E+00 0.72800E+03 0.32032E+01 0.13573E+02 0.73356E+03 0.72923E+03 0.00000E+00 0.00000E+00 -.38490E+00      1374492   1/0.27500E+01
 0.27500E+01 0.30000E+01 0.00000E+00 0.61320E+03 0.28207E+01 0.11671E+02 0.61626E+03 0.61423E+03 0.00000E+00 0.00000E+00 -.36530E+00      1374492   1/0.30000E+01
 0.30000E+01 0.32500E+01 0.00000E+00 0.47800E+03 0.23900E+01 0.93265E+01 0.47911E+03 0.47869E+03 0.00000E+00 0.00000E+00 -.28742E+00      1374492   1/0.32500E+01
 0.32500E+01 0.35000E+01 0.00000E+00 0.33760E+03 0.19918E+01 0.67818E+01 0.34095E+03 0.33860E+03 0.00000E+00 0.00000E+00 -.50311E+00      1374492   1/0.35000E+01
 0.35000E+01 0.40000E+01 0.00000E+00 0.17280E+03 0.10022E+01 0.37445E+01 0.17351E+03 0.17279E+03 0.00000E+00 0.00000E+00 0.92237E-02      1374492   1/0.40000E+01
 0.40000E+01 0.45000E+01 0.00000E+00 0.46000E+02 0.80040E+00 0.17646E+01 0.45936E+02 0.45774E+02 0.00000E+00 0.00000E+00 0.28195E+00      1374492   1/0.45000E+01
     3055391
 LHCb W- mu cross section 8 TeV                                                                                          
Plot1@Experiment:LHCb@Title:W- (mu)  #sqrt{s} = 8 TeV@XTitle:Muon |#eta| @YTitle:d#sigma/d#eta [pb]
 eta1        eta2        dummy          data      +- uncor     +- tot     th orig         th mod   therr+         therr-     pull    iset       iplot
 0.22500E+01 0.25000E+01 0.00000E+00 0.47920E+03 0.27794E+01 0.92959E+01 0.47768E+03 0.47936E+03 0.00000E+00 0.00000E+00 -.56287E-01      3055391   1/0.25000E+01
 0.25000E+01 0.27500E+01 0.00000E+00 0.44240E+03 0.23890E+01 0.84641E+01 0.44594E+03 0.44318E+03 0.00000E+00 0.00000E+00 -.32445E+00      3055391   1/0.27500E+01
 0.27500E+01 0.30000E+01 0.00000E+00 0.40960E+03 0.24166E+01 0.80477E+01 0.41084E+03 0.40958E+03 0.00000E+00 0.00000E+00 0.77070E-02      3055391   1/0.30000E+01
 0.30000E+01 0.32500E+01 0.00000E+00 0.37000E+03 0.24050E+01 0.73947E+01 0.36982E+03 0.36972E+03 0.00000E+00 0.00000E+00 0.11519E+00      3055391   1/0.32500E+01
 0.32500E+01 0.35000E+01 0.00000E+00 0.31960E+03 0.20135E+01 0.61684E+01 0.31950E+03 0.31907E+03 0.00000E+00 0.00000E+00 0.26077E+00      3055391   1/0.35000E+01
 0.35000E+01 0.40000E+01 0.00000E+00 0.23860E+03 0.11930E+01 0.47193E+01 0.23224E+03 0.23827E+03 0.00000E+00 0.00000E+00 0.27660E+00      3055391   1/0.40000E+01
 0.40000E+01 0.45000E+01 0.00000E+00 0.12000E+03 0.14040E+01 0.38987E+01 0.11402E+03 0.11978E+03 0.00000E+00 0.00000E+00 0.15947E+00      3055391   1/0.45000E+01
     6414409
 LHCb Z mu cross section 8 TeV                                                                                           
Plot1@Experiment:LHCb@Title:Z (mu)  #sqrt{s} = 8 TeV@XTitle:Muon |#eta| @YTitle:d#sigma/d#eta [pb]
 eta1        eta2        dummy          data      +- uncor     +- tot     th orig         th mod   therr+         therr-     pull    iset       iplot
 0.20000E+01 0.21250E+01 0.00000E+00 0.97840E+01 0.26417E+00 0.53713E+00 0.83227E+01 0.94722E+01 0.00000E+00 0.00000E+00 0.11804E+01      6414409   1/0.21250E+01
 0.21250E+01 0.22500E+01 0.00000E+00 0.26104E+02 0.40722E+00 0.76152E+00 0.24255E+02 0.25547E+02 0.00000E+00 0.00000E+00 0.13688E+01      6414409   1/0.22500E+01
 0.22500E+01 0.23750E+01 0.00000E+00 0.39864E+02 0.49431E+00 0.96181E+00 0.38773E+02 0.39706E+02 0.00000E+00 0.00000E+00 0.31886E+00      6414409   1/0.23750E+01
 0.23750E+01 0.25000E+01 0.00000E+00 0.53752E+02 0.55902E+00 0.11892E+01 0.51701E+02 0.53133E+02 0.00000E+00 0.00000E+00 0.11067E+01      6414409   1/0.25000E+01
 0.25000E+01 0.26250E+01 0.00000E+00 0.64408E+02 0.60544E+00 0.13578E+01 0.62450E+02 0.63869E+02 0.00000E+00 0.00000E+00 0.88984E+00      6414409   1/0.26250E+01
 0.26250E+01 0.27500E+01 0.00000E+00 0.71736E+02 0.63128E+00 0.14622E+01 0.70627E+02 0.71752E+02 0.00000E+00 0.00000E+00 -.25379E-01      6414409   1/0.27500E+01
 0.27500E+01 0.28750E+01 0.00000E+00 0.76488E+02 0.65015E+00 0.15370E+01 0.75873E+02 0.76833E+02 0.00000E+00 0.00000E+00 -.53047E+00      6414409   1/0.28750E+01
 0.28750E+01 0.30000E+01 0.00000E+00 0.78576E+02 0.65218E+00 0.15515E+01 0.77910E+02 0.78904E+02 0.00000E+00 0.00000E+00 -.50269E+00      6414409   1/0.30000E+01
 0.30000E+01 0.31250E+01 0.00000E+00 0.77768E+02 0.64547E+00 0.15472E+01 0.76550E+02 0.77546E+02 0.00000E+00 0.00000E+00 0.34459E+00      6414409   1/0.31250E+01
 0.31250E+01 0.32500E+01 0.00000E+00 0.72240E+02 0.62126E+00 0.14505E+01 0.71232E+02 0.72115E+02 0.00000E+00 0.00000E+00 0.20093E+00      6414409   1/0.32500E+01
 0.32500E+01 0.33750E+01 0.00000E+00 0.61984E+02 0.57645E+00 0.13082E+01 0.61090E+02 0.61897E+02 0.00000E+00 0.00000E+00 0.15157E+00      6414409   1/0.33750E+01
 0.33750E+01 0.35000E+01 0.00000E+00 0.48472E+02 0.50411E+00 0.10284E+01 0.47707E+02 0.48323E+02 0.00000E+00 0.00000E+00 0.29539E+00      6414409   1/0.35000E+01
 0.35000E+01 0.36250E+01 0.00000E+00 0.35080E+02 0.43148E+00 0.78768E+00 0.34236E+02 0.34765E+02 0.00000E+00 0.00000E+00 0.73088E+00      6414409   1/0.36250E+01
 0.36250E+01 0.37500E+01 0.00000E+00 0.21792E+02 0.33560E+00 0.53469E+00 0.22267E+02 0.22315E+02 0.00000E+00 0.00000E+00 -.15589E+01      6414409   1/0.37500E+01
 0.37500E+01 0.38750E+01 0.00000E+00 0.12672E+02 0.25597E+00 0.36744E+00 0.12730E+02 0.12817E+02 0.00000E+00 0.00000E+00 -.56752E+00      6414409   1/0.38750E+01
 0.38750E+01 0.40000E+01 0.00000E+00 0.59920E+01 0.17616E+00 0.22487E+00 0.61394E+01 0.61586E+01 0.00000E+00 0.00000E+00 -.94555E+00      6414409   1/0.40000E+01
 0.40000E+01 0.42500E+01 0.00000E+00 0.15320E+01 0.64038E-01 0.75058E-01 0.14720E+01 0.14833E+01 0.00000E+00 0.00000E+00 0.76028E+00      6414409   1/0.42500E+01
 0.42500E+01 0.45000E+01 0.00000E+00 0.44000E-01 0.11999E-01 0.12648E-01 0.55373E-01 0.53119E-01 0.00000E+00 0.00000E+00 -.75997E+00      6414409   1/0.45000E+01
     1672102
 D0 W->mu nu lepton asymmetry ptl > 25 GeV                                                                               
Plot1@Experiment:D0@ExtraLabel:p#bar{p} #rightarrow W #rightarrow #mu#nu; #sqrt{s} = 1.96 TeV; #int L = 7.3 fb^{-1}@Title: p_{T}^{#mu} > 25 GeV @XTitle: |#eta_{#mu}| @YTitle: A_{#eta_{#mu}} [%]
 eta1        eta2        dummy          data      +- uncor     +- tot     th orig         th mod   therr+         therr-     pull    iset       iplot
 0.00000E+00 0.20000E+00 0.00000E+00 0.21300E+01 0.17000E+00 0.20833E+00 0.19577E+01 0.20001E+01 0.00000E+00 0.00000E+00 0.76384E+00      1672102   1/0.00000E+00
 0.20000E+00 0.40000E+00 0.00000E+00 0.54600E+01 0.18000E+00 0.25959E+00 0.56485E+01 0.57086E+01 0.00000E+00 0.00000E+00 -.13814E+01      1672102   1/0.00000E+00
 0.40000E+00 0.60000E+00 0.00000E+00 0.91100E+01 0.18000E+00 0.24898E+00 0.91415E+01 0.91945E+01 0.00000E+00 0.00000E+00 -.46925E+00      1672102   1/0.00000E+00
 0.60000E+00 0.80000E+00 0.00000E+00 0.12410E+02 0.18000E+00 0.28289E+00 0.12173E+02 0.12253E+02 0.00000E+00 0.00000E+00 0.87365E+00      1672102   1/0.00000E+00
 0.80000E+00 0.10000E+01 0.00000E+00 0.14150E+02 0.19000E+00 0.27306E+00 0.14496E+02 0.14554E+02 0.00000E+00 0.00000E+00 -.21275E+01      1672102   1/0.00000E+00
 0.10000E+01 0.12000E+01 0.00000E+00 0.16130E+02 0.16000E+00 0.38561E+00 0.16078E+02 0.16212E+02 0.00000E+00 0.00000E+00 -.51384E+00      1672102   1/0.00000E+00
 0.12000E+01 0.14000E+01 0.00000E+00 0.16620E+02 0.14000E+00 0.30313E+00 0.16391E+02 0.16500E+02 0.00000E+00 0.00000E+00 0.85738E+00      1672102   1/0.00000E+00
 0.14000E+01 0.16000E+01 0.00000E+00 0.15470E+02 0.16000E+00 0.31439E+00 0.15088E+02 0.15213E+02 0.00000E+00 0.00000E+00 0.16093E+01      1672102   1/0.00000E+00
 0.16000E+01 0.18000E+01 0.00000E+00 0.11060E+02 0.70000E+00 0.79885E+00 0.11867E+02 0.12044E+02 0.00000E+00 0.00000E+00 -.14058E+01      1672102   1/0.00000E+00
 0.18000E+01 0.20000E+01 0.00000E+00 0.76400E+01 0.10700E+01 0.11503E+01 0.65059E+01 0.66875E+01 0.00000E+00 0.00000E+00 0.89019E+00      1672102   1/0.00000E+00
     4558865
 D0 W el nu lepton asymmetry ptl 25 GeV                                                                                  
Plot1@Experiment:D0@ExtraLabel:p#bar{p} #rightarrow W #rightarrow e#nu; #sqrt{s} = 1.96 TeV; #int L = 9.7 fb^{-1}@Title: p_{T}^{e} > 25 GeV @XTitle: |#eta_{e}| @YTitle: A_{#eta_{e}} [%]
 eta1        eta2        dummy          data      +- uncor     +- tot     th orig         th mod   therr+         therr-     pull    iset       iplot
 0.00000E+00 0.20000E+00 0.00000E+00 0.21000E+01 0.15635E+00 0.16114E+00 0.19577E+01 0.19332E+01 0.00000E+00 0.00000E+00 0.10666E+01      4558865   1/0.00000E+00
 0.20000E+00 0.40000E+00 0.00000E+00 0.52300E+01 0.14907E+00 0.17832E+00 0.56485E+01 0.55795E+01 0.00000E+00 0.00000E+00 -.23449E+01      4558865   1/0.00000E+00
 0.40000E+00 0.60000E+00 0.00000E+00 0.91600E+01 0.15260E+00 0.20946E+00 0.91415E+01 0.90445E+01 0.00000E+00 0.00000E+00 0.75718E+00      4558865   1/0.00000E+00
 0.60000E+00 0.80000E+00 0.00000E+00 0.11970E+02 0.15255E+00 0.27760E+00 0.12173E+02 0.12044E+02 0.00000E+00 0.00000E+00 -.48244E+00      4558865   1/0.00000E+00
 0.80000E+00 0.10000E+01 0.00000E+00 0.14520E+02 0.16983E+00 0.34474E+00 0.14496E+02 0.14331E+02 0.00000E+00 0.00000E+00 0.11158E+01      4558865   1/0.00000E+00
 0.10000E+01 0.12000E+01 0.00000E+00 0.15590E+02 0.25311E+00 0.44782E+00 0.16078E+02 0.15855E+02 0.00000E+00 0.00000E+00 -.10477E+01      4558865   1/0.00000E+00
 0.12000E+01 0.16000E+01 0.00000E+00 0.15370E+02 0.70247E+00 0.90647E+00 0.15773E+02 0.15410E+02 0.00000E+00 0.00000E+00 -.56249E-01      4558865   1/0.00000E+00
 0.16000E+01 0.18000E+01 0.00000E+00 0.11050E+02 0.36006E+00 0.57589E+00 0.11867E+02 0.11518E+02 0.00000E+00 0.00000E+00 -.13001E+01      4558865   1/0.00000E+00
 0.18000E+01 0.20000E+01 0.00000E+00 0.66600E+01 0.12256E+01 0.13043E+01 0.65059E+01 0.61686E+01 0.00000E+00 0.00000E+00 0.40097E+00      4558865   1/0.00000E+00
 0.20000E+01 0.22000E+01 0.00000E+00 -.15500E+01 0.71681E+00 -.81041E+00 -.10150E+01 -.12861E+01 0.00000E+00 0.00000E+00 -.36817E+00      4558865   1/0.00000E+00
 0.22000E+01 0.24000E+01 0.00000E+00 -.99700E+01 0.10634E+01 -.11271E+01 -.10273E+02 -.10548E+02 0.00000E+00 0.00000E+00 0.54339E+00      4558865   1/0.00000E+00
 0.24000E+01 0.27000E+01 0.00000E+00 -.19100E+02 0.11317E+01 -.12291E+01 -.22697E+02 -.23053E+02 0.00000E+00 0.00000E+00 0.34934E+01      4558865   1/0.00000E+00
 0.27000E+01 0.32000E+01 0.00000E+00 -.39970E+02 0.23569E+01 -.24205E+01 -.41328E+02 -.41662E+02 0.00000E+00 0.00000E+00 0.71796E+00      4558865   1/0.00000E+00
     2165346
 E866, high mass                                                                                                         
Plot1@Experiment:E866@ExtraLabel:pp, pd->#mu#mu high mass; E_0= 800GeV; high mass@Title: 4.5 < M_{#mu#mu} < 9.0; 10.7 < M_{#mu#mu} @XTitle: x2 @YTitle: #sigma^{pd}/2/#sigma{pp}
 x2_1        x2_2        dummy          data      +- uncor     +- tot     th orig         th mod   therr+         therr-     pull    iset       iplot
 0.15000E-01 0.30000E-01 0.00000E+00 0.10290E+01 0.40000E-01 0.41223E-01 0.10366E+01 0.10320E+01 0.00000E+00 0.00000E+00 -.75824E-01      2165346   1/0.00000E+00
 0.30000E-01 0.45000E-01 0.00000E+00 0.10500E+01 0.18000E-01 0.20675E-01 0.10679E+01 0.10632E+01 0.00000E+00 0.00000E+00 -.73328E+00      2165346   1/0.00000E+00
 0.45000E-01 0.60000E-01 0.00000E+00 0.10750E+01 0.16000E-01 0.19090E-01 0.10940E+01 0.10891E+01 0.00000E+00 0.00000E+00 -.88334E+00      2165346   1/0.00000E+00
 0.60000E-01 0.75000E-01 0.00000E+00 0.11070E+01 0.18000E-01 0.20952E-01 0.11120E+01 0.11071E+01 0.00000E+00 0.00000E+00 -.35165E-02      2165346   1/0.00000E+00
 0.75000E-01 0.90000E-01 0.00000E+00 0.11180E+01 0.20000E-01 0.22744E-01 0.11250E+01 0.11201E+01 0.00000E+00 0.00000E+00 -.10480E+00      2165346   1/0.00000E+00
 0.90000E-01 0.10500E+00 0.00000E+00 0.11310E+01 0.23000E-01 0.25476E-01 0.11332E+01 0.11282E+01 0.00000E+00 0.00000E+00 0.12324E+00      2165346   1/0.00000E+00
 0.10500E+00 0.12000E+00 0.00000E+00 0.11500E+01 0.29000E-01 0.31066E-01 0.11360E+01 0.11310E+01 0.00000E+00 0.00000E+00 0.65686E+00      2165346   1/0.00000E+00
 0.12000E+00 0.13500E+00 0.00000E+00 0.11640E+01 0.34000E-01 0.35821E-01 0.11375E+01 0.11325E+01 0.00000E+00 0.00000E+00 0.92767E+00      2165346   1/0.00000E+00
 0.13500E+00 0.15000E+00 0.00000E+00 0.12490E+01 0.43000E-01 0.44669E-01 0.11387E+01 0.11337E+01 0.00000E+00 0.00000E+00 0.26812E+01      2165346   1/0.00000E+00
 0.15000E+00 0.17500E+00 0.00000E+00 0.11050E+01 0.36000E-01 0.37557E-01 0.11414E+01 0.11364E+01 0.00000E+00 0.00000E+00 -.87229E+00      2165346   1/0.00000E+00
 0.17500E+00 0.20000E+00 0.00000E+00 0.11320E+01 0.47000E-01 0.48262E-01 0.11381E+01 0.11331E+01 0.00000E+00 0.00000E+00 -.22554E-01      2165346   1/0.00000E+00
 0.20000E+00 0.22500E+00 0.00000E+00 0.11070E+01 0.57000E-01 0.58000E-01 0.11315E+01 0.11265E+01 0.00000E+00 0.00000E+00 -.34232E+00      2165346   1/0.00000E+00
 0.22500E+00 0.25000E+00 0.00000E+00 0.10280E+01 0.69000E-01 0.69715E-01 0.11160E+01 0.11111E+01 0.00000E+00 0.00000E+00 -.12041E+01      2165346   1/0.00000E+00
 0.25000E+00 0.30000E+00 0.00000E+00 0.94300E+00 0.71000E-01 0.71585E-01 0.10932E+01 0.10884E+01 0.00000E+00 0.00000E+00 -.20479E+01      2165346   1/0.00000E+00
 0.30000E+00 0.35000E+00 0.00000E+00 0.72900E+00 0.12400E+00 0.12420E+00 0.10543E+01 0.10497E+01 0.00000E+00 0.00000E+00 -.25861E+01      2165346   1/0.00000E+00
     6512085
 E866, mid mass                                                                                                          
Plot1@Experiment:E866@ExtraLabel:pp, pd->#mu#mu; E_0= 800GeV, medium mass@Title: 4.3 < M_{#mu#mu} < 8.8; 10.8 < M_{#mu#mu} @XTitle: x2 @YTitle: #sigma^{pd}/2/#sigma{pp}
 x2_1        x2_2        dummy          data      +- uncor     +- tot     th orig         th mod   therr+         therr-     pull    iset       iplot
 0.15000E-01 0.30000E-01 0.00000E+00 0.97600E+00 0.52000E-01 0.52802E-01 0.10377E+01 0.10361E+01 0.00000E+00 0.00000E+00 -.11564E+01      6512085   1/0.00000E+00
 0.30000E-01 0.45000E-01 0.00000E+00 0.10500E+01 0.23000E-01 0.25025E-01 0.10622E+01 0.10606E+01 0.00000E+00 0.00000E+00 -.46032E+00      6512085   1/0.00000E+00
 0.45000E-01 0.60000E-01 0.00000E+00 0.10650E+01 0.18000E-01 0.20592E-01 0.10814E+01 0.10798E+01 0.00000E+00 0.00000E+00 -.82269E+00      6512085   1/0.00000E+00
 0.60000E-01 0.75000E-01 0.00000E+00 0.10610E+01 0.18000E-01 0.20574E-01 0.10974E+01 0.10958E+01 0.00000E+00 0.00000E+00 -.19332E+01      6512085   1/0.00000E+00
 0.75000E-01 0.90000E-01 0.00000E+00 0.11180E+01 0.21000E-01 0.23479E-01 0.11080E+01 0.11063E+01 0.00000E+00 0.00000E+00 0.55775E+00      6512085   1/0.00000E+00
 0.90000E-01 0.10500E+00 0.00000E+00 0.10920E+01 0.23000E-01 0.25183E-01 0.11122E+01 0.11105E+01 0.00000E+00 0.00000E+00 -.80494E+00      6512085   1/0.00000E+00
 0.10500E+00 0.12000E+00 0.00000E+00 0.10780E+01 0.27000E-01 0.28836E-01 0.11100E+01 0.11083E+01 0.00000E+00 0.00000E+00 -.11225E+01      6512085   1/0.00000E+00
 0.12000E+00 0.13500E+00 0.00000E+00 0.11520E+01 0.35000E-01 0.36634E-01 0.11056E+01 0.11040E+01 0.00000E+00 0.00000E+00 0.13720E+01      6512085   1/0.00000E+00
 0.13500E+00 0.15000E+00 0.00000E+00 0.10730E+01 0.38000E-01 0.39314E-01 0.10980E+01 0.10964E+01 0.00000E+00 0.00000E+00 -.61504E+00      6512085   1/0.00000E+00
 0.15000E+00 0.17500E+00 0.00000E+00 0.11550E+01 0.42000E-01 0.43378E-01 0.10885E+01 0.10869E+01 0.00000E+00 0.00000E+00 0.16222E+01      6512085   1/0.00000E+00
 0.17500E+00 0.20000E+00 0.00000E+00 0.11640E+01 0.62000E-01 0.62956E-01 0.10769E+01 0.10753E+01 0.00000E+00 0.00000E+00 0.14306E+01      6512085   1/0.00000E+00
 0.20000E+00 0.22500E+00 0.00000E+00 0.10570E+01 0.82000E-01 0.82599E-01 0.10734E+01 0.10718E+01 0.00000E+00 0.00000E+00 -.18027E+00      6512085   1/0.00000E+00
 0.22500E+00 0.25000E+00 0.00000E+00 0.10940E+01 0.16100E+00 0.16133E+00 0.10825E+01 0.10809E+01 0.00000E+00 0.00000E+00 0.81222E-01      6512085   1/0.00000E+00
 0.25000E+00 0.30000E+00 0.00000E+00 0.86800E+00 0.21300E+00 0.21316E+00 0.11348E+01 0.11331E+01 0.00000E+00 0.00000E+00 -.12446E+01      6512085   1/0.00000E+00
     6511293
 E866, low mass                                                                                                          
Plot1@Experiment:E866@ExtraLabel:pp, pd->#mu#mu; E_0= 800GeV, low mass@Title: 4.0 < M_{#mu#mu} < 8.8 @XTitle: x2 @YTitle: #sigma^{pd}/2/#sigma{pp}
 x2_1        x2_2        dummy          data      +- uncor     +- tot     th orig         th mod   therr+         therr-     pull    iset       iplot
 0.15000E-01 0.30000E-01 0.00000E+00 0.10640E+01 0.30000E-01 0.31406E-01 0.10345E+01 0.10330E+01 0.00000E+00 0.00000E+00 0.10319E+01      6511293   1/0.00000E+00
 0.30000E-01 0.45000E-01 0.00000E+00 0.10660E+01 0.18000E-01 0.20264E-01 0.10597E+01 0.10582E+01 0.00000E+00 0.00000E+00 0.43116E+00      6511293   1/0.00000E+00
 0.45000E-01 0.60000E-01 0.00000E+00 0.11090E+01 0.20000E-01 0.22221E-01 0.10744E+01 0.10729E+01 0.00000E+00 0.00000E+00 0.18034E+01      6511293   1/0.00000E+00
 0.60000E-01 0.75000E-01 0.00000E+00 0.10920E+01 0.23000E-01 0.24898E-01 0.10867E+01 0.10852E+01 0.00000E+00 0.00000E+00 0.29690E+00      6511293   1/0.00000E+00
 0.75000E-01 0.90000E-01 0.00000E+00 0.11180E+01 0.29000E-01 0.30599E-01 0.10933E+01 0.10917E+01 0.00000E+00 0.00000E+00 0.90581E+00      6511293   1/0.00000E+00
 0.90000E-01 0.10500E+00 0.00000E+00 0.11480E+01 0.41000E-01 0.42208E-01 0.10963E+01 0.10948E+01 0.00000E+00 0.00000E+00 0.12984E+01      6511293   1/0.00000E+00
 0.10500E+00 0.12000E+00 0.00000E+00 0.11380E+01 0.55000E-01 0.55890E-01 0.10935E+01 0.10920E+01 0.00000E+00 0.00000E+00 0.83695E+00      6511293   1/0.00000E+00
 0.12000E+00 0.13500E+00 0.00000E+00 0.12020E+01 0.93000E-01 0.93590E-01 0.10896E+01 0.10881E+01 0.00000E+00 0.00000E+00 0.12245E+01      6511293   1/0.00000E+00
 0.13500E+00 0.15000E+00 0.00000E+00 0.94300E+00 0.94000E-01 0.94360E-01 0.10897E+01 0.10882E+01 0.00000E+00 0.00000E+00 -.15445E+01      6511293   1/0.00000E+00
 0.15000E+00 0.17500E+00 0.00000E+00 0.10390E+01 0.20500E+00 0.20520E+00 0.10791E+01 0.10776E+01 0.00000E+00 0.00000E+00 -.18821E+00      6511293   1/0.00000E+00
     9263102
 E605                                                                                                                    
Plot1@Experiment:E605 Dimuon  #sqrt{s} = 38.763 GeV@Title:y = -0.2@XTitle:M(mumu) [GeV] @YTitle:d^{2}#sigma/dMdy [nb/GeV^{2}]
Plot2@Experiment:E605 Dimuon  #sqrt{s} = 38.763 GeV@Title:y = -0.1@XTitle:M(mumu) [GeV] @YTitle:d^{2}#sigma/dMdy [nb/GeV^{2}]
Plot3@Experiment:E605 Dimuon  #sqrt{s} = 38.763 GeV@Title:y = 0.0@XTitle:M(mumu) [GeV] @YTitle:d^{2}#sigma/dMdy [nb/GeV^{2}]
Plot4@Experiment:E605 Dimuon  #sqrt{s} = 38.763 GeV@Title:y = 0.1@XTitle:M(mumu) [GeV] @YTitle:d^{2}#sigma/dMdy [nb/GeV^{2}]
Plot5@Experiment:E605 Dimuon  #sqrt{s} = 38.763 GeV@Title:y = 0.2@XTitle:M(mumu) [GeV] @YTitle:d^{2}#sigma/dMdy [nb/GeV^{2}]
Plot6@Experiment:E605 Dimuon  #sqrt{s} = 38.763 GeV@Title:y = 0.3@XTitle:M(mumu) [GeV] @YTitle:d^{2}#sigma/dMdy [nb/GeV^{2}]
Plot7@Experiment:E605 Dimuon  #sqrt{s} = 38.763 GeV@Title:y = 0.4@XTitle:M(mumu) [GeV] @YTitle:d^{2}#sigma/dMdy [nb/GeV^{2}]
 y           M           tau            data      +- uncor     +- tot     th orig         th mod   therr+         therr-     pull    iset       iplot
 -.20000E+00 0.71000E+01 0.18310E+00 0.62496E-02 0.18199E-02 0.21368E-02 0.80132E-02 0.63652E-02 0.00000E+00 0.00000E+00 -.63504E-01      9263102   1/0.71000E+01
 -.20000E+00 0.73000E+01 0.18830E+00 0.35883E-02 0.78799E-03 0.10121E-02 0.68953E-02 0.55069E-02 0.00000E+00 0.00000E+00 -.24349E+01      9263102   1/0.73000E+01
 -.20000E+00 0.75000E+01 0.19350E+00 0.37772E-02 0.69198E-03 0.95677E-03 0.59252E-02 0.47577E-02 0.00000E+00 0.00000E+00 -.14170E+01      9263102   1/0.75000E+01
 -.20000E+00 0.77000E+01 0.19860E+00 0.41721E-02 0.78102E-03 0.10632E-02 0.51018E-02 0.41186E-02 0.00000E+00 0.00000E+00 0.68560E-01      9263102   1/0.77000E+01
 -.20000E+00 0.79000E+01 0.20380E+00 0.20431E-02 0.36919E-03 0.50822E-03 0.43913E-02 0.35639E-02 0.00000E+00 0.00000E+00 -.41194E+01      9263102   1/0.79000E+01
 -.20000E+00 0.81000E+01 0.20890E+00 0.30218E-02 0.53577E-03 0.74031E-03 0.37897E-02 0.30920E-02 0.00000E+00 0.00000E+00 -.13109E+00      9263102   1/0.81000E+01
 -.20000E+00 0.83000E+01 0.21410E+00 0.29874E-02 0.48934E-03 0.69937E-03 0.32846E-02 0.26941E-02 0.00000E+00 0.00000E+00 0.59942E+00      9263102   1/0.83000E+01
 -.20000E+00 0.85000E+01 0.21920E+00 0.24037E-02 0.33988E-03 0.52337E-03 0.28392E-02 0.23407E-02 0.00000E+00 0.00000E+00 0.18533E+00      9263102   1/0.85000E+01
 -.20000E+00 0.87000E+01 0.22440E+00 0.18028E-02 0.23004E-03 0.37443E-03 0.24454E-02 0.20269E-02 0.00000E+00 0.00000E+00 -.97413E+00      9263102   1/0.87000E+01
 -.20000E+00 0.89000E+01 0.22960E+00 0.21118E-02 0.23863E-03 0.41765E-03 0.21208E-02 0.17670E-02 0.00000E+00 0.00000E+00 0.14450E+01      9263102   1/0.89000E+01
 -.20000E+00 0.10500E+02 0.27080E+00 0.59920E-03 0.74181E-04 0.11793E-03 0.68041E-03 0.59032E-03 0.00000E+00 0.00000E+00 0.11965E+00      9263102   1/0.10500E+02
 -.20000E+00 0.10700E+02 0.27600E+00 0.49619E-03 0.73982E-04 0.10573E-03 0.58829E-03 0.51300E-03 0.00000E+00 0.00000E+00 -.22719E+00      9263102   1/0.10700E+02
 -.20000E+00 0.10900E+02 0.28120E+00 0.47043E-03 0.74328E-04 0.10301E-03 0.51352E-03 0.45001E-03 0.00000E+00 0.00000E+00 0.27467E+00      9263102   1/0.10900E+02
 -.20000E+00 0.11300E+02 0.29150E+00 0.27814E-03 0.27814E-04 0.50293E-04 0.38587E-03 0.34148E-03 0.00000E+00 0.00000E+00 -.22774E+01      9263102   1/0.11300E+02
 -.20000E+00 0.12100E+02 0.31210E+00 0.18371E-03 0.18885E-04 0.33409E-04 0.22012E-03 0.19859E-03 0.00000E+00 0.00000E+00 -.78815E+00      9263102   1/0.12100E+02
 -.20000E+00 0.13300E+02 0.34310E+00 0.61294E-04 0.97151E-05 0.13470E-04 0.93659E-04 0.86927E-04 0.00000E+00 0.00000E+00 -.26385E+01      9263102   1/0.13300E+02
 -.20000E+00 0.14900E+02 0.38430E+00 0.29187E-04 0.80177E-05 0.92901E-05 0.29359E-04 0.28260E-04 0.00000E+00 0.00000E+00 0.11564E+00      9263102   1/0.14900E+02
 -.10000E+00 0.71000E+01 0.18310E+00 0.68505E-02 0.14612E-02 0.19083E-02 0.83374E-02 0.66226E-02 0.00000E+00 0.00000E+00 0.15593E+00      9263102   2/0.71000E+01
 -.10000E+00 0.73000E+01 0.18830E+00 0.54083E-02 0.95294E-03 0.13508E-02 0.71849E-02 0.57382E-02 0.00000E+00 0.00000E+00 -.34623E+00      9263102   2/0.73000E+01
 -.10000E+00 0.75000E+01 0.19350E+00 0.47558E-02 0.77948E-03 0.11400E-02 0.61663E-02 0.49513E-02 0.00000E+00 0.00000E+00 -.25080E+00      9263102   2/0.75000E+01
 -.10000E+00 0.77000E+01 0.19860E+00 0.41893E-02 0.60075E-03 0.94105E-03 0.53408E-02 0.43115E-02 0.00000E+00 0.00000E+00 -.20341E+00      9263102   2/0.77000E+01
 -.10000E+00 0.79000E+01 0.20380E+00 0.40691E-02 0.60792E-03 0.92382E-03 0.46049E-02 0.37374E-02 0.00000E+00 0.00000E+00 0.54571E+00      9263102   2/0.79000E+01
 -.10000E+00 0.81000E+01 0.20890E+00 0.32965E-02 0.42756E-03 0.70244E-03 0.39797E-02 0.32471E-02 0.00000E+00 0.00000E+00 0.11557E+00      9263102   2/0.81000E+01
 -.10000E+00 0.83000E+01 0.21410E+00 0.28501E-02 0.32976E-03 0.57965E-03 0.34333E-02 0.28161E-02 0.00000E+00 0.00000E+00 0.10303E+00      9263102   2/0.83000E+01
 -.10000E+00 0.85000E+01 0.21920E+00 0.27642E-02 0.30738E-03 0.55131E-03 0.29820E-02 0.24585E-02 0.00000E+00 0.00000E+00 0.99459E+00      9263102   2/0.85000E+01
 -.10000E+00 0.87000E+01 0.22440E+00 0.24895E-02 0.22157E-03 0.46426E-03 0.25825E-02 0.21406E-02 0.00000E+00 0.00000E+00 0.15748E+01      9263102   2/0.87000E+01
 -.10000E+00 0.89000E+01 0.22960E+00 0.21805E-02 0.17858E-03 0.39642E-03 0.22405E-02 0.18668E-02 0.00000E+00 0.00000E+00 0.17568E+01      9263102   2/0.89000E+01
 -.10000E+00 0.10500E+02 0.27080E+00 0.78291E-03 0.67800E-04 0.13764E-03 0.72394E-03 0.62809E-03 0.00000E+00 0.00000E+00 0.22835E+01      9263102   2/0.10500E+02
 -.10000E+00 0.10700E+02 0.27600E+00 0.49619E-03 0.52199E-04 0.91819E-04 0.62761E-03 0.54729E-03 0.00000E+00 0.00000E+00 -.97888E+00      9263102   2/0.10700E+02
 -.10000E+00 0.10900E+02 0.28120E+00 0.53053E-03 0.54963E-04 0.97417E-04 0.54530E-03 0.47787E-03 0.00000E+00 0.00000E+00 0.95814E+00      9263102   2/0.10900E+02
 -.10000E+00 0.11300E+02 0.29150E+00 0.34167E-03 0.23165E-04 0.56446E-04 0.41226E-03 0.36483E-03 0.00000E+00 0.00000E+00 -.99987E+00      9263102   2/0.11300E+02
 -.10000E+00 0.12100E+02 0.31210E+00 0.21461E-03 0.14207E-04 0.35190E-04 0.23626E-03 0.21316E-03 0.00000E+00 0.00000E+00 0.10214E+00      9263102   2/0.12100E+02
 -.10000E+00 0.13300E+02 0.34310E+00 0.99581E-04 0.80661E-05 0.17172E-04 0.10159E-03 0.94286E-04 0.00000E+00 0.00000E+00 0.65647E+00      9263102   2/0.13300E+02
 -.10000E+00 0.14900E+02 0.38430E+00 0.30733E-04 0.46714E-05 0.68000E-05 0.32241E-04 0.31034E-04 0.00000E+00 0.00000E+00 -.64352E-01      9263102   2/0.14900E+02
 -.10000E+00 0.16900E+02 0.43590E+00 0.81382E-05 0.30901E-05 0.34167E-05 0.73158E-05 0.73575E-05 0.00000E+00 0.00000E+00 0.25264E+00      9263102   2/0.16900E+02
 0.00000E+00 0.71000E+01 0.18310E+00 0.72797E-02 0.13234E-02 0.18582E-02 0.86331E-02 0.68575E-02 0.00000E+00 0.00000E+00 0.31899E+00      9263102   3/0.71000E+01
 0.00000E+00 0.73000E+01 0.18830E+00 0.60092E-02 0.99092E-03 0.14538E-02 0.74445E-02 0.59455E-02 0.00000E+00 0.00000E+00 0.64273E-01      9263102   3/0.73000E+01
 0.00000E+00 0.75000E+01 0.19350E+00 0.62324E-02 0.95605E-03 0.14500E-02 0.64180E-02 0.51534E-02 0.00000E+00 0.00000E+00 0.11286E+01      9263102   3/0.75000E+01
 0.00000E+00 0.77000E+01 0.19860E+00 0.42579E-02 0.58376E-03 0.93956E-03 0.55331E-02 0.44668E-02 0.00000E+00 0.00000E+00 -.35784E+00      9263102   3/0.77000E+01
 0.00000E+00 0.79000E+01 0.20380E+00 0.35712E-02 0.46176E-03 0.76546E-03 0.47734E-02 0.38741E-02 0.00000E+00 0.00000E+00 -.65598E+00      9263102   3/0.79000E+01
 0.00000E+00 0.81000E+01 0.20890E+00 0.36399E-02 0.40184E-03 0.73497E-03 0.41535E-02 0.33889E-02 0.00000E+00 0.00000E+00 0.62464E+00      9263102   3/0.81000E+01
 0.00000E+00 0.83000E+01 0.21410E+00 0.25410E-02 0.22844E-03 0.48251E-03 0.35834E-02 0.29392E-02 0.00000E+00 0.00000E+00 -.17432E+01      9263102   3/0.83000E+01
 0.00000E+00 0.85000E+01 0.21920E+00 0.24724E-02 0.20422E-03 0.45747E-03 0.31128E-02 0.25663E-02 0.00000E+00 0.00000E+00 -.45974E+00      9263102   3/0.85000E+01
 0.00000E+00 0.87000E+01 0.22440E+00 0.24552E-02 0.19052E-03 0.44518E-03 0.26944E-02 0.22332E-02 0.00000E+00 0.00000E+00 0.11650E+01      9263102   3/0.87000E+01
 0.00000E+00 0.89000E+01 0.22960E+00 0.19573E-02 0.13212E-03 0.34406E-03 0.23365E-02 0.19467E-02 0.00000E+00 0.00000E+00 0.80158E-01      9263102   3/0.89000E+01
 0.00000E+00 0.10500E+02 0.27080E+00 0.68161E-03 0.52348E-04 0.11668E-03 0.76824E-03 0.66652E-03 0.00000E+00 0.00000E+00 0.28831E+00      9263102   3/0.10500E+02
 0.00000E+00 0.10700E+02 0.27600E+00 0.56830E-03 0.48078E-04 0.98978E-04 0.66911E-03 0.58348E-03 0.00000E+00 0.00000E+00 -.31568E+00      9263102   3/0.10700E+02
 0.00000E+00 0.10900E+02 0.28120E+00 0.47043E-03 0.41539E-04 0.82535E-04 0.58192E-03 0.50996E-03 0.00000E+00 0.00000E+00 -.95152E+00      9263102   3/0.10900E+02
 0.00000E+00 0.11300E+02 0.29150E+00 0.37085E-03 0.22325E-04 0.60165E-04 0.44138E-03 0.39061E-03 0.00000E+00 0.00000E+00 -.88514E+00      9263102   3/0.11300E+02
 0.00000E+00 0.12100E+02 0.31210E+00 0.25925E-03 0.15503E-04 0.41867E-04 0.25391E-03 0.22909E-03 0.00000E+00 0.00000E+00 0.19457E+01      9263102   3/0.12100E+02
 0.00000E+00 0.13300E+02 0.34310E+00 0.10387E-03 0.63880E-05 0.17054E-04 0.11020E-03 0.10228E-03 0.00000E+00 0.00000E+00 0.24901E+00      9263102   3/0.13300E+02
 0.00000E+00 0.14900E+02 0.38430E+00 0.31935E-04 0.33308E-05 0.61204E-05 0.35513E-04 0.34183E-04 0.00000E+00 0.00000E+00 -.67486E+00      9263102   3/0.14900E+02
 0.00000E+00 0.16900E+02 0.43590E+00 0.69363E-05 0.17341E-05 0.21332E-05 0.81436E-05 0.81901E-05 0.00000E+00 0.00000E+00 -.72304E+00      9263102   3/0.16900E+02
 0.10000E+00 0.71000E+01 0.18310E+00 0.73999E-02 0.12928E-02 0.18518E-02 0.88744E-02 0.70492E-02 0.00000E+00 0.00000E+00 0.27124E+00      9263102   4/0.71000E+01
 0.10000E+00 0.73000E+01 0.18830E+00 0.59577E-02 0.90140E-03 0.13874E-02 0.76339E-02 0.60968E-02 0.00000E+00 0.00000E+00 -.15428E+00      9263102   4/0.73000E+01
 0.10000E+00 0.75000E+01 0.19350E+00 0.66273E-02 0.10047E-02 0.15341E-02 0.65867E-02 0.52888E-02 0.00000E+00 0.00000E+00 0.13322E+01      9263102   4/0.75000E+01
 0.10000E+00 0.77000E+01 0.19860E+00 0.47043E-02 0.62849E-03 0.10279E-02 0.57004E-02 0.46018E-02 0.00000E+00 0.00000E+00 0.16302E+00      9263102   4/0.77000E+01
 0.10000E+00 0.79000E+01 0.20380E+00 0.50477E-02 0.67639E-03 0.10964E-02 0.49166E-02 0.39903E-02 0.00000E+00 0.00000E+00 0.15634E+01      9263102   4/0.79000E+01
 0.10000E+00 0.81000E+01 0.20890E+00 0.38287E-02 0.33310E-03 0.72799E-03 0.42794E-02 0.34916E-02 0.00000E+00 0.00000E+00 0.10119E+01      9263102   4/0.81000E+01
 0.10000E+00 0.83000E+01 0.21410E+00 0.29016E-02 0.21791E-03 0.53200E-03 0.37223E-02 0.30532E-02 0.00000E+00 0.00000E+00 -.69557E+00      9263102   4/0.83000E+01
 0.10000E+00 0.85000E+01 0.21920E+00 0.23522E-02 0.17006E-03 0.42497E-03 0.32259E-02 0.26596E-02 0.00000E+00 0.00000E+00 -.18073E+01      9263102   4/0.85000E+01
 0.10000E+00 0.87000E+01 0.22440E+00 0.23522E-02 0.15924E-03 0.41707E-03 0.27995E-02 0.23204E-02 0.00000E+00 0.00000E+00 0.19959E+00      9263102   4/0.87000E+01
 0.10000E+00 0.89000E+01 0.22960E+00 0.21633E-02 0.13715E-03 0.37696E-03 0.24287E-02 0.20235E-02 0.00000E+00 0.00000E+00 0.10191E+01      9263102   4/0.89000E+01
 0.10000E+00 0.10500E+02 0.27080E+00 0.78978E-03 0.55837E-04 0.13311E-03 0.80866E-03 0.70159E-03 0.00000E+00 0.00000E+00 0.15794E+01      9263102   4/0.10500E+02
 0.10000E+00 0.10700E+02 0.27600E+00 0.63526E-03 0.50313E-04 0.10901E-03 0.70240E-03 0.61251E-03 0.00000E+00 0.00000E+00 0.45223E+00      9263102   4/0.10700E+02
 0.10000E+00 0.10900E+02 0.28120E+00 0.51851E-03 0.44281E-04 0.90222E-04 0.61568E-03 0.53954E-03 0.00000E+00 0.00000E+00 -.47490E+00      9263102   4/0.10900E+02
 0.10000E+00 0.11300E+02 0.29150E+00 0.39661E-03 0.23876E-04 0.64344E-04 0.46637E-03 0.41272E-03 0.00000E+00 0.00000E+00 -.67464E+00      9263102   4/0.11300E+02
 0.10000E+00 0.12100E+02 0.31210E+00 0.25239E-03 0.15169E-04 0.40787E-04 0.27046E-03 0.24401E-03 0.00000E+00 0.00000E+00 0.55214E+00      9263102   4/0.12100E+02
 0.10000E+00 0.13300E+02 0.34310E+00 0.12018E-03 0.72108E-05 0.19666E-04 0.11903E-03 0.11048E-03 0.00000E+00 0.00000E+00 0.13454E+01      9263102   4/0.13300E+02
 0.10000E+00 0.14900E+02 0.38430E+00 0.38459E-04 0.30229E-05 0.68830E-05 0.38977E-04 0.37517E-04 0.00000E+00 0.00000E+00 0.31165E+00      9263102   4/0.14900E+02
 0.10000E+00 0.16900E+02 0.43590E+00 0.84987E-05 0.14643E-05 0.21123E-05 0.91789E-05 0.92313E-05 0.00000E+00 0.00000E+00 -.50027E+00      9263102   4/0.16900E+02
 0.20000E+00 0.71000E+01 0.18310E+00 0.96147E-02 0.18883E-02 0.25561E-02 0.90179E-02 0.71632E-02 0.00000E+00 0.00000E+00 0.12982E+01      9263102   5/0.71000E+01
 0.20000E+00 0.73000E+01 0.18830E+00 0.69535E-02 0.11056E-02 0.16545E-02 0.77950E-02 0.62255E-02 0.00000E+00 0.00000E+00 0.65848E+00      9263102   5/0.73000E+01
 0.20000E+00 0.75000E+01 0.19350E+00 0.54083E-02 0.85505E-03 0.12752E-02 0.67471E-02 0.54176E-02 0.00000E+00 0.00000E+00 -.10927E-01      9263102   5/0.75000E+01
 0.20000E+00 0.77000E+01 0.19860E+00 0.47043E-02 0.67648E-03 0.10579E-02 0.58222E-02 0.47001E-02 0.00000E+00 0.00000E+00 0.61362E-02      9263102   5/0.77000E+01
 0.20000E+00 0.79000E+01 0.20380E+00 0.54598E-02 0.81897E-03 0.12417E-02 0.50496E-02 0.40982E-02 0.00000E+00 0.00000E+00 0.16625E+01      9263102   5/0.79000E+01
 0.20000E+00 0.81000E+01 0.20890E+00 0.36742E-02 0.28659E-03 0.68411E-03 0.43856E-02 0.35783E-02 0.00000E+00 0.00000E+00 0.33465E+00      9263102   5/0.81000E+01
 0.20000E+00 0.83000E+01 0.21410E+00 0.27814E-02 0.18886E-03 0.50209E-03 0.38057E-02 0.31215E-02 0.00000E+00 0.00000E+00 -.18010E+01      9263102   5/0.83000E+01
 0.20000E+00 0.85000E+01 0.21920E+00 0.27299E-02 0.18372E-03 0.48791E-03 0.33176E-02 0.27351E-02 0.00000E+00 0.00000E+00 -.28338E-01      9263102   5/0.85000E+01
 0.20000E+00 0.87000E+01 0.22440E+00 0.23178E-02 0.15692E-03 0.41097E-03 0.28716E-02 0.23802E-02 0.00000E+00 0.00000E+00 -.39746E+00      9263102   5/0.87000E+01
 0.20000E+00 0.89000E+01 0.22960E+00 0.22835E-02 0.14477E-03 0.39790E-03 0.24926E-02 0.20768E-02 0.00000E+00 0.00000E+00 0.14277E+01      9263102   5/0.89000E+01
 0.20000E+00 0.10500E+02 0.27080E+00 0.98036E-03 0.68527E-04 0.16490E-03 0.83671E-03 0.72593E-03 0.00000E+00 0.00000E+00 0.37129E+01      9263102   5/0.10500E+02
 0.20000E+00 0.10700E+02 0.27600E+00 0.70565E-03 0.58710E-04 0.12242E-03 0.73179E-03 0.63813E-03 0.00000E+00 0.00000E+00 0.11500E+01      9263102   5/0.10700E+02
 0.20000E+00 0.10900E+02 0.28120E+00 0.59233E-03 0.50822E-04 0.10318E-03 0.63664E-03 0.55791E-03 0.00000E+00 0.00000E+00 0.67728E+00      9263102   5/0.10900E+02
 0.20000E+00 0.11300E+02 0.29150E+00 0.43094E-03 0.25943E-04 0.69913E-04 0.48663E-03 0.43065E-03 0.00000E+00 0.00000E+00 0.11202E-01      9263102   5/0.11300E+02
 0.20000E+00 0.12100E+02 0.31210E+00 0.28157E-03 0.16838E-04 0.45472E-04 0.28272E-03 0.25508E-03 0.00000E+00 0.00000E+00 0.15731E+01      9263102   5/0.12100E+02
 0.20000E+00 0.13300E+02 0.34310E+00 0.11040E-03 0.66240E-05 0.18065E-04 0.12516E-03 0.11616E-03 0.00000E+00 0.00000E+00 -.87017E+00      9263102   5/0.13300E+02
 0.20000E+00 0.14900E+02 0.38430E+00 0.37772E-04 0.30558E-05 0.67987E-05 0.41512E-04 0.39957E-04 0.00000E+00 0.00000E+00 -.71500E+00      9263102   5/0.14900E+02
 0.20000E+00 0.16900E+02 0.43590E+00 0.96147E-05 0.15076E-05 0.22888E-05 0.99311E-05 0.99877E-05 0.00000E+00 0.00000E+00 -.24743E+00      9263102   5/0.16900E+02
 0.30000E+00 0.71000E+01 0.18310E+00 0.71939E-02 0.16963E-02 0.21305E-02 0.91031E-02 0.72309E-02 0.00000E+00 0.00000E+00 -.21812E-01      9263102   6/0.71000E+01
 0.30000E+00 0.73000E+01 0.18830E+00 0.67990E-02 0.15400E-02 0.19545E-02 0.79093E-02 0.63168E-02 0.00000E+00 0.00000E+00 0.31314E+00      9263102   6/0.73000E+01
 0.30000E+00 0.75000E+01 0.19350E+00 0.56830E-02 0.12054E-02 0.15624E-02 0.68035E-02 0.54629E-02 0.00000E+00 0.00000E+00 0.18258E+00      9263102   6/0.75000E+01
 0.30000E+00 0.77000E+01 0.19860E+00 0.64728E-02 0.13612E-02 0.17622E-02 0.58833E-02 0.47494E-02 0.00000E+00 0.00000E+00 0.12660E+01      9263102   6/0.77000E+01
 0.30000E+00 0.79000E+01 0.20380E+00 0.68848E-02 0.14561E-02 0.18723E-02 0.51125E-02 0.41493E-02 0.00000E+00 0.00000E+00 0.18786E+01      9263102   6/0.79000E+01
 0.30000E+00 0.81000E+01 0.20890E+00 0.33136E-02 0.29358E-03 0.63249E-03 0.44282E-02 0.36130E-02 0.00000E+00 0.00000E+00 -.10197E+01      9263102   6/0.81000E+01
 0.30000E+00 0.83000E+01 0.21410E+00 0.26269E-02 0.21803E-03 0.49050E-03 0.38554E-02 0.31623E-02 0.00000E+00 0.00000E+00 -.24556E+01      9263102   6/0.83000E+01
 0.30000E+00 0.85000E+01 0.21920E+00 0.25925E-02 0.21621E-03 0.48062E-03 0.33455E-02 0.27582E-02 0.00000E+00 0.00000E+00 -.76618E+00      9263102   6/0.85000E+01
 0.30000E+00 0.87000E+01 0.22440E+00 0.23007E-02 0.17853E-03 0.41717E-03 0.29089E-02 0.24110E-02 0.00000E+00 0.00000E+00 -.61796E+00      9263102   6/0.87000E+01
 0.30000E+00 0.89000E+01 0.22960E+00 0.25582E-02 0.19928E-03 0.46056E-03 0.25285E-02 0.21067E-02 0.00000E+00 0.00000E+00 0.22657E+01      9263102   6/0.89000E+01
 0.30000E+00 0.10500E+02 0.27080E+00 0.10216E-02 0.91127E-04 0.18092E-03 0.85033E-03 0.73774E-03 0.00000E+00 0.00000E+00 0.31150E+01      9263102   6/0.10500E+02
 0.30000E+00 0.10700E+02 0.27600E+00 0.69192E-03 0.74658E-04 0.12911E-03 0.74024E-03 0.64550E-03 0.00000E+00 0.00000E+00 0.62171E+00      9263102   6/0.10700E+02
 0.30000E+00 0.10900E+02 0.28120E+00 0.53739E-03 0.59059E-04 0.10063E-03 0.64641E-03 0.56647E-03 0.00000E+00 0.00000E+00 -.49240E+00      9263102   6/0.10900E+02
 0.30000E+00 0.11300E+02 0.29150E+00 0.39832E-03 0.27484E-04 0.66002E-04 0.49401E-03 0.43719E-03 0.00000E+00 0.00000E+00 -.14141E+01      9263102   6/0.11300E+02
 0.30000E+00 0.12100E+02 0.31210E+00 0.27299E-03 0.16434E-04 0.44127E-04 0.28704E-03 0.25898E-03 0.00000E+00 0.00000E+00 0.85277E+00      9263102   6/0.12100E+02
 0.30000E+00 0.13300E+02 0.34310E+00 0.10817E-03 0.77125E-05 0.18184E-04 0.12660E-03 0.11750E-03 0.00000E+00 0.00000E+00 -.12103E+01      9263102   6/0.13300E+02
 0.30000E+00 0.14900E+02 0.38430E+00 0.40862E-04 0.38288E-05 0.76043E-05 0.41465E-04 0.39912E-04 0.00000E+00 0.00000E+00 0.24824E+00      9263102   6/0.14900E+02
 0.30000E+00 0.16900E+02 0.43590E+00 0.10422E-04 0.18885E-05 0.26554E-05 0.96267E-05 0.96816E-05 0.00000E+00 0.00000E+00 0.39204E+00      9263102   6/0.16900E+02
 0.40000E+00 0.83000E+01 0.21410E+00 0.33995E-02 0.57180E-03 0.80639E-03 0.38214E-02 0.31344E-02 0.00000E+00 0.00000E+00 0.46362E+00      9263102   7/0.83000E+01
 0.40000E+00 0.85000E+01 0.21920E+00 0.29703E-02 0.46010E-03 0.67347E-03 0.33303E-02 0.27456E-02 0.00000E+00 0.00000E+00 0.48830E+00      9263102   7/0.85000E+01
 0.40000E+00 0.87000E+01 0.22440E+00 0.25582E-02 0.43950E-03 0.60738E-03 0.28809E-02 0.23878E-02 0.00000E+00 0.00000E+00 0.38766E+00      9263102   7/0.87000E+01
 0.40000E+00 0.89000E+01 0.22960E+00 0.16929E-02 0.25410E-03 0.37426E-03 0.25128E-02 0.20936E-02 0.00000E+00 0.00000E+00 -.15770E+01      9263102   7/0.89000E+01
 0.40000E+00 0.10500E+02 0.27080E+00 0.12207E-02 0.19397E-03 0.26926E-03 0.83051E-03 0.72054E-03 0.00000E+00 0.00000E+00 0.25785E+01      9263102   7/0.10500E+02
 0.40000E+00 0.10700E+02 0.27600E+00 0.49275E-03 0.11348E-03 0.13603E-03 0.72438E-03 0.63167E-03 0.00000E+00 0.00000E+00 -.12242E+01      9263102   7/0.10700E+02
 0.40000E+00 0.10900E+02 0.28120E+00 0.63182E-03 0.13875E-03 0.16860E-03 0.62841E-03 0.55070E-03 0.00000E+00 0.00000E+00 0.58467E+00      9263102   7/0.10900E+02
 0.40000E+00 0.11300E+02 0.29150E+00 0.42408E-03 0.52035E-04 0.82397E-04 0.47983E-03 0.42463E-03 0.00000E+00 0.00000E+00 -.10627E-01      9263102   7/0.11300E+02
 0.40000E+00 0.12100E+02 0.31210E+00 0.25067E-03 0.26621E-04 0.46073E-04 0.27655E-03 0.24951E-03 0.00000E+00 0.00000E+00 0.43507E-01      9263102   7/0.12100E+02
 0.40000E+00 0.13300E+02 0.34310E+00 0.10542E-03 0.12176E-04 0.20145E-04 0.11901E-03 0.11046E-03 0.00000E+00 0.00000E+00 -.41369E+00      9263102   7/0.13300E+02
 0.40000E+00 0.14900E+02 0.38430E+00 0.33480E-04 0.58724E-05 0.79664E-05 0.37323E-04 0.35925E-04 0.00000E+00 0.00000E+00 -.41630E+00      9263102   7/0.14900E+02
 0.40000E+00 0.16900E+02 0.43590E+00 0.72625E-05 0.24380E-05 0.27634E-05 0.79020E-05 0.79470E-05 0.00000E+00 0.00000E+00 -.28078E+00      9263102   7/0.16900E+02
     3015958
 CMS 1904.05237 [TOP-18-004] 13TeV ttbar [M(ttbar),y(ttbar)] cross section                                               
Plot1@Experiment:CMS 1904.05237 #sqrt{s} = 13 TeV t#bar{t} @ExtraLabel:pp #rightarrow t#bar{t} @XTitle: hyperbin @YTitle: #frac{1}{#sigma(t#bar{t})}#frac{d#sigma(t#bar{t})}{dhyperbin}
 mttmin      mttmax      yttmin         data      +- uncor     +- tot     th orig         th mod   therr+         therr-     pull    iset       iplot
 0.30000E+03 0.40000E+03 0.00000E+00 0.54436E-01 0.54488E-03 0.46318E-02 0.51440E-01 0.54303E-01 0.00000E+00 0.00000E+00 0.24266E+00      3015958   1/0.00000E+00
 0.30000E+03 0.40000E+03 0.35000E+00 0.59642E-01 0.59691E-03 0.49872E-02 0.54578E-01 0.59508E-01 0.00000E+00 0.00000E+00 0.22451E+00      3015958   1/0.10000E+01
 0.30000E+03 0.40000E+03 0.75000E+00 0.54805E-01 0.54853E-03 0.45555E-02 0.46064E-01 0.54428E-01 0.00000E+00 0.00000E+00 0.68701E+00      3015958   1/0.20000E+01
 0.30000E+03 0.40000E+03 0.11500E+01 0.81738E-01 0.81808E-03 0.59256E-02 0.72721E-01 0.81305E-01 0.00000E+00 0.00000E+00 0.53027E+00      3015958   1/0.30000E+01
 0.40000E+03 0.50000E+03 0.00000E+00 0.89479E-01 0.89509E-03 0.32663E-02 0.88500E-01 0.88865E-01 0.00000E+00 0.00000E+00 0.68511E+00      3015958   1/0.40000E+01
 0.40000E+03 0.50000E+03 0.35000E+00 0.90878E-01 0.90902E-03 0.32113E-02 0.92700E-01 0.90365E-01 0.00000E+00 0.00000E+00 0.56436E+00      3015958   1/0.50000E+01
 0.40000E+03 0.50000E+03 0.75000E+00 0.73560E-01 0.73590E-03 0.30799E-02 0.76348E-01 0.73334E-01 0.00000E+00 0.00000E+00 0.30710E+00      3015958   1/0.60000E+01
 0.40000E+03 0.50000E+03 0.11500E+01 0.10710E+00 0.10712E-02 0.44958E-02 0.10711E+00 0.10592E+00 0.00000E+00 0.00000E+00 0.10997E+01      3015958   1/0.70000E+01
 0.50000E+03 0.65000E+03 0.00000E+00 0.63437E-01 0.63467E-03 0.23306E-02 0.66714E-01 0.63374E-01 0.00000E+00 0.00000E+00 0.98762E-01      3015958   1/0.80000E+01
 0.50000E+03 0.65000E+03 0.35000E+00 0.67400E-01 0.67429E-03 0.23469E-02 0.68777E-01 0.67397E-01 0.00000E+00 0.00000E+00 0.39324E-02      3015958   1/0.90000E+01
 0.50000E+03 0.65000E+03 0.75000E+00 0.52992E-01 0.53027E-03 0.23420E-02 0.54141E-01 0.52821E-01 0.00000E+00 0.00000E+00 0.32253E+00      3015958   1/0.10000E+02
 0.50000E+03 0.65000E+03 0.11500E+01 0.58641E-01 0.58691E-03 0.37576E-02 0.63394E-01 0.58518E-01 0.00000E+00 0.00000E+00 0.21039E+00      3015958   1/0.11000E+02
 0.65000E+03 0.15000E+04 0.00000E+00 0.47010E-01 0.47028E-03 0.17049E-02 0.47926E-01 0.46781E-01 0.00000E+00 0.00000E+00 0.48603E+00      3015958   1/0.12000E+02
 0.65000E+03 0.15000E+04 0.35000E+00 0.44107E-01 0.44136E-03 0.18903E-02 0.47434E-01 0.44153E-01 0.00000E+00 0.00000E+00 -.10433E+00      3015958   1/0.13000E+02
 0.65000E+03 0.15000E+04 0.75000E+00 0.31930E-01 0.31965E-03 0.16581E-02 0.33887E-01 0.31935E-01 0.00000E+00 0.00000E+00 -.13796E-01      3015958   1/0.14000E+02
     6037765
 CMS 2108.02803 [TOP-20-001] 13TeV ttbar [M(ttbar),y(ttbar)] cross section (l+jets)                                      
Plot1@Experiment:CMS TOP-20-001 #sqrt{s} = 13 TeV t#bar{t} @ExtraLabel:pp #rightarrow t#bar{t} @XTitle: hyperbin @YTitle: #frac{1}{#sigma(t#bar{t})}#frac{d#sigma(t#bar{t})}{dhyperbin}
 mttmin      mttmax      yttmin         data      +- uncor     +- tot     th orig         th mod   therr+         therr-     pull    iset       iplot
 0.25000E+03 0.42000E+03 0.00000E+00 0.62169E-01 0.62211E-03 0.15815E-02 0.61926E-01 0.62640E-01 0.00000E+00 0.00000E+00 -.75696E+00      6037765   1/0.00000E+00
 0.25000E+03 0.42000E+03 0.30000E+00 0.59772E-01 0.59813E-03 0.15348E-02 0.58742E-01 0.59591E-01 0.00000E+00 0.00000E+00 0.30270E+00      6037765   1/0.10000E+01
 0.25000E+03 0.42000E+03 0.60000E+00 0.54825E-01 0.54864E-03 0.14260E-02 0.53126E-01 0.54350E-01 0.00000E+00 0.00000E+00 0.86600E+00      6037765   1/0.20000E+01
 0.25000E+03 0.42000E+03 0.90000E+00 0.46002E-01 0.46035E-03 0.12105E-02 0.45313E-01 0.45862E-01 0.00000E+00 0.00000E+00 0.30439E+00      6037765   1/0.30000E+01
 0.25000E+03 0.42000E+03 0.12000E+01 0.36373E-01 0.36401E-03 0.97735E-03 0.36131E-01 0.36392E-01 0.00000E+00 0.00000E+00 -.50558E-01      6037765   1/0.40000E+01
 0.25000E+03 0.42000E+03 0.15000E+01 0.55386E-01 0.55440E-03 0.16572E-02 0.56375E-01 0.55561E-01 0.00000E+00 0.00000E+00 -.31582E+00      6037765   1/0.50000E+01
 0.42000E+03 0.52000E+03 0.00000E+00 0.69600E-01 0.69622E-03 0.13162E-02 0.69004E-01 0.69882E-01 0.00000E+00 0.00000E+00 -.40495E+00      6037765   1/0.60000E+01
 0.42000E+03 0.52000E+03 0.30000E+00 0.66300E-01 0.66322E-03 0.12837E-02 0.65353E-01 0.66040E-01 0.00000E+00 0.00000E+00 0.39222E+00      6037765   1/0.70000E+01
 0.42000E+03 0.52000E+03 0.60000E+00 0.57420E-01 0.57439E-03 0.11162E-02 0.57866E-01 0.57327E-01 0.00000E+00 0.00000E+00 0.16196E+00      6037765   1/0.80000E+01
 0.42000E+03 0.52000E+03 0.90000E+00 0.47160E-01 0.47182E-03 0.10280E-02 0.48093E-01 0.47281E-01 0.00000E+00 0.00000E+00 -.25711E+00      6037765   1/0.90000E+01
 0.42000E+03 0.52000E+03 0.12000E+01 0.35280E-01 0.35311E-03 0.10131E-02 0.36537E-01 0.35336E-01 0.00000E+00 0.00000E+00 -.15954E+00      6037765   1/0.10000E+02
 0.42000E+03 0.52000E+03 0.15000E+01 0.46340E-01 0.46417E-03 0.17680E-02 0.49575E-01 0.46470E-01 0.00000E+00 0.00000E+00 -.27968E+00      6037765   1/0.11000E+02
 0.52000E+03 0.62000E+03 0.00000E+00 0.39180E-01 0.39189E-03 0.67504E-03 0.38635E-01 0.39185E-01 0.00000E+00 0.00000E+00 -.13799E-01      6037765   1/0.12000E+02
 0.52000E+03 0.62000E+03 0.30000E+00 0.36660E-01 0.36671E-03 0.67407E-03 0.35978E-01 0.36542E-01 0.00000E+00 0.00000E+00 0.32209E+00      6037765   1/0.13000E+02
 0.52000E+03 0.62000E+03 0.60000E+00 0.32430E-01 0.32441E-03 0.62875E-03 0.31451E-01 0.32187E-01 0.00000E+00 0.00000E+00 0.74796E+00      6037765   1/0.14000E+02
 0.52000E+03 0.62000E+03 0.90000E+00 0.25077E-01 0.25091E-03 0.59621E-03 0.25066E-01 0.25069E-01 0.00000E+00 0.00000E+00 0.30351E-01      6037765   1/0.15000E+02
 0.52000E+03 0.62000E+03 0.12000E+01 0.18303E-01 0.18322E-03 0.57046E-03 0.18179E-01 0.18335E-01 0.00000E+00 0.00000E+00 -.17600E+00      6037765   1/0.16000E+02
 0.52000E+03 0.62000E+03 0.15000E+01 0.20410E-01 0.20460E-03 0.93567E-03 0.20559E-01 0.20396E-01 0.00000E+00 0.00000E+00 0.68960E-01      6037765   1/0.17000E+02
 0.62000E+03 0.80000E+03 0.00000E+00 0.30947E-01 0.30953E-03 0.48795E-03 0.30593E-01 0.30777E-01 0.00000E+00 0.00000E+00 0.55066E+00      6037765   1/0.18000E+02
 0.62000E+03 0.80000E+03 0.30000E+00 0.28075E-01 0.28081E-03 0.48439E-03 0.28250E-01 0.28103E-01 0.00000E+00 0.00000E+00 -.10056E+00      6037765   1/0.19000E+02
 0.62000E+03 0.80000E+03 0.60000E+00 0.23603E-01 0.23612E-03 0.46167E-03 0.23897E-01 0.23575E-01 0.00000E+00 0.00000E+00 0.12018E+00      6037765   1/0.20000E+02
 0.62000E+03 0.80000E+03 0.90000E+00 0.18317E-01 0.18326E-03 0.41680E-03 0.18282E-01 0.18283E-01 0.00000E+00 0.00000E+00 0.18416E+00      6037765   1/0.21000E+02
 0.62000E+03 0.80000E+03 0.12000E+01 0.11642E-01 0.11656E-03 0.37292E-03 0.12288E-01 0.11717E-01 0.00000E+00 0.00000E+00 -.64224E+00      6037765   1/0.22000E+02
 0.62000E+03 0.80000E+03 0.15000E+01 0.11232E-01 0.11261E-03 0.52731E-03 0.11186E-01 0.11224E-01 0.00000E+00 0.00000E+00 0.73670E-01      6037765   1/0.23000E+02
 0.80000E+03 0.10000E+04 0.00000E+00 0.11934E-01 0.11939E-03 0.24699E-03 0.11755E-01 0.11892E-01 0.00000E+00 0.00000E+00 0.35587E+00      6037765   1/0.24000E+02
 0.80000E+03 0.10000E+04 0.30000E+00 0.10866E-01 0.10872E-03 0.24862E-03 0.10637E-01 0.10803E-01 0.00000E+00 0.00000E+00 0.58246E+00      6037765   1/0.25000E+02
 0.80000E+03 0.10000E+04 0.60000E+00 0.87360E-02 0.87436E-04 0.24867E-03 0.86168E-02 0.87210E-02 0.00000E+00 0.00000E+00 0.17162E+00      6037765   1/0.26000E+02
 0.80000E+03 0.10000E+04 0.90000E+00 0.61380E-02 0.61480E-04 0.23253E-03 0.61733E-02 0.61345E-02 0.00000E+00 0.00000E+00 0.56786E-01      6037765   1/0.27000E+02
 0.80000E+03 0.10000E+04 0.12000E+01 0.37368E-02 0.37485E-04 0.19292E-03 0.37133E-02 0.37393E-02 0.00000E+00 0.00000E+00 -.67966E-01      6037765   1/0.28000E+02
 0.80000E+03 0.10000E+04 0.15000E+01 0.20680E-02 0.20888E-04 0.18928E-03 0.24505E-02 0.20716E-02 0.00000E+00 0.00000E+00 -.17392E+00      6037765   1/0.29000E+02
 0.10000E+04 0.35000E+04 0.00000E+00 0.74303E-02 0.74347E-04 0.18085E-03 0.75874E-02 0.74576E-02 0.00000E+00 0.00000E+00 -.36729E+00      6037765   1/0.30000E+02
 0.10000E+04 0.35000E+04 0.30000E+00 0.65978E-02 0.66030E-04 0.18041E-03 0.66029E-02 0.65741E-02 0.00000E+00 0.00000E+00 0.35887E+00      6037765   1/0.31000E+02
 0.10000E+04 0.35000E+04 0.60000E+00 0.48135E-02 0.48196E-04 0.16303E-03 0.49337E-02 0.48158E-02 0.00000E+00 0.00000E+00 -.47408E-01      6037765   1/0.32000E+02
 0.10000E+04 0.35000E+04 0.90000E+00 0.31095E-02 0.31160E-04 0.13231E-03 0.30496E-02 0.31008E-02 0.00000E+00 0.00000E+00 0.27828E+00      6037765   1/0.33000E+02
      218572
 ATLAS 1908.07305 13TeV ttbar [M(ttbar),y(ttbar)] cross section (l+jets)                                                 
Plot1@Experiment:ATLAS 1908.07305 #sqrt{s} = 13 TeV t#bar{t} @ExtraLabel:pp #rightarrow t#bar{t} @XTitle: hyperbin @YTitle: #frac{1}{#sigma(t#bar{t})}#frac{d#sigma(t#bar{t})}{dhyperbin}
 mttmin      mttmax      yttmin         data      +- uncor     +- tot     th orig         th mod   therr+         therr-     pull    iset       iplot
 0.32500E+03 0.42500E+03 0.00000E+00 0.10267E+00 0.10430E-02 0.11800E-01 0.10869E+00 0.10279E+00 0.00000E+00 0.00000E+00 -.11538E+00       218572   1/0.00000E+00
 0.42500E+03 0.56000E+03 0.00000E+00 0.13464E+00 0.13477E-02 0.40857E-02 0.13622E+00 0.13398E+00 0.00000E+00 0.00000E+00 0.48773E+00       218572   1/0.10000E+01
 0.56000E+03 0.72000E+03 0.00000E+00 0.65139E-01 0.65602E-03 0.50210E-02 0.67106E-01 0.65518E-01 0.00000E+00 0.00000E+00 -.57854E+00       218572   1/0.20000E+01
 0.72000E+03 0.89000E+03 0.00000E+00 0.26884E-01 0.27103E-03 0.22142E-02 0.26926E-01 0.26880E-01 0.00000E+00 0.00000E+00 0.14858E-01       218572   1/0.30000E+01
 0.89000E+03 0.11000E+04 0.00000E+00 0.13315E-01 0.13382E-03 0.86370E-03 0.12252E-01 0.13295E-01 0.00000E+00 0.00000E+00 0.15363E+00       218572   1/0.40000E+01
 0.11000E+04 0.20000E+04 0.00000E+00 0.85927E-02 0.86407E-04 0.58821E-03 0.75813E-02 0.85610E-02 0.00000E+00 0.00000E+00 0.36654E+00       218572   1/0.50000E+01
 0.32500E+03 0.42500E+03 0.50000E+00 0.10980E+00 0.11099E-02 0.10440E-01 0.11046E+00 0.10958E+00 0.00000E+00 0.00000E+00 0.20376E+00       218572   1/0.60000E+01
 0.42500E+03 0.55000E+03 0.50000E+00 0.12749E+00 0.12763E-02 0.40219E-02 0.12774E+00 0.12667E+00 0.00000E+00 0.00000E+00 0.63808E+00       218572   1/0.70000E+01
 0.55000E+03 0.70000E+03 0.50000E+00 0.64378E-01 0.64849E-03 0.50364E-02 0.64813E-01 0.64561E-01 0.00000E+00 0.00000E+00 -.28195E+00       218572   1/0.80000E+01
 0.70000E+03 0.86000E+03 0.50000E+00 0.25593E-01 0.25846E-03 0.23257E-02 0.25984E-01 0.25594E-01 0.00000E+00 0.00000E+00 -.46048E-02       218572   1/0.90000E+01
 0.86000E+03 0.10000E+04 0.50000E+00 0.10005E-01 0.10045E-03 0.58154E-03 0.94136E-02 0.10007E-01 0.00000E+00 0.00000E+00 -.20521E-01       218572   1/0.10000E+02
 0.10000E+04 0.20000E+04 0.50000E+00 0.10436E-01 0.10496E-03 0.73026E-03 0.90522E-02 0.10400E-01 0.00000E+00 0.00000E+00 0.33800E+00       218572   1/0.11000E+02
 0.32500E+03 0.42500E+03 0.11000E+01 0.77509E-01 0.77929E-03 0.52307E-02 0.73692E-01 0.77301E-01 0.00000E+00 0.00000E+00 0.26620E+00       218572   1/0.12000E+02
 0.42500E+03 0.55000E+03 0.11000E+01 0.79305E-01 0.79518E-03 0.38015E-02 0.77997E-01 0.79152E-01 0.00000E+00 0.00000E+00 0.19232E+00       218572   1/0.13000E+02
 0.55000E+03 0.70000E+03 0.11000E+01 0.34542E-01 0.34983E-03 0.35625E-02 0.34978E-01 0.34519E-01 0.00000E+00 0.00000E+00 0.65126E-01       218572   1/0.14000E+02
 0.70000E+03 0.86000E+03 0.11000E+01 0.11272E-01 0.11644E-03 0.18723E-02 0.12150E-01 0.11275E-01 0.00000E+00 0.00000E+00 -.25811E-01       218572   1/0.15000E+02
 0.86000E+03 0.20000E+04 0.11000E+01 0.69754E-02 0.70581E-04 0.69269E-03 0.64623E-02 0.69680E-02 0.00000E+00 0.00000E+00 0.10551E+00       218572   1/0.16000E+02
 0.32500E+03 0.42500E+03 0.17000E+01 0.41611E-01 0.43985E-03 0.91330E-02 0.39869E-01 0.41583E-01 0.00000E+00 0.00000E+00 0.63380E-01       218572   1/0.17000E+02
 0.42500E+03 0.55000E+03 0.17000E+01 0.35077E-01 0.35365E-03 0.29005E-02 0.34155E-01 0.35006E-01 0.00000E+00 0.00000E+00 0.20250E+00       218572   1/0.18000E+02
      892998
 ATLAS 2006.09274 13TeV ttbar [M(ttbar),y(ttbar)] cross section (all had.)                                               
Plot1@Experiment:ATLAS 2006.09274 #sqrt{s} = 13 TeV t#bar{t} @ExtraLabel:pp #rightarrow t#bar{t} @XTitle: hyperbin @YTitle: #frac{1}{#sigma(t#bar{t})}#frac{d#sigma(t#bar{t})}{dhyperbin}
 mttmin      mttmax      yttmin         data      +- uncor     +- tot     th orig         th mod   therr+         therr-     pull    iset       iplot
 0.00000E+00 0.70000E+03 0.00000E+00 0.28779E+00 0.28934E-02 0.19362E-01 0.28327E+00 0.28661E+00 0.00000E+00 0.00000E+00 0.40790E+00       892998   1/0.00000E+00
 0.00000E+00 0.70000E+03 0.46000E+00 0.24906E+00 0.24992E-02 0.13453E-01 0.24150E+00 0.24764E+00 0.00000E+00 0.00000E+00 0.56825E+00       892998   1/0.10000E+01
 0.00000E+00 0.70000E+03 0.91000E+00 0.25488E+00 0.25568E-02 0.13177E-01 0.23616E+00 0.25332E+00 0.00000E+00 0.00000E+00 0.61321E+00       892998   1/0.20000E+01
 0.00000E+00 0.70000E+03 0.15500E+01 0.10476E+00 0.10993E-02 0.21347E-01 0.12024E+00 0.10466E+00 0.00000E+00 0.00000E+00 0.83050E-01       892998   1/0.30000E+01
 0.70000E+03 0.97000E+03 0.00000E+00 0.21276E-01 0.21566E-03 0.22636E-02 0.25941E-01 0.21323E-01 0.00000E+00 0.00000E+00 -.21884E+00       892998   1/0.40000E+01
 0.70000E+03 0.97000E+03 0.33000E+00 0.18232E-01 0.18511E-03 0.20581E-02 0.20601E-01 0.18220E-01 0.00000E+00 0.00000E+00 0.61897E-01       892998   1/0.50000E+01
 0.70000E+03 0.97000E+03 0.62000E+00 0.16611E-01 0.16797E-03 0.16037E-02 0.19023E-01 0.16615E-01 0.00000E+00 0.00000E+00 -.28024E-01       892998   1/0.60000E+01
 0.70000E+03 0.97000E+03 0.95000E+00 0.22543E-01 0.22756E-03 0.20048E-02 0.25218E-01 0.22530E-01 0.00000E+00 0.00000E+00 0.53708E-01       892998   1/0.70000E+01
 0.97000E+03 0.30000E+04 0.00000E+00 0.10199E-01 0.10336E-03 0.10776E-02 0.11359E-01 0.10195E-01 0.00000E+00 0.00000E+00 0.42202E-01       892998   1/0.80000E+01
 0.97000E+03 0.30000E+04 0.40000E+00 0.73472E-02 0.75133E-04 0.10080E-02 0.87311E-02 0.73455E-02 0.00000E+00 0.00000E+00 0.23870E-01       892998   1/0.90000E+01
     3820892
 Combined CDF D0 inclusive ttbar cross section                                                                           
 a           b           c              data      +- uncor     +- tot     th orig         th mod   therr+         therr-     pull    iset       iplot
 0.00000E+00 0.00000E+00 0.00000E+00 0.80000E+01 0.41012E+00 0.41012E+00 0.75966E+01 0.75966E+01 0.00000E+00 0.00000E+00 0.98360E+00      3820892 999/0.00000E+00
      513510
 ATLAS+CMS 2205.13830 7TeV ttbar total cross section                                                                     
Plot1@Experiment:ATLAS+CMS 2205.13830 (7 TeV)#sqrt{s} = 7 TeV t#bar{t} @ExtraLabel:pp #rightarrow t#bar{t} @XTitle: hyperbin @YTitle: #frac{1}{#sigma(t#bar{t})}#frac{d#sigma(t#bar{t})}{dhyperbin}
 hyperbin    dummy       dummy          data      +- uncor     +- tot     th orig         th mod   therr+         therr-     pull    iset       iplot
 0.00000E+00 0.00000E+00 0.00000E+00 0.17850E+03 0.73436E-01 0.46999E+01 0.17011E+03 0.17850E+03 0.00000E+00 0.00000E+00 0.38966E-01       513510   1/0.00000E+00
     2899815
 ATLAS+CMS 2205.13830 8TeV ttbar total cross section                                                                     
Plot1@Experiment:ATLAS+CMS 2205.13830 (8 TeV)#sqrt{s} = 8 TeV t#bar{t} @ExtraLabel:pp #rightarrow t#bar{t} @XTitle: hyperbin @YTitle: #frac{1}{#sigma(t#bar{t})}#frac{d#sigma(t#bar{t})}{dhyperbin}
 hyperbin    dummy       dummy          data      +- uncor     +- tot     th orig         th mod   therr+         therr-     pull    iset       iplot
 0.00000E+00 0.00000E+00 0.00000E+00 0.24330E+03 0.93747E-01 0.59998E+01 0.24484E+03 0.24330E+03 0.00000E+00 0.00000E+00 -.19086E-01      2899815   1/0.00000E+00
     3018103
 CMS 2303.10680 13.6TeV ttbar total cross section                                                                        
Plot1@Experiment:CMS 2303.10680 (13.6 TeV)#sqrt{s} = 14 TeV t#bar{t} @ExtraLabel:pp #rightarrow t#bar{t} @XTitle: hyperbin @YTitle: #frac{1}{#sigma(t#bar{t})}#frac{d#sigma(t#bar{t})}{dhyperbin}
 hyperbin    dummy       dummy          data      +- uncor     +- tot     th orig         th mod   therr+         therr-     pull    iset       iplot
 0.00000E+00 0.00000E+00 0.00000E+00 0.88200E+03 0.30482E+02 0.30482E+02 0.91048E+03 0.91048E+03 0.00000E+00 0.00000E+00 -.93420E+00      3018103   1/0.00000E+00
     3136313
 ATLAS 2308.09529 13.6TeV ttbar total cross section                                                                      
Plot1@Experiment:ATLAS-CONF-2023-006 (13.6 TeV)#sqrt{s} = 14 TeV t#bar{t} @ExtraLabel:pp #rightarrow t#bar{t} @XTitle: hyperbin @YTitle: #frac{1}{#sigma(t#bar{t})}#frac{d#sigma(t#bar{t})}{dhyperbin}
 hyperbin    dummy       dummy          data      +- uncor     +- tot     th orig         th mod   therr+         therr-     pull    iset       iplot
 0.00000E+00 0.00000E+00 0.00000E+00 0.85000E+03 0.26979E+02 0.26979E+02 0.91048E+03 0.91048E+03 0.00000E+00 0.00000E+00 -.22416E+01      3136313   1/0.00000E+00
     8985851
 CMS 2112.09114 5TeV ttbar total cross section                                                                           
Plot1@Experiment:CMS 2112.09114 (5.02 TeV)#sqrt{s} = 5 TeV t#bar{t} @ExtraLabel:pp #rightarrow t#bar{t} @XTitle: hyperbin @YTitle: #frac{1}{#sigma(t#bar{t})}#frac{d#sigma(t#bar{t})}{dhyperbin}
 hyperbin    dummy       dummy          data      +- uncor     +- tot     th orig         th mod   therr+         therr-     pull    iset       iplot
 0.00000E+00 0.00000E+00 0.00000E+00 0.63000E+02 0.50803E+01 0.50803E+01 0.63971E+02 0.63971E+02 0.00000E+00 0.00000E+00 -.19107E+00      8985851   1/0.00000E+00
     7391389
 ATLAS 2207.01354 5TeV ttbar total cross section                                                                         
Plot1@Experiment:ATLAS 2207.01354 (5.02 TeV)#sqrt{s} = 5 TeV t#bar{t} @ExtraLabel:pp #rightarrow t#bar{t} @XTitle: hyperbin @YTitle: #frac{1}{#sigma(t#bar{t})}#frac{d#sigma(t#bar{t})}{dhyperbin}
 hyperbin    dummy       dummy          data      +- uncor     +- tot     th orig         th mod   therr+         therr-     pull    iset       iplot
 0.00000E+00 0.00000E+00 0.00000E+00 0.67500E+02 0.27034E+01 0.27034E+01 0.63971E+02 0.63971E+02 0.00000E+00 0.00000E+00 0.13055E+01      7391389   1/0.00000E+00
     7281915
 ATLAS 2303.15340 13TeV ttbar total cross section                                                                        
Plot1@Experiment:ATLAS 2303.15340 (13 TeV, dilepton)#sqrt{s} = 13 TeV t#bar{t} @ExtraLabel:pp #rightarrow t#bar{t} @XTitle: hyperbin @YTitle: #frac{1}{#sigma(t#bar{t})}#frac{d#sigma(t#bar{t})}{dhyperbin}
 hyperbin    dummy       dummy          data      +- uncor     +- tot     th orig         th mod   therr+         therr-     pull    iset       iplot
 0.00000E+00 0.00000E+00 0.00000E+00 0.82900E+03 0.15295E+02 0.15295E+02 0.82031E+03 0.82031E+03 0.00000E+00 0.00000E+00 0.56823E+00      7281915   1/0.00000E+00
     9409651
 ATLAS 2006.13076 13TeV ttbar total cross section                                                                        
Plot1@Experiment:ATLAS 2006.13076 (13 TeV, l+jets)#sqrt{s} = 13 TeV t#bar{t} @ExtraLabel:pp #rightarrow t#bar{t} @XTitle: hyperbin @YTitle: #frac{1}{#sigma(t#bar{t})}#frac{d#sigma(t#bar{t})}{dhyperbin}
 hyperbin    dummy       dummy          data      +- uncor     +- tot     th orig         th mod   therr+         therr-     pull    iset       iplot
 0.00000E+00 0.00000E+00 0.00000E+00 0.83000E+03 0.38628E+02 0.38628E+02 0.82031E+03 0.82031E+03 0.00000E+00 0.00000E+00 0.25088E+00      9409651   1/0.00000E+00
      396663
 CMS 1812.10505 13TeV ttbar total cross section                                                                          
Plot1@Experiment:CMS 1812.10505 (13 TeV, emu)#sqrt{s} = 13 TeV t#bar{t} @ExtraLabel:pp #rightarrow t#bar{t} @XTitle: hyperbin @YTitle: #frac{1}{#sigma(t#bar{t})}#frac{d#sigma(t#bar{t})}{dhyperbin}
 hyperbin    dummy       dummy          data      +- uncor     +- tot     th orig         th mod   therr+         therr-     pull    iset       iplot
 0.00000E+00 0.00000E+00 0.00000E+00 0.80300E+03 0.32080E+02 0.32080E+02 0.82031E+03 0.82031E+03 0.00000E+00 0.00000E+00 -.53956E+00       396663   1/0.00000E+00
     4182261
 CMS 2108.02803 13TeV ttbar total cross section                                                                          
Plot1@Experiment:CMS 2108.02803 (13 TeV, l+jets)#sqrt{s} = 13 TeV t#bar{t} @ExtraLabel:pp #rightarrow t#bar{t} @XTitle: hyperbin @YTitle: #frac{1}{#sigma(t#bar{t})}#frac{d#sigma(t#bar{t})}{dhyperbin}
 hyperbin    dummy       dummy          data      +- uncor     +- tot     th orig         th mod   therr+         therr-     pull    iset       iplot
 0.00000E+00 0.00000E+00 0.00000E+00 0.79100E+03 0.25257E+02 0.25257E+02 0.82031E+03 0.82031E+03 0.00000E+00 0.00000E+00 -.11604E+01      4182261   1/0.00000E+00
     4806845
 ATLAS single top (quark+antiquark) 13 TeV ATLAS-CONF-2023-026                                                           
 a           b           c              data      +- uncor     +- tot     th orig         th mod   therr+         therr-     pull    iset       iplot
 0.00000E+00 0.00000E+00 0.00000E+00 0.22100E+03 0.13000E+02 0.13000E+02 0.22957E+03 0.22957E+03 0.00000E+00 0.00000E+00 -.65957E+00      4806845 999/0.00000E+00
      839908
 CMS single top (quark+antiquark) 13 TeV 1812.10514                                                                      
 a           b           c              data      +- uncor     +- tot     th orig         th mod   therr+         therr-     pull    iset       iplot
 0.00000E+00 0.00000E+00 0.00000E+00 0.20700E+03 0.31000E+02 0.31000E+02 0.22957E+03 0.22957E+03 0.00000E+00 0.00000E+00 -.72821E+00       839908 999/0.00000E+00
     3944713
 ATLAS&CMS single top (quark+antiquark) 7 TeV 1902.07158                                                                 
 hyperbin    dummy       dummy          data      +- uncor     +- tot     th orig         th mod   therr+         therr-     pull    iset       iplot
 0.00000E+00 0.00000E+00 0.00000E+00 0.67500E+02 0.89063E-01 0.57000E+01 0.67698E+02 0.67500E+02 0.00000E+00 0.00000E+00 0.20313E-02      3944713 999/0.00000E+00
     2934664
 ATLAS&CMS single top (quark+antiquark) 8 TeV 1902.07158                                                                 
 hyperbin    dummy       dummy          data      +- uncor     +- tot     th orig         th mod   therr+         therr-     pull    iset       iplot
 0.00000E+00 0.00000E+00 0.00000E+00 0.87700E+02 0.90625E-01 0.58000E+01 0.89707E+02 0.87701E+02 0.00000E+00 0.00000E+00 -.60042E-02      2934664 999/0.00000E+00
     1953961
 d0cdfCombined single top (quark+antiquark) 1.96 TeV 1503.05027 (t-channel)                                              
 a           b           c              data      +- uncor     +- tot     th orig         th mod   therr+         therr-     pull    iset       iplot
 0.00000E+00 0.00000E+00 0.00000E+00 0.22500E+01 0.31000E+00 0.31000E+00 0.20431E+01 0.20431E+01 0.00000E+00 0.00000E+00 0.66750E+00      1953961 999/0.00000E+00
     8449559
 d0cdfCombined single top (quark+antiquark) 1.96 TeV 1402.5126 (s-channel)                                               
 a           b           c              data      +- uncor     +- tot     th orig         th mod   therr+         therr-     pull    iset       iplot
 0.00000E+00 0.00000E+00 0.00000E+00 0.12900E+01 0.26000E+00 0.26000E+00 0.10558E+01 0.10558E+01 0.00000E+00 0.00000E+00 0.90076E+00      8449559 999/0.00000E+00
